timestamp_iso,status_code,latency_ms,error
2026-09-12T13:00:15.657673+00:00,200,68.47,
2026-09-12T13:00:15.642840+00:00,200,85.9,
2026-09-12T13:00:15.654089+00:00,200,77.26,
2026-09-12T13:00:15.690898+00:00,200,57.36,
2026-09-12T13:00:15.726184+00:00,200,26.57,
2026-09-12T13:00:15.731355+00:00,200,24.2,
2026-09-12T13:00:15.728732+00:00,200,28.97,
2026-09-12T13:00:15.705782+00:00,200,65.85,
2026-09-12T13:00:15.757712+00:00,200,21.02,
2026-09-12T13:00:15.755560+00:00,200,28.92,
2026-09-12T13:00:15.748279+00:00,200,40.39,
2026-09-12T13:00:15.752770+00:00,200,39.9,
2026-09-12T13:00:15.771648+00:00,200,27.08,
2026-09-12T13:00:15.721003+00:00,200,84.97,
2026-09-12T13:00:15.778749+00:00,200,30.47,
2026-09-12T13:00:15.784496+00:00,200,40.08,
2026-09-12T13:00:15.744341+00:00,200,85.67,
2026-09-12T13:00:15.792691+00:00,200,38.67,
2026-09-12T13:00:15.788690+00:00,200,44.36,
2026-09-12T13:00:15.780004+00:00,200,58.57,
2026-09-12T13:00:15.758344+00:00,200,82.18,
2026-09-12T13:00:15.805990+00:00,200,37.47,
2026-09-12T13:00:15.798752+00:00,200,48.33,
2026-09-12T13:00:15.831382+00:00,200,33.82,
2026-09-12T13:00:15.830019+00:00,200,40.42,
2026-09-12T13:00:15.801170+00:00,200,71.65,
2026-09-12T13:00:15.824600+00:00,200,52.19,
2026-09-12T13:00:15.809236+00:00,200,69.56,
2026-09-12T13:00:15.833058+00:00,200,49.59,
2026-09-12T13:00:15.847095+00:00,200,38.9,
2026-09-12T13:00:15.843472+00:00,200,48.38,
2026-09-12T13:00:15.821976+00:00,200,71.09,
2026-09-12T13:00:15.838582+00:00,200,57.66,
2026-09-12T13:00:15.845383+00:00,200,54.26,
2026-09-12T13:00:15.865225+00:00,200,40.03,
2026-09-12T13:00:15.859777+00:00,200,53.05,
2026-09-12T13:00:15.876804+00:00,200,41.03,
2026-09-12T13:00:15.878807+00:00,200,44.61,
2026-09-12T13:00:15.896252+00:00,200,33.23,
2026-09-12T13:00:15.886004+00:00,200,47.63,
2026-09-12T13:00:15.840539+00:00,200,94.06,
2026-09-12T13:00:15.901242+00:00,200,34.27,
2026-09-12T13:00:15.905263+00:00,200,33.26,
2026-09-12T13:00:15.893073+00:00,200,52.79,
2026-09-12T13:00:15.912848+00:00,200,35.78,
2026-09-12T13:00:15.917844+00:00,200,33.84,
2026-09-12T13:00:15.923430+00:00,200,39.02,
2026-09-12T13:00:15.933646+00:00,200,33.84,
2026-09-12T13:00:15.929497+00:00,200,42.13,
2026-09-12T13:00:15.938531+00:00,200,42.62,
2026-09-12T13:00:15.943613+00:00,200,40.97,
2026-09-12T13:00:15.948636+00:00,200,41.07,
2026-09-12T13:00:15.951686+00:00,200,39.0,
2026-09-12T13:00:15.934606+00:00,200,62.92,
2026-09-12T13:00:15.962469+00:00,200,39.83,
2026-09-12T13:00:15.967492+00:00,200,51.47,
2026-09-12T13:00:15.882663+00:00,200,144.96,
2026-09-12T13:00:15.981165+00:00,200,55.17,
2026-09-12T13:00:15.990690+00:00,200,59.31,
2026-09-12T13:00:15.989718+00:00,200,61.7,
2026-09-12T13:00:15.997536+00:00,200,62.25,
2026-09-12T13:00:16.002309+00:00,200,65.22,
2026-09-12T13:00:15.899649+00:00,200,178.66,
2026-09-12T13:00:16.018981+00:00,200,60.37,
2026-09-12T13:00:16.027642+00:00,200,55.37,
2026-09-12T13:00:16.036360+00:00,200,60.8,
2026-09-12T13:00:16.050030+00:00,200,63.64,
2026-09-12T13:00:16.067543+00:00,200,59.13,
2026-09-12T13:00:16.079350+00:00,200,79.67,
2026-09-12T13:00:16.078325+00:00,200,83.11,
2026-09-12T13:00:16.088872+00:00,200,74.81,
2026-09-12T13:00:16.097222+00:00,200,81.28,
2026-09-12T13:00:15.935521+00:00,200,244.79,
2026-09-12T13:00:15.986712+00:00,200,204.33,
2026-09-12T13:00:15.888979+00:00,200,313.08,
2026-09-12T13:00:16.126685+00:00,200,79.2,
2026-09-12T13:00:16.005786+00:00,200,231.23,
2026-09-12T13:00:16.159036+00:00,200,80.98,
2026-09-12T13:00:16.178520+00:00,200,73.76,
2026-09-12T13:00:16.180319+00:00,200,76.48,
2026-09-12T13:00:16.197136+00:00,200,67.64,
2026-09-12T13:00:15.891864+00:00,200,375.33,
2026-09-12T13:00:16.059814+00:00,200,218.22,
2026-09-12T13:00:16.161456+00:00,200,127.8,
2026-09-12T13:00:16.202080+00:00,200,96.46,
2026-09-12T13:00:16.083021+00:00,200,217.37,
2026-09-12T13:00:16.252294+00:00,200,66.57,
2026-09-12T13:00:16.256808+00:00,200,67.71,
2026-09-12T13:00:16.267214+00:00,200,66.45,
2026-09-12T13:00:16.053948+00:00,200,286.19,
2026-09-12T13:00:15.945876+00:00,200,405.89,
2026-09-12T13:00:15.870459+00:00,200,488.89,
2026-09-12T13:00:16.191060+00:00,200,177.25,
2026-09-12T13:00:16.298558+00:00,200,71.95,
2026-09-12T13:00:16.300408+00:00,200,81.94,
2026-09-12T13:00:16.312105+00:00,200,73.58,
2026-09-12T13:00:16.318876+00:00,200,68.32,
2026-09-12T13:00:16.324538+00:00,200,74.17,
2026-09-12T13:00:16.173110+00:00,200,234.31,
2026-09-12T13:00:16.230640+00:00,200,190.1,
2026-09-12T13:00:16.205899+00:00,200,223.53,
2026-09-12T13:00:15.924948+00:00,200,513.93,
2026-09-12T13:00:16.382366+00:00,200,70.64,
2026-09-12T13:00:16.387211+00:00,200,73.15,
2026-09-12T13:00:16.398724+00:00,200,82.3,
2026-09-12T13:00:16.340164+00:00,200,151.38,
2026-09-12T13:00:16.385699+00:00,200,112.05,
2026-09-12T13:00:16.420755+00:00,200,88.64,
2026-09-12T13:00:16.363587+00:00,200,150.9,
2026-09-12T13:00:16.331583+00:00,200,199.4,
2026-09-12T13:00:15.872829+00:00,200,664.89,
2026-09-12T13:00:16.453020+00:00,200,95.08,
2026-09-12T13:00:16.131911+00:00,200,424.34,
2026-09-12T13:00:16.111501+00:00,200,446.47,
2026-09-12T13:00:16.481053+00:00,200,82.7,
2026-09-12T13:00:16.491565+00:00,200,87.29,
2026-09-12T13:00:15.971634+00:00,200,636.36,
2026-09-12T13:00:16.359409+00:00,200,252.31,
2026-09-12T13:00:16.407443+00:00,200,214.43,
2026-09-12T13:00:16.548114+00:00,200,78.57,
2026-09-12T13:00:16.294156+00:00,200,338.5,
2026-09-12T13:00:16.563762+00:00,200,82.0,
2026-09-12T13:00:16.289262+00:00,200,371.98,
2026-09-12T13:00:16.210959+00:00,200,459.27,
2026-09-12T13:00:16.237028+00:00,200,456.59,
2026-09-12T13:00:16.253831+00:00,200,443.6,
2026-09-12T13:00:16.621882+00:00,200,80.76,
2026-09-12T13:00:16.626694+00:00,200,85.35,
2026-09-12T13:00:16.632667+00:00,200,91.75,
2026-09-12T13:00:16.645779+00:00,200,93.01,
2026-09-12T13:00:16.542495+00:00,200,207.77,
2026-09-12T13:00:16.029860+00:00,200,726.78,
2026-09-12T13:00:16.163690+00:00,200,597.68,
2026-09-12T13:00:16.370523+00:00,200,394.45,
2026-09-12T13:00:15.964951+00:00,200,816.38,
2026-09-12T13:00:16.559090+00:00,200,226.36,
2026-09-12T13:00:16.712054+00:00,200,77.78,
2026-09-12T13:00:16.333685+00:00,200,467.54,
2026-09-12T13:00:16.608010+00:00,200,203.39,
2026-09-12T13:00:16.351795+00:00,200,465.59,
2026-09-12T13:00:16.514501+00:00,200,306.24,
2026-09-12T13:00:16.368326+00:00,200,472.17,
2026-09-12T13:00:16.598518+00:00,200,248.73,
2026-09-12T13:00:16.764988+00:00,200,84.81,
2026-09-12T13:00:16.781347+00:00,200,69.86,
2026-09-12T13:00:16.702660+00:00,200,151.2,
2026-09-12T13:00:16.434907+00:00,200,427.52,
2026-09-12T13:00:16.797234+00:00,200,77.92,
2026-09-12T13:00:16.460391+00:00,200,416.24,
2026-09-12T13:00:16.556263+00:00,200,326.32,
2026-09-12T13:00:16.512388+00:00,200,376.07,
2026-09-12T13:00:16.733288+00:00,200,156.79,
2026-09-12T13:00:16.612742+00:00,200,293.66,
2026-09-12T13:00:16.840522+00:00,200,71.46,
2026-09-12T13:00:16.847255+00:00,200,75.6,
2026-09-12T13:00:16.851211+00:00,200,72.82,
2026-09-12T13:00:16.697448+00:00,200,234.39,
2026-09-12T13:00:16.853872+00:00,200,82.15,
2026-09-12T13:00:16.875168+00:00,200,77.89,
2026-09-12T13:00:16.876649+00:00,200,78.15,
2026-09-12T13:00:16.659032+00:00,200,301.31,
2026-09-12T13:00:16.888474+00:00,200,82.26,
2026-09-12T13:00:16.278046+00:00,200,694.67,
2026-09-12T13:00:16.801232+00:00,200,176.15,
2026-09-12T13:00:16.922866+00:00,200,79.69,
2026-09-12T13:00:16.377457+00:00,200,633.29,
2026-09-12T13:00:16.912002+00:00,200,100.78,
2026-09-12T13:00:16.557985+00:00,200,459.56,
2026-09-12T13:00:16.924045+00:00,200,98.25,
2026-09-12T13:00:16.859021+00:00,200,168.04,
2026-09-12T13:00:16.953082+00:00,200,79.82,
2026-09-12T13:00:16.817397+00:00,200,218.47,
2026-09-12T13:00:16.759163+00:00,200,278.22,
2026-09-12T13:00:16.954808+00:00,200,99.41,
2026-09-12T13:00:16.679698+00:00,200,376.49,
2026-09-12T13:00:16.693631+00:00,200,365.72,
2026-09-12T13:00:16.879027+00:00,200,187.79,
2026-09-12T13:00:16.960358+00:00,200,108.26,
2026-09-12T13:00:16.393282+00:00,200,721.8,
2026-09-12T13:00:16.750290+00:00,200,367.06,
2026-09-12T13:00:16.522151+00:00,200,597.12,
2026-09-12T13:00:16.182387+00:00,200,939.33,
2026-09-12T13:00:16.882589+00:00,200,241.63,
2026-09-12T13:00:17.002583+00:00,200,129.8,
2026-09-12T13:00:16.756651+00:00,200,381.94,
2026-09-12T13:00:17.017554+00:00,200,127.9,
2026-09-12T13:00:16.844703+00:00,200,312.26,
2026-09-12T13:00:16.429449+00:00,200,733.26,
2026-09-12T13:00:16.815310+00:00,200,348.81,
2026-09-12T13:00:16.075209+00:00,200,1090.09,
2026-09-12T13:00:16.738801+00:00,200,427.69,
2026-09-12T13:00:16.670254+00:00,200,504.89,
2026-09-12T13:00:16.926197+00:00,200,257.37,
2026-09-12T13:00:16.264801+00:00,200,921.55,
2026-09-12T13:00:16.414311+00:00,200,775.31,
2026-09-12T13:00:16.789845+00:00,200,408.09,
2026-09-12T13:00:17.054242+00:00,200,152.94,
2026-09-12T13:00:17.059400+00:00,200,150.58,
2026-09-12T13:00:17.066832+00:00,200,150.86,
2026-09-12T13:00:16.967822+00:00,200,286.13,
2026-09-12T13:00:17.012793+00:00,200,244.69,
2026-09-12T13:00:17.115096+00:00,200,145.4,
2026-09-12T13:00:16.862432+00:00,200,404.38,
2026-09-12T13:00:16.849809+00:00,200,419.62,
2026-09-12T13:00:16.936034+00:00,200,336.83,
2026-09-12T13:00:16.773086+00:00,200,501.34,
2026-09-12T13:00:16.970745+00:00,200,305.98,
2026-09-12T13:00:16.488055+00:00,200,790.87,
2026-09-12T13:00:16.785476+00:00,200,495.11,
2026-09-12T13:00:16.704549+00:00,200,591.23,
2026-09-12T13:00:17.156972+00:00,200,140.29,
2026-09-12T13:00:16.051436+00:00,200,1251.28,
2026-09-12T13:00:17.162727+00:00,200,153.11,
2026-09-12T13:00:16.811418+00:00,200,510.74,
2026-09-12T13:00:17.209992+00:00,200,117.1,
2026-09-12T13:00:16.820763+00:00,200,514.13,
2026-09-12T13:00:16.576504+00:00,200,765.87,
2026-09-12T13:00:16.977392+00:00,200,367.34,
2026-09-12T13:00:17.245568+00:00,200,108.19,
2026-09-12T13:00:17.257507+00:00,200,109.08,
2026-09-12T13:00:17.295790+00:00,200,82.79,
2026-09-12T13:00:16.890092+00:00,200,490.25,
2026-09-12T13:00:17.297270+00:00,200,92.26,
2026-09-12T13:00:17.145465+00:00,200,248.26,
2026-09-12T13:00:16.466107+00:00,200,934.89,
2026-09-12T13:00:15.984595+00:00,200,1421.91,
2026-09-12T13:00:16.906424+00:00,200,518.21,
2026-09-12T13:00:17.253966+00:00,200,175.68,
2026-09-12T13:00:17.274438+00:00,200,169.05,
2026-09-12T13:00:17.090243+00:00,200,358.06,
2026-09-12T13:00:17.378598+00:00,200,87.07,
2026-09-12T13:00:17.389544+00:00,200,77.79,
2026-09-12T13:00:16.113678+00:00,200,1368.24,
2026-09-12T13:00:17.164123+00:00,200,329.32,
2026-09-12T13:00:16.983644+00:00,200,526.15,
2026-09-12T13:00:16.931851+00:00,200,583.04,
2026-09-12T13:00:17.269442+00:00,200,251.81,
2026-09-12T13:00:17.342385+00:00,200,180.39,
2026-09-12T13:00:17.027068+00:00,200,512.34,
2026-09-12T13:00:16.724429+00:00,200,817.68,
2026-09-12T13:00:17.175156+00:00,200,372.76,
2026-09-12T13:00:17.186365+00:00,200,369.38,
2026-09-12T13:00:17.467341+00:00,200,99.46,
2026-09-12T13:00:17.032913+00:00,200,539.82,
2026-09-12T13:00:16.240036+00:00,200,1340.19,
2026-09-12T13:00:16.438890+00:00,200,1144.69,
2026-09-12T13:00:17.318565+00:00,200,302.83,
2026-09-12T13:00:17.170035+00:00,200,455.36,
2026-09-12T13:00:17.272874+00:00,200,363.62,
2026-09-12T13:00:17.126238+00:00,200,513.16,
2026-09-12T13:00:17.353767+00:00,200,295.3,
2026-09-12T13:00:17.041944+00:00,200,614.98,
2026-09-12T13:00:17.119288+00:00,200,539.17,
2026-09-12T13:00:17.151152+00:00,200,513.72,
2026-09-12T13:00:17.465688+00:00,200,201.61,
2026-09-12T13:00:17.197961+00:00,200,486.46,
2026-09-12T13:00:17.022298+00:00,200,676.31,
2026-09-12T13:00:17.503736+00:00,200,213.16,
2026-09-12T13:00:17.448320+00:00,200,282.15,
2026-09-12T13:00:17.334902+00:00,200,402.25,
2026-09-12T13:00:17.649074+00:00,200,92.41,
2026-09-12T13:00:17.281607+00:00,200,476.65,
2026-09-12T13:00:17.381843+00:00,200,378.02,
2026-09-12T13:00:17.300881+00:00,200,467.93,
2026-09-12T13:00:16.530998+00:00,200,1242.74,
2026-09-12T13:00:17.480012+00:00,200,302.32,
2026-09-12T13:00:17.380347+00:00,200,422.63,
2026-09-12T13:00:16.628221+00:00,200,1177.64,
2026-09-12T13:00:16.719221+00:00,200,1088.75,
2026-09-12T13:00:17.730482+00:00,200,96.87,
2026-09-12T13:00:17.737167+00:00,200,99.77,
2026-09-12T13:00:17.132399+00:00,200,727.66,
2026-09-12T13:00:17.680468+00:00,200,182.8,
2026-09-12T13:00:17.229486+00:00,200,648.68,
2026-09-12T13:00:17.166497+00:00,200,718.04,
2026-09-12T13:00:17.639403+00:00,200,247.57,
2026-09-12T13:00:17.658462+00:00,200,240.16,
2026-09-12T13:00:17.667301+00:00,200,234.5,
2026-09-12T13:00:17.402033+00:00,200,513.37,
2026-09-12T13:00:17.580252+00:00,200,344.47,
2026-09-12T13:00:17.621425+00:00,200,311.97,
2026-09-12T13:00:17.827374+00:00,200,109.91,
2026-09-12T13:00:17.514899+00:00,200,425.84,
2026-09-12T13:00:16.509419+00:00,200,1433.78,
2026-09-12T13:00:16.274892+00:00,200,1687.07,
2026-09-12T13:00:17.782336+00:00,200,181.56,
2026-09-12T13:00:17.742527+00:00,200,229.04,
2026-09-12T13:00:17.878180+00:00,200,97.96,
2026-09-12T13:00:17.886980+00:00,200,94.82,
2026-09-12T13:00:17.183579+00:00,200,809.64,
2026-09-12T13:00:16.611731+00:00,200,1385.31,
2026-09-12T13:00:17.901814+00:00,200,107.89,
2026-09-12T13:00:17.278934+00:00,200,733.2,
2026-09-12T13:00:16.895420+00:00,200,1129.17,
2026-09-12T13:00:17.741494+00:00,200,304.75,
2026-09-12T13:00:17.656936+00:00,200,391.92,
2026-09-12T13:00:17.961982+00:00,200,91.26,
2026-09-12T13:00:17.684435+00:00,200,379.51,
2026-09-12T13:00:17.759872+00:00,200,316.66,
2026-09-12T13:00:17.805877+00:00,200,272.32,
2026-09-12T13:00:17.424655+00:00,200,655.58,
2026-09-12T13:00:17.860072+00:00,200,225.69,
2026-09-12T13:00:17.207206+00:00,200,887.17,
2026-09-12T13:00:17.363394+00:00,200,741.15,
2026-09-12T13:00:17.600969+00:00,200,505.81,
2026-09-12T13:00:17.625411+00:00,200,493.39,
2026-09-12T13:00:17.521268+00:00,200,599.35,
2026-09-12T13:00:17.138597+00:00,200,985.92,
2026-09-12T13:00:18.043721+00:00,200,88.13,
2026-09-12T13:00:17.439113+00:00,200,702.1,
2026-09-12T13:00:18.062308+00:00,200,82.02,
2026-09-12T13:00:17.986601+00:00,200,175.01,
2026-09-12T13:00:17.443499+00:00,200,740.06,
2026-09-12T13:00:17.429662+00:00,200,760.13,
2026-09-12T13:00:17.212305+00:00,200,990.82,
2026-09-12T13:00:17.884551+00:00,200,322.86,
2026-09-12T13:00:17.393736+00:00,200,819.03,
2026-09-12T13:00:17.493456+00:00,200,721.24,
2026-09-12T13:00:17.525191+00:00,200,690.97,
2026-09-12T13:00:17.993292+00:00,200,226.26,
2026-09-12T13:00:17.558158+00:00,200,666.1,
2026-09-12T13:00:18.141227+00:00,200,106.3,
2026-09-12T13:00:18.161623+00:00,200,102.65,
2026-09-12T13:00:17.981806+00:00,200,299.08,
2026-09-12T13:00:17.266836+00:00,200,1018.0,
2026-09-12T13:00:16.578868+00:00,200,1714.45,
2026-09-12T13:00:17.698625+00:00,200,599.34,
2026-09-12T13:00:16.661257+00:00,200,1655.68,
2026-09-12T13:00:17.803004+00:00,200,526.63,
2026-09-12T13:00:17.555756+00:00,200,777.61,
2026-09-12T13:00:17.893111+00:00,200,441.85,
2026-09-12T13:00:17.849437+00:00,200,487.29,
2026-09-12T13:00:17.366594+00:00,200,975.29,
2026-09-12T13:00:17.068630+00:00,200,1274.94,
2026-09-12T13:00:17.344750+00:00,200,1008.29,
2026-09-12T13:00:17.773757+00:00,200,585.15,
2026-09-12T13:00:17.121735+00:00,200,1241.08,
2026-09-12T13:00:18.144342+00:00,200,233.59,
2026-09-12T13:00:18.293325+00:00,200,93.26,
2026-09-12T13:00:17.075211+00:00,200,1330.64,
2026-09-12T13:00:18.316953+00:00,200,93.51,
2026-09-12T13:00:17.661488+00:00,200,761.41,
2026-09-12T13:00:17.522791+00:00,200,913.92,
2026-09-12T13:00:17.836953+00:00,200,616.39,
2026-09-12T13:00:18.053246+00:00,200,401.54,
2026-09-12T13:00:17.165301+00:00,200,1291.97,
2026-09-12T13:00:18.358922+00:00,200,99.82,
2026-09-12T13:00:17.829778+00:00,200,631.82,
2026-09-12T13:00:17.627123+00:00,200,845.35,
2026-09-12T13:00:18.287154+00:00,200,188.11,
2026-09-12T13:00:18.321711+00:00,200,183.71,
2026-09-12T13:00:17.880073+00:00,200,629.35,
2026-09-12T13:00:16.537736+00:00,200,1980.59,
2026-09-12T13:00:18.422913+00:00,200,107.28,
2026-09-12T13:00:18.353051+00:00,200,185.15,
2026-09-12T13:00:18.168210+00:00,200,377.42,
2026-09-12T13:00:17.018266+00:00,200,1532.95,
2026-09-12T13:00:18.009716+00:00,200,548.59,
2026-09-12T13:00:17.664888+00:00,200,912.05,
2026-09-12T13:00:18.264289+00:00,200,316.91,
2026-09-12T13:00:17.943207+00:00,200,640.94,
2026-09-12T13:00:17.800981+00:00,200,785.94,
2026-09-12T13:00:17.315847+00:00,200,1285.36,
2026-09-12T13:00:17.150184+00:00,200,1460.08,
2026-09-12T13:00:18.405865+00:00,200,228.98,
2026-09-12T13:00:18.410471+00:00,200,240.72,
2026-09-12T13:00:17.915419+00:00,200,739.21,
2026-09-12T13:00:17.288145+00:00,200,1375.59,
2026-09-12T13:00:17.401012+00:00,200,1264.96,
2026-09-12T13:00:18.106789+00:00,200,583.09,
2026-09-12T13:00:18.133886+00:00,200,561.15,
2026-09-12T13:00:18.576958+00:00,200,123.08,
2026-09-12T13:00:17.997056+00:00,200,712.56,
2026-09-12T13:00:18.599493+00:00,200,113.32,
2026-09-12T13:00:17.299930+00:00,200,1430.2,
2026-09-12T13:00:18.189799+00:00,200,555.66,
2026-09-12T13:00:18.534853+00:00,200,216.68,
2026-09-12T13:00:18.214708+00:00,200,543.23,
2026-09-12T13:00:18.634866+00:00,200,129.14,
2026-09-12T13:00:18.224267+00:00,200,556.49,
2026-09-12T13:00:17.716907+00:00,200,1072.17,
2026-09-12T13:00:17.581821+00:00,200,1211.65,
2026-09-12T13:00:17.940752+00:00,200,863.34,
2026-09-12T13:00:18.518340+00:00,200,291.17,
2026-09-12T13:00:18.310376+00:00,200,505.74,
2026-09-12T13:00:17.764368+00:00,200,1070.8,
2026-09-12T13:00:18.505438+00:00,200,341.12,
2026-09-12T13:00:18.586925+00:00,200,262.5,
2026-09-12T13:00:18.386609+00:00,200,490.51,
2026-09-12T13:00:18.757949+00:00,200,128.87,
2026-09-12T13:00:17.406516+00:00,200,1486.53,
2026-09-12T13:00:16.972724+00:00,200,1937.42,
2026-09-12T13:00:18.538212+00:00,200,377.57,
2026-09-12T13:00:18.012139+00:00,200,908.96,
2026-09-12T13:00:17.035884+00:00,200,1889.56,
2026-09-12T13:00:17.966030+00:00,200,968.39,
2026-09-12T13:00:18.457283+00:00,200,483.39,
2026-09-12T13:00:17.037394+00:00,200,1913.49,
2026-09-12T13:00:18.651212+00:00,200,304.1,
2026-09-12T13:00:18.048864+00:00,200,918.16,
2026-09-12T13:00:18.080241+00:00,200,889.98,
2026-09-12T13:00:17.807980+00:00,200,1167.81,
2026-09-12T13:00:18.764015+00:00,200,215.22,
2026-09-12T13:00:18.877138+00:00,200,106.96,
2026-09-12T13:00:18.904718+00:00,200,92.63,
2026-09-12T13:00:18.445211+00:00,200,588.96,
2026-09-12T13:00:18.940677+00:00,200,99.47,
2026-09-12T13:00:16.942840+00:00,200,2111.28,
2026-09-12T13:00:18.362826+00:00,200,698.76,
2026-09-12T13:00:17.758269+00:00,200,1316.5,
2026-09-12T13:00:18.284845+00:00,200,791.58,
2026-09-12T13:00:17.276733+00:00,200,1804.88,
2026-09-12T13:00:18.273859+00:00,200,825.68,
2026-09-12T13:00:18.730140+00:00,200,372.2,
2026-09-12T13:00:18.665983+00:00,200,447.49,
2026-09-12T13:00:18.713746+00:00,200,401.86,
2026-09-12T13:00:17.010765+00:00,200,2132.89,
2026-09-12T13:00:18.700047+00:00,200,445.58,
2026-09-12T13:00:18.333383+00:00,200,819.22,
2026-09-12T13:00:18.472483+00:00,200,687.32,
2026-09-12T13:00:18.110597+00:00,200,1058.04,
2026-09-12T13:00:18.780777+00:00,200,401.85,
2026-09-12T13:00:19.074787+00:00,200,134.87,
2026-09-12T13:00:19.076430+00:00,200,134.82,
2026-09-12T13:00:18.709634+00:00,200,507.21,
2026-09-12T13:00:18.997363+00:00,200,236.78,
2026-09-12T13:00:17.117363+00:00,200,2121.85,
2026-09-12T13:00:18.475269+00:00,200,774.43,
2026-09-12T13:00:18.104559+00:00,200,1150.04,
2026-09-12T13:00:17.025433+00:00,200,2236.66,
2026-09-12T13:00:18.087391+00:00,200,1176.2,
2026-09-12T13:00:18.403403+00:00,200,875.14,
2026-09-12T13:00:18.793496+00:00,200,486.86,
2026-09-12T13:00:17.707163+00:00,200,1594.28,
2026-09-12T13:00:17.509813+00:00,200,1794.3,
2026-09-12T13:00:17.903218+00:00,200,1406.81,
2026-09-12T13:00:19.209683+00:00,200,104.57,
2026-09-12T13:00:19.211260+00:00,200,112.75,
2026-09-12T13:00:18.849438+00:00,200,479.13,
2026-09-12T13:00:18.955322+00:00,200,386.24,
2026-09-12T13:00:18.927858+00:00,200,416.68,
2026-09-12T13:00:18.811898+00:00,200,549.18,
2026-09-12T13:00:18.809514+00:00,200,556.77,
2026-09-12T13:00:18.689890+00:00,200,677.95,
2026-09-12T13:00:18.581205+00:00,200,813.33,
2026-09-12T13:00:18.975793+00:00,200,428.97,
2026-09-12T13:00:18.207424+00:00,200,1206.32,
2026-09-12T13:00:18.601213+00:00,200,816.3,
2026-09-12T13:00:18.950897+00:00,200,468.15,
2026-09-12T13:00:18.610273+00:00,200,811.01,
2026-09-12T13:00:18.551226+00:00,200,871.46,
2026-09-12T13:00:17.542116+00:00,200,1889.23,
2026-09-12T13:00:18.797416+00:00,200,640.96,
2026-09-12T13:00:18.766100+00:00,200,688.72,
2026-09-12T13:00:18.915790+00:00,200,545.33,
2026-09-12T13:00:19.102351+00:00,200,364.93,
2026-09-12T13:00:18.453357+00:00,200,1027.19,
2026-09-12T13:00:19.216850+00:00,200,270.98,
2026-09-12T13:00:18.467669+00:00,200,1031.65,
2026-09-12T13:00:18.835186+00:00,200,668.74,
2026-09-12T13:00:18.925448+00:00,200,583.04,
2026-09-12T13:00:18.063956+00:00,200,1454.73,
2026-09-12T13:00:18.695049+00:00,200,827.69,
2026-09-12T13:00:18.832806+00:00,200,715.75,
2026-09-12T13:00:19.034184+00:00,200,542.74,
2026-09-12T13:00:19.115610+00:00,200,464.16,
2026-09-12T13:00:19.054128+00:00,200,535.11,
2026-09-12T13:00:17.898629+00:00,200,1692.08,
2026-09-12T13:00:17.650738+00:00,200,1943.78,
2026-09-12T13:00:17.566814+00:00,200,2029.94,
2026-09-12T13:00:18.789112+00:00,200,809.9,
2026-09-12T13:00:17.189669+00:00,200,2412.5,
2026-09-12T13:00:18.816132+00:00,200,793.87,
2026-09-12T13:00:19.064549+00:00,200,572.35,
2026-09-12T13:00:19.518718+00:00,200,123.9,
2026-09-12T13:00:18.046254+00:00,200,1607.64,
2026-09-12T13:00:18.094387+00:00,200,1569.9,
2026-09-12T13:00:19.025790+00:00,200,639.9,
2026-09-12T13:00:19.280357+00:00,200,410.81,
2026-09-12T13:00:16.497768+00:00,200,3201.12,
2026-09-12T13:00:19.571131+00:00,200,153.98,
2026-09-12T13:00:19.394549+00:00,200,333.96,
2026-09-12T13:00:18.085769+00:00,200,1651.9,
2026-09-12T13:00:19.182650+00:00,200,558.66,
2026-09-12T13:00:19.367848+00:00,200,378.91,
2026-09-12T13:00:18.021986+00:00,200,1726.62,
2026-09-12T13:00:18.545646+00:00,200,1211.9,
2026-09-12T13:00:18.280897+00:00,200,1486.41,
2026-09-12T13:00:19.664300+00:00,200,107.71,
2026-09-12T13:00:18.341892+00:00,200,1434.6,
2026-09-12T13:00:18.987155+00:00,200,790.74,
2026-09-12T13:00:19.366294+00:00,200,425.39,
2026-09-12T13:00:17.720632+00:00,200,2084.72,
2026-09-12T13:00:19.522751+00:00,200,307.76,
2026-09-12T13:00:19.665697+00:00,200,167.58,
2026-09-12T13:00:18.219558+00:00,200,1615.25,
2026-09-12T13:00:19.194528+00:00,200,679.78,
2026-09-12T13:00:19.737678+00:00,200,139.41,
2026-09-12T13:00:18.937690+00:00,200,977.13,
2026-09-12T13:00:19.757549+00:00,200,164.85,
2026-09-12T13:00:19.090846+00:00,200,841.79,
2026-09-12T13:00:18.509438+00:00,200,1436.26,
2026-09-12T13:00:19.304121+00:00,200,646.1,
2026-09-12T13:00:17.924729+00:00,200,2035.44,
2026-09-12T13:00:18.654638+00:00,200,1336.41,
2026-09-12T13:00:17.457286+00:00,200,2568.81,
2026-09-12T13:00:18.496138+00:00,200,1543.13,
2026-09-12T13:00:17.322167+00:00,200,2730.58,
2026-09-12T13:00:19.877105+00:00,200,183.14,
2026-09-12T13:00:19.263604+00:00,200,800.47,
2026-09-12T13:00:19.326331+00:00,200,748.12,
2026-09-12T13:00:18.336736+00:00,200,1739.52,
2026-09-12T13:00:19.596763+00:00,200,484.83,
2026-09-12T13:00:19.140980+00:00,200,942.73,
2026-09-12T13:00:19.599010+00:00,200,491.76,
2026-09-12T13:00:17.550181+00:00,200,2551.1,
2026-09-12T13:00:18.656862+00:00,200,1463.09,
2026-09-12T13:00:19.413763+00:00,200,710.38,
2026-09-12T13:00:19.061602+00:00,200,1087.63,
2026-09-12T13:00:19.048892+00:00,200,1118.26,
2026-09-12T13:00:19.256446+00:00,200,912.36,
2026-09-12T13:00:19.170347+00:00,200,1014.48,
2026-09-12T13:00:19.298236+00:00,200,903.96,
2026-09-12T13:00:18.984101+00:00,200,1237.13,
2026-09-12T13:00:18.147743+00:00,200,2076.02,
2026-09-12T13:00:18.893058+00:00,200,1332.16,
2026-09-12T13:00:18.967034+00:00,200,1259.61,
2026-09-12T13:00:19.726061+00:00,200,506.48,
2026-09-12T13:00:19.496909+00:00,200,737.81,
2026-09-12T13:00:17.583587+00:00,200,2674.77,
2026-09-12T13:00:17.572742+00:00,200,2691.58,
2026-09-12T13:00:20.026115+00:00,200,246.81,
2026-09-12T13:00:18.895170+00:00,200,1382.11,
2026-09-12T13:00:18.454794+00:00,200,1838.76,
2026-09-12T13:00:18.436725+00:00,200,1870.32,
2026-09-12T13:00:18.511998+00:00,200,1804.19,
2026-09-12T13:00:19.487842+00:00,200,836.99,
2026-09-12T13:00:18.458743+00:00,200,1868.17,
2026-09-12T13:00:20.110489+00:00,200,222.97,
2026-09-12T13:00:18.177155+00:00,200,2162.68,
2026-09-12T13:00:20.031241+00:00,200,334.65,
2026-09-12T13:00:17.346691+00:00,200,3029.21,
2026-09-12T13:00:19.328579+00:00,200,1048.82,
2026-09-12T13:00:18.547191+00:00,200,1840.58,
2026-09-12T13:00:17.790511+00:00,200,2623.52,
2026-09-12T13:00:18.377941+00:00,200,2039.24,
2026-09-12T13:00:18.212772+00:00,200,2212.3,
2026-09-12T13:00:18.216172+00:00,200,2225.08,
2026-09-12T13:00:19.796793+00:00,200,663.72,
2026-09-12T13:00:20.339845+00:00,200,130.06,
2026-09-12T13:00:19.777898+00:00,200,712.27,
2026-09-12T13:00:19.914843+00:00,200,582.73,
2026-09-12T13:00:19.107461+00:00,200,1410.93,
2026-09-12T13:00:19.686476+00:00,200,845.52,
2026-09-12T13:00:19.446141+00:00,200,1087.62,
2026-09-12T13:00:20.296862+00:00,200,248.59,
2026-09-12T13:00:18.961678+00:00,200,1593.78,
2026-09-12T13:00:20.083711+00:00,200,473.99,
2026-09-12T13:00:16.761379+00:00,200,3806.14,
2026-09-12T13:00:19.341576+00:00,200,1265.21,
2026-09-12T13:00:19.157827+00:00,200,1454.86,
2026-09-12T13:00:17.976152+00:00,200,2651.16,
2026-09-12T13:00:20.062540+00:00,200,566.79,
2026-09-12T13:00:19.421291+00:00,200,1214.25,
2026-09-12T13:00:18.921109+00:00,200,1718.99,
2026-09-12T13:00:20.168814+00:00,200,472.94,
2026-09-12T13:00:17.933415+00:00,200,2714.89,
2026-09-12T13:00:19.168652+00:00,200,1489.91,
2026-09-12T13:00:19.278562+00:00,200,1384.67,
2026-09-12T13:00:19.576931+00:00,200,1112.85,
2026-09-12T13:00:19.301460+00:00,200,1399.91,
2026-09-12T13:00:20.333470+00:00,200,372.53,
2026-09-12T13:00:18.131864+00:00,200,2604.57,
2026-09-12T13:00:20.225228+00:00,200,515.15,
2026-09-12T13:00:20.627332+00:00,200,121.43,
2026-09-12T13:00:19.409085+00:00,200,1350.13,
2026-09-12T13:00:18.118816+00:00,200,2646.45,
2026-09-12T13:00:19.510641+00:00,200,1259.73,
2026-09-12T13:00:20.264338+00:00,200,516.98,
2026-09-12T13:00:20.658581+00:00,200,131.94,
2026-09-12T13:00:19.241701+00:00,200,1567.62,
2026-09-12T13:00:19.767320+00:00,200,1046.03,
2026-09-12T13:00:19.226318+00:00,200,1599.14,
2026-09-12T13:00:20.248531+00:00,200,590.12,
2026-09-12T13:00:20.316197+00:00,200,525.15,
2026-09-12T13:00:19.833308+00:00,200,1028.98,
2026-09-12T13:00:19.431350+00:00,200,1445.26,
2026-09-12T13:00:18.751545+00:00,200,2140.52,
2026-09-12T13:00:20.215889+00:00,200,689.58,
2026-09-12T13:00:19.422687+00:00,200,1492.06,
2026-09-12T13:00:19.270956+00:00,200,1661.68,
2026-09-12T13:00:18.687275+00:00,200,2250.76,
2026-09-12T13:00:20.064082+00:00,200,880.02,
2026-09-12T13:00:20.046532+00:00,200,911.73,
2026-09-12T13:00:20.226654+00:00,200,732.97,
2026-09-12T13:00:19.314256+00:00,200,1648.2,
2026-09-12T13:00:19.945716+00:00,200,1022.99,
2026-09-12T13:00:18.334968+00:00,200,2644.71,
2026-09-12T13:00:20.293602+00:00,200,688.92,
2026-09-12T13:00:20.862303+00:00,200,133.35,
2026-09-12T13:00:19.013063+00:00,200,1987.26,
2026-09-12T13:00:19.081619+00:00,200,1952.73,
2026-09-12T13:00:19.417528+00:00,200,1622.99,
2026-09-12T13:00:18.124523+00:00,200,2925.28,
2026-09-12T13:00:20.689815+00:00,200,396.21,
2026-09-12T13:00:17.768821+00:00,200,3327.55,
2026-09-12T13:00:20.149248+00:00,200,950.17,
2026-09-12T13:00:18.461605+00:00,200,2644.92,
2026-09-12T13:00:20.324846+00:00,200,785.62,
2026-09-12T13:00:20.232552+00:00,200,880.53,
2026-09-12T13:00:19.938128+00:00,200,1176.77,
2026-09-12T13:00:20.982531+00:00,200,134.01,
2026-09-12T13:00:19.249708+00:00,200,1881.06,
2026-09-12T13:00:18.198605+00:00,200,2940.49,
2026-09-12T13:00:19.480572+00:00,200,1661.25,
2026-09-12T13:00:20.394299+00:00,200,765.54,
2026-09-12T13:00:20.267772+00:00,200,908.58,
2026-09-12T13:00:20.375917+00:00,200,825.29,
2026-09-12T13:00:20.770378+00:00,200,445.86,
2026-09-12T13:00:21.086041+00:00,200,140.8,
2026-09-12T13:00:18.251123+00:00,200,2978.95,
2026-09-12T13:00:21.096387+00:00,200,135.25,
2026-09-12T13:00:20.979689+00:00,200,253.42,
2026-09-12T13:00:17.217702+00:00,200,4028.8,
2026-09-12T13:00:20.696083+00:00,200,563.01,
2026-09-12T13:00:21.089594+00:00,200,176.49,
2026-09-12T13:00:20.876630+00:00,200,401.96,
2026-09-12T13:00:21.130787+00:00,200,150.2,
2026-09-12T13:00:20.631218+00:00,200,656.61,
2026-09-12T13:00:17.929314+00:00,200,3373.52,
2026-09-12T13:00:20.759226+00:00,200,547.76,
2026-09-12T13:00:19.821018+00:00,200,1502.78,
2026-09-12T13:00:19.315877+00:00,200,2009.27,
2026-09-12T13:00:20.612702+00:00,200,720.0,
2026-09-12T13:00:19.610012+00:00,200,1732.28,
2026-09-12T13:00:20.921788+00:00,200,434.92,
2026-09-12T13:00:19.254615+00:00,200,2104.86,
2026-09-12T13:00:19.482553+00:00,200,1881.25,
2026-09-12T13:00:17.951496+00:00,200,3430.59,
2026-09-12T13:00:19.590718+00:00,200,1799.1,
2026-09-12T13:00:21.296825+00:00,200,117.47,
2026-09-12T13:00:20.491251+00:00,200,931.49,
2026-09-12T13:00:19.691180+00:00,200,1766.74,
2026-09-12T13:00:21.323804+00:00,200,138.29,
2026-09-12T13:00:19.454889+00:00,200,2013.56,
2026-09-12T13:00:20.508807+00:00,200,983.57,
2026-09-12T13:00:20.841358+00:00,200,653.96,
2026-09-12T13:00:19.143675+00:00,200,2369.95,
2026-09-12T13:00:19.805367+00:00,200,1721.4,
2026-09-12T13:00:19.754324+00:00,200,1792.45,
2026-09-12T13:00:21.382107+00:00,200,174.37,
2026-09-12T13:00:20.307063+00:00,200,1262.46,
2026-09-12T13:00:19.874331+00:00,200,1713.97,
2026-09-12T13:00:19.628515+00:00,200,1964.1,
2026-09-12T13:00:18.530205+00:00,200,3095.97,
2026-09-12T13:00:20.039285+00:00,200,1600.08,
2026-09-12T13:00:20.237335+00:00,200,1421.86,
2026-09-12T13:00:21.193961+00:00,200,471.09,
2026-09-12T13:00:19.908932+00:00,200,1761.04,
2026-09-12T13:00:19.467289+00:00,200,2250.36,
2026-09-12T13:00:18.120629+00:00,200,3599.98,
2026-09-12T13:00:20.709945+00:00,200,1014.26,
2026-09-12T13:00:21.114905+00:00,200,611.71,
2026-09-12T13:00:20.469980+00:00,200,1259.88,
2026-09-12T13:00:18.247543+00:00,200,3487.66,
2026-09-12T13:00:19.324024+00:00,200,2431.39,
2026-09-12T13:00:19.419058+00:00,200,2349.66,
2026-09-12T13:00:21.110472+00:00,200,687.91,
2026-09-12T13:00:20.955177+00:00,200,861.27,
2026-09-12T13:00:18.804113+00:00,200,3021.91,
2026-09-12T13:00:18.846573+00:00,200,2988.17,
2026-09-12T13:00:20.555472+00:00,200,1281.71,
2026-09-12T13:00:19.594527+00:00,200,2250.03,
2026-09-12T13:00:20.825476+00:00,200,1024.23,
2026-09-12T13:00:20.995669+00:00,200,867.86,
2026-09-12T13:00:20.497613+00:00,200,1369.2,
2026-09-12T13:00:20.675937+00:00,200,1198.02,
2026-09-12T13:00:21.074320+00:00,200,826.71,
2026-09-12T13:00:19.922417+00:00,200,1985.11,
2026-09-12T13:00:19.698894+00:00,200,2210.71,
2026-09-12T13:00:18.934432+00:00,200,3003.4,
2026-09-12T13:00:18.745474+00:00,200,3195.23,
2026-09-12T13:00:21.119665+00:00,200,823.73,
2026-09-12T13:00:21.556503+00:00,200,388.49,
2026-09-12T13:00:21.057543+00:00,200,894.4,
2026-09-12T13:00:18.663747+00:00,200,3299.24,
2026-09-12T13:00:19.988532+00:00,200,1996.4,
2026-09-12T13:00:19.642639+00:00,200,2351.94,
2026-09-12T13:00:21.325155+00:00,200,671.74,
2026-09-12T13:00:19.858155+00:00,200,2142.79,
2026-09-12T13:00:19.404786+00:00,200,2598.63,
2026-09-12T13:00:19.746770+00:00,200,2265.64,
2026-09-12T13:00:21.907535+00:00,200,119.03,
2026-09-12T13:00:21.354133+00:00,200,685.6,
2026-09-12T13:00:20.616697+00:00,200,1440.82,
2026-09-12T13:00:21.945001+00:00,200,126.63,
2026-09-12T13:00:18.712821+00:00,200,3365.37,
2026-09-12T13:00:19.508502+00:00,200,2578.95,
2026-09-12T13:00:19.395890+00:00,200,2701.64,
2026-09-12T13:00:19.152613+00:00,200,2948.44,
2026-09-12T13:00:20.101294+00:00,200,2003.31,
2026-09-12T13:00:20.460528+00:00,200,1646.98,
2026-09-12T13:00:20.640109+00:00,200,1473.17,
2026-09-12T13:00:21.820181+00:00,200,300.08,
2026-09-12T13:00:17.419088+00:00,200,4717.65,
2026-09-12T13:00:20.804448+00:00,200,1343.99,
2026-09-12T13:00:21.913279+00:00,200,248.52,
2026-09-12T13:00:19.438381+00:00,200,2738.68,
2026-09-12T13:00:21.720621+00:00,200,459.72,
2026-09-12T13:00:19.589245+00:00,200,2609.99,
2026-09-12T13:00:19.636919+00:00,200,2568.72,
2026-09-12T13:00:20.971640+00:00,200,1238.9,
2026-09-12T13:00:21.214461+00:00,200,1002.15,
2026-09-12T13:00:20.124147+00:00,200,2102.89,
2026-09-12T13:00:21.615719+00:00,200,626.33,
2026-09-12T13:00:20.905482+00:00,200,1341.39,
2026-09-12T13:00:21.588315+00:00,200,661.31,
2026-09-12T13:00:17.863271+00:00,200,4387.63,
2026-09-12T13:00:22.016966+00:00,200,239.65,
2026-09-12T13:00:21.000329+00:00,200,1258.31,
2026-09-12T13:00:19.040155+00:00,200,3219.89,
2026-09-12T13:00:19.099557+00:00,200,3186.06,
2026-09-12T13:00:21.849714+00:00,200,438.64,
2026-09-12T13:00:22.012423+00:00,200,297.8,
2026-09-12T13:00:20.090780+00:00,200,2236.47,
2026-09-12T13:00:21.495329+00:00,200,835.41,
2026-09-12T13:00:20.313761+00:00,200,2022.89,
2026-09-12T13:00:17.547924+00:00,200,4793.06,
2026-09-12T13:00:20.387782+00:00,200,1992.05,
2026-09-12T13:00:21.233118+00:00,200,1159.26,
2026-09-12T13:00:18.674868+00:00,200,3720.48,
2026-09-12T13:00:21.359483+00:00,200,1041.91,
2026-09-12T13:00:22.180347+00:00,200,226.87,
2026-09-12T13:00:22.136759+00:00,200,285.26,
2026-09-12T13:00:19.113483+00:00,200,3319.59,
2026-09-12T13:00:20.600582+00:00,200,1842.17,
2026-09-12T13:00:19.159817+00:00,200,3291.9,
2026-09-12T13:00:21.834758+00:00,200,627.78,
2026-09-12T13:00:21.230085+00:00,200,1234.17,
2026-09-12T13:00:22.000949+00:00,200,467.47,
2026-09-12T13:00:20.422315+00:00,200,2060.15,
2026-09-12T13:00:20.174060+00:00,200,2316.27,
2026-09-12T13:00:20.557712+00:00,200,1936.25,
2026-09-12T13:00:22.274795+00:00,200,228.24,
2026-09-12T13:00:21.513643+00:00,200,995.06,
2026-09-12T13:00:22.153050+00:00,200,382.19,
2026-09-12T13:00:18.425260+00:00,200,4111.53,
2026-09-12T13:00:21.106531+00:00,200,1443.63,
2026-09-12T13:00:19.830531+00:00,200,2722.43,
2026-09-12T13:00:19.657898+00:00,200,2912.41,
2026-09-12T13:00:17.124234+00:00,200,5448.63,
2026-09-12T13:00:22.026579+00:00,200,548.93,
2026-09-12T13:00:18.076549+00:00,200,4503.79,
2026-09-12T13:00:20.998641+00:00,200,1585.19,
2026-09-12T13:00:22.482476+00:00,200,109.57,
2026-09-12T13:00:17.539423+00:00,200,5085.8,
2026-09-12T13:00:19.344550+00:00,200,3286.63,
2026-09-12T13:00:22.104608+00:00,200,528.16,
2026-09-12T13:00:22.392387+00:00,200,262.14,
2026-09-12T13:00:18.979243+00:00,200,3705.12,
2026-09-12T13:00:20.328216+00:00,200,2358.18,
2026-09-12T13:00:21.626201+00:00,200,1064.43,
2026-09-12T13:00:22.368094+00:00,200,323.75,
2026-09-12T13:00:19.368774+00:00,200,3331.15,
2026-09-12T13:00:21.139191+00:00,200,1570.81,
2026-09-12T13:00:21.250718+00:00,200,1463.07,
2026-09-12T13:00:22.194557+00:00,200,539.13,
2026-09-12T13:00:19.748613+00:00,200,2986.18,
2026-09-12T13:00:22.616335+00:00,200,120.27,
2026-09-12T13:00:20.490184+00:00,200,2256.12,
2026-09-12T13:00:21.863536+00:00,200,897.43,
2026-09-12T13:00:21.414316+00:00,200,1350.27,
2026-09-12T13:00:22.235150+00:00,200,549.09,
2026-09-12T13:00:21.280993+00:00,200,1512.57,
2026-09-12T13:00:22.242059+00:00,200,556.41,
2026-09-12T13:00:19.791703+00:00,200,3009.72,
2026-09-12T13:00:22.654550+00:00,200,154.39,
2026-09-12T13:00:21.546789+00:00,200,1278.27,
2026-09-12T13:00:21.730009+00:00,200,1126.13,
2026-09-12T13:00:18.640149+00:00,200,4226.02,
2026-09-12T13:00:21.418241+00:00,200,1467.35,
2026-09-12T13:00:22.057524+00:00,200,830.66,
2026-09-12T13:00:21.011939+00:00,200,1877.32,
2026-09-12T13:00:22.536801+00:00,200,377.12,
2026-09-12T13:00:20.545466+00:00,200,2380.15,
2026-09-12T13:00:20.706006+00:00,200,2226.74,
2026-09-12T13:00:21.176373+00:00,200,1761.78,
2026-09-12T13:00:22.260049+00:00,200,688.34,
2026-09-12T13:00:22.422030+00:00,200,531.7,
2026-09-12T13:00:22.353417+00:00,200,603.37,
2026-09-12T13:00:21.266098+00:00,200,1692.27,
2026-09-12T13:00:20.748774+00:00,200,2216.94,
2026-09-12T13:00:17.327103+00:00,200,5686.31,
2026-09-12T13:00:19.548571+00:00,200,3467.9,
2026-09-12T13:00:21.340050+00:00,200,1684.03,
2026-09-12T13:00:21.468414+00:00,200,1560.46,
2026-09-12T13:00:22.339690+00:00,200,702.5,
2026-09-12T13:00:22.468437+00:00,200,591.67,
2026-09-12T13:00:19.725125+00:00,200,3341.41,
2026-09-12T13:00:18.910155+00:00,200,4159.48,
2026-09-12T13:00:18.329648+00:00,200,4747.68,
2026-09-12T13:00:21.246516+00:00,200,1835.25,
2026-09-12T13:00:21.133768+00:00,200,1982.25,
2026-09-12T13:00:21.645061+00:00,200,1480.08,
2026-09-12T13:00:21.984951+00:00,200,1158.0,
2026-09-12T13:00:18.886832+00:00,200,4258.58,
2026-09-12T13:00:20.223772+00:00,200,2923.82,
2026-09-12T13:00:21.282741+00:00,200,1868.27,
2026-09-12T13:00:22.632772+00:00,200,525.84,
2026-09-12T13:00:21.816469+00:00,200,1348.62,
2026-09-12T13:00:22.850770+00:00,200,316.07,
2026-09-12T13:00:21.661410+00:00,200,1507.34,
2026-09-12T13:00:23.013474+00:00,200,176.34,
2026-09-12T13:00:22.227049+00:00,200,964.99,
2026-09-12T13:00:22.690637+00:00,200,502.73,
2026-09-12T13:00:21.755431+00:00,200,1471.13,
2026-09-12T13:00:21.898030+00:00,200,1352.7,
2026-09-12T13:00:21.713764+00:00,200,1542.17,
2026-09-12T13:00:19.602176+00:00,200,3662.6,
2026-09-12T13:00:17.280593+00:00,200,5986.32,
2026-09-12T13:00:19.310044+00:00,200,3960.33,
2026-09-12T13:00:21.670209+00:00,200,1604.2,
2026-09-12T13:00:21.616625+00:00,200,1662.21,
2026-09-12T13:00:21.040537+00:00,200,2241.53,
2026-09-12T13:00:20.202211+00:00,200,3083.78,
2026-09-12T13:00:20.272978+00:00,200,3016.57,
2026-09-12T13:00:22.885602+00:00,200,407.07,
2026-09-12T13:00:20.813367+00:00,200,2485.15,
2026-09-12T13:00:17.302728+00:00,200,6004.54,
2026-09-12T13:00:22.550177+00:00,200,775.86,
2026-09-12T13:00:18.584156+00:00,200,4744.95,
2026-09-12T13:00:22.739093+00:00,200,597.5,
2026-09-12T13:00:21.929448+00:00,200,1411.84,
2026-09-12T13:00:21.909615+00:00,200,1457.57,
2026-09-12T13:00:21.694874+00:00,200,1674.63,
2026-09-12T13:00:20.660223+00:00,200,2711.65,
2026-09-12T13:00:20.737511+00:00,200,2636.16,
2026-09-12T13:00:18.724517+00:00,200,4650.74,
2026-09-12T13:00:21.778024+00:00,200,1598.84,
2026-09-12T13:00:22.734801+00:00,200,644.05,
2026-09-12T13:00:18.863329+00:00,200,4517.22,
2026-09-12T13:00:20.792572+00:00,200,2594.39,
2026-09-12T13:00:19.234157+00:00,200,4162.43,
2026-09-12T13:00:19.145637+00:00,200,4255.44,
2026-09-12T13:00:20.958271+00:00,200,2445.88,
2026-09-12T13:00:22.087470+00:00,200,1343.9,
2026-09-12T13:00:22.401406+00:00,200,1044.45,
2026-09-12T13:00:21.363814+00:00,200,2101.54,
2026-09-12T13:00:23.220644+00:00,200,250.89,
2026-09-12T13:00:19.765823+00:00,200,3722.22,
2026-09-12T13:00:20.736450+00:00,200,2772.87,
2026-09-12T13:00:22.310233+00:00,200,1203.27,
2026-09-12T13:00:22.721517+00:00,200,795.73,
2026-09-12T13:00:20.453483+00:00,200,3125.65,
2026-09-12T13:00:21.492389+00:00,200,2103.46,
2026-09-12T13:00:23.147601+00:00,200,460.84,
2026-09-12T13:00:21.994595+00:00,200,1620.03,
2026-09-12T13:00:21.776221+00:00,200,1843.02,
2026-09-12T13:00:22.948408+00:00,200,676.34,
2026-09-12T13:00:21.596846+00:00,200,2032.67,
2026-09-12T13:00:21.866795+00:00,200,1771.08,
2026-09-12T13:00:22.207061+00:00,200,1450.86,
2026-09-12T13:00:18.343573+00:00,200,5316.54,
2026-09-12T13:00:22.953738+00:00,200,714.16,
2026-09-12T13:00:23.189833+00:00,200,484.67,
2026-09-12T13:00:22.866175+00:00,200,834.55,
2026-09-12T13:00:23.517255+00:00,200,191.23,
2026-09-12T13:00:22.535256+00:00,200,1201.99,
2026-09-12T13:00:19.741313+00:00,200,4006.38,
2026-09-12T13:00:18.024594+00:00,200,5731.43,
2026-09-12T13:00:21.737390+00:00,200,2044.64,
2026-09-12T13:00:23.373678+00:00,200,411.64,
2026-09-12T13:00:22.958371+00:00,200,857.32,
2026-09-12T13:00:22.913933+00:00,200,918.89,
2026-09-12T13:00:22.932770+00:00,200,902.74,
2026-09-12T13:00:20.144580+00:00,200,3696.05,
2026-09-12T13:00:22.510058+00:00,200,1351.93,
2026-09-12T13:00:23.367203+00:00,200,514.88,
2026-09-12T13:00:21.332715+00:00,200,2558.36,
2026-09-12T13:00:18.203051+00:00,200,5690.69,
2026-09-12T13:00:22.798477+00:00,200,1114.38,
2026-09-12T13:00:21.466600+00:00,200,2450.12,
2026-09-12T13:00:23.052131+00:00,200,873.02,
2026-09-12T13:00:23.737256+00:00,200,201.43,
2026-09-12T13:00:22.812699+00:00,200,1155.96,
2026-09-12T13:00:20.537178+00:00,200,3439.75,
2026-09-12T13:00:22.684375+00:00,200,1301.11,
2026-09-12T13:00:21.901046+00:00,200,2087.9,
2026-09-12T13:00:21.025648+00:00,200,2970.69,
2026-09-12T13:00:23.500947+00:00,200,514.35,
2026-09-12T13:00:18.000629+00:00,200,6020.18,
2026-09-12T13:00:21.798402+00:00,200,2235.08,
2026-09-12T13:00:22.592059+00:00,200,1459.5,
2026-09-12T13:00:23.529838+00:00,200,529.95,
2026-09-12T13:00:23.629522+00:00,200,436.7,
2026-09-12T13:00:19.361094+00:00,200,4713.69,
2026-09-12T13:00:22.938176+00:00,200,1159.04,
2026-09-12T13:00:23.445875+00:00,200,656.98,
2026-09-12T13:00:22.524364+00:00,200,1590.97,
2026-09-12T13:00:20.277291+00:00,200,3849.36,
2026-09-12T13:00:21.526777+00:00,200,2602.31,
2026-09-12T13:00:19.932650+00:00,200,4210.11,
2026-09-12T13:00:22.074567+00:00,200,2072.98,
2026-09-12T13:00:17.260512+00:00,200,6911.85,
2026-09-12T13:00:21.943402+00:00,200,2248.03,
2026-09-12T13:00:23.074553+00:00,200,1132.2,
2026-09-12T13:00:22.205648+00:00,200,2003.75,
2026-09-12T13:00:20.372823+00:00,200,3845.17,
2026-09-12T13:00:21.278602+00:00,200,2963.13,
2026-09-12T13:00:20.569015+00:00,200,3679.02,
2026-09-12T13:00:22.625232+00:00,200,1638.02,
2026-09-12T13:00:24.115346+00:00,200,149.83,
2026-09-12T13:00:21.996902+00:00,200,2275.74,
2026-09-12T13:00:23.375263+00:00,200,932.4,
2026-09-12T13:00:18.752890+00:00,200,5563.04,
2026-09-12T13:00:20.187725+00:00,200,4131.41,
2026-09-12T13:00:22.288362+00:00,200,2052.95,
2026-09-12T13:00:21.848250+00:00,200,2500.47,
2026-09-12T13:00:24.168251+00:00,200,182.51,
2026-09-12T13:00:20.158580+00:00,200,4194.04,
2026-09-12T13:00:22.258642+00:00,200,2122.75,
2026-09-12T13:00:24.217999+00:00,200,168.25,
2026-09-12T13:00:23.274429+00:00,200,1141.42,
2026-09-12T13:00:21.726620+00:00,200,2707.49,
2026-09-12T13:00:21.231645+00:00,200,3205.27,
2026-09-12T13:00:23.028891+00:00,200,1420.23,
2026-09-12T13:00:21.768736+00:00,200,2690.56,
2026-09-12T13:00:21.267137+00:00,200,3221.35,
2026-09-12T13:00:21.113096+00:00,200,3380.36,
2026-09-12T13:00:18.372385+00:00,200,6157.9,
2026-09-12T13:00:21.724283+00:00,200,2808.21,
2026-09-12T13:00:22.107508+00:00,200,2430.87,
2026-09-12T13:00:21.937848+00:00,200,2610.53,
2026-09-12T13:00:20.809337+00:00,200,3742.13,
2026-09-12T13:00:22.710009+00:00,200,1847.58,
2026-09-12T13:00:23.226570+00:00,200,1344.26,
2026-09-12T13:00:22.570323+00:00,200,2007.43,
2026-09-12T13:00:22.746315+00:00,200,1839.47,
2026-09-12T13:00:24.129093+00:00,200,493.34,
2026-09-12T13:00:22.764593+00:00,200,1882.14,
2026-09-12T13:00:23.142961+00:00,200,1520.19,
2026-09-12T13:00:23.768719+00:00,200,916.61,
2026-09-12T13:00:20.648322+00:00,200,4059.72,
2026-09-12T13:00:23.317591+00:00,200,1407.35,
2026-09-12T13:00:23.488057+00:00,200,1244.98,
2026-09-12T13:00:22.379863+00:00,200,2355.94,
2026-09-12T13:00:22.120275+00:00,200,2645.85,
2026-09-12T13:00:21.462111+00:00,200,3326.94,
2026-09-12T13:00:19.776497+00:00,200,5016.47,
2026-09-12T13:00:20.892077+00:00,200,3914.52,
2026-09-12T13:00:22.433092+00:00,200,2384.98,
2026-09-12T13:00:23.782049+00:00,200,1052.12,
2026-09-12T13:00:23.378862+00:00,200,1459.02,
2026-09-12T13:00:22.904620+00:00,200,1936.78,
2026-09-12T13:00:20.077959+00:00,200,4769.04,
2026-09-12T13:00:24.008668+00:00,200,840.23,
2026-09-12T13:00:22.978260+00:00,200,1882.08,
2026-09-12T13:00:23.850380+00:00,200,1027.03,
2026-09-12T13:00:23.576571+00:00,200,1334.55,
2026-09-12T13:00:18.394106+00:00,200,6533.03,
2026-09-12T13:00:20.781330+00:00,200,4150.24,
2026-09-12T13:00:24.789062+00:00,200,144.33,
2026-09-12T13:00:23.286674+00:00,200,1653.87,
2026-09-12T13:00:23.502127+00:00,200,1446.29,
2026-09-12T13:00:24.792973+00:00,200,167.61,
2026-09-12T13:00:23.916733+00:00,200,1082.43,
2026-09-12T13:00:23.968665+00:00,200,1056.92,
2026-09-12T13:00:19.584931+00:00,200,5446.66,
2026-09-12T13:00:22.246878+00:00,200,2804.35,
2026-09-12T13:00:22.891163+00:00,200,2195.34,
2026-09-12T13:00:22.956795+00:00,200,2142.27,
2026-09-12T13:00:24.172370+00:00,200,949.54,
2026-09-12T13:00:22.583840+00:00,200,2547.92,
2026-09-12T13:00:23.897545+00:00,200,1260.38,
2026-09-12T13:00:23.808444+00:00,200,1351.34,
2026-09-12T13:00:22.631191+00:00,200,2547.34,
2026-09-12T13:00:23.264791+00:00,200,1939.38,
2026-09-12T13:00:23.037392+00:00,200,2180.69,
2026-09-12T13:00:23.371886+00:00,200,1849.8,
2026-09-12T13:00:23.862001+00:00,200,1367.9,
2026-09-12T13:00:17.971574+00:00,200,7293.94,
2026-09-12T13:00:23.066553+00:00,200,2210.46,
2026-09-12T13:00:24.708090+00:00,200,574.02,
2026-09-12T13:00:21.234626+00:00,200,4053.55,
2026-09-12T13:00:24.911136+00:00,200,389.0,
2026-09-12T13:00:22.825079+00:00,200,2479.37,
2026-09-12T13:00:24.530313+00:00,200,775.91,
2026-09-12T13:00:21.665054+00:00,200,3651.3,
2026-09-12T13:00:23.830135+00:00,200,1494.36,
2026-09-12T13:00:21.818684+00:00,200,3511.94,
2026-09-12T13:00:22.113282+00:00,200,3259.05,
2026-09-12T13:00:23.244059+00:00,200,2138.41,
2026-09-12T13:00:22.674226+00:00,200,2711.01,
2026-09-12T13:00:21.310730+00:00,200,4076.72,
2026-09-12T13:00:22.592990+00:00,200,2841.41,
2026-09-12T13:00:24.913672+00:00,200,524.45,
2026-09-12T13:00:23.196628+00:00,200,2257.46,
2026-09-12T13:00:22.256625+00:00,200,3206.75,
2026-09-12T13:00:22.407229+00:00,200,3071.41,
2026-09-12T13:00:24.548389+00:00,200,932.27,
2026-09-12T13:00:22.437095+00:00,200,3054.5,
2026-09-12T13:00:19.434572+00:00,200,6062.85,
2026-09-12T13:00:25.025604+00:00,200,487.77,
2026-09-12T13:00:21.484331+00:00,200,4044.38,
2026-09-12T13:00:19.579775+00:00,200,5950.99,
2026-09-12T13:00:20.326921+00:00,200,5221.31,
2026-09-12T13:00:24.193510+00:00,200,1383.26,
2026-09-12T13:00:17.937290+00:00,200,7646.0,
2026-09-12T13:00:24.927152+00:00,200,661.61,
2026-09-12T13:00:23.282083+00:00,200,2310.34,
2026-09-12T13:00:22.396873+00:00,200,3228.54,
2026-09-12T13:00:24.975176+00:00,200,657.35,
2026-09-12T13:00:22.876920+00:00,200,2771.22,
2026-09-12T13:00:17.636501+00:00,200,8029.53,
2026-09-12T13:00:20.258374+00:00,200,5425.97,
2026-09-12T13:00:22.888199+00:00,200,2820.12,
2026-09-12T13:00:23.168764+00:00,200,2556.12,
2026-09-12T13:00:22.642460+00:00,200,3088.38,
2026-09-12T13:00:23.700738+00:00,200,2035.41,
2026-09-12T13:00:22.340988+00:00,200,3415.0,
2026-09-12T13:00:24.033496+00:00,200,1725.79,
2026-09-12T13:00:22.247716+00:00,200,3520.13,
2026-09-12T13:00:22.889263+00:00,200,2886.2,
2026-09-12T13:00:19.728512+00:00,200,6053.35,
2026-09-12T13:00:22.508715+00:00,200,3282.66,
2026-09-12T13:00:23.336873+00:00,200,2459.83,
2026-09-12T13:00:21.717661+00:00,200,4094.85,
2026-09-12T13:00:18.970230+00:00,200,6845.01,
2026-09-12T13:00:24.241739+00:00,200,1576.2,
2026-09-12T13:00:22.965726+00:00,200,2859.51,
2026-09-12T13:00:23.674508+00:00,200,2180.64,
2026-09-12T13:00:22.801429+00:00,200,3064.82,
2026-09-12T13:00:18.297976+00:00,200,7585.03,
2026-09-12T13:00:24.066231+00:00,200,1850.46,
2026-09-12T13:00:22.580351+00:00,200,3342.8,
2026-09-12T13:00:23.298527+00:00,200,2641.89,
2026-09-12T13:00:23.135049+00:00,200,2810.68,
2026-09-12T13:00:23.976942+00:00,200,1972.76,
2026-09-12T13:00:24.585795+00:00,200,1369.02,
2026-09-12T13:00:20.663246+00:00,200,5294.07,
2026-09-12T13:00:25.532071+00:00,200,431.03,
2026-09-12T13:00:23.250738+00:00,200,2744.76,
2026-09-12T13:00:25.810187+00:00,200,187.42,
2026-09-12T13:00:23.696420+00:00,200,2321.05,
2026-09-12T13:00:23.307288+00:00,200,2718.14,
2026-09-12T13:00:21.844578+00:00,200,4188.45,
2026-09-12T13:00:24.739903+00:00,200,1313.08,
2026-09-12T13:00:20.968710+00:00,200,5122.15,
2026-09-12T13:00:21.659216+00:00,200,4441.79,
2026-09-12T13:00:23.660120+00:00,200,2449.59,
2026-09-12T13:00:22.808957+00:00,200,3306.26,
2026-09-12T13:00:25.558288+00:00,200,568.56,
2026-09-12T13:00:24.415855+00:00,200,1716.33,
2026-09-12T13:00:23.925164+00:00,200,2211.51,
2026-09-12T13:00:24.455346+00:00,200,1688.9,
2026-09-12T13:00:21.962998+00:00,200,4208.6,
2026-09-12T13:00:19.713346+00:00,200,6466.29,
2026-09-12T13:00:25.997611+00:00,200,185.44,
2026-09-12T13:00:20.790537+00:00,200,5419.26,
2026-09-12T13:00:24.782711+00:00,200,1440.65,
2026-09-12T13:00:25.169638+00:00,200,1067.4,
2026-09-12T13:00:24.570843+00:00,200,1684.75,
2026-09-12T13:00:23.166857+00:00,200,3096.24,
2026-09-12T13:00:21.940713+00:00,200,4325.02,
2026-09-12T13:00:23.475473+00:00,200,2795.94,
2026-09-12T13:00:23.069652+00:00,200,3214.67,
2026-09-12T13:00:25.951812+00:00,200,335.41,
2026-09-12T13:00:24.826114+00:00,200,1508.14,
2026-09-12T13:00:23.125159+00:00,200,3212.92,
2026-09-12T13:00:24.449202+00:00,200,1894.11,
2026-09-12T13:00:24.633124+00:00,200,1712.1,
2026-09-12T13:00:26.052990+00:00,200,300.44,
2026-09-12T13:00:22.552966+00:00,200,3804.31,
2026-09-12T13:00:21.592627+00:00,200,4771.76,
2026-09-12T13:00:22.699937+00:00,200,3677.23,
2026-09-12T13:00:24.515869+00:00,200,1896.14,
2026-09-12T13:00:23.645087+00:00,200,2784.07,
2026-09-12T13:00:24.834190+00:00,200,1614.25,
2026-09-12T13:00:26.313036+00:00,200,172.19,
2026-09-12T13:00:23.158643+00:00,200,3342.02,
2026-09-12T13:00:21.988462+00:00,200,4524.77,
2026-09-12T13:00:19.653902+00:00,200,6869.37,
2026-09-12T13:00:23.893755+00:00,200,2646.38,
2026-09-12T13:00:24.355233+00:00,200,2187.07,
2026-09-12T13:00:24.940544+00:00,200,1614.08,
2026-09-12T13:00:24.622454+00:00,200,1944.25,
2026-09-12T13:00:23.621444+00:00,200,2968.54,
2026-09-12T13:00:20.938046+00:00,200,5665.64,
2026-09-12T13:00:25.730852+00:00,200,882.31,
2026-09-12T13:00:23.266922+00:00,200,3358.82,
2026-09-12T13:00:25.513388+00:00,200,1133.99,
2026-09-12T13:00:26.448448+00:00,200,217.22,
2026-09-12T13:00:21.837186+00:00,200,4852.44,
2026-09-12T13:00:21.306993+00:00,200,5386.91,
2026-09-12T13:00:23.832835+00:00,200,2875.14,
2026-09-12T13:00:20.081601+00:00,200,6631.32,
2026-09-12T13:00:24.851681+00:00,200,1864.37,
2026-09-12T13:00:26.395321+00:00,200,341.21,
2026-09-12T13:00:25.215372+00:00,200,1525.75,
2026-09-12T13:00:24.895164+00:00,200,1851.99,
2026-09-12T13:00:25.866277+00:00,200,892.5,
2026-09-12T13:00:20.441269+00:00,200,6319.02,
2026-09-12T13:00:21.958832+00:00,200,4803.97,
2026-09-12T13:00:23.891095+00:00,200,2882.4,
2026-09-12T13:00:23.042198+00:00,200,3734.39,
2026-09-12T13:00:20.052771+00:00,200,6725.99,
2026-09-12T13:00:21.507500+00:00,200,5272.64,
2026-09-12T13:00:25.673500+00:00,200,1110.8,
2026-09-12T13:00:20.414043+00:00,200,6382.08,
2026-09-12T13:00:24.954878+00:00,200,1848.61,
2026-09-12T13:00:20.518404+00:00,200,6301.87,
2026-09-12T13:00:26.707980+00:00,200,113.83,
2026-09-12T13:00:26.730003+00:00,200,123.85,
2026-09-12T13:00:24.126663+00:00,200,2740.48,
2026-09-12T13:00:23.060115+00:00,200,3814.26,
2026-09-12T13:00:25.908474+00:00,200,967.71,
2026-09-12T13:00:26.571094+00:00,200,306.04,
2026-09-12T13:00:24.860347+00:00,200,2021.83,
2026-09-12T13:00:23.608460+00:00,200,3277.55,
2026-09-12T13:00:18.591098+00:00,200,8295.89,
2026-09-12T13:00:26.467824+00:00,200,443.31,
2026-09-12T13:00:21.422763+00:00,200,5501.72,
2026-09-12T13:00:19.461140+00:00,200,7472.69,
2026-09-12T13:00:26.712930+00:00,200,237.52,
2026-09-12T13:00:21.099426+00:00,200,5857.43,
2026-09-12T13:00:19.674568+00:00,200,7290.6,
2026-09-12T13:00:25.825248+00:00,200,1152.48,
2026-09-12T13:00:25.506963+00:00,200,1473.18,
2026-09-12T13:00:26.163616+00:00,200,817.68,
2026-09-12T13:00:19.950229+00:00,200,7048.21,
2026-09-12T13:00:20.234724+00:00,200,6766.48,
2026-09-12T13:00:25.557143+00:00,200,1451.08,
2026-09-12T13:00:22.464270+00:00,200,4548.09,
2026-09-12T13:00:20.959631+00:00,200,6055.85,
2026-09-12T13:00:23.990778+00:00,200,3029.15,
2026-09-12T13:00:26.603700+00:00,200,425.41,
2026-09-12T13:00:24.935754+00:00,200,2104.49,
2026-09-12T13:00:23.579145+00:00,200,3476.97,
2026-09-12T13:00:26.421594+00:00,200,636.74,
2026-09-12T13:00:24.806607+00:00,200,2258.03,
2026-09-12T13:00:22.736617+00:00,200,4333.65,
2026-09-12T13:00:23.619245+00:00,200,3458.05,
2026-09-12T13:00:22.327265+00:00,200,4751.56,
2026-09-12T13:00:26.803496+00:00,200,276.76,
2026-09-12T13:00:23.434950+00:00,200,3655.44,
2026-09-12T13:00:26.736532+00:00,200,379.26,
2026-09-12T13:00:25.785392+00:00,200,1332.99,
2026-09-12T13:00:25.855169+00:00,200,1277.02,
2026-09-12T13:00:21.873967+00:00,200,5280.3,
2026-09-12T13:00:25.528731+00:00,200,1643.6,
2026-09-12T13:00:25.448696+00:00,200,1735.87,
2026-09-12T13:00:24.051571+00:00,200,3135.42,
2026-09-12T13:00:25.860022+00:00,200,1356.89,
2026-09-12T13:00:25.474590+00:00,200,1754.08,
2026-09-12T13:00:24.715953+00:00,200,2519.13,
2026-09-12T13:00:25.767861+00:00,200,1471.95,
2026-09-12T13:00:25.131775+00:00,200,2117.49,
2026-09-12T13:00:25.775475+00:00,200,1478.78,
2026-09-12T13:00:22.097546+00:00,200,5163.21,
2026-09-12T13:00:26.821818+00:00,200,447.63,
2026-09-12T13:00:26.977746+00:00,200,295.32,
2026-09-12T13:00:25.791384+00:00,200,1490.06,
2026-09-12T13:00:23.382558+00:00,200,3905.01,
2026-09-12T13:00:26.237058+00:00,200,1059.26,
2026-09-12T13:00:24.015309+00:00,200,3282.63,
2026-09-12T13:00:21.342307+00:00,200,5957.23,
2026-09-12T13:00:22.575520+00:00,200,4727.75,
2026-09-12T13:00:19.772016+00:00,200,7538.71,
2026-09-12T13:00:26.886987+00:00,200,425.97,
2026-09-12T13:00:22.774443+00:00,200,4547.84,
2026-09-12T13:00:21.569548+00:00,200,5802.93,
2026-09-12T13:00:26.780151+00:00,200,595.53,
2026-09-12T13:00:22.458929+00:00,200,4917.68,
2026-09-12T13:00:26.291321+00:00,200,1097.3,
2026-09-12T13:00:21.302851+00:00,200,6091.46,
2026-09-12T13:00:22.249630+00:00,200,5155.63,
2026-09-12T13:00:26.590003+00:00,200,837.01,
2026-09-12T13:00:25.923165+00:00,200,1506.41,
2026-09-12T13:00:26.338087+00:00,200,1094.26,
2026-09-12T13:00:25.221742+00:00,200,2212.17,
2026-09-12T13:00:25.229912+00:00,200,2209.94,
2026-09-12T13:00:22.122444+00:00,200,5329.11,
2026-09-12T13:00:26.933840+00:00,200,521.88,
2026-09-12T13:00:21.216255+00:00,200,6246.02,
2026-09-12T13:00:25.051245+00:00,200,2418.2,
2026-09-12T13:00:20.365900+00:00,200,7112.62,
2026-09-12T13:00:27.372484+00:00,200,118.88,
2026-09-12T13:00:25.715390+00:00,200,1794.95,
2026-09-12T13:00:20.221242+00:00,200,7295.65,
2026-09-12T13:00:21.402682+00:00,200,6126.9,
2026-09-12T13:00:25.042089+00:00,200,2500.73,
2026-09-12T13:00:26.115217+00:00,200,1429.96,
2026-09-12T13:00:24.760242+00:00,200,2795.76,
2026-09-12T13:00:25.300153+00:00,200,2262.65,
2026-09-12T13:00:27.254261+00:00,200,309.53,
2026-09-12T13:00:22.551577+00:00,200,5020.07,
2026-09-12T13:00:22.493970+00:00,200,5089.46,
2026-09-12T13:00:23.116030+00:00,200,4472.23,
2026-09-12T13:00:27.478529+00:00,200,118.0,
2026-09-12T13:00:26.950460+00:00,200,664.71,
2026-09-12T13:00:21.639383+00:00,200,5978.25,
2026-09-12T13:00:25.592437+00:00,200,2033.8,
2026-09-12T13:00:27.505868+00:00,200,127.37,
2026-09-12T13:00:19.834820+00:00,200,7811.0,
2026-09-12T13:00:26.877132+00:00,200,771.8,
2026-09-12T13:00:21.883337+00:00,200,5785.49,
2026-09-12T13:00:24.403977+00:00,200,3267.51,
2026-09-12T13:00:25.069373+00:00,200,2605.41,
2026-09-12T13:00:25.931159+00:00,200,1757.75,
2026-09-12T13:00:21.116546+00:00,200,6583.33,
2026-09-12T13:00:21.826034+00:00,200,5875.96,
2026-09-12T13:00:25.284162+00:00,200,2422.49,
2026-09-12T13:00:23.192055+00:00,200,4533.63,
2026-09-12T13:00:25.588768+00:00,200,2153.33,
2026-09-12T13:00:26.876184+00:00,200,874.44,
2026-09-12T13:00:23.988953+00:00,200,3766.02,
2026-09-12T13:00:25.625430+00:00,200,2131.21,
2026-09-12T13:00:26.126852+00:00,200,1631.7,
2026-09-12T13:00:25.449815+00:00,200,2317.56,
2026-09-12T13:00:27.492861+00:00,200,280.4,
2026-09-12T13:00:27.668842+00:00,200,105.33,
2026-09-12T13:00:25.316364+00:00,200,2465.3,
2026-09-12T13:00:22.442770+00:00,200,5351.65,
2026-09-12T13:00:24.087561+00:00,200,3710.6,
2026-09-12T13:00:25.949702+00:00,200,1864.31,
2026-09-12T13:00:19.842407+00:00,200,7980.29,
2026-09-12T13:00:27.447931+00:00,200,386.87,
2026-09-12T13:00:25.434420+00:00,200,2401.39,
2026-09-12T13:00:22.395361+00:00,200,5445.33,
2026-09-12T13:00:23.436147+00:00,200,4407.08,
2026-09-12T13:00:24.332505+00:00,200,3513.64,
2026-09-12T13:00:20.119966+00:00,200,7736.11,
2026-09-12T13:00:27.216928+00:00,200,642.46,
2026-09-12T13:00:24.532509+00:00,200,3333.42,
2026-09-12T13:00:26.760292+00:00,200,1118.15,
2026-09-12T13:00:24.557599+00:00,200,3343.16,
2026-09-12T13:00:27.160674+00:00,200,745.88,
2026-09-12T13:00:27.615183+00:00,200,313.6,
2026-09-12T13:00:19.499334+00:00,200,8432.3,
2026-09-12T13:00:26.005447+00:00,200,1927.13,
2026-09-12T13:00:27.834805+00:00,200,99.09,
2026-09-12T13:00:27.405273+00:00,200,539.61,
2026-09-12T13:00:26.625757+00:00,200,1328.31,
2026-09-12T13:00:20.881326+00:00,200,7079.47,
2026-09-12T13:00:20.167166+00:00,200,7807.07,
2026-09-12T13:00:20.417187+00:00,200,7559.67,
2026-09-12T13:00:26.776596+00:00,200,1202.62,
2026-09-12T13:00:23.270393+00:00,200,4710.28,
2026-09-12T13:00:23.676259+00:00,200,4318.68,
2026-09-12T13:00:24.874358+00:00,200,3124.81,
2026-09-12T13:00:23.840637+00:00,200,4161.13,
2026-09-12T13:00:25.759293+00:00,200,2255.54,
2026-09-12T13:00:22.330753+00:00,200,5690.49,
2026-09-12T13:00:23.145415+00:00,200,4878.38,
2026-09-12T13:00:25.708333+00:00,200,2327.36,
2026-09-12T13:00:19.239226+00:00,200,8804.86,
2026-09-12T13:00:27.819015+00:00,200,237.07,
2026-09-12T13:00:27.394311+00:00,200,663.86,
2026-09-12T13:00:25.031606+00:00,200,3046.18,
2026-09-12T13:00:20.425085+00:00,200,7657.3,
2026-09-12T13:00:27.056138+00:00,200,1049.26,
2026-09-12T13:00:21.356719+00:00,200,6753.71,
2026-09-12T13:00:24.386261+00:00,200,3728.96,
2026-09-12T13:00:27.900767+00:00,200,222.59,
2026-09-12T13:00:25.375093+00:00,200,2753.72,
2026-09-12T13:00:23.471555+00:00,200,4672.72,
2026-09-12T13:00:25.884884+00:00,200,2264.03,
2026-09-12T13:00:27.064650+00:00,200,1090.56,
2026-09-12T13:00:23.835513+00:00,200,4325.46,
2026-09-12T13:00:26.357284+00:00,200,1808.47,
2026-09-12T13:00:24.341324+00:00,200,3837.36,
2026-09-12T13:00:27.078831+00:00,200,1102.79,
2026-09-12T13:00:20.932656+00:00,200,7249.89,
2026-09-12T13:00:27.190543+00:00,200,995.83,
2026-09-12T13:00:28.077793+00:00,200,117.98,
2026-09-12T13:00:24.191450+00:00,200,4005.29,
2026-09-12T13:00:22.039748+00:00,200,6163.61,
2026-09-12T13:00:23.329123+00:00,200,4902.85,
2026-09-12T13:00:26.109722+00:00,200,2125.2,
2026-09-12T13:00:25.204188+00:00,200,3037.12,
2026-09-12T13:00:25.334184+00:00,200,2920.9,
2026-09-12T13:00:26.028755+00:00,200,2230.49,
2026-09-12T13:00:22.411994+00:00,200,5851.38,
2026-09-12T13:00:19.611898+00:00,200,8662.35,
2026-09-12T13:00:27.760947+00:00,200,537.74,
2026-09-12T13:00:27.015485+00:00,200,1286.01,
2026-09-12T13:00:24.933400+00:00,200,3370.69,
2026-09-12T13:00:20.060258+00:00,200,8254.44,
2026-09-12T13:00:27.115803+00:00,200,1205.76,
2026-09-12T13:00:20.533772+00:00,200,7789.42,
2026-09-12T13:00:28.080466+00:00,200,253.0,
2026-09-12T13:00:26.355152+00:00,200,1981.54,
2026-09-12T13:00:27.350438+00:00,200,989.86,
2026-09-12T13:00:27.859393+00:00,200,482.12,
2026-09-12T13:00:24.213005+00:00,200,4129.2,
2026-09-12T13:00:27.648941+00:00,200,695.59,
2026-09-12T13:00:25.239949+00:00,200,3124.36,
2026-09-12T13:00:24.381410+00:00,200,4006.2,
2026-09-12T13:00:23.018391+00:00,200,5387.18,
2026-09-12T13:00:25.957319+00:00,200,2455.59,
2026-09-12T13:00:20.076261+00:00,200,8347.11,
2026-09-12T13:00:28.309920+00:00,200,114.04,
2026-09-12T13:00:25.548249+00:00,200,2879.48,
2026-09-12T13:00:27.228681+00:00,200,1202.68,
2026-09-12T13:00:25.324504+00:00,200,3129.7,
2026-09-12T13:00:26.287235+00:00,200,2173.75,
2026-09-12T13:00:24.497653+00:00,200,3964.49,
2026-09-12T13:00:22.572873+00:00,200,5893.0,
2026-09-12T13:00:27.052912+00:00,200,1413.6,
2026-09-12T13:00:26.911145+00:00,200,1561.37,
2026-09-12T13:00:27.090397+00:00,200,1386.42,
2026-09-12T13:00:22.707112+00:00,200,5777.17,
2026-09-12T13:00:26.332118+00:00,200,2153.95,
2026-09-12T13:00:27.312967+00:00,200,1180.5,
2026-09-12T13:00:19.355879+00:00,200,9144.73,
2026-09-12T13:00:25.019297+00:00,200,3505.3,
2026-09-12T13:00:26.343322+00:00,200,2190.85,
2026-09-12T13:00:26.196187+00:00,200,2342.98,
2026-09-12T13:00:24.646750+00:00,200,3900.12,
2026-09-12T13:00:28.058181+00:00,200,489.97,
2026-09-12T13:00:26.655416+00:00,200,1900.5,
2026-09-12T13:00:20.635546+00:00,200,7930.23,
2026-09-12T13:00:25.372348+00:00,200,3197.15,
2026-09-12T13:00:27.516905+00:00,200,1055.29,
2026-09-12T13:00:26.412032+00:00,200,2165.03,
2026-09-12T13:00:27.187003+00:00,200,1394.04,
2026-09-12T13:00:24.663158+00:00,200,3934.93,
2026-09-12T13:00:26.171611+00:00,200,2429.02,
2026-09-12T13:00:26.710317+00:00,200,1891.61,
2026-09-12T13:00:22.105996+00:00,200,6498.01,
2026-09-12T13:00:28.395894+00:00,200,209.58,
2026-09-12T13:00:27.686579+00:00,200,920.38,
2026-09-12T13:00:26.683194+00:00,200,1925.08,
2026-09-12T13:00:24.108047+00:00,200,4501.52,
2026-09-12T13:00:27.439860+00:00,200,1170.85,
2026-09-12T13:00:27.713055+00:00,200,902.55,
2026-09-12T13:00:24.735810+00:00,200,3884.09,
2026-09-12T13:00:26.998451+00:00,200,1622.92,
2026-09-12T13:00:27.832318+00:00,200,792.97,
2026-09-12T13:00:24.542507+00:00,200,4084.06,
2026-09-12T13:00:24.999178+00:00,200,3628.33,
2026-09-12T13:00:22.285639+00:00,200,6342.67,
2026-09-12T13:00:27.979221+00:00,200,649.91,
2026-09-12T13:00:26.886014+00:00,200,1743.93,
2026-09-12T13:00:26.741134+00:00,200,1889.82,
2026-09-12T13:00:27.491370+00:00,200,1140.39,
2026-09-12T13:00:22.484120+00:00,200,6148.67,
2026-09-12T13:00:24.352621+00:00,200,4281.18,
2026-09-12T13:00:23.555163+00:00,200,5094.06,
2026-09-12T13:00:27.462289+00:00,200,1188.39,
2026-09-12T13:00:27.699883+00:00,200,952.23,
2026-09-12T13:00:26.209812+00:00,200,2443.86,
2026-09-12T13:00:27.297947+00:00,200,1357.36,
2026-09-12T13:00:28.035704+00:00,200,621.23,
2026-09-12T13:00:28.111373+00:00,200,547.27,
2026-09-12T13:00:24.147557+00:00,200,4512.73,
2026-09-12T13:00:23.723757+00:00,200,4937.78,
2026-09-12T13:00:28.524602+00:00,200,167.93,
2026-09-12T13:00:25.916706+00:00,200,2780.87,
2026-09-12T13:00:26.090876+00:00,200,2619.53,
2026-09-12T13:00:27.933896+00:00,200,778.1,
2026-09-12T13:00:25.159790+00:00,200,3570.5,
2026-09-12T13:00:28.203354+00:00,200,533.39,
2026-09-12T13:00:27.583435+00:00,200,1157.74,
2026-09-12T13:00:26.566728+00:00,200,2177.62,
2026-09-12T13:00:24.848907+00:00,200,3898.08,
2026-09-12T13:00:27.935548+00:00,200,817.79,
2026-09-12T13:00:28.600634+00:00,200,160.02,
2026-09-12T13:00:22.199251+00:00,200,6583.78,
2026-09-12T13:00:26.118062+00:00,200,2673.05,
2026-09-12T13:00:25.308684+00:00,200,3486.04,
2026-09-12T13:00:28.012268+00:00,200,790.69,
2026-09-12T13:00:23.024096+00:00,200,5781.71,
2026-09-12T13:00:27.009672+00:00,200,1801.74,
2026-09-12T13:00:22.161808+00:00,200,6650.77,
2026-09-12T13:00:26.136679+00:00,200,2676.97,
2026-09-12T13:00:23.165111+00:00,200,5654.42,
2026-09-12T13:00:22.216620+00:00,200,6605.94,
2026-09-12T13:00:21.159850+00:00,200,7670.01,
2026-09-12T13:00:28.710407+00:00,200,137.14,
2026-09-12T13:00:27.236518+00:00,200,1613.68,
2026-09-12T13:00:27.374393+00:00,200,1481.46,
2026-09-12T13:00:27.756648+00:00,200,1103.37,
2026-09-12T13:00:27.303270+00:00,200,1565.66,
2026-09-12T13:00:27.224465+00:00,200,1655.28,
2026-09-12T13:00:26.894035+00:00,200,2002.78,
2026-09-12T13:00:28.760665+00:00,200,143.45,
2026-09-12T13:00:25.121936+00:00,200,3799.9,
2026-09-12T13:00:27.944893+00:00,200,982.79,
2026-09-12T13:00:28.325263+00:00,200,604.29,
2026-09-12T13:00:26.265742+00:00,200,2670.06,
2026-09-12T13:00:28.652119+00:00,200,287.26,
2026-09-12T13:00:24.102864+00:00,200,4862.78,
2026-09-12T13:00:22.078204+00:00,200,6902.53,
2026-09-12T13:00:23.016485+00:00,200,5973.52,
2026-09-12T13:00:24.307670+00:00,200,4683.6,
2026-09-12T13:00:27.790519+00:00,200,1202.41,
2026-09-12T13:00:27.742106+00:00,200,1254.09,
2026-09-12T13:00:24.248048+00:00,200,4759.54,
2026-09-12T13:00:23.369527+00:00,200,5674.12,
2026-09-12T13:00:26.485241+00:00,200,2568.09,
2026-09-12T13:00:22.448495+00:00,200,6614.55,
2026-09-12T13:00:27.873881+00:00,200,1196.63,
2026-09-12T13:00:28.664371+00:00,200,427.27,
2026-09-12T13:00:25.583316+00:00,200,3518.46,
2026-09-12T13:00:18.078204+00:00,200,11045.54,
2026-09-12T13:00:25.099104+00:00,200,4032.47,
2026-09-12T13:00:28.237201+00:00,200,895.48,
2026-09-12T13:00:27.542828+00:00,200,1596.25,
2026-09-12T13:00:24.206776+00:00,200,4937.46,
2026-09-12T13:00:26.523281+00:00,200,2622.13,
2026-09-12T13:00:24.142769+00:00,200,5013.45,
2026-09-12T13:00:29.063050+00:00,200,106.36,
2026-09-12T13:00:25.480662+00:00,200,3690.61,
2026-09-12T13:00:28.572211+00:00,200,604.47,
2026-09-12T13:00:22.071642+00:00,200,7106.64,
2026-09-12T13:00:25.696118+00:00,200,3489.56,
2026-09-12T13:00:28.649235+00:00,200,546.54,
2026-09-12T13:00:27.596547+00:00,200,1602.11,
2026-09-12T13:00:20.765274+00:00,200,8435.08,
2026-09-12T13:00:24.085694+00:00,200,5122.69,
2026-09-12T13:00:29.101784+00:00,200,133.0,
2026-09-12T13:00:25.330632+00:00,200,3907.28,
2026-09-12T13:00:21.868039+00:00,200,7383.7,
2026-09-12T13:00:21.441045+00:00,200,7829.62,
2026-09-12T13:00:22.657011+00:00,200,6633.41,
2026-09-12T13:00:24.074795+00:00,200,5227.85,
2026-09-12T13:00:27.529586+00:00,200,1780.39,
2026-09-12T13:00:26.874379+00:00,200,2442.6,
2026-09-12T13:00:21.562158+00:00,200,7767.42,
2026-09-12T13:00:25.114026+00:00,200,4222.18,
2026-09-12T13:00:22.960038+00:00,200,6387.92,
2026-09-12T13:00:24.613905+00:00,200,4737.02,
2026-09-12T13:00:23.667913+00:00,200,5687.16,
2026-09-12T13:00:26.223370+00:00,200,3140.54,
2026-09-12T13:00:28.255094+00:00,200,1117.27,
2026-09-12T13:00:28.650682+00:00,200,723.41,
2026-09-12T13:00:28.412913+00:00,200,978.42,
2026-09-12T13:00:27.336732+00:00,200,2067.07,
2026-09-12T13:00:23.396593+00:00,200,6025.07,
2026-09-12T13:00:23.643682+00:00,200,5780.99,
2026-09-12T13:00:22.177075+00:00,200,7269.86,
2026-09-12T13:00:27.012365+00:00,200,2435.76,
2026-09-12T13:00:25.285271+00:00,200,4168.86,
2026-09-12T13:00:27.281453+00:00,200,2179.89,
2026-09-12T13:00:28.304099+00:00,200,1163.99,
2026-09-12T13:00:19.968347+00:00,200,9520.76,
2026-09-12T13:00:23.985495+00:00,200,5505.16,
2026-09-12T13:00:26.046365+00:00,200,3457.21,
2026-09-12T13:00:26.289724+00:00,200,3232.57,
2026-09-12T13:00:24.582004+00:00,200,4942.08,
2026-09-12T13:00:28.925413+00:00,200,603.47,
2026-09-12T13:00:24.493465+00:00,200,5037.05,
2026-09-12T13:00:27.077306+00:00,200,2465.11,
2026-09-12T13:00:28.699760+00:00,200,843.99,
2026-09-12T13:00:26.353434+00:00,200,3194.36,
2026-09-12T13:00:24.097224+00:00,200,5452.41,
2026-09-12T13:00:26.716049+00:00,200,2842.04,
2026-09-12T13:00:24.685338+00:00,200,4873.84,
2026-09-12T13:00:24.931582+00:00,200,4633.04,
2026-09-12T13:00:27.418086+00:00,200,2168.97,
2026-09-12T13:00:28.123366+00:00,200,1491.44,
2026-09-12T13:00:28.851233+00:00,200,770.26,
2026-09-12T13:00:28.263379+00:00,200,1359.6,
2026-09-12T13:00:27.843227+00:00,200,1788.66,
2026-09-12T13:00:25.784284+00:00,200,3860.26,
2026-09-12T13:00:29.198662+00:00,200,456.54,
2026-09-12T13:00:28.364314+00:00,200,1294.85,
2026-09-12T13:00:28.741182+00:00,200,921.38,
2026-09-12T13:00:22.336658+00:00,200,7334.5,
2026-09-12T13:00:29.014666+00:00,200,658.46,
2026-09-12T13:00:28.195775+00:00,200,1485.83,
2026-09-12T13:00:29.145411+00:00,200,539.81,
2026-09-12T13:00:20.013298+00:00,200,9693.4,
2026-09-12T13:00:22.148452+00:00,200,7568.09,
2026-09-12T13:00:24.657062+00:00,200,5063.74,
2026-09-12T13:00:29.587070+00:00,200,134.74,
2026-09-12T13:00:28.628308+00:00,200,1095.64,
2026-09-12T13:00:27.304968+00:00,200,2428.39,
2026-09-12T13:00:23.151027+00:00,200,6589.55,
2026-09-12T13:00:29.485059+00:00,200,261.39,
2026-09-12T13:00:27.645834+00:00,200,2123.22,
2026-09-12T13:00:29.329578+00:00,200,446.62,
2026-09-12T13:00:24.847011+00:00,200,4937.34,
2026-09-12T13:00:28.712001+00:00,200,1073.4,
2026-09-12T13:00:29.517105+00:00,200,271.23,
2026-09-12T13:00:29.421680+00:00,200,375.98,
2026-09-12T13:00:22.035739+00:00,200,7775.98,
2026-09-12T13:00:23.815710+00:00,200,5997.84,
2026-09-12T13:00:24.837894+00:00,200,4982.78,
2026-09-12T13:00:29.706704+00:00,200,133.61,
2026-09-12T13:00:25.761163+00:00,200,4086.03,
2026-09-12T13:00:22.168461+00:00,200,7683.51,
2026-09-12T13:00:28.139320+00:00,200,1719.46,
2026-09-12T13:00:20.184843+00:00,200,9688.95,
2026-09-12T13:00:24.766139+00:00,200,5132.99,
2026-09-12T13:00:28.186373+00:00,200,1716.33,
2026-09-12T13:00:26.255607+00:00,200,3648.15,
2026-09-12T13:00:26.500678+00:00,200,3411.59,
2026-09-12T13:00:23.599519+00:00,200,6314.2,
2026-09-12T13:00:18.567998+00:00,200,11348.8,
2026-09-12T13:00:23.996346+00:00,200,5933.39,
2026-09-12T13:00:22.830370+00:00,200,7104.23,
2026-09-12T13:00:27.688917+00:00,200,2248.06,
2026-09-12T13:00:23.295874+00:00,200,6667.17,
2026-09-12T13:00:25.258666+00:00,200,4710.37,
2026-09-12T13:00:28.615606+00:00,200,1354.35,
2026-09-12T13:00:23.245782+00:00,200,6727.84,
2026-09-12T13:00:28.427732+00:00,200,1551.83,
2026-09-12T13:00:29.043658+00:00,200,948.9,
2026-09-12T13:00:29.156221+00:00,200,838.89,
2026-09-12T13:00:27.159514+00:00,200,2837.75,
2026-09-12T13:00:26.334267+00:00,200,3669.56,
2026-09-12T13:00:20.847613+00:00,200,9161.0,
2026-09-12T13:00:26.215986+00:00,200,3794.84,
2026-09-12T13:00:28.445158+00:00,200,1566.76,
2026-09-12T13:00:29.873796+00:00,200,142.11,
2026-09-12T13:00:29.234798+00:00,200,790.6,
2026-09-12T13:00:28.632798+00:00,200,1402.11,
2026-09-12T13:00:29.336216+00:00,200,715.55,
2026-09-12T13:00:26.033033+00:00,200,4026.85,
2026-09-12T13:00:28.746989+00:00,200,1332.38,
2026-09-12T13:00:24.538401+00:00,200,5542.93,
2026-09-12T13:00:28.633802+00:00,200,1458.49,
2026-09-12T13:00:28.629944+00:00,200,1467.43,
2026-09-12T13:00:28.469103+00:00,200,1637.81,
2026-09-12T13:00:25.306226+00:00,200,4809.99,
2026-09-12T13:00:26.858741+00:00,200,3266.23,
2026-09-12T13:00:24.804632+00:00,200,5330.62,
2026-09-12T13:00:25.632544+00:00,200,4516.33,
2026-09-12T13:00:26.956859+00:00,200,3193.74,
2026-09-12T13:00:25.883021+00:00,200,4275.71,
2026-09-12T13:00:28.148920+00:00,200,2024.79,
2026-09-12T13:00:20.914767+00:00,200,9264.51,
2026-09-12T13:00:27.510348+00:00,200,2674.79,
2026-09-12T13:00:30.051780+00:00,200,136.12,
2026-09-12T13:00:20.740387+00:00,200,9453.4,
2026-09-12T13:00:25.836790+00:00,200,4358.91,
2026-09-12T13:00:27.856078+00:00,200,2341.43,
2026-09-12T13:00:27.318894+00:00,200,2881.0,
2026-09-12T13:00:25.580436+00:00,200,4628.66,
2026-09-12T13:00:26.773505+00:00,200,3441.28,
2026-09-12T13:00:27.626239+00:00,200,2607.39,
2026-09-12T13:00:27.208116+00:00,200,3036.61,
2026-09-12T13:00:28.610711+00:00,200,1639.15,
2026-09-12T13:00:29.503582+00:00,200,750.31,
2026-09-12T13:00:27.601440+00:00,200,2686.32,
2026-09-12T13:00:30.148875+00:00,200,147.25,
2026-09-12T13:00:29.247279+00:00,200,1053.13,
2026-09-12T13:00:25.265530+00:00,200,5048.51,
2026-09-12T13:00:26.878739+00:00,200,3437.22,
2026-09-12T13:00:28.601932+00:00,200,1715.14,
2026-09-12T13:00:28.486074+00:00,200,1832.16,
2026-09-12T13:00:29.144247+00:00,200,1183.7,
2026-09-12T13:00:28.156161+00:00,200,2182.08,
2026-09-12T13:00:28.805809+00:00,200,1550.57,
2026-09-12T13:00:29.963061+00:00,200,399.31,
2026-09-12T13:00:25.277028+00:00,200,5093.15,
2026-09-12T13:00:29.313158+00:00,200,1072.26,
2026-09-12T13:00:20.750519+00:00,200,9643.08,
2026-09-12T13:00:28.629133+00:00,200,1782.19,
2026-09-12T13:00:22.793578+00:00,200,7626.41,
2026-09-12T13:00:23.255950+00:00,200,7171.14,
2026-09-12T13:00:28.963857+00:00,200,1474.74,
2026-09-12T13:00:28.777239+00:00,200,1678.18,
2026-09-12T13:00:23.292684+00:00,200,7174.95,
2026-09-12T13:00:29.454133+00:00,200,1014.69,
2026-09-12T13:00:28.637418+00:00,200,1834.42,
2026-09-12T13:00:29.151163+00:00,200,1330.22,
2026-09-12T13:00:23.921239+00:00,200,6574.39,
2026-09-12T13:00:25.963118+00:00,200,4534.6,
2026-09-12T13:00:27.588272+00:00,200,2920.85,
2026-09-12T13:00:26.924496+00:00,200,3590.63,
2026-09-12T13:00:25.887145+00:00,200,4646.7,
2026-09-12T13:00:24.272657+00:00,200,6272.02,
2026-09-12T13:00:28.630954+00:00,200,1936.68,
2026-09-12T13:00:29.784361+00:00,200,796.35,
2026-09-12T13:00:29.622982+00:00,200,960.51,
2026-09-12T13:00:27.840694+00:00,200,2764.29,
2026-09-12T13:00:28.534185+00:00,200,2093.04,
2026-09-12T13:00:28.965653+00:00,200,1671.9,
2026-09-12T13:00:28.425231+00:00,200,2236.22,
2026-09-12T13:00:24.424650+00:00,200,6245.83,
2026-09-12T13:00:26.882175+00:00,200,3802.56,
2026-09-12T13:00:21.457937+00:00,200,9260.45,
2026-09-12T13:00:30.158739+00:00,200,577.32,
2026-09-12T13:00:21.201226+00:00,200,9581.45,
2026-09-12T13:00:30.253900+00:00,200,545.07,
2026-09-12T13:00:24.277228+00:00,200,6529.97,
2026-09-12T13:00:28.484294+00:00,200,2365.79,
2026-09-12T13:00:28.886446+00:00,200,1979.42,
2026-09-12T13:00:29.903759+00:00,200,972.7,
2026-09-12T13:00:28.539176+00:00,200,2365.6,
2026-09-12T13:00:28.829866+00:00,200,2116.53,
2026-09-12T13:00:28.128825+00:00,200,2850.74,
2026-09-12T13:00:24.209406+00:00,200,6800.49,
2026-09-12T13:00:26.965177+00:00,200,4052.45,
2026-09-12T13:00:30.097381+00:00,200,956.13,
2026-09-12T13:00:30.319321+00:00,200,739.97,
2026-09-12T13:00:23.193380+00:00,200,7901.0,
2026-09-12T13:00:24.818085+00:00,200,6293.45,
2026-09-12T13:00:22.925630+00:00,200,8201.94,
2026-09-12T13:00:30.850092+00:00,200,286.57,
2026-09-12T13:00:28.044093+00:00,200,3105.1,
2026-09-12T13:00:23.077340+00:00,200,8088.16,
2026-09-12T13:00:29.820682+00:00,200,1365.4,
2026-09-12T13:00:25.497439+00:00,200,5704.5,
2026-09-12T13:00:29.448129+00:00,200,1762.9,
2026-09-12T13:00:29.720808+00:00,200,1495.47,
2026-09-12T13:00:19.986647+00:00,200,11250.7,
2026-09-12T13:00:20.763564+00:00,200,10487.6,
2026-09-12T13:00:27.448784+00:00,200,3824.08,
2026-09-12T13:00:30.946414+00:00,200,342.87,
2026-09-12T13:00:26.554639+00:00,200,4846.06,
2026-09-12T13:00:29.924108+00:00,200,1502.23,
2026-09-12T13:00:30.782695+00:00,200,649.79,
2026-09-12T13:00:27.455727+00:00,200,4004.52,
2026-09-12T13:00:25.385242+00:00,200,6080.48,
2026-09-12T13:00:26.101018+00:00,200,5386.44,
2026-09-12T13:00:30.092295+00:00,200,1401.22,
2026-09-12T13:00:26.165233+00:00,200,5355.44,
2026-09-12T13:00:22.250907+00:00,200,9281.25,
2026-09-12T13:00:25.382480+00:00,200,6155.46,
2026-09-12T13:00:30.104832+00:00,200,1492.75,
2026-09-12T13:00:28.301494+00:00,200,3314.5,
2026-09-12T13:00:27.750630+00:00,200,3869.08,
2026-09-12T13:00:28.082390+00:00,200,3557.34,
2026-09-12T13:00:27.781679+00:00,200,3861.08,
2026-09-12T13:00:29.490652+00:00,200,2178.27,
2026-09-12T13:00:31.346885+00:00,200,326.64,
2026-09-12T13:00:28.929559+00:00,200,2753.05,
2026-09-12T13:00:18.183575+00:00,200,13503.84,
2026-09-12T13:00:22.210546+00:00,200,9493.33,
2026-09-12T13:00:24.474577+00:00,200,7319.16,
2026-09-12T13:00:31.111553+00:00,200,688.23,
2026-09-12T13:00:24.348746+00:00,200,7495.05,
2026-09-12T13:00:30.869768+00:00,200,977.67,
2026-09-12T13:00:24.724957+00:00,200,7153.04,
2026-09-12T13:00:29.982074+00:00,200,1957.02,
2026-09-12T13:00:19.960184+00:00,200,12041.64,
2026-09-12T13:00:24.257750+00:00,200,7767.32,
2026-09-12T13:00:28.909069+00:00,200,3122.8,
2026-09-12T13:00:30.580718+00:00,200,1476.5,
2026-09-12T13:00:26.466403+00:00,200,5601.63,
2026-09-12T13:00:25.755999+00:00,200,6315.05,
2026-09-12T13:00:21.389836+00:00,200,10683.87,
2026-09-12T13:00:28.155213+00:00,200,3928.49,
2026-09-12T13:00:30.455428+00:00,200,1650.64,
2026-09-12T13:00:23.278860+00:00,200,8833.74,
2026-09-12T13:00:29.372375+00:00,200,2751.27,
2026-09-12T13:00:29.644549+00:00,200,2482.07,
2026-09-12T13:00:31.493531+00:00,200,636.77,
2026-09-12T13:00:25.143359+00:00,200,7023.16,
2026-09-12T13:00:31.843815+00:00,200,324.76,
2026-09-12T13:00:29.723953+00:00,200,2453.26,
2026-09-12T13:00:29.396707+00:00,200,2819.55,
2026-09-12T13:00:20.550653+00:00,200,11690.54,
2026-09-12T13:00:23.381555+00:00,200,8877.44,
2026-09-12T13:00:25.666051+00:00,200,6600.74,
2026-09-12T13:00:23.380550+00:00,200,8933.1,
2026-09-12T13:00:30.087256+00:00,200,2285.89,
2026-09-12T13:00:30.952846+00:00,200,1423.28,
2026-09-12T13:00:30.300421+00:00,200,2105.2,
2026-09-12T13:00:30.482665+00:00,200,1942.32,
2026-09-12T13:00:30.950860+00:00,200,1501.05,
2026-09-12T13:00:29.610184+00:00,200,2857.51,
2026-09-12T13:00:31.847452+00:00,200,630.76,
2026-09-12T13:00:22.101062+00:00,200,10384.59,
2026-09-12T13:00:26.806782+00:00,200,5686.58,
2026-09-12T13:00:24.675339+00:00,200,7851.67,
2026-09-12T13:00:28.802966+00:00,200,3729.83,
2026-09-12T13:00:20.567532+00:00,200,11972.7,
2026-09-12T13:00:24.265189+00:00,200,8296.47,
2026-09-12T13:00:30.135254+00:00,200,2445.63,
2026-09-12T13:00:18.880707+00:00,200,13704.01,
2026-09-12T13:00:30.179281+00:00,200,2410.47,
2026-09-12T13:00:30.263093+00:00,200,2334.56,
2026-09-12T13:00:29.995113+00:00,200,2606.02,
2026-09-12T13:00:27.985260+00:00,200,4618.34,
2026-09-12T13:00:32.373163+00:00,200,254.69,
2026-09-12T13:00:21.287838+00:00,200,11344.26,
2026-09-12T13:00:24.459304+00:00,200,8187.78,
2026-09-12T13:00:28.178695+00:00,200,4470.59,
2026-09-12T13:00:23.386977+00:00,200,9288.15,
2026-09-12T13:00:27.388624+00:00,200,5296.48,
2026-09-12T13:00:25.463382+00:00,200,7237.94,
2026-09-12T13:00:27.706662+00:00,200,5001.57,
2026-09-12T13:00:24.263263+00:00,200,8448.0,
2026-09-12T13:00:24.315947+00:00,200,8402.95,
2026-09-12T13:00:29.195786+00:00,200,3527.38,
2026-09-12T13:00:27.571655+00:00,200,5197.41,
2026-09-12T13:00:23.349241+00:00,200,9432.61,
2026-09-12T13:00:27.432352+00:00,200,5363.42,
2026-09-12T13:00:27.375680+00:00,200,5422.15,
2026-09-12T13:00:29.290436+00:00,200,3538.3,
2026-09-12T13:00:26.429170+00:00,200,6406.9,
2026-09-12T13:00:32.632102+00:00,200,207.55,
2026-09-12T13:00:27.097671+00:00,200,5774.66,
2026-09-12T13:00:28.342211+00:00,200,4586.13,
2026-09-12T13:00:26.017483+00:00,200,6918.35,
2026-09-12T13:00:31.799803+00:00,200,1139.65,
2026-09-12T13:00:30.637568+00:00,200,2306.45,
2026-09-12T13:00:30.011920+00:00,200,2939.0,
2026-09-12T13:00:21.750862+00:00,200,11247.59,
2026-09-12T13:00:23.221739+00:00,200,9783.77,
2026-09-12T13:00:26.377169+00:00,200,6643.04,
2026-09-12T13:00:31.862220+00:00,200,1168.31,
2026-09-12T13:00:19.524699+00:00,200,13524.97,
2026-09-12T13:00:30.600014+00:00,200,2461.53,
2026-09-12T13:00:25.043361+00:00,200,8035.43,
2026-09-12T13:00:25.796413+00:00,200,7337.04,
2026-09-12T13:00:30.185144+00:00,200,2982.0,
2026-09-12T13:00:28.653678+00:00,200,4597.64,
2026-09-12T13:00:23.657933+00:00,200,9640.94,
2026-09-12T13:00:27.154284+00:00,200,6210.61,
2026-09-12T13:00:28.546886+00:00,200,4835.86,
2026-09-12T13:00:30.501450+00:00,200,2890.04,
2026-09-12T13:00:27.878460+00:00,200,5577.36,
2026-09-12T13:00:30.788070+00:00,200,2736.42,
2026-09-12T13:00:20.629343+00:00,200,12924.43,
2026-09-12T13:00:25.954818+00:00,200,7627.2,
2026-09-12T13:00:27.891462+00:00,200,5806.53,
2026-09-12T13:00:30.463503+00:00,200,3247.56,
2026-09-12T13:00:28.341520+00:00,200,5374.29,
2026-09-12T13:00:28.791128+00:00,200,4927.59,
2026-09-12T13:00:30.240166+00:00,200,3484.8,
2026-09-12T13:00:26.513246+00:00,200,7219.17,
2026-09-12T13:00:27.773270+00:00,200,5978.64,
2026-09-12T13:00:30.296135+00:00,200,3459.96,
2026-09-12T13:00:31.878017+00:00,200,1882.26,
2026-09-12T13:00:22.293926+00:00,200,11479.54,
2026-09-12T13:00:33.167177+00:00,200,619.36,
2026-09-12T13:00:26.345234+00:00,200,7463.3,
2026-09-12T13:00:21.735206+00:00,200,12091.39,
2026-09-12T13:00:28.626569+00:00,200,5232.36,
2026-09-12T13:00:32.839657+00:00,200,1042.08,
2026-09-12T13:00:32.001833+00:00,200,1945.17,
2026-09-12T13:00:24.377027+00:00,200,9583.81,
2026-09-12T13:00:33.524508+00:00,200,442.82,
2026-09-12T13:00:29.470748+00:00,200,4546.33,
2026-09-12T13:00:33.711087+00:00,200,308.8,
2026-09-12T13:00:23.376872+00:00,200,10698.28,
2026-09-12T13:00:25.282122+00:00,200,8801.71,
2026-09-12T13:00:30.034912+00:00,200,4057.53,
2026-09-12T13:00:30.244737+00:00,200,3858.58,
2026-09-12T13:00:28.321573+00:00,200,5795.65,
2026-09-12T13:00:33.182708+00:00,200,956.67,
2026-09-12T13:00:26.665678+00:00,200,7495.95,
2026-09-12T13:00:29.302652+00:00,200,4894.27,
2026-09-12T13:00:32.010830+00:00,200,2191.03,
2026-09-12T13:00:32.580894+00:00,200,1640.99,
2026-09-12T13:00:28.621375+00:00,200,5612.76,
2026-09-12T13:00:32.701327+00:00,200,1549.47,
2026-09-12T13:00:24.235330+00:00,200,10058.08,
2026-09-12T13:00:28.387622+00:00,200,5921.66,
2026-09-12T13:00:34.017111+00:00,200,296.06,
2026-09-12T13:00:30.438606+00:00,200,3877.15,
2026-09-12T13:00:23.756039+00:00,200,10573.58,
2026-09-12T13:00:25.812519+00:00,200,8521.33,
2026-09-12T13:00:34.019903+00:00,200,334.86,
2026-09-12T13:00:27.273066+00:00,200,7084.42,
2026-09-12T13:00:27.080259+00:00,200,7295.93,
2026-09-12T13:00:32.078779+00:00,200,2305.25,
2026-09-12T13:00:29.524087+00:00,200,4866.39,
2026-09-12T13:00:23.350670+00:00,200,11105.88,
2026-09-12T13:00:32.045762+00:00,200,2416.66,
2026-09-12T13:00:32.781861+00:00,200,1697.48,
2026-09-12T13:00:26.440496+00:00,200,8050.9,
2026-09-12T13:00:23.513513+00:00,200,11004.51,
2026-09-12T13:00:30.509126+00:00,200,4013.0,
2026-09-12T13:00:30.789571+00:00,200,3810.72,
2026-09-12T13:00:29.374109+00:00,200,5230.22,
2026-09-12T13:00:28.506700+00:00,200,6101.12,
2026-09-12T13:00:29.685228+00:00,200,4952.6,
2026-09-12T13:00:31.597594+00:00,200,3043.83,
2026-09-12T13:00:29.208387+00:00,200,5442.21,
2026-09-12T13:00:30.015914+00:00,200,4656.03,
2026-09-12T13:00:31.237367+00:00,200,3475.26,
2026-09-12T13:00:26.534313+00:00,200,8187.01,
2026-09-12T13:00:32.715287+00:00,200,2016.81,
2026-09-12T13:00:31.538006+00:00,200,3204.43,
2026-09-12T13:00:29.171276+00:00,200,5589.92,
2026-09-12T13:00:31.009908+00:00,200,3755.05,
2026-09-12T13:00:34.147153+00:00,200,628.06,
2026-09-12T13:00:32.584720+00:00,200,2208.66,
2026-09-12T13:00:31.094399+00:00,200,3713.4,
2026-09-12T13:00:21.156498+00:00,200,13735.02,
2026-09-12T13:00:32.068050+00:00,200,2866.74,
2026-09-12T13:00:34.024046+00:00,200,938.47,
2026-09-12T13:00:27.581168+00:00,200,7405.76,
2026-09-12T13:00:31.556119+00:00,200,3461.39,
2026-09-12T13:00:17.056197+00:00,200,17997.53,
2026-09-12T13:00:23.747705+00:00,200,11307.39,
2026-09-12T13:00:31.639745+00:00,200,3441.94,
2026-09-12T13:00:33.890914+00:00,200,1209.69,
2026-09-12T13:00:32.112617+00:00,200,2991.92,
2026-09-12T13:00:32.664231+00:00,200,2455.77,
2026-09-12T13:00:28.181630+00:00,200,6943.5,
2026-09-12T13:00:33.264407+00:00,200,1878.25,
2026-09-12T13:00:28.692543+00:00,200,6455.59,
2026-09-12T13:00:28.460991+00:00,200,6691.58,
2026-09-12T13:00:26.839477+00:00,200,8317.15,
2026-09-12T13:00:28.565796+00:00,200,6592.51,
2026-09-12T13:00:29.840324+00:00,200,5319.65,
2026-09-12T13:00:34.446631+00:00,200,721.82,
2026-09-12T13:00:26.628569+00:00,200,8542.02,
2026-09-12T13:00:28.794732+00:00,200,6381.99,
2026-09-12T13:00:32.294238+00:00,200,2884.19,
2026-09-12T13:00:35.055105+00:00,200,144.78,
2026-09-12T13:00:25.438144+00:00,200,9767.3,
2026-09-12T13:00:30.798985+00:00,200,4417.87,
2026-09-12T13:00:28.660289+00:00,200,6573.03,
2026-09-12T13:00:28.333476+00:00,200,6911.84,
2026-09-12T13:00:33.298893+00:00,200,1948.82,
2026-09-12T13:00:27.322294+00:00,200,7937.36,
2026-09-12T13:00:27.562808+00:00,200,7725.85,
2026-09-12T13:00:23.708498+00:00,200,11582.21,
2026-09-12T13:00:31.820425+00:00,200,3480.3,
2026-09-12T13:00:34.600302+00:00,200,718.39,
2026-09-12T13:00:23.741500+00:00,200,11584.26,
2026-09-12T13:00:26.027641+00:00,200,9305.37,
2026-09-12T13:00:21.034369+00:00,200,14300.26,
2026-09-12T13:00:34.950672+00:00,200,391.9,
2026-09-12T13:00:30.081336+00:00,200,5265.88,
2026-09-12T13:00:32.498929+00:00,200,2868.1,
2026-09-12T13:00:32.025085+00:00,200,3348.41,
2026-09-12T13:00:24.062890+00:00,200,11319.01,
2026-09-12T13:00:33.540915+00:00,200,1854.29,
2026-09-12T13:00:28.992931+00:00,200,6405.4,
2026-09-12T13:00:23.051334+00:00,200,12362.47,
2026-09-12T13:00:30.209099+00:00,200,5224.69,
2026-09-12T13:00:29.363916+00:00,200,6095.11,
2026-09-12T13:00:34.148477+00:00,200,1319.49,
2026-09-12T13:00:30.583502+00:00,200,4885.69,
2026-09-12T13:00:28.598100+00:00,200,6874.11,
2026-09-12T13:00:31.793760+00:00,200,3679.76,
2026-09-12T13:00:27.269455+00:00,200,8209.3,
2026-09-12T13:00:34.064306+00:00,200,1420.7,
2026-09-12T13:00:34.896819+00:00,200,622.33,
2026-09-12T13:00:32.685110+00:00,200,2844.69,
2026-09-12T13:00:27.974245+00:00,200,7580.46,
2026-09-12T13:00:22.903861+00:00,200,12655.99,
2026-09-12T13:00:26.179722+00:00,200,9391.31,
2026-09-12T13:00:31.251174+00:00,200,4328.12,
2026-09-12T13:00:31.201950+00:00,200,4379.49,
2026-09-12T13:00:33.724991+00:00,200,1858.93,
2026-09-12T13:00:33.531012+00:00,200,2065.05,
2026-09-12T13:00:26.025448+00:00,200,9586.21,
2026-09-12T13:00:27.865933+00:00,200,7783.28,
2026-09-12T13:00:31.474642+00:00,200,4193.65,
2026-09-12T13:00:30.195704+00:00,200,5475.12,
2026-09-12T13:00:20.902325+00:00,200,14800.52,
2026-09-12T13:00:29.913722+00:00,200,5794.63,
2026-09-12T13:00:31.256961+00:00,200,4459.75,
2026-09-12T13:00:35.318701+00:00,200,410.32,
2026-09-12T13:00:27.980677+00:00,200,7755.44,
2026-09-12T13:00:31.349282+00:00,200,4399.09,
2026-09-12T13:00:25.418642+00:00,200,10343.45,
2026-09-12T13:00:29.934634+00:00,200,5832.06,
2026-09-12T13:00:29.549637+00:00,200,6231.35,
2026-09-12T13:00:34.934807+00:00,200,853.41,
2026-09-12T13:00:35.611671+00:00,200,178.93,
2026-09-12T13:00:28.753346+00:00,200,7070.89,
2026-09-12T13:00:34.712655+00:00,200,1120.17,
2026-09-12T13:00:28.939383+00:00,200,6908.37,
2026-09-12T13:00:34.587148+00:00,200,1269.01,
2026-09-12T13:00:27.976857+00:00,200,7891.24,
2026-09-12T13:00:29.875093+00:00,200,5994.71,
2026-09-12T13:00:33.336462+00:00,200,2539.36,
2026-09-12T13:00:34.671971+00:00,200,1216.68,
2026-09-12T13:00:29.785412+00:00,200,6131.13,
2026-09-12T13:00:26.487212+00:00,200,9437.89,
2026-09-12T13:00:24.488500+00:00,200,11448.77,
2026-09-12T13:00:28.045985+00:00,200,7903.34,
2026-09-12T13:00:33.419569+00:00,200,2538.47,
2026-09-12T13:00:26.994926+00:00,200,8985.03,
2026-09-12T13:00:27.620027+00:00,200,8364.72,
2026-09-12T13:00:29.123754+00:00,200,6882.73,
2026-09-12T13:00:29.189007+00:00,200,6820.68,
2026-09-12T13:00:35.813491+00:00,200,198.8,
2026-09-12T13:00:23.638051+00:00,200,12383.4,
2026-09-12T13:00:35.125142+00:00,200,924.8,
2026-09-12T13:00:35.129185+00:00,200,922.08,
2026-09-12T13:00:29.530522+00:00,200,6528.7,
2026-09-12T13:00:34.354789+00:00,200,1713.99,
2026-09-12T13:00:22.760984+00:00,200,13323.58,
2026-09-12T13:00:26.647396+00:00,200,9439.86,
2026-09-12T13:00:35.202113+00:00,200,891.35,
2026-09-12T13:00:27.994950+00:00,200,8120.7,
2026-09-12T13:00:23.341304+00:00,200,12776.66,
2026-09-12T13:00:32.601146+00:00,200,3541.71,
2026-09-12T13:00:28.811413+00:00,200,7363.1,
2026-09-12T13:00:25.983947+00:00,200,10203.88,
2026-09-12T13:00:28.625295+00:00,200,7563.72,
2026-09-12T13:00:27.698196+00:00,200,8496.52,
2026-09-12T13:00:32.708245+00:00,200,3487.93,
2026-09-12T13:00:32.462296+00:00,200,3739.9,
2026-09-12T13:00:30.876467+00:00,200,5328.32,
2026-09-12T13:00:35.696157+00:00,200,523.33,
2026-09-12T13:00:35.216883+00:00,200,1013.34,
2026-09-12T13:00:25.157936+00:00,200,11076.16,
2026-09-12T13:00:33.614821+00:00,200,2689.76,
2026-09-12T13:00:35.913265+00:00,200,399.86,
2026-09-12T13:00:32.552267+00:00,200,3767.53,
2026-09-12T13:00:27.427024+00:00,200,8896.22,
2026-09-12T13:00:30.429163+00:00,200,5897.41,
2026-09-12T13:00:36.142874+00:00,200,192.24,
2026-09-12T13:00:25.815252+00:00,200,10531.62,
2026-09-12T13:00:29.536487+00:00,200,6817.15,
2026-09-12T13:00:30.362376+00:00,200,5995.81,
2026-09-12T13:00:28.167623+00:00,200,8196.27,
2026-09-12T13:00:26.597367+00:00,200,9773.34,
2026-09-12T13:00:28.476821+00:00,200,7910.75,
2026-09-12T13:00:34.588792+00:00,200,1818.91,
2026-09-12T13:00:26.071995+00:00,200,10354.19,
2026-09-12T13:00:29.309986+00:00,200,7118.57,
2026-09-12T13:00:25.739036+00:00,200,10710.36,
2026-09-12T13:00:28.980747+00:00,200,7470.3,
2026-09-12T13:00:20.940568+00:00,200,15531.47,
2026-09-12T13:00:33.016044+00:00,200,3457.35,
2026-09-12T13:00:33.756108+00:00,200,2741.95,
2026-09-12T13:00:27.794431+00:00,200,8705.44,
2026-09-12T13:00:28.275656+00:00,200,8232.13,
2026-09-12T13:00:28.713650+00:00,200,7815.9,
2026-09-12T13:00:29.403809+00:00,200,7131.58,
2026-09-12T13:00:34.185437+00:00,200,2354.08,
2026-09-12T13:00:30.197511+00:00,200,6381.94,
2026-09-12T13:00:31.254186+00:00,200,5343.25,
2026-09-12T13:00:29.528893+00:00,200,7077.97,
2026-09-12T13:00:34.619412+00:00,200,2009.8,
2026-09-12T13:00:34.117245+00:00,200,2516.02,
2026-09-12T13:00:34.536818+00:00,200,2104.69,
2026-09-12T13:00:23.938692+00:00,200,12711.32,
2026-09-12T13:00:33.013408+00:00,200,3643.16,
2026-09-12T13:00:27.633247+00:00,200,9032.52,
2026-09-12T13:00:35.367043+00:00,200,1301.27,
2026-09-12T13:00:36.234106+00:00,200,475.11,
2026-09-12T13:00:32.540238+00:00,200,4170.74,
2026-09-12T13:00:24.298572+00:00,200,12426.72,
2026-09-12T13:00:23.401089+00:00,200,13336.16,
2026-09-12T13:00:25.606958+00:00,200,11140.28,
2026-09-12T13:00:28.631766+00:00,200,8122.93,
2026-09-12T13:00:27.754974+00:00,200,9003.22,
2026-09-12T13:00:19.882118+00:00,200,16882.19,
2026-09-12T13:00:30.786618+00:00,200,5996.78,
2026-09-12T13:00:28.783042+00:00,200,8007.57,
2026-09-12T13:00:26.693914+00:00,200,10098.73,
2026-09-12T13:00:30.904791+00:00,200,5904.77,
2026-09-12T13:00:33.932823+00:00,200,2920.03,
2026-09-12T13:00:24.877418+00:00,200,11979.8,
2026-09-12T13:00:35.613885+00:00,200,1247.59,
2026-09-12T13:00:30.736081+00:00,200,6168.8,
2026-09-12T13:00:26.758793+00:00,200,10152.71,
2026-09-12T13:00:35.519161+00:00,200,1399.55,
2026-09-12T13:00:30.054965+00:00,200,6875.31,
2026-09-12T13:00:35.164596+00:00,200,1767.33,
2026-09-12T13:00:27.954069+00:00,200,8986.61,
2026-09-12T13:00:24.425849+00:00,200,12540.94,
2026-09-12T13:00:29.203419+00:00,200,7772.62,
2026-09-12T13:00:23.882102+00:00,200,13120.0,
2026-09-12T13:00:28.144274+00:00,200,8861.33,
2026-09-12T13:00:35.984757+00:00,200,1022.37,
2026-09-12T13:00:33.977732+00:00,200,3031.65,
2026-09-12T13:00:36.783416+00:00,200,228.56,
2026-09-12T13:00:34.201884+00:00,200,2819.12,
2026-09-12T13:00:28.344533+00:00,200,8687.33,
2026-09-12T13:00:31.939119+00:00,200,5159.7,
2026-09-12T13:00:22.138836+00:00,200,14976.12,
2026-09-12T13:00:22.733705+00:00,200,14391.22,
2026-09-12T13:00:32.815261+00:00,200,4320.15,
2026-09-12T13:00:31.920840+00:00,200,5233.04,
2026-09-12T13:00:32.649291+00:00,200,4505.92,
2026-09-12T13:00:32.228767+00:00,200,4936.41,
2026-09-12T13:00:35.478759+00:00,200,1689.62,
2026-09-12T13:00:28.555928+00:00,200,8620.87,
2026-09-12T13:00:33.180209+00:00,200,4042.83,
2026-09-12T13:00:29.673127+00:00,200,7609.65,
2026-09-12T13:00:26.613177+00:00,200,10671.49,
2026-09-12T13:00:30.670489+00:00,200,6620.8,
2026-09-12T13:00:34.491413+00:00,200,2803.54,
2026-09-12T13:00:27.725694+00:00,200,9578.09,
2026-09-12T13:00:30.749454+00:00,200,6555.76,
2026-09-12T13:00:29.176686+00:00,200,8129.98,
2026-09-12T13:00:30.661504+00:00,200,6646.43,
2026-09-12T13:00:35.649234+00:00,200,1660.07,
2026-09-12T13:00:29.588633+00:00,200,7722.64,
2026-09-12T13:00:32.797833+00:00,200,4514.95,
2026-09-12T13:00:34.061357+00:00,200,3252.98,
2026-09-12T13:00:28.548156+00:00,200,8767.79,
2026-09-12T13:00:36.353651+00:00,200,963.74,
2026-09-12T13:00:24.319143+00:00,200,13013.97,
2026-09-12T13:00:30.370184+00:00,200,6971.62,
2026-09-12T13:00:31.409298+00:00,200,5937.01,
2026-09-12T13:00:29.662566+00:00,200,7685.29,
2026-09-12T13:00:36.898188+00:00,200,451.19,
2026-09-12T13:00:36.897166+00:00,200,453.87,
2026-09-12T13:00:30.017667+00:00,200,7335.33,
2026-09-12T13:00:29.752975+00:00,200,7631.18,
2026-09-12T13:00:37.114973+00:00,200,278.53,
2026-09-12T13:00:32.352051+00:00,200,5044.01,
2026-09-12T13:00:33.061567+00:00,200,4336.41,
2026-09-12T13:00:27.758551+00:00,200,9641.16,
2026-09-12T13:00:34.761221+00:00,200,2640.17,
2026-09-12T13:00:35.104543+00:00,200,2299.31,
2026-09-12T13:00:28.465881+00:00,200,8939.97,
2026-09-12T13:00:32.083717+00:00,200,5323.94,
2026-09-12T13:00:30.137558+00:00,200,7281.98,
2026-09-12T13:00:32.192310+00:00,200,5230.26,
2026-09-12T13:00:30.249868+00:00,200,7187.23,
2026-09-12T13:00:34.748523+00:00,200,2722.57,
2026-09-12T13:00:35.152582+00:00,200,2335.65,
2026-09-12T13:00:28.990011+00:00,200,8503.72,
2026-09-12T13:00:23.404161+00:00,200,14138.37,
2026-09-12T13:00:36.295482+00:00,200,1256.56,
2026-09-12T13:00:33.105795+00:00,200,4470.33,
2026-09-12T13:00:29.200354+00:00,200,8380.65,
2026-09-12T13:00:31.619718+00:00,200,6007.52,
2026-09-12T13:00:31.426357+00:00,200,6207.58,
2026-09-12T13:00:30.333998+00:00,200,7306.76,
2026-09-12T13:00:31.968445+00:00,200,5681.56,
2026-09-12T13:00:23.947513+00:00,200,13765.76,
2026-09-12T13:00:35.029391+00:00,200,2705.14,
2026-09-12T13:00:34.732121+00:00,200,3005.74,
2026-09-12T13:00:30.008624+00:00,200,7737.43,
2026-09-12T13:00:33.715832+00:00,200,4049.31,
2026-09-12T13:00:26.245779+00:00,200,11521.27,
2026-09-12T13:00:24.541103+00:00,200,13240.5,
2026-09-12T13:00:35.678626+00:00,200,2109.39,
2026-09-12T13:00:31.208679+00:00,200,6589.92,
2026-09-12T13:00:28.935803+00:00,200,8923.97,
2026-09-12T13:00:28.197370+00:00,200,9667.26,
2026-09-12T13:00:29.936989+00:00,200,7940.47,
2026-09-12T13:00:33.005528+00:00,200,4881.71,
2026-09-12T13:00:34.793397+00:00,200,3150.52,
2026-09-12T13:00:31.703896+00:00,200,6256.25,
2026-09-12T13:00:32.320713+00:00,200,5668.97,
2026-09-12T13:00:26.364393+00:00,200,11630.75,
2026-09-12T13:00:29.564638+00:00,200,8434.31,
2026-09-12T13:00:32.009623+00:00,200,6010.95,
2026-09-12T13:00:36.498067+00:00,200,1532.89,
2026-09-12T13:00:28.014847+00:00,200,10020.22,
2026-09-12T13:00:32.944019+00:00,200,5102.43,
2026-09-12T13:00:29.997268+00:00,200,8060.45,
2026-09-12T13:00:27.001206+00:00,200,11068.06,
2026-09-12T13:00:35.100621+00:00,200,2979.54,
2026-09-12T13:00:34.225960+00:00,200,3856.17,
2026-09-12T13:00:28.819537+00:00,200,9289.85,
2026-09-12T13:00:28.462150+00:00,200,9683.55,
2026-09-12T13:00:29.902706+00:00,200,8245.11,
2026-09-12T13:00:27.774177+00:00,200,10395.49,
2026-09-12T13:00:33.698019+00:00,200,4486.48,
2026-09-12T13:00:28.605485+00:00,200,9586.71,
2026-09-12T13:00:33.858951+00:00,200,4363.83,
2026-09-12T13:00:22.713799+00:00,200,15511.35,
2026-09-12T13:00:37.989701+00:00,200,248.67,
2026-09-12T13:00:37.396075+00:00,200,844.68,
2026-09-12T13:00:35.739485+00:00,200,2511.64,
2026-09-12T13:00:27.931636+00:00,200,10326.37,
2026-09-12T13:00:27.037785+00:00,200,11229.89,
2026-09-12T13:00:31.912060+00:00,200,6380.34,
2026-09-12T13:00:36.472056+00:00,200,1870.52,
2026-09-12T13:00:25.168326+00:00,200,13204.86,
2026-09-12T13:00:37.829445+00:00,200,546.79,
2026-09-12T13:00:37.397981+00:00,200,981.73,
2026-09-12T13:00:29.621499+00:00,200,8760.17,
2026-09-12T13:00:26.507110+00:00,200,11880.74,
2026-09-12T13:00:31.300457+00:00,200,7093.53,
2026-09-12T13:00:28.259248+00:00,200,10219.41,
2026-09-12T13:00:30.318241+00:00,200,8171.9,
2026-09-12T13:00:29.776205+00:00,200,8722.54,
2026-09-12T13:00:35.182796+00:00,200,3376.99,
2026-09-12T13:00:25.288190+00:00,200,13296.8,
2026-09-12T13:00:36.857226+00:00,200,1743.54,
2026-09-12T13:00:33.582045+00:00,200,5039.79,
2026-09-12T13:00:31.687429+00:00,200,6937.96,
2026-09-12T13:00:35.323796+00:00,200,3323.82,
2026-09-12T13:00:28.340304+00:00,200,10325.14,
2026-09-12T13:00:36.219505+00:00,200,2473.63,
2026-09-12T13:00:35.279103+00:00,200,3418.7,
2026-09-12T13:00:32.073712+00:00,200,6639.56,
2026-09-12T13:00:37.679901+00:00,200,1050.57,
2026-09-12T13:00:30.515129+00:00,200,8250.06,
2026-09-12T13:00:22.784257+00:00,200,15994.38,
2026-09-12T13:00:28.588857+00:00,200,10206.75,
2026-09-12T13:00:35.472217+00:00,200,3327.03,
2026-09-12T13:00:20.641757+00:00,200,18161.38,
2026-09-12T13:00:36.271227+00:00,200,2540.44,
2026-09-12T13:00:34.403855+00:00,200,4414.18,
2026-09-12T13:00:35.702860+00:00,200,3121.72,
2026-09-12T13:00:31.965711+00:00,200,6864.94,
2026-09-12T13:00:38.145715+00:00,200,687.05,
2026-09-12T13:00:30.400977+00:00,200,8482.46,
2026-09-12T13:00:27.563797+00:00,200,11332.17,
2026-09-12T13:00:34.645788+00:00,200,4293.18,
2026-09-12T13:00:33.960862+00:00,200,5000.49,
2026-09-12T13:00:31.115765+00:00,200,7886.5,
2026-09-12T13:00:26.093389+00:00,200,12917.52,
2026-09-12T13:00:35.847768+00:00,200,3166.89,
2026-09-12T13:00:32.522811+00:00,200,6495.0,
2026-09-12T13:00:35.075364+00:00,200,3947.69,
2026-09-12T13:00:37.099964+00:00,200,1944.09,
2026-09-12T13:00:36.668326+00:00,200,2381.79,
2026-09-12T13:00:30.189255+00:00,200,8867.97,
2026-09-12T13:00:37.488249+00:00,200,1577.1,
2026-09-12T13:00:29.643385+00:00,200,9424.47,
2026-09-12T13:00:31.610417+00:00,200,7477.35,
2026-09-12T13:00:25.736163+00:00,200,13364.39,
2026-09-12T13:00:36.196186+00:00,200,2908.08,
2026-09-12T13:00:27.019937+00:00,200,12095.42,
2026-09-12T13:00:34.607827+00:00,200,4518.76,
2026-09-12T13:00:32.828747+00:00,200,6313.22,
2026-09-12T13:00:33.609411+00:00,200,5543.66,
2026-09-12T13:00:27.674785+00:00,200,11482.24,
2026-09-12T13:00:28.896832+00:00,200,10299.1,
2026-09-12T13:00:31.400719+00:00,200,7814.07,
2026-09-12T13:00:31.302271+00:00,200,7936.4,
2026-09-12T13:00:39.002281+00:00,200,244.42,
2026-09-12T13:00:35.399796+00:00,200,3868.71,
2026-09-12T13:00:17.481937+00:00,200,21810.83,
2026-09-12T13:00:28.298694+00:00,200,11058.09,
2026-09-12T13:00:35.562996+00:00,200,3828.8,
2026-09-12T13:00:36.370721+00:00,200,3028.56,
2026-09-12T13:00:37.346319+00:00,200,2061.15,
2026-09-12T13:00:32.126627+00:00,200,7281.82,
2026-09-12T13:00:34.986941+00:00,200,4422.5,
2026-09-12T13:00:35.571046+00:00,200,3839.48,
2026-09-12T13:00:31.443087+00:00,200,7971.67,
2026-09-12T13:00:28.991271+00:00,200,10426.83,
2026-09-12T13:00:36.194725+00:00,200,3224.48,
2026-09-12T13:00:38.080175+00:00,200,1342.28,
2026-09-12T13:00:30.702962+00:00,200,8722.95,
2026-09-12T13:00:39.195948+00:00,200,237.02,
2026-09-12T13:00:32.675141+00:00,200,6773.15,
2026-09-12T13:00:38.456364+00:00,200,1006.75,
2026-09-12T13:00:34.384048+00:00,200,5080.17,
2026-09-12T13:00:32.149264+00:00,200,7323.41,
2026-09-12T13:00:35.949336+00:00,200,3527.26,
2026-09-12T13:00:36.451062+00:00,200,3047.47,
2026-09-12T13:00:33.794467+00:00,200,5709.16,
2026-09-12T13:00:39.338019+00:00,200,172.8,
2026-09-12T13:00:33.678039+00:00,200,5833.91,
2026-09-12T13:00:35.947801+00:00,200,3565.17,
2026-09-12T13:00:34.764971+00:00,200,4754.97,
2026-09-12T13:00:24.304161+00:00,200,15228.91,
2026-09-12T13:00:30.865877+00:00,200,8678.77,
2026-09-12T13:00:37.627270+00:00,200,1918.42,
2026-09-12T13:00:28.813651+00:00,200,10745.27,
2026-09-12T13:00:37.960156+00:00,200,1606.81,
2026-09-12T13:00:36.051272+00:00,200,3524.04,
2026-09-12T13:00:34.788898+00:00,200,4795.95,
2026-09-12T13:00:20.606798+00:00,200,18984.97,
2026-09-12T13:00:30.173721+00:00,200,9430.41,
2026-09-12T13:00:24.841410+00:00,200,14768.66,
2026-09-12T13:00:37.282795+00:00,200,2347.96,
2026-09-12T13:00:30.914017+00:00,200,8735.53,
2026-09-12T13:00:28.096282+00:00,200,11555.54,
2026-09-12T13:00:35.053738+00:00,200,4599.09,
2026-09-12T13:00:31.460260+00:00,200,8201.59,
2026-09-12T13:00:29.316992+00:00,200,10370.22,
2026-09-12T13:00:28.822563+00:00,200,10871.41,
2026-09-12T13:00:27.671493+00:00,200,12029.81,
2026-09-12T13:00:37.309307+00:00,200,2395.83,
2026-09-12T13:00:30.997416+00:00,200,8708.88,
2026-09-12T13:00:34.187183+00:00,200,5524.09,
2026-09-12T13:00:23.081784+00:00,200,16630.73,
2026-09-12T13:00:27.743734+00:00,200,11971.42,
2026-09-12T13:00:39.566974+00:00,200,153.17,
2026-09-12T13:00:37.678052+00:00,200,2055.48,
2026-09-12T13:00:23.509339+00:00,200,16227.41,
2026-09-12T13:00:29.788336+00:00,200,9955.19,
2026-09-12T13:00:29.347967+00:00,200,10413.62,
2026-09-12T13:00:33.786549+00:00,200,5991.35,
2026-09-12T13:00:27.256488+00:00,200,12531.62,
2026-09-12T13:00:29.185688+00:00,200,10605.45,
2026-09-12T13:00:27.260768+00:00,200,12540.61,
2026-09-12T13:00:36.692580+00:00,200,3124.67,
2026-09-12T13:00:29.811723+00:00,200,10035.43,
2026-09-12T13:00:30.825021+00:00,200,9038.03,
2026-09-12T13:00:39.017814+00:00,200,858.89,
2026-09-12T13:00:36.012298+00:00,200,3885.82,
2026-09-12T13:00:35.031604+00:00,200,4868.11,
2026-09-12T13:00:36.009693+00:00,200,3895.7,
2026-09-12T13:00:37.419547+00:00,200,2488.29,
2026-09-12T13:00:38.895985+00:00,200,1014.77,
2026-09-12T13:00:27.798167+00:00,200,12117.52,
2026-09-12T13:00:36.754713+00:00,200,3164.11,
2026-09-12T13:00:35.559867+00:00,200,4371.46,
2026-09-12T13:00:27.971841+00:00,200,11965.82,
2026-09-12T13:00:32.789854+00:00,200,7184.27,
2026-09-12T13:00:23.912873+00:00,200,16071.66,
2026-09-12T13:00:38.889329+00:00,200,1109.17,
2026-09-12T13:00:36.189024+00:00,200,3811.77,
2026-09-12T13:00:27.172347+00:00,200,12841.2,
2026-09-12T13:00:34.221909+00:00,200,5793.38,
2026-09-12T13:00:27.701997+00:00,200,12318.68,
2026-09-12T13:00:35.205453+00:00,200,4816.26,
2026-09-12T13:00:37.715471+00:00,200,2323.79,
2026-09-12T13:00:32.627858+00:00,200,7438.71,
2026-09-12T13:00:25.530774+00:00,200,14552.91,
2026-09-12T13:00:38.238379+00:00,200,1847.17,
2026-09-12T13:00:39.456773+00:00,200,632.43,
2026-09-12T13:00:39.847182+00:00,200,278.19,
2026-09-12T13:00:25.655223+00:00,200,14477.59,
2026-09-12T13:00:35.333035+00:00,200,4801.45,
2026-09-12T13:00:32.008009+00:00,200,8132.77,
2026-09-12T13:00:29.272982+00:00,200,10891.33,
2026-09-12T13:00:33.979804+00:00,200,6188.64,
2026-09-12T13:00:37.223066+00:00,200,2948.07,
2026-09-12T13:00:31.136671+00:00,200,9037.29,
2026-09-12T13:00:22.323610+00:00,200,17864.84,
2026-09-12T13:00:40.039273+00:00,200,159.75,
2026-09-12T13:00:35.668304+00:00,200,4543.06,
2026-09-12T13:00:33.744003+00:00,200,6474.63,
2026-09-12T13:00:31.477250+00:00,200,8747.23,
2026-09-12T13:00:35.590762+00:00,200,4635.9,
2026-09-12T13:00:28.943843+00:00,200,11287.34,
2026-09-12T13:00:31.272881+00:00,200,8963.66,
2026-09-12T13:00:39.738355+00:00,200,502.72,
2026-09-12T13:00:37.351043+00:00,200,2896.23,
2026-09-12T13:00:28.797904+00:00,200,11452.37,
2026-09-12T13:00:37.650013+00:00,200,2607.76,
2026-09-12T13:00:28.832828+00:00,200,11427.76,
2026-09-12T13:00:27.932578+00:00,200,12339.22,
2026-09-12T13:00:29.360062+00:00,200,10915.16,
2026-09-12T13:00:35.839505+00:00,200,4447.46,
2026-09-12T13:00:30.106919+00:00,200,10187.21,
2026-09-12T13:00:31.611533+00:00,200,8697.5,
2026-09-12T13:00:35.788340+00:00,200,4532.3,
2026-09-12T13:00:34.309306+00:00,200,6015.71,
2026-09-12T13:00:28.764633+00:00,200,11593.5,
2026-09-12T13:00:32.723168+00:00,200,7642.35,
2026-09-12T13:00:28.627511+00:00,200,11742.18,
2026-09-12T13:00:29.716546+00:00,200,10667.85,
2026-09-12T13:00:31.114033+00:00,200,9276.21,
2026-09-12T13:00:29.629241+00:00,200,10770.06,
2026-09-12T13:00:35.395227+00:00,200,5008.48,
2026-09-12T13:00:24.059800+00:00,200,16348.46,
2026-09-12T13:00:31.186099+00:00,200,9248.53,
2026-09-12T13:00:40.161007+00:00,200,278.12,
2026-09-12T13:00:31.646909+00:00,200,8803.41,
2026-09-12T13:00:32.939459+00:00,200,7517.4,
2026-09-12T13:00:39.863069+00:00,200,600.88,
2026-09-12T13:00:35.695279+00:00,200,4789.75,
2026-09-12T13:00:31.407704+00:00,200,9079.06,
2026-09-12T13:00:28.023801+00:00,200,12468.33,
2026-09-12T13:00:35.989541+00:00,200,4506.2,
2026-09-12T13:00:39.533081+00:00,200,972.2,
2026-09-12T13:00:24.577843+00:00,200,15940.49,
2026-09-12T13:00:28.921836+00:00,200,11597.49,
2026-09-12T13:00:26.907729+00:00,200,13616.05,
2026-09-12T13:00:35.324548+00:00,200,5204.62,
2026-09-12T13:00:32.597658+00:00,200,7938.77,
2026-09-12T13:00:40.384406+00:00,200,153.9,
2026-09-12T13:00:34.103333+00:00,200,6444.45,
2026-09-12T13:00:26.371696+00:00,200,14179.85,
2026-09-12T13:00:27.479772+00:00,200,13075.15,
2026-09-12T13:00:40.085549+00:00,200,480.89,
2026-09-12T13:00:38.414722+00:00,200,2158.63,
2026-09-12T13:00:35.762123+00:00,200,4822.7,
2026-09-12T13:00:32.493378+00:00,200,8098.83,
2026-09-12T13:00:39.050127+00:00,200,1548.16,
2026-09-12T13:00:28.351617+00:00,200,12283.4,
2026-09-12T13:00:29.746450+00:00,200,10893.66,
2026-09-12T13:00:38.625400+00:00,200,2016.81,
2026-09-12T13:00:32.998473+00:00,200,7648.51,
2026-09-12T13:00:39.998520+00:00,200,671.3,
2026-09-12T13:00:37.403866+00:00,200,3289.15,
2026-09-12T13:00:29.558090+00:00,200,11151.08,
2026-09-12T13:00:32.893689+00:00,200,7825.34,
2026-09-12T13:00:27.235088+00:00,200,13502.01,
2026-09-12T13:00:38.206708+00:00,200,2531.42,
2026-09-12T13:00:31.716185+00:00,200,9026.64,
2026-09-12T13:00:37.349382+00:00,200,3397.66,
2026-09-12T13:00:39.432973+00:00,200,1324.89,
2026-09-12T13:00:27.948410+00:00,200,12811.84,
2026-09-12T13:00:28.553937+00:00,200,12208.72,
2026-09-12T13:00:38.640452+00:00,200,2125.17,
2026-09-12T13:00:20.074468+00:00,200,20695.98,
2026-09-12T13:00:29.132689+00:00,200,11649.24,
2026-09-12T13:00:39.899718+00:00,200,887.75,
2026-09-12T13:00:38.258023+00:00,200,2544.47,
2026-09-12T13:00:37.825847+00:00,200,2980.53,
2026-09-12T13:00:37.168395+00:00,200,3662.28,
2026-09-12T13:00:36.049957+00:00,200,4784.53,
2026-09-12T13:00:29.559182+00:00,200,11282.3,
2026-09-12T13:00:40.598299+00:00,200,250.3,
2026-09-12T13:00:38.830661+00:00,200,2030.18,
2026-09-12T13:00:30.567646+00:00,200,10306.02,
2026-09-12T13:00:33.534854+00:00,200,7341.38,
2026-09-12T13:00:36.115661+00:00,200,4763.15,
2026-09-12T13:00:32.266803+00:00,200,8632.22,
2026-09-12T13:00:37.405859+00:00,200,3512.54,
2026-09-12T13:00:37.031878+00:00,200,3888.84,
2026-09-12T13:00:40.628652+00:00,200,298.98,
2026-09-12T13:00:39.372818+00:00,200,1570.27,
2026-09-12T13:00:39.644050+00:00,200,1307.4,
2026-09-12T13:00:39.233758+00:00,200,1728.3,
2026-09-12T13:00:37.016544+00:00,200,3948.6,
2026-09-12T13:00:32.166537+00:00,200,8800.84,
2026-09-12T13:00:39.498545+00:00,200,1473.51,
2026-09-12T13:00:35.148141+00:00,200,5831.37,
2026-09-12T13:00:34.111373+00:00,200,6872.64,
2026-09-12T13:00:32.460924+00:00,200,8526.34,
2026-09-12T13:00:21.696544+00:00,200,19303.67,
2026-09-12T13:00:39.065358+00:00,200,1935.84,
2026-09-12T13:00:31.070605+00:00,200,9957.8,
2026-09-12T13:00:20.359113+00:00,200,20681.23,
2026-09-12T13:00:30.385420+00:00,200,10670.45,
2026-09-12T13:00:40.918401+00:00,200,140.86,
2026-09-12T13:00:27.551387+00:00,200,13524.6,
2026-09-12T13:00:36.710989+00:00,200,4368.9,
2026-09-12T13:00:31.298100+00:00,200,9783.09,
2026-09-12T13:00:36.715222+00:00,200,4379.04,
2026-09-12T13:00:29.047022+00:00,200,12057.0,
2026-09-12T13:00:34.293462+00:00,200,6818.11,
2026-09-12T13:00:29.060207+00:00,200,12058.17,
2026-09-12T13:00:39.624760+00:00,200,1501.83,
2026-09-12T13:00:37.442302+00:00,200,3687.4,
2026-09-12T13:00:34.363558+00:00,200,6805.65,
2026-09-12T13:00:39.701316+00:00,200,1473.86,
2026-09-12T13:00:33.796196+00:00,200,7381.44,
2026-09-12T13:00:41.028411+00:00,200,150.33,
2026-09-12T13:00:33.773486+00:00,200,7408.16,
2026-09-12T13:00:39.587872+00:00,200,1597.6,
2026-09-12T13:00:38.530402+00:00,200,2672.44,
2026-09-12T13:00:27.846152+00:00,200,13363.57,
2026-09-12T13:00:32.497488+00:00,200,8720.12,
2026-09-12T13:00:39.010926+00:00,200,2216.89,
2026-09-12T13:00:20.838661+00:00,200,20403.67,
2026-09-12T13:00:38.376242+00:00,200,2889.36,
2026-09-12T13:00:36.639379+00:00,200,4627.77,
2026-09-12T13:00:40.878811+00:00,200,394.69,
2026-09-12T13:00:35.894374+00:00,200,5380.31,
2026-09-12T13:00:29.847194+00:00,200,11429.61,
2026-09-12T13:00:37.900190+00:00,200,3379.46,
2026-09-12T13:00:34.621042+00:00,200,6669.95,
2026-09-12T13:00:31.289299+00:00,200,10016.86,
2026-09-12T13:00:26.689627+00:00,200,14619.28,
2026-09-12T13:00:38.026659+00:00,200,3301.12,
2026-09-12T13:00:40.582703+00:00,200,755.88,
2026-09-12T13:00:32.115363+00:00,200,9232.36,
2026-09-12T13:00:28.879748+00:00,200,12483.01,
2026-09-12T13:00:28.001774+00:00,200,13363.34,
2026-09-12T13:00:39.720148+00:00,200,1668.84,
2026-09-12T13:00:36.202205+00:00,200,5196.97,
2026-09-12T13:00:26.284331+00:00,200,15127.52,
2026-09-12T13:00:37.746075+00:00,200,3671.61,
2026-09-12T13:00:40.515878+00:00,200,905.21,
2026-09-12T13:00:30.995829+00:00,200,10436.56,
2026-09-12T13:00:36.868879+00:00,200,4567.75,
2026-09-12T13:00:22.451733+00:00,200,19002.0,
2026-09-12T13:00:39.515126+00:00,200,1969.17,
2026-09-12T13:00:30.187912+00:00,200,11299.63,
2026-09-12T13:00:40.787471+00:00,200,719.4,
2026-09-12T13:00:39.512968+00:00,200,2000.53,
2026-09-12T13:00:40.015293+00:00,200,1520.34,
2026-09-12T13:00:29.139084+00:00,200,12401.75,
2026-09-12T13:00:26.540152+00:00,200,15008.98,
2026-09-12T13:00:28.812580+00:00,200,12737.77,
2026-09-12T13:00:32.791007+00:00,200,8766.77,
2026-09-12T13:00:40.358141+00:00,200,1200.86,
2026-09-12T13:00:29.178290+00:00,200,12382.04,
2026-09-12T13:00:37.422574+00:00,200,4140.13,
2026-09-12T13:00:40.932095+00:00,200,643.95,
2026-09-12T13:00:33.747380+00:00,200,7839.55,
2026-09-12T13:00:28.656933+00:00,200,12944.35,
2026-09-12T13:00:40.020678+00:00,200,1592.13,
2026-09-12T13:00:27.433885+00:00,200,14186.51,
2026-09-12T13:00:36.529563+00:00,200,5098.59,
2026-09-12T13:00:27.928792+00:00,200,13708.34,
2026-09-12T13:00:25.002211+00:00,200,16640.84,
2026-09-12T13:00:40.518339+00:00,200,1137.45,
2026-09-12T13:00:35.581446+00:00,200,6083.79,
2026-09-12T13:00:40.231199+00:00,200,1435.06,
2026-09-12T13:00:28.609573+00:00,200,13062.34,
2026-09-12T13:00:30.651118+00:00,200,11031.34,
2026-09-12T13:00:40.962061+00:00,200,737.14,
2026-09-12T13:00:38.814153+00:00,200,2896.82,
2026-09-12T13:00:37.865838+00:00,200,3856.56,
2026-09-12T13:00:26.820283+00:00,200,14938.28,
2026-09-12T13:00:23.785333+00:00,200,17982.69,
2026-09-12T13:00:40.369697+00:00,200,1401.83,
2026-09-12T13:00:41.202848+00:00,200,575.79,
2026-09-12T13:00:32.405638+00:00,200,9374.98,
2026-09-12T13:00:36.641517+00:00,200,5141.18,
2026-09-12T13:00:36.326582+00:00,200,5468.84,
2026-09-12T13:00:34.650607+00:00,200,7147.87,
2026-09-12T13:00:33.538451+00:00,200,8271.96,
2026-09-12T13:00:30.468826+00:00,200,11402.13,
2026-09-12T13:00:38.883454+00:00,200,2991.85,
2026-09-12T13:00:40.806383+00:00,200,1070.14,
2026-09-12T13:00:33.177210+00:00,200,8706.46,
2026-09-12T13:00:40.896009+00:00,200,1017.6,
2026-09-12T13:00:28.736748+00:00,200,13178.95,
2026-09-12T13:00:36.316499+00:00,200,5609.71,
2026-09-12T13:00:35.716726+00:00,200,6228.89,
2026-09-12T13:00:29.969036+00:00,200,11985.28,
2026-09-12T13:00:17.963902+00:00,200,24001.94,
2026-09-12T13:00:25.454098+00:00,200,16526.46,
2026-09-12T13:00:23.595866+00:00,200,18388.22,
2026-09-12T13:00:29.708255+00:00,200,12278.55,
2026-09-12T13:00:37.521405+00:00,200,4481.47,
2026-09-12T13:00:33.676115+00:00,200,8333.6,
2026-09-12T13:00:36.093474+00:00,200,5920.32,
2026-09-12T13:00:37.482318+00:00,200,4533.41,
2026-09-12T13:00:41.710980+00:00,200,323.4,
2026-09-12T13:00:34.844555+00:00,200,7202.82,
2026-09-12T13:00:28.466519+00:00,200,13593.8,
2026-09-12T13:00:34.321919+00:00,200,7741.59,
2026-09-12T13:00:41.913622+00:00,200,157.04,
2026-09-12T13:00:26.940065+00:00,200,15133.43,
2026-09-12T13:00:26.867169+00:00,200,15212.04,
2026-09-12T13:00:30.079373+00:00,200,12001.06,
2026-09-12T13:00:40.721885+00:00,200,1359.8,
2026-09-12T13:00:40.182238+00:00,200,1911.82,
2026-09-12T13:00:39.263275+00:00,200,2832.59,
2026-09-12T13:00:37.827326+00:00,200,4292.66,
2026-09-12T13:00:35.529813+00:00,200,6618.01,
2026-09-12T13:00:37.011983+00:00,200,5145.56,
2026-09-12T13:00:38.686028+00:00,200,3473.23,
2026-09-12T13:00:38.718381+00:00,200,3472.12,
2026-09-12T13:00:40.486766+00:00,200,1719.96,
2026-09-12T13:00:41.910143+00:00,200,298.55,
2026-09-12T13:00:35.583928+00:00,200,6628.3,
2026-09-12T13:00:39.736753+00:00,200,2481.76,
2026-09-12T13:00:38.778649+00:00,200,3477.95,
2026-09-12T13:00:40.841494+00:00,200,1420.23,
2026-09-12T13:00:37.140897+00:00,200,5124.47,
2026-09-12T13:00:41.081201+00:00,200,1199.73,
2026-09-12T13:00:40.041994+00:00,200,2259.47,
2026-09-12T13:00:30.193791+00:00,200,12111.51,
2026-09-12T13:00:37.767053+00:00,200,4548.19,
2026-09-12T13:00:21.226858+00:00,200,21089.82,
2026-09-12T13:00:41.389001+00:00,200,930.76,
2026-09-12T13:00:36.087263+00:00,200,6239.25,
2026-09-12T13:00:26.980144+00:00,200,15348.52,
2026-09-12T13:00:40.083689+00:00,200,2247.65,
2026-09-12T13:00:40.685566+00:00,200,1656.34,
2026-09-12T13:00:23.136366+00:00,200,19243.76,
2026-09-12T13:00:19.991055+00:00,200,22398.73,
2026-09-12T13:00:29.270682+00:00,200,13126.61,
2026-09-12T13:00:32.424999+00:00,200,9987.85,
2026-09-12T13:00:36.346911+00:00,200,6072.06,
2026-09-12T13:00:40.013550+00:00,200,2409.04,
2026-09-12T13:00:20.093684+00:00,200,22334.94,
2026-09-12T13:00:28.454217+00:00,200,13978.16,
2026-09-12T13:00:40.089205+00:00,200,2343.87,
2026-09-12T13:00:32.116587+00:00,200,10329.0,
2026-09-12T13:00:22.073151+00:00,200,20374.82,
2026-09-12T13:00:26.183060+00:00,200,16271.04,
2026-09-12T13:00:33.391502+00:00,200,9064.93,
2026-09-12T13:00:30.533856+00:00,200,11926.48,
2026-09-12T13:00:40.492142+00:00,200,1979.48,
2026-09-12T13:00:35.875834+00:00,200,6598.84,
2026-09-12T13:00:34.707453+00:00,200,7775.86,
2026-09-12T13:00:39.817257+00:00,200,2667.58,
2026-09-12T13:00:31.915774+00:00,200,10572.68,
2026-09-12T13:00:31.465737+00:00,200,11055.63,
2026-09-12T13:00:34.250820+00:00,200,8271.99,
2026-09-12T13:00:41.911021+00:00,200,612.82,
2026-09-12T13:00:28.850200+00:00,200,13674.67,
2026-09-12T13:00:18.225859+00:00,200,24300.88,
2026-09-12T13:00:35.736130+00:00,200,6801.82,
2026-09-12T13:00:41.079902+00:00,200,1463.7,
2026-09-12T13:00:41.601295+00:00,200,956.27,
2026-09-12T13:00:42.286161+00:00,200,274.39,
2026-09-12T13:00:39.604141+00:00,200,2977.58,
2026-09-12T13:00:36.725308+00:00,200,5865.33,
2026-09-12T13:00:30.356395+00:00,200,12235.78,
2026-09-12T13:00:36.747258+00:00,200,5858.24,
2026-09-12T13:00:37.998957+00:00,200,4608.11,
2026-09-12T13:00:26.696040+00:00,200,15924.21,
2026-09-12T13:00:26.747156+00:00,200,15877.09,
2026-09-12T13:00:37.314344+00:00,200,5315.29,
2026-09-12T13:00:41.487544+00:00,200,1147.61,
2026-09-12T13:00:32.322035+00:00,200,10322.81,
2026-09-12T13:00:29.169422+00:00,200,13485.47,
2026-09-12T13:00:41.118388+00:00,200,1549.66,
2026-09-12T13:00:38.697810+00:00,200,3976.98,
2026-09-12T13:00:37.758443+00:00,200,4917.4,
2026-09-12T13:00:39.907841+00:00,200,2792.77,
2026-09-12T13:00:30.497721+00:00,200,12227.92,
2026-09-12T13:00:38.379724+00:00,200,4355.13,
2026-09-12T13:00:29.733362+00:00,200,13008.7,
2026-09-12T13:00:31.031489+00:00,200,11711.62,
2026-09-12T13:00:42.581738+00:00,200,165.3,
2026-09-12T13:00:39.866472+00:00,200,2889.78,
2026-09-12T13:00:34.456568+00:00,200,8317.83,
2026-09-12T13:00:38.531512+00:00,200,4253.5,
2026-09-12T13:00:39.912488+00:00,200,2889.47,
2026-09-12T13:00:41.464555+00:00,200,1343.79,
2026-09-12T13:00:36.125029+00:00,200,6689.0,
2026-09-12T13:00:41.671918+00:00,200,1149.83,
2026-09-12T13:00:42.405723+00:00,200,420.58,
2026-09-12T13:00:35.469193+00:00,200,7371.38,
2026-09-12T13:00:29.659178+00:00,200,13189.37,
2026-09-12T13:00:40.218640+00:00,200,2646.15,
2026-09-12T13:00:38.387860+00:00,200,4478.49,
2026-09-12T13:00:38.204352+00:00,200,4672.39,
2026-09-12T13:00:41.612817+00:00,200,1267.47,
2026-09-12T13:00:37.864638+00:00,200,5043.77,
2026-09-12T13:00:40.275228+00:00,200,2638.1,
2026-09-12T13:00:23.531533+00:00,200,19413.64,
2026-09-12T13:00:32.950931+00:00,200,10032.94,
2026-09-12T13:00:30.010830+00:00,200,13010.09,
2026-09-12T13:00:39.371493+00:00,200,3653.94,
2026-09-12T13:00:31.532183+00:00,200,11528.01,
2026-09-12T13:00:41.127736+00:00,200,1981.68,
2026-09-12T13:00:38.730485+00:00,200,4433.72,
2026-09-12T13:00:29.969960+00:00,200,13201.11,
2026-09-12T13:00:40.023827+00:00,200,3155.29,
2026-09-12T13:00:29.330718+00:00,200,13882.53,
2026-09-12T13:00:35.158312+00:00,200,8071.06,
2026-09-12T13:00:35.300739+00:00,200,7931.14,
2026-09-12T13:00:29.222239+00:00,200,14025.62,
2026-09-12T13:00:30.350744+00:00,200,12915.19,
2026-09-12T13:00:41.357572+00:00,200,1928.96,
2026-09-12T13:00:39.661855+00:00,200,3704.72,
2026-09-12T13:00:39.932298+00:00,200,3437.26,
2026-09-12T13:00:41.667553+00:00,200,1714.66,
2026-09-12T13:00:37.759636+00:00,200,5635.79,
2026-09-12T13:00:35.145934+00:00,200,8262.26,
2026-09-12T13:00:32.451924+00:00,200,10964.25,
2026-09-12T13:00:37.765154+00:00,200,5691.12,
2026-09-12T13:00:32.647108+00:00,200,10825.96,
2026-09-12T13:00:40.873669+00:00,200,2608.45,
2026-09-12T13:00:41.506879+00:00,200,1978.37,
2026-09-12T13:00:32.057232+00:00,200,11439.32,
2026-09-12T13:00:39.153076+00:00,200,4425.45,
2026-09-12T13:00:36.597448+00:00,200,7026.16,
2026-09-12T13:00:37.542550+00:00,200,6103.07,
2026-09-12T13:00:40.669830+00:00,200,3012.38,
2026-09-12T13:00:42.727739+00:00,200,971.91,
2026-09-12T13:00:42.326513+00:00,200,1377.85,
2026-09-12T13:00:29.053336+00:00,200,14687.24,
2026-09-12T13:00:41.290997+00:00,200,2474.29,
2026-09-12T13:00:26.139618+00:00,200,17655.12,
2026-09-12T13:00:38.225161+00:00,200,5611.05,
2026-09-12T13:00:27.310733+00:00,200,16559.89,
2026-09-12T13:00:41.209732+00:00,200,2723.26,
2026-09-12T13:00:41.419052+00:00,200,2565.08,
2026-09-12T13:00:38.024494+00:00,200,5997.25,
2026-09-12T13:00:41.365119+00:00,200,2664.52,
2026-09-12T13:00:41.274687+00:00,200,2784.14,
2026-09-12T13:00:33.020223+00:00,200,11049.12,
2026-09-12T13:00:40.989720+00:00,200,3109.47,
2026-09-12T13:00:40.439133+00:00,200,3691.88,
2026-09-12T13:00:40.756191+00:00,200,3379.6,
2026-09-12T13:00:37.789524+00:00,200,6350.32,
2026-09-12T13:00:41.557782+00:00,200,2598.66,
2026-09-12T13:00:38.348840+00:00,200,5826.1,
2026-09-12T13:00:26.981292+00:00,200,17229.61,
2026-09-12T13:00:39.876710+00:00,200,4345.6,
2026-09-12T13:00:42.261734+00:00,200,2053.77,
2026-09-12T13:00:40.498602+00:00,200,3839.66,
2026-09-12T13:00:43.171096+00:00,200,1183.26,
2026-09-12T13:00:28.581054+00:00,200,15793.08,
2026-09-12T13:00:43.554381+00:00,200,826.09,
2026-09-12T13:00:34.407381+00:00,200,9990.82,
2026-09-12T13:00:44.069364+00:00,200,351.31,
2026-09-12T13:00:32.130312+00:00,200,12337.09,
2026-09-12T13:00:41.700282+00:00,200,2794.77,
2026-09-12T13:00:29.449339+00:00,200,15077.02,
2026-09-12T13:00:36.691720+00:00,200,7846.49,
2026-09-12T13:00:31.152884+00:00,200,13389.26,
2026-09-12T13:00:24.551469+00:00,200,20039.37,
2026-09-12T13:00:40.536443+00:00,200,4134.98,
2026-09-12T13:00:31.642776+00:00,200,13031.58,
2026-09-12T13:00:36.056291+00:00,200,8624.71,
2026-09-12T13:00:32.106081+00:00,200,12591.84,
2026-09-12T13:00:33.455842+00:00,200,11264.78,
2026-09-12T13:00:32.264349+00:00,200,12491.33,
2026-09-12T13:00:36.117973+00:00,200,8660.85,
2026-09-12T13:00:20.832050+00:00,200,23989.23,
2026-09-12T13:00:34.139402+00:00,200,10714.85,
2026-09-12T13:00:36.449417+00:00,200,8414.43,
2026-09-12T13:00:41.308911+00:00,200,3595.08,
2026-09-12T13:00:42.590649+00:00,200,2350.23,
2026-09-12T13:00:36.304597+00:00,200,8642.85,
2026-09-12T13:00:42.725658+00:00,200,2240.62,
2026-09-12T13:00:41.517661+00:00,200,3466.96,
2026-09-12T13:00:39.409446+00:00,200,5578.94,
2026-09-12T13:00:27.651011+00:00,200,17371.06,
2026-09-12T13:00:27.835813+00:00,200,17204.17,
2026-09-12T13:00:24.436920+00:00,200,20610.28,
2026-09-12T13:00:40.860843+00:00,200,4209.32,
2026-09-12T13:00:37.798625+00:00,200,7319.75,
2026-09-12T13:00:44.088854+00:00,200,1035.21,
2026-09-12T13:00:43.203717+00:00,200,1937.12,
2026-09-12T13:00:43.109439+00:00,200,2033.42,
2026-09-12T13:00:35.790605+00:00,200,9388.61,
2026-09-12T13:00:39.978524+00:00,200,5231.62,
2026-09-12T13:00:37.005619+00:00,200,8230.24,
2026-09-12T13:00:33.760287+00:00,200,11480.33,
2026-09-12T13:00:35.473518+00:00,200,9769.99,
2026-09-12T13:00:30.072617+00:00,200,15178.17,
2026-09-12T13:00:38.057734+00:00,200,7195.49,
2026-09-12T13:00:43.623634+00:00,200,1632.7,
2026-09-12T13:00:42.249415+00:00,200,3010.73,
2026-09-12T13:00:40.311587+00:00,200,4950.58,
2026-09-12T13:00:35.325774+00:00,200,9949.25,
2026-09-12T13:00:41.978096+00:00,200,3307.01,
2026-09-12T13:00:44.294829+00:00,200,992.1,
2026-09-12T13:00:26.144252+00:00,200,19151.64,
2026-09-12T13:00:43.213265+00:00,200,2089.74,
2026-09-12T13:00:40.719039+00:00,200,4599.04,
2026-09-12T13:00:39.931334+00:00,200,5393.44,
2026-09-12T13:00:37.713291+00:00,200,7630.02,
2026-09-12T13:00:42.060334+00:00,200,3304.4,
2026-09-12T13:00:34.676726+00:00,200,10690.78,
2026-09-12T13:00:39.910763+00:00,200,5478.41,
2026-09-12T13:00:23.766780+00:00,200,21631.21,
2026-09-12T13:00:28.500621+00:00,200,16912.81,
2026-09-12T13:00:30.278466+00:00,200,15146.28,
2026-09-12T13:00:24.960588+00:00,200,20476.73,
2026-09-12T13:00:39.591777+00:00,200,5863.99,
2026-09-12T13:00:31.165522+00:00,200,14291.86,
2026-09-12T13:00:39.126595+00:00,200,6332.11,
2026-09-12T13:00:20.962461+00:00,200,24512.4,
2026-09-12T13:00:33.745737+00:00,200,11747.22,
2026-09-12T13:00:39.401491+00:00,200,6097.84,
2026-09-12T13:00:36.840194+00:00,200,8660.98,
2026-09-12T13:00:44.090464+00:00,200,1413.89,
2026-09-12T13:00:38.573241+00:00,200,6946.99,
2026-09-12T13:00:39.503638+00:00,200,6046.69,
2026-09-12T13:00:43.578550+00:00,200,1981.4,
2026-09-12T13:00:39.535096+00:00,200,6039.53,
2026-09-12T13:00:32.532804+00:00,200,13089.95,
2026-09-12T13:00:35.249189+00:00,200,10402.62,
2026-09-12T13:00:39.693984+00:00,200,5972.59,
2026-09-12T13:00:40.250283+00:00,200,5418.77,
2026-09-12T13:00:32.935840+00:00,200,12735.1,
2026-09-12T13:00:38.606168+00:00,200,7066.08,
2026-09-12T13:00:44.296679+00:00,200,1382.76,
2026-09-12T13:00:45.455781+00:00,200,241.48,
2026-09-12T13:00:41.279652+00:00,200,4419.12,
2026-09-12T13:00:42.644858+00:00,200,3063.82,
2026-09-12T13:00:42.034390+00:00,200,3683.76,
2026-09-12T13:00:40.211376+00:00,200,5510.12,
2026-09-12T13:00:41.570865+00:00,200,4155.0,
2026-09-12T13:00:39.436730+00:00,200,6304.04,
2026-09-12T13:00:29.631893+00:00,200,16135.66,
2026-09-12T13:00:39.791142+00:00,200,5979.47,
2026-09-12T13:00:41.181647+00:00,200,4593.87,
2026-09-12T13:00:36.323249+00:00,200,9457.79,
2026-09-12T13:00:36.021471+00:00,200,9779.38,
2026-09-12T13:00:41.957320+00:00,200,3856.22,
2026-09-12T13:00:39.519953+00:00,200,6295.45,
2026-09-12T13:00:34.643738+00:00,200,11222.47,
2026-09-12T13:00:43.606073+00:00,200,2269.95,
2026-09-12T13:00:39.087775+00:00,200,6806.87,
2026-09-12T13:00:41.875313+00:00,200,4040.66,
2026-09-12T13:00:33.624263+00:00,200,12300.69,
2026-09-12T13:00:41.750662+00:00,200,4185.8,
2026-09-12T13:00:35.398340+00:00,200,10549.36,
2026-09-12T13:00:30.604992+00:00,200,15353.35,
2026-09-12T13:00:39.905401+00:00,200,6057.15,
2026-09-12T13:00:36.758203+00:00,200,9245.97,
2026-09-12T13:00:34.891545+00:00,200,11164.52,
2026-09-12T13:00:28.608274+00:00,200,17469.07,
2026-09-12T13:00:44.135813+00:00,200,1947.1,
2026-09-12T13:00:40.791835+00:00,200,5295.11,
2026-09-12T13:00:44.151056+00:00,200,1984.6,
2026-09-12T13:00:45.458713+00:00,200,703.64,
2026-09-12T13:00:36.619180+00:00,200,9557.75,
2026-09-12T13:00:44.501525+00:00,200,1692.88,
2026-09-12T13:00:39.761607+00:00,200,6436.11,
2026-09-12T13:00:28.376908+00:00,200,17825.73,
2026-09-12T13:00:25.304454+00:00,200,20902.69,
2026-09-12T13:00:28.062484+00:00,200,18146.15,
2026-09-12T13:00:39.649558+00:00,200,6562.63,
2026-09-12T13:00:40.770447+00:00,200,5451.33,
2026-09-12T13:00:33.338772+00:00,200,12889.65,
2026-09-12T13:00:41.211574+00:00,200,5021.77,
2026-09-12T13:00:36.984225+00:00,200,9263.91,
2026-09-12T13:00:40.757869+00:00,200,5546.48,
2026-09-12T13:00:38.824587+00:00,200,7481.82,
2026-09-12T13:00:43.373441+00:00,200,2934.84,
2026-09-12T13:00:39.090460+00:00,200,7241.86,
2026-09-12T13:00:39.808301+00:00,200,6545.25,
2026-09-12T13:00:40.325017+00:00,200,6041.02,
2026-09-12T13:00:30.233640+00:00,200,16143.4,
2026-09-12T13:00:42.456435+00:00,200,3934.67,
2026-09-12T13:00:39.777912+00:00,200,6615.47,
2026-09-12T13:00:42.826314+00:00,200,3582.79,
2026-09-12T13:00:42.605501+00:00,200,3819.86,
2026-09-12T13:00:40.854411+00:00,200,5595.74,
2026-09-12T13:00:41.315890+00:00,200,5168.76,
2026-09-12T13:00:26.784305+00:00,200,19716.37,
2026-09-12T13:00:42.629644+00:00,200,3878.38,
2026-09-12T13:00:35.454030+00:00,200,11059.07,
2026-09-12T13:00:27.429581+00:00,200,19099.43,
2026-09-12T13:00:41.620401+00:00,200,4920.62,
2026-09-12T13:00:40.665793+00:00,200,5895.82,
2026-09-12T13:00:42.862883+00:00,200,3702.92,
2026-09-12T13:00:44.973478+00:00,200,1599.42,
2026-09-12T13:00:36.918716+00:00,200,9695.59,
2026-09-12T13:00:37.312789+00:00,200,9323.92,
2026-09-12T13:00:37.135422+00:00,200,9533.56,
2026-09-12T13:00:32.168580+00:00,200,14511.73,
2026-09-12T13:00:43.382236+00:00,200,3309.35,
2026-09-12T13:00:42.009723+00:00,200,4686.17,
2026-09-12T13:00:42.560570+00:00,200,4158.08,
2026-09-12T13:00:44.720638+00:00,200,2002.27,
2026-09-12T13:00:30.411336+00:00,200,16318.4,
2026-09-12T13:00:41.231367+00:00,200,5507.0,
2026-09-12T13:00:38.678866+00:00,200,8071.91,
2026-09-12T13:00:28.479322+00:00,200,18274.24,
2026-09-12T13:00:45.303023+00:00,200,1468.4,
2026-09-12T13:00:37.393511+00:00,200,9379.54,
2026-09-12T13:00:42.945185+00:00,200,3839.03,
2026-09-12T13:00:27.767377+00:00,200,19054.85,
2026-09-12T13:00:44.904016+00:00,200,1933.25,
2026-09-12T13:00:38.559800+00:00,200,8286.62,
2026-09-12T13:00:20.522924+00:00,200,26338.81,
2026-09-12T13:00:40.920723+00:00,200,5946.85,
2026-09-12T13:00:32.864066+00:00,200,14005.07,
2026-09-12T13:00:38.240777+00:00,200,8648.53,
2026-09-12T13:00:37.409595+00:00,200,9495.39,
2026-09-12T13:00:35.142675+00:00,200,11780.12,
2026-09-12T13:00:42.654941+00:00,200,4292.5,
2026-09-12T13:00:46.306414+00:00,200,674.17,
2026-09-12T13:00:30.414283+00:00,200,16591.17,
2026-09-12T13:00:37.176823+00:00,200,9845.83,
2026-09-12T13:00:43.307986+00:00,200,3722.8,
2026-09-12T13:00:29.996305+00:00,200,17068.77,
2026-09-12T13:00:39.437558+00:00,200,7664.62,
2026-09-12T13:00:32.230002+00:00,200,14877.64,
2026-09-12T13:00:35.373499+00:00,200,11737.39,
2026-09-12T13:00:33.269500+00:00,200,13854.1,
2026-09-12T13:00:32.076672+00:00,200,15049.63,
2026-09-12T13:00:45.965219+00:00,200,1188.08,
2026-09-12T13:00:34.196951+00:00,200,12961.84,
2026-09-12T13:00:35.230283+00:00,200,11929.79,
2026-09-12T13:00:44.390441+00:00,200,2780.51,
2026-09-12T13:00:45.644088+00:00,200,1536.97,
2026-09-12T13:00:22.490341+00:00,200,24712.19,
2026-09-12T13:00:42.265375+00:00,200,4940.62,
2026-09-12T13:00:45.179228+00:00,200,2063.36,
2026-09-12T13:00:36.363909+00:00,200,10879.92,
2026-09-12T13:00:34.991784+00:00,200,12257.38,
2026-09-12T13:00:41.378599+00:00,200,5893.11,
2026-09-12T13:00:36.532350+00:00,200,10746.5,
2026-09-12T13:00:31.149205+00:00,200,16133.21,
2026-09-12T13:00:41.287990+00:00,200,6001.89,
2026-09-12T13:00:46.332335+00:00,200,960.13,
2026-09-12T13:00:45.210163+00:00,200,2084.41,
2026-09-12T13:00:31.211041+00:00,200,16103.99,
2026-09-12T13:00:41.559008+00:00,200,5757.42,
2026-09-12T13:00:37.401394+00:00,200,9931.07,
2026-09-12T13:00:47.107657+00:00,200,226.18,
2026-09-12T13:00:32.379148+00:00,200,14970.07,
2026-09-12T13:00:29.694122+00:00,200,17668.99,
2026-09-12T13:00:34.721342+00:00,200,12696.57,
2026-09-12T13:00:39.584862+00:00,200,7834.26,
2026-09-12T13:00:35.554725+00:00,200,11871.0,
2026-09-12T13:00:25.171104+00:00,200,22260.35,
2026-09-12T13:00:44.821304+00:00,200,2644.3,
2026-09-12T13:00:30.684750+00:00,200,16790.54,
2026-09-12T13:00:39.418109+00:00,200,8071.01,
2026-09-12T13:00:31.216290+00:00,200,16344.12,
2026-09-12T13:00:44.222333+00:00,200,3341.31,
2026-09-12T13:00:32.292861+00:00,200,15273.16,
2026-09-12T13:00:41.104032+00:00,200,6464.57,
2026-09-12T13:00:41.628151+00:00,200,5956.91,
2026-09-12T13:00:36.339986+00:00,200,11248.39,
2026-09-12T13:00:44.087129+00:00,200,3504.76,
2026-09-12T13:00:45.582753+00:00,200,2024.34,
2026-09-12T13:00:41.094271+00:00,200,6518.75,
2026-09-12T13:00:36.473404+00:00,200,11149.98,
2026-09-12T13:00:38.500816+00:00,200,9133.53,
2026-09-12T13:00:29.664586+00:00,200,17977.02,
2026-09-12T13:00:26.132192+00:00,200,21577.03,
2026-09-12T13:00:44.674370+00:00,200,3044.37,
2026-09-12T13:00:47.005474+00:00,200,715.67,
2026-09-12T13:00:42.526739+00:00,200,5196.49,
2026-09-12T13:00:40.063966+00:00,200,7676.88,
2026-09-12T13:00:47.489144+00:00,200,267.91,
2026-09-12T13:00:28.423963+00:00,200,19352.75,
2026-09-12T13:00:45.134378+00:00,200,2647.03,
2026-09-12T13:00:27.469457+00:00,200,20318.42,
2026-09-12T13:00:35.290715+00:00,200,12536.95,
2026-09-12T13:00:47.333844+00:00,200,517.97,
2026-09-12T13:00:47.543565+00:00,200,322.95,
2026-09-12T13:00:33.553793+00:00,200,14324.8,
2026-09-12T13:00:45.760266+00:00,200,2122.27,
2026-09-12T13:00:46.691595+00:00,200,1197.87,
2026-09-12T13:00:41.699212+00:00,200,6195.7,
2026-09-12T13:00:29.964133+00:00,200,17956.62,
2026-09-12T13:00:30.827328+00:00,200,17112.32,
2026-09-12T13:00:40.188456+00:00,200,7762.14,
2026-09-12T13:00:45.708688+00:00,200,2254.77,
2026-09-12T13:00:24.696993+00:00,200,23281.41,
2026-09-12T13:00:43.840569+00:00,200,4159.45,
2026-09-12T13:00:43.437695+00:00,200,4584.09,
2026-09-12T13:00:37.279951+00:00,200,10744.71,
2026-09-12T13:00:42.169780+00:00,200,5859.48,
2026-09-12T13:00:46.207152+00:00,200,1826.73,
2026-09-12T13:00:44.940905+00:00,200,3102.0,
2026-09-12T13:00:39.544657+00:00,200,8501.85,
2026-09-12T13:00:41.883679+00:00,200,6164.03,
2026-09-12T13:00:40.747049+00:00,200,7303.3,
2026-09-12T13:00:42.080442+00:00,200,5971.7,
2026-09-12T13:00:34.109815+00:00,200,13943.73,
2026-09-12T13:00:42.864801+00:00,200,5204.86,
2026-09-12T13:00:36.034566+00:00,200,12043.54,
2026-09-12T13:00:28.206282+00:00,200,19874.03,
2026-09-12T13:00:40.456870+00:00,200,7650.75,
2026-09-12T13:00:47.939660+00:00,200,188.64,
2026-09-12T13:00:33.679680+00:00,200,14455.74,
2026-09-12T13:00:29.890629+00:00,200,18247.25,
2026-09-12T13:00:44.806220+00:00,200,3351.85,
2026-09-12T13:00:43.904775+00:00,200,4290.95,
2026-09-12T13:00:45.947707+00:00,200,2261.85,
2026-09-12T13:00:43.201832+00:00,200,5023.48,
2026-09-12T13:00:29.851980+00:00,200,18377.33,
2026-09-12T13:00:41.768739+00:00,200,6462.11,
2026-09-12T13:00:37.141775+00:00,200,11102.57,
2026-09-12T13:00:43.870646+00:00,200,4395.99,
2026-09-12T13:00:30.467642+00:00,200,17819.94,
2026-09-12T13:00:41.484307+00:00,200,6813.66,
2026-09-12T13:00:38.184511+00:00,200,10119.12,
2026-09-12T13:00:42.447974+00:00,200,5871.69,
2026-09-12T13:00:37.311280+00:00,200,11009.76,
2026-09-12T13:00:47.718761+00:00,200,607.33,
2026-09-12T13:00:42.445598+00:00,200,5881.84,
2026-09-12T13:00:45.215930+00:00,200,3114.37,
2026-09-12T13:00:34.062823+00:00,200,14279.16,
2026-09-12T13:00:35.334636+00:00,200,13014.94,
2026-09-12T13:00:45.022089+00:00,200,3345.89,
2026-09-12T13:00:43.095318+00:00,200,5284.7,
2026-09-12T13:00:38.647626+00:00,200,9743.74,
2026-09-12T13:00:42.766452+00:00,200,5626.29,
2026-09-12T13:00:47.034530+00:00,200,1364.59,
2026-09-12T13:00:41.655795+00:00,200,6752.81,
2026-09-12T13:00:38.585005+00:00,200,9847.89,
2026-09-12T13:00:28.744347+00:00,200,19689.87,
2026-09-12T13:00:46.508043+00:00,200,1928.54,
2026-09-12T13:00:33.330902+00:00,200,15112.18,
2026-09-12T13:00:43.286551+00:00,200,5169.05,
2026-09-12T13:00:30.315971+00:00,200,18165.96,
2026-09-12T13:00:27.008233+00:00,200,21479.27,
2026-09-12T13:00:28.110433+00:00,200,20382.61,
2026-09-12T13:00:44.092044+00:00,200,4410.52,
2026-09-12T13:00:31.127584+00:00,200,17380.68,
2026-09-12T13:00:39.157032+00:00,200,9377.05,
2026-09-12T13:00:45.679451+00:00,200,2862.77,
2026-09-12T13:00:41.338594+00:00,200,7207.54,
2026-09-12T13:00:45.520242+00:00,200,3032.25,
2026-09-12T13:00:33.674342+00:00,200,14892.37,
2026-09-12T13:00:25.195107+00:00,200,23380.92,
2026-09-12T13:00:42.095868+00:00,200,6494.41,
2026-09-12T13:00:40.420142+00:00,200,8172.1,
2026-09-12T13:00:44.495080+00:00,200,4114.28,
2026-09-12T13:00:33.364916+00:00,200,15260.78,
2026-09-12T13:00:41.111541+00:00,200,7518.68,
2026-09-12T13:00:48.219556+00:00,200,436.14,
2026-09-12T13:00:48.434226+00:00,200,223.27,
2026-09-12T13:00:35.832839+00:00,200,12837.83,
2026-09-12T13:00:42.742071+00:00,200,5952.07,
2026-09-12T13:00:35.233329+00:00,200,13467.92,
2026-09-12T13:00:47.419124+00:00,200,1307.71,
2026-09-12T13:00:22.686437+00:00,200,26061.44,
2026-09-12T13:00:28.569509+00:00,200,20184.24,
2026-09-12T13:00:44.966299+00:00,200,3807.55,
2026-09-12T13:00:45.647219+00:00,200,3143.79,
2026-09-12T13:00:25.397558+00:00,200,23400.22,
2026-09-12T13:00:37.633951+00:00,200,11185.4,
2026-09-12T13:00:40.241083+00:00,200,8587.54,
2026-09-12T13:00:36.236804+00:00,200,12599.7,
2026-09-12T13:00:37.965396+00:00,200,10882.23,
2026-09-12T13:00:28.847563+00:00,200,20003.73,
2026-09-12T13:00:26.267521+00:00,200,22589.55,
2026-09-12T13:00:47.519073+00:00,200,1339.38,
2026-09-12T13:00:48.655713+00:00,200,204.22,
2026-09-12T13:00:26.683862+00:00,200,22187.15,
2026-09-12T13:00:20.434815+00:00,200,28456.12,
2026-09-12T13:00:28.726646+00:00,200,20171.02,
2026-09-12T13:00:44.553202+00:00,200,4350.56,
2026-09-12T13:00:44.447135+00:00,200,4467.58,
2026-09-12T13:00:45.158762+00:00,200,3767.67,
2026-09-12T13:00:33.751926+00:00,200,15181.69,
2026-09-12T13:00:38.850949+00:00,200,10084.18,
2026-09-12T13:00:22.856152+00:00,200,26121.6,
2026-09-12T13:00:40.199030+00:00,200,8794.05,
2026-09-12T13:00:22.568496+00:00,200,26433.27,
2026-09-12T13:00:32.216284+00:00,200,16799.68,
2026-09-12T13:00:39.238680+00:00,200,9788.7,
2026-09-12T13:00:45.559966+00:00,200,3500.78,
2026-09-12T13:00:36.750488+00:00,200,12319.84,
2026-09-12T13:00:35.505465+00:00,200,13574.3,
2026-09-12T13:00:42.566255+00:00,200,6516.01,
2026-09-12T13:00:37.207092+00:00,200,11886.77,
2026-09-12T13:00:32.633628+00:00,200,16496.21,
2026-09-12T13:00:29.681611+00:00,200,19450.46,
2026-09-12T13:00:43.728116+00:00,200,5407.31,
2026-09-12T13:00:33.826616+00:00,200,15316.1,
2026-09-12T13:00:43.765302+00:00,200,5381.16,
2026-09-12T13:00:48.729979+00:00,200,419.55,
2026-09-12T13:00:48.481951+00:00,200,689.72,
2026-09-12T13:00:44.702684+00:00,200,4470.5,
2026-09-12T13:00:39.682486+00:00,200,9498.66,
2026-09-12T13:00:47.425736+00:00,200,1764.24,
2026-09-12T13:00:29.446945+00:00,200,19796.64,
2026-09-12T13:00:42.607072+00:00,200,6665.58,
2026-09-12T13:00:28.493479+00:00,200,20781.08,
2026-09-12T13:00:49.060754+00:00,200,216.42,
2026-09-12T13:00:37.353005+00:00,200,11928.29,
2026-09-12T13:00:25.995517+00:00,200,23302.94,
2026-09-12T13:00:34.848785+00:00,200,14462.6,
2026-09-12T13:00:44.867524+00:00,200,4474.22,
2026-09-12T13:00:43.658634+00:00,200,5688.68,
2026-09-12T13:00:49.132084+00:00,200,223.99,
2026-09-12T13:00:47.560425+00:00,200,1802.36,
2026-09-12T13:00:42.323566+00:00,200,7041.49,
2026-09-12T13:00:46.561643+00:00,200,2806.41,
2026-09-12T13:00:43.435851+00:00,200,5947.51,
2026-09-12T13:00:30.287767+00:00,200,19097.75,
2026-09-12T13:00:37.995155+00:00,200,11395.12,
2026-09-12T13:00:27.545182+00:00,200,21852.27,
2026-09-12T13:00:40.538318+00:00,200,8862.29,
2026-09-12T13:00:43.907146+00:00,200,5538.8,
2026-09-12T13:00:43.604507+00:00,200,5846.63,
2026-09-12T13:00:35.168464+00:00,200,14288.73,
2026-09-12T13:00:42.532367+00:00,200,6926.75,
2026-09-12T13:00:39.091763+00:00,200,10382.38,
2026-09-12T13:00:45.775524+00:00,200,3707.31,
2026-09-12T13:00:34.487120+00:00,200,15025.21,
2026-09-12T13:00:41.643053+00:00,200,7894.99,
2026-09-12T13:00:32.259008+00:00,200,17310.94,
2026-09-12T13:00:45.070181+00:00,200,4527.15,
2026-09-12T13:00:39.607189+00:00,200,10003.89,
2026-09-12T13:00:40.164320+00:00,200,9454.84,
2026-09-12T13:00:35.304072+00:00,200,14319.14,
2026-09-12T13:00:43.836243+00:00,200,5788.43,
2026-09-12T13:00:35.247720+00:00,200,14382.85,
2026-09-12T13:00:37.788028+00:00,200,11882.36,
2026-09-12T13:00:48.590288+00:00,200,1086.3,
2026-09-12T13:00:40.927635+00:00,200,8754.27,
2026-09-12T13:00:24.580879+00:00,200,25119.23,
2026-09-12T13:00:28.056093+00:00,200,21647.14,
2026-09-12T13:00:41.980558+00:00,200,7738.22,
2026-09-12T13:00:48.047715+00:00,200,1685.51,
2026-09-12T13:00:35.766681+00:00,200,13975.01,
2026-09-12T13:00:39.733541+00:00,200,10011.56,
2026-09-12T13:00:45.574649+00:00,200,4174.07,
2026-09-12T13:00:28.196738+00:00,200,21558.03,
2026-09-12T13:00:46.304367+00:00,200,3461.74,
2026-09-12T13:00:29.861104+00:00,200,19929.04,
2026-09-12T13:00:33.967344+00:00,200,15827.43,
2026-09-12T13:00:46.233356+00:00,200,3569.99,
2026-09-12T13:00:48.195734+00:00,200,1613.63,
2026-09-12T13:00:35.436933+00:00,200,14402.35,
2026-09-12T13:00:49.171678+00:00,200,669.36,
2026-09-12T13:00:39.023058+00:00,200,10837.14,
2026-09-12T13:00:35.770064+00:00,200,14094.95,
2026-09-12T13:00:39.610076+00:00,200,10284.44,
2026-09-12T13:00:44.198106+00:00,200,5701.02,
2026-09-12T13:00:48.050351+00:00,200,1852.92,
2026-09-12T13:00:34.234160+00:00,200,15676.57,
2026-09-12T13:00:49.238327+00:00,200,685.47,
2026-09-12T13:00:44.922530+00:00,200,5009.11,
2026-09-12T13:00:33.422103+00:00,200,16517.54,
2026-09-12T13:00:23.946188+00:00,200,26020.04,
2026-09-12T13:00:41.107825+00:00,200,8891.83,
2026-09-12T13:00:48.078122+00:00,200,1927.63,
2026-09-12T13:00:49.173188+00:00,200,847.23,
2026-09-12T13:00:29.007596+00:00,200,21022.62,
2026-09-12T13:00:35.661897+00:00,200,14369.62,
2026-09-12T13:00:23.465369+00:00,200,26602.07,
2026-09-12T13:00:42.103690+00:00,200,7982.61,
2026-09-12T13:00:44.671451+00:00,200,5421.93,
2026-09-12T13:00:40.320543+00:00,200,9783.53,
2026-09-12T13:00:37.305222+00:00,200,12801.43,
2026-09-12T13:00:39.201992+00:00,200,10907.86,
2026-09-12T13:00:38.267693+00:00,200,11846.43,
2026-09-12T13:00:29.792244+00:00,200,20329.59,
2026-09-12T13:00:40.709176+00:00,200,9422.59,
2026-09-12T13:00:37.471107+00:00,200,12668.66,
2026-09-12T13:00:40.365529+00:00,200,9783.38,
2026-09-12T13:00:38.992088+00:00,200,11162.97,
2026-09-12T13:00:49.966245+00:00,200,191.48,
2026-09-12T13:00:34.315771+00:00,200,15850.15,
2026-09-12T13:00:48.471205+00:00,200,1719.55,
2026-09-12T13:00:48.599076+00:00,200,1607.22,
2026-09-12T13:00:44.250503+00:00,200,5957.96,
2026-09-12T13:00:36.940687+00:00,200,13271.99,
2026-09-12T13:00:44.145630+00:00,200,6083.61,
2026-09-12T13:00:44.343089+00:00,200,5908.52,
2026-09-12T13:00:35.347229+00:00,200,14927.24,
2026-09-12T13:00:38.350215+00:00,200,11931.91,
2026-09-12T13:00:44.041826+00:00,200,6244.38,
2026-09-12T13:00:48.502573+00:00,200,1786.46,
2026-09-12T13:00:31.520687+00:00,200,18783.31,
2026-09-12T13:00:39.167916+00:00,200,11158.11,
2026-09-12T13:00:46.687505+00:00,200,3679.28,
2026-09-12T13:00:31.673537+00:00,200,18702.07,
2026-09-12T13:00:47.894929+00:00,200,2514.51,
2026-09-12T13:00:30.124976+00:00,200,20292.95,
2026-09-12T13:00:48.349585+00:00,200,2076.15,
2026-09-12T13:00:41.795426+00:00,200,8638.08,
2026-09-12T13:00:43.682232+00:00,200,6753.17,
2026-09-12T13:00:48.487508+00:00,200,1954.54,
2026-09-12T13:00:34.313189+00:00,200,16134.74,
2026-09-12T13:00:42.280935+00:00,200,8177.96,
2026-09-12T13:00:35.413917+00:00,200,15048.68,
2026-09-12T13:00:46.317644+00:00,200,4157.83,
2026-09-12T13:00:45.140904+00:00,200,5374.56,
2026-09-12T13:00:36.709235+00:00,200,13814.26,
2026-09-12T13:00:48.118408+00:00,200,2406.82,
2026-09-12T13:00:42.524871+00:00,200,8036.47,
2026-09-12T13:00:36.806661+00:00,200,13770.78,
2026-09-12T13:00:31.679343+00:00,200,18903.56,
2026-09-12T13:00:50.366797+00:00,200,220.55,
2026-09-12T13:00:47.300406+00:00,200,3316.11,
2026-09-12T13:00:48.670685+00:00,200,1950.09,
2026-09-12T13:00:30.314046+00:00,200,20333.72,
2026-09-12T13:00:49.611087+00:00,200,1048.99,
2026-09-12T13:00:47.417919+00:00,200,3254.62,
2026-09-12T13:00:45.958359+00:00,200,4726.02,
2026-09-12T13:00:34.522145+00:00,200,16177.57,
2026-09-12T13:00:45.850451+00:00,200,4867.59,
2026-09-12T13:00:43.250646+00:00,200,7472.45,
2026-09-12T13:00:42.002890+00:00,200,8724.85,
2026-09-12T13:00:47.757073+00:00,200,3005.66,
2026-09-12T13:00:37.877480+00:00,200,12894.2,
2026-09-12T13:00:40.134486+00:00,200,10648.1,
2026-09-12T13:00:41.000218+00:00,200,9798.68,
2026-09-12T13:00:43.369585+00:00,200,7430.91,
2026-09-12T13:00:48.275871+00:00,200,2538.3,
2026-09-12T13:00:35.199899+00:00,200,15616.16,
2026-09-12T13:00:33.681195+00:00,200,17141.15,
2026-09-12T13:00:20.944123+00:00,200,29888.09,
2026-09-12T13:00:44.526380+00:00,200,6307.13,
2026-09-12T13:00:50.610467+00:00,200,235.99,
2026-09-12T13:00:42.514215+00:00,200,8351.05,
2026-09-12T13:00:37.323463+00:00,200,13544.1,
2026-09-12T13:00:49.828801+00:00,200,1057.19,
2026-09-12T13:00:50.475486+00:00,200,444.54,
2026-09-12T13:00:42.006056+00:00,200,8934.77,
2026-09-12T13:00:49.630575+00:00,200,1311.63,
2026-09-12T13:00:32.147757+00:00,200,18799.17,
2026-09-12T13:00:46.822245+00:00,200,4148.49,
2026-09-12T13:00:40.965152+00:00,200,10006.77,
2026-09-12T13:00:50.762752+00:00,200,216.61,
2026-09-12T13:00:38.832770+00:00,200,12166.69,
2026-09-12T13:00:26.629619+00:00,200,24371.99,
2026-09-12T13:00:42.070664+00:00,200,8939.13,
2026-09-12T13:00:42.948863+00:00,200,8068.94,
2026-09-12T13:00:40.066578+00:00,200,10954.75,
2026-09-12T13:00:40.220361+00:00,200,10814.01,
2026-09-12T13:00:46.869144+00:00,200,4179.33,
2026-09-12T13:00:42.474686+00:00,200,8583.3,
2026-09-12T13:00:30.471840+00:00,200,20592.15,
2026-09-12T13:00:39.339388+00:00,200,11728.99,
2026-09-12T13:00:50.620788+00:00,200,488.77,
2026-09-12T13:00:44.398211+00:00,200,6713.77,
2026-09-12T13:00:47.337181+00:00,200,3810.01,
2026-09-12T13:00:28.249408+00:00,200,22901.8,
2026-09-12T13:00:45.253239+00:00,200,5899.33,
2026-09-12T13:00:46.850936+00:00,200,4304.6,
2026-09-12T13:00:45.506359+00:00,200,5653.41,
2026-09-12T13:00:36.499881+00:00,200,14669.08,
2026-09-12T13:00:50.971928+00:00,200,198.54,
2026-09-12T13:00:43.482143+00:00,200,7690.94,
2026-09-12T13:00:43.473084+00:00,200,7716.55,
2026-09-12T13:00:22.503066+00:00,200,28690.83,
2026-09-12T13:00:39.420884+00:00,200,11795.27,
2026-09-12T13:00:42.501166+00:00,200,8722.48,
2026-09-12T13:00:49.653861+00:00,200,1617.71,
2026-09-12T13:00:51.099508+00:00,200,189.27,
2026-09-12T13:00:45.285123+00:00,200,6014.79,
2026-09-12T13:00:37.556805+00:00,200,13754.68,
2026-09-12T13:00:42.435945+00:00,200,8877.2,
2026-09-12T13:00:32.485671+00:00,200,18852.42,
2026-09-12T13:00:29.979572+00:00,200,21362.72,
2026-09-12T13:00:48.576038+00:00,200,2769.08,
2026-09-12T13:00:38.498761+00:00,200,12854.14,
2026-09-12T13:00:49.903277+00:00,200,1451.13,
2026-09-12T13:00:42.700624+00:00,200,8669.17,
2026-09-12T13:00:48.341991+00:00,200,3030.58,
2026-09-12T13:00:38.782048+00:00,200,12607.24,
2026-09-12T13:00:42.428642+00:00,200,8962.57,
2026-09-12T13:00:37.124939+00:00,200,14301.32,
2026-09-12T13:00:25.478654+00:00,200,25951.81,
2026-09-12T13:00:45.184644+00:00,200,6255.84,
2026-09-12T13:00:41.682464+00:00,200,9773.28,
2026-09-12T13:00:51.271585+00:00,200,191.89,
2026-09-12T13:00:41.926223+00:00,200,9575.74,
2026-09-12T13:00:48.633387+00:00,200,2876.73,
2026-09-12T13:00:32.795782+00:00,200,18732.75,
2026-09-12T13:00:47.109397+00:00,200,4423.13,
2026-09-12T13:00:34.787242+00:00,200,16758.24,
2026-09-12T13:00:45.492970+00:00,200,6055.42,
2026-09-12T13:00:47.294580+00:00,200,4256.47,
2026-09-12T13:00:48.552506+00:00,200,3031.47,
2026-09-12T13:00:34.479367+00:00,200,17139.62,
2026-09-12T13:00:29.504906+00:00,200,22116.89,
2026-09-12T13:00:50.393255+00:00,200,1232.3,
2026-09-12T13:00:46.889320+00:00,200,4750.43,
2026-09-12T13:00:28.231984+00:00,200,23415.11,
2026-09-12T13:00:45.813555+00:00,200,5842.15,
2026-09-12T13:00:50.206313+00:00,200,1466.33,
2026-09-12T13:00:42.397297+00:00,200,9290.59,
2026-09-12T13:00:48.032446+00:00,200,3667.13,
2026-09-12T13:00:45.431873+00:00,200,6288.43,
2026-09-12T13:00:32.769072+00:00,200,18953.37,
2026-09-12T13:00:33.266696+00:00,200,18460.94,
2026-09-12T13:00:34.530522+00:00,200,17203.35,
2026-09-12T13:00:38.621844+00:00,200,13136.18,
2026-09-12T13:00:49.459131+00:00,200,2306.65,
2026-09-12T13:00:42.523840+00:00,200,9267.13,
2026-09-12T13:00:33.732434+00:00,200,18069.48,
2026-09-12T13:00:46.252928+00:00,200,5575.99,
2026-09-12T13:00:47.084634+00:00,200,4763.27,
2026-09-12T13:00:47.950610+00:00,200,3898.53,
2026-09-12T13:00:46.909239+00:00,200,4952.15,
2026-09-12T13:00:38.109412+00:00,200,13762.26,
2026-09-12T13:00:48.811784+00:00,200,3062.75,
2026-09-12T13:00:42.371743+00:00,200,9511.2,
2026-09-12T13:00:36.426199+00:00,200,15483.93,
2026-09-12T13:00:34.443616+00:00,200,17490.67,
2026-09-12T13:00:40.439764+00:00,200,11509.32,
2026-09-12T13:00:40.330367+00:00,200,11622.91,
2026-09-12T13:00:42.988108+00:00,200,8973.77,
2026-09-12T13:00:46.518195+00:00,200,5446.71,
2026-09-12T13:00:48.763193+00:00,200,3212.74,
2026-09-12T13:00:46.625087+00:00,200,5353.84,
2026-09-12T13:00:38.342589+00:00,200,13661.0,
2026-09-12T13:00:31.510993+00:00,200,20494.39,
2026-09-12T13:00:29.912273+00:00,200,22094.54,
2026-09-12T13:00:43.037075+00:00,200,8973.46,
2026-09-12T13:00:33.262039+00:00,200,18767.63,
2026-09-12T13:00:42.837216+00:00,200,9194.75,
2026-09-12T13:00:50.878133+00:00,200,1169.03,
2026-09-12T13:00:48.993106+00:00,200,3069.83,
2026-09-12T13:00:48.885038+00:00,200,3200.85,
2026-09-12T13:00:40.834484+00:00,200,11262.17,
2026-09-12T13:00:41.009364+00:00,200,11089.82,
2026-09-12T13:00:50.157735+00:00,200,1943.47,
2026-09-12T13:00:47.781417+00:00,200,4322.08,
2026-09-12T13:00:36.809571+00:00,200,15299.38,
2026-09-12T13:00:49.795802+00:00,200,2319.39,
2026-09-12T13:00:50.979374+00:00,200,1140.38,
2026-09-12T13:00:29.916799+00:00,200,22216.43,
2026-09-12T13:00:45.759352+00:00,200,6384.59,
2026-09-12T13:00:28.699130+00:00,200,23458.23,
2026-09-12T13:00:46.342079+00:00,200,5825.6,
2026-09-12T13:00:43.496577+00:00,200,8674.53,
2026-09-12T13:00:29.740578+00:00,200,22439.54,
2026-09-12T13:00:49.794787+00:00,200,2407.19,
2026-09-12T13:00:50.707924+00:00,200,1507.42,
2026-09-12T13:00:52.005397+00:00,200,215.21,
2026-09-12T13:00:48.784663+00:00,200,3457.0,
2026-09-12T13:00:38.574420+00:00,200,13670.59,
2026-09-12T13:00:28.978845+00:00,200,23280.73,
2026-09-12T13:00:45.318087+00:00,200,6945.82,
2026-09-12T13:00:48.332271+00:00,200,3941.07,
2026-09-12T13:00:28.165754+00:00,200,24168.53,
2026-09-12T13:00:41.758564+00:00,200,10598.09,
2026-09-12T13:00:29.543751+00:00,200,22815.81,
2026-09-12T13:00:50.710440+00:00,200,1663.65,
2026-09-12T13:00:36.784825+00:00,200,15612.07,
2026-09-12T13:00:48.031662+00:00,200,4375.19,
2026-09-12T13:00:25.218092+00:00,200,27197.23,
2026-09-12T13:00:27.386791+00:00,200,25034.93,
2026-09-12T13:00:36.565116+00:00,200,15857.93,
2026-09-12T13:00:45.256336+00:00,200,7194.08,
2026-09-12T13:00:48.326099+00:00,200,4131.29,
2026-09-12T13:00:37.280935+00:00,200,15179.48,
2026-09-12T13:00:49.314203+00:00,200,3179.34,
2026-09-12T13:00:41.722405+00:00,200,10778.72,
2026-09-12T13:00:34.329638+00:00,200,18180.5,
2026-09-12T13:00:39.232616+00:00,200,13300.5,
2026-09-12T13:00:39.809081+00:00,200,12738.52,
2026-09-12T13:00:38.373198+00:00,200,14175.85,
2026-09-12T13:00:36.976059+00:00,200,15591.83,
2026-09-12T13:00:36.068790+00:00,200,16501.13,
2026-09-12T13:00:37.009386+00:00,200,15594.31,
2026-09-12T13:00:45.238635+00:00,200,7372.36,
2026-09-12T13:00:27.556013+00:00,200,25057.89,
2026-09-12T13:00:48.080328+00:00,200,4546.06,
2026-09-12T13:00:51.758034+00:00,200,872.69,
2026-09-12T13:00:50.867575+00:00,200,1771.12,
2026-09-12T13:00:47.931468+00:00,200,4714.22,
2026-09-12T13:00:40.529172+00:00,200,12158.53,
2026-09-12T13:00:42.026445+00:00,200,10669.03,
2026-09-12T13:00:50.672553+00:00,200,2026.51,
2026-09-12T13:00:29.992564+00:00,200,22722.74,
2026-09-12T13:00:46.254835+00:00,200,6472.92,
2026-09-12T13:00:49.958919+00:00,200,2771.97,
2026-09-12T13:00:46.592836+00:00,200,6139.86,
2026-09-12T13:00:39.788125+00:00,200,12954.3,
2026-09-12T13:00:45.883601+00:00,200,6861.11,
2026-09-12T13:00:42.157554+00:00,200,10604.13,
2026-09-12T13:00:32.031890+00:00,200,20740.74,
2026-09-12T13:00:42.918885+00:00,200,9883.15,
2026-09-12T13:00:49.015973+00:00,200,3789.64,
2026-09-12T13:00:18.558310+00:00,200,34252.43,
2026-09-12T13:00:52.406865+00:00,200,435.52,
2026-09-12T13:00:51.958708+00:00,200,892.38,
2026-09-12T13:00:41.421088+00:00,200,11434.39,
2026-09-12T13:00:37.640772+00:00,200,15218.26,
2026-09-12T13:00:29.899138+00:00,200,22983.78,
2026-09-12T13:00:35.288673+00:00,200,17597.13,
2026-09-12T13:00:34.675139+00:00,200,18223.23,
2026-09-12T13:00:47.568631+00:00,200,5345.98,
2026-09-12T13:00:33.840587+00:00,200,19082.41,
2026-09-12T13:00:33.929521+00:00,200,19007.28,
2026-09-12T13:00:47.437439+00:00,200,5505.96,
2026-09-12T13:00:36.539529+00:00,200,16411.81,
2026-09-12T13:00:28.472517+00:00,200,24480.24,
2026-09-12T13:00:50.093397+00:00,200,2879.92,
2026-09-12T13:00:38.783113+00:00,200,14202.63,
2026-09-12T13:00:51.227441+00:00,200,1784.52,
2026-09-12T13:00:26.778798+00:00,200,26240.26,
2026-09-12T13:00:51.226503+00:00,200,1815.5,
2026-09-12T13:00:31.917402+00:00,200,21132.94,
2026-09-12T13:00:49.408465+00:00,200,3643.92,
2026-09-12T13:00:42.788239+00:00,200,10301.49,
2026-09-12T13:00:32.427645+00:00,200,20663.37,
2026-09-12T13:00:44.550039+00:00,200,8546.98,
2026-09-12T13:00:37.887251+00:00,200,15211.98,
2026-09-12T13:00:52.415335+00:00,200,686.16,
2026-09-12T13:00:46.086951+00:00,200,7034.62,
2026-09-12T13:00:34.948964+00:00,200,18200.57,
2026-09-12T13:00:34.405616+00:00,200,18768.54,
2026-09-12T13:00:39.984537+00:00,200,13193.36,
2026-09-12T13:00:52.198395+00:00,200,989.43,
2026-09-12T13:00:27.081492+00:00,200,26108.23,
2026-09-12T13:00:40.523790+00:00,200,12672.03,
2026-09-12T13:00:40.260596+00:00,200,12939.72,
2026-09-12T13:00:39.568308+00:00,200,13639.17,
2026-09-12T13:00:48.361312+00:00,200,4856.27,
2026-09-12T13:00:49.368056+00:00,200,3889.62,
2026-09-12T13:00:41.276806+00:00,200,11999.3,
2026-09-12T13:00:30.649046+00:00,200,22628.84,
2026-09-12T13:00:53.089746+00:00,200,206.49,
2026-09-12T13:00:37.734546+00:00,200,15567.29,
2026-09-12T13:00:47.271724+00:00,200,6035.0,
2026-09-12T13:00:50.071582+00:00,200,3239.65,
2026-09-12T13:00:51.627816+00:00,200,1746.05,
2026-09-12T13:00:53.149558+00:00,200,228.98,
2026-09-12T13:00:36.335127+00:00,200,17049.5,
2026-09-12T13:00:41.001204+00:00,200,12395.64,
2026-09-12T13:00:48.004399+00:00,200,5397.52,
2026-09-12T13:00:50.577452+00:00,200,2836.98,
2026-09-12T13:00:45.800865+00:00,200,7618.75,
2026-09-12T13:00:50.738561+00:00,200,2696.88,
2026-09-12T13:00:45.243517+00:00,200,8200.07,
2026-09-12T13:00:38.082175+00:00,200,15375.09,
2026-09-12T13:00:42.073496+00:00,200,11389.99,
2026-09-12T13:00:41.684536+00:00,200,11803.95,
2026-09-12T13:00:50.660089+00:00,200,2836.76,
2026-09-12T13:00:42.537960+00:00,200,10968.62,
2026-09-12T13:00:52.322678+00:00,200,1198.38,
2026-09-12T13:00:51.216167+00:00,200,2316.37,
2026-09-12T13:00:51.021343+00:00,200,2519.73,
2026-09-12T13:00:51.936683+00:00,200,1613.62,
2026-09-12T13:00:31.432499+00:00,200,22128.82,
2026-09-12T13:00:38.243714+00:00,200,15319.14,
2026-09-12T13:00:50.723109+00:00,200,2846.98,
2026-09-12T13:00:29.943807+00:00,200,23658.53,
2026-09-12T13:00:46.695907+00:00,200,6914.24,
2026-09-12T13:00:50.036039+00:00,200,3577.87,
2026-09-12T13:00:37.073974+00:00,200,16546.45,
2026-09-12T13:00:52.062945+00:00,200,1564.81,
2026-09-12T13:00:51.761629+00:00,200,1927.03,
2026-09-12T13:00:25.724900+00:00,200,27966.19,
2026-09-12T13:00:49.881064+00:00,200,3813.43,
2026-09-12T13:00:47.126308+00:00,200,6570.07,
2026-09-12T13:00:48.439984+00:00,200,5257.68,
2026-09-12T13:00:29.769067+00:00,200,23929.87,
2026-09-12T13:00:30.327951+00:00,200,23379.9,
2026-09-12T13:00:51.961887+00:00,200,1757.91,
2026-09-12T13:00:50.013696+00:00,200,3709.6,
2026-09-12T13:00:39.268515+00:00,200,14460.45,
2026-09-12T13:00:51.038342+00:00,200,2696.33,
2026-09-12T13:00:42.582496+00:00,200,11213.32,
2026-09-12T13:00:37.043224+00:00,200,16763.81,
2026-09-12T13:00:33.792699+00:00,200,20029.14,
2026-09-12T13:00:42.665516+00:00,200,11184.69,
2026-09-12T13:00:41.143631+00:00,200,12710.83,
2026-09-12T13:00:51.628704+00:00,200,2229.02,
2026-09-12T13:00:45.507167+00:00,200,8360.99,
2026-09-12T13:00:42.316676+00:00,200,11554.44,
2026-09-12T13:00:42.212228+00:00,200,11697.36,
2026-09-12T13:00:53.046830+00:00,200,873.35,
2026-09-12T13:00:48.897683+00:00,200,5026.01,
2026-09-12T13:00:42.208699+00:00,200,11725.4,
2026-09-12T13:00:32.711268+00:00,200,21226.8,
2026-09-12T13:00:47.728292+00:00,200,6221.54,
2026-09-12T13:00:38.292415+00:00,200,15671.59,
2026-09-12T13:00:34.644669+00:00,200,19327.52,
2026-09-12T13:00:43.980958+00:00,200,9999.94,
2026-09-12T13:00:39.490217+00:00,200,14521.0,
2026-09-12T13:00:47.566024+00:00,200,6450.4,
2026-09-12T13:00:50.523500+00:00,200,3511.37,
2026-09-12T13:00:43.552187+00:00,200,10532.6,
2026-09-12T13:00:37.307943+00:00,200,16779.76,
2026-09-12T13:00:53.353224+00:00,200,739.94,
2026-09-12T13:00:50.647787+00:00,200,3448.41,
2026-09-12T13:00:41.587714+00:00,200,12511.7,
2026-09-12T13:00:25.781871+00:00,200,28322.26,
2026-09-12T13:00:49.001780+00:00,200,5107.29,
2026-09-12T13:00:52.006824+00:00,200,2115.96,
2026-09-12T13:00:27.058336+00:00,200,27095.63,
2026-09-12T13:00:53.964017+00:00,200,206.19,
2026-09-12T13:00:51.147209+00:00,200,3032.47,
2026-09-12T13:00:45.907076+00:00,200,8277.95,
2026-09-12T13:00:46.194429+00:00,200,8001.87,
2026-09-12T13:00:27.296329+00:00,200,26901.41,
2026-09-12T13:00:31.033064+00:00,200,23166.07,
2026-09-12T13:00:36.428567+00:00,200,17829.11,
2026-09-12T13:00:51.583994+00:00,200,2675.85,
2026-09-12T13:00:51.079380+00:00,200,3185.9,
2026-09-12T13:00:41.719264+00:00,200,12578.32,
2026-09-12T13:00:34.271989+00:00,200,20029.63,
2026-09-12T13:00:42.047380+00:00,200,12291.69,
2026-09-12T13:00:52.142405+00:00,200,2202.2,
2026-09-12T13:00:23.789343+00:00,200,30559.62,
2026-09-12T13:00:54.122810+00:00,200,228.77,
2026-09-12T13:00:35.170598+00:00,200,19184.82,
2026-09-12T13:00:33.133475+00:00,200,21226.06,
2026-09-12T13:00:48.399133+00:00,200,5963.6,
2026-09-12T13:00:40.551551+00:00,200,13814.32,
2026-09-12T13:00:52.409595+00:00,200,1965.2,
2026-09-12T13:00:49.931649+00:00,200,4477.45,
2026-09-12T13:00:48.327449+00:00,200,6091.23,
2026-09-12T13:00:32.478220+00:00,200,21944.83,
2026-09-12T13:00:27.775442+00:00,200,26656.36,
2026-09-12T13:00:46.487230+00:00,200,7946.85,
2026-09-12T13:00:35.485009+00:00,200,18980.21,
2026-09-12T13:00:47.035338+00:00,200,7463.54,
2026-09-12T13:00:53.091027+00:00,200,1414.61,
2026-09-12T13:00:37.303798+00:00,200,17219.4,
2026-09-12T13:00:37.236512+00:00,200,17309.79,
2026-09-12T13:00:52.133239+00:00,200,2415.6,
2026-09-12T13:00:48.819363+00:00,200,5732.04,
2026-09-12T13:00:38.030967+00:00,200,16526.48,
2026-09-12T13:00:39.706299+00:00,200,14860.24,
2026-09-12T13:00:35.259671+00:00,200,19314.38,
2026-09-12T13:00:50.653579+00:00,200,3960.27,
2026-09-12T13:00:40.912428+00:00,200,13709.24,
2026-09-12T13:00:46.377055+00:00,200,8251.01,
2026-09-12T13:00:51.871680+00:00,200,2778.01,
2026-09-12T13:00:32.071059+00:00,200,22591.13,
2026-09-12T13:00:48.220465+00:00,200,6452.39,
2026-09-12T13:00:51.720320+00:00,200,2956.42,
2026-09-12T13:00:44.380482+00:00,200,10330.46,
2026-09-12T13:00:46.308286+00:00,200,8404.65,
2026-09-12T13:00:29.614818+00:00,200,25101.45,
2026-09-12T13:00:47.563655+00:00,200,7173.55,
2026-09-12T13:00:46.959186+00:00,200,7782.41,
2026-09-12T13:00:26.745330+00:00,200,28005.6,
2026-09-12T13:00:27.249275+00:00,200,27513.78,
2026-09-12T13:00:36.950788+00:00,200,17814.35,
2026-09-12T13:00:37.362208+00:00,200,17412.65,
2026-09-12T13:00:35.824245+00:00,200,18965.92,
2026-09-12T13:00:46.722919+00:00,200,8069.25,
2026-09-12T13:00:50.005766+00:00,200,4823.87,
2026-09-12T13:00:42.412864+00:00,200,12428.5,
2026-09-12T13:00:39.476601+00:00,200,15394.75,
2026-09-12T13:00:33.947023+00:00,200,20931.37,
2026-09-12T13:00:51.170474+00:00,200,3709.31,
2026-09-12T13:00:23.414663+00:00,200,31466.51,
2026-09-12T13:00:19.262108+00:00,200,35648.12,
2026-09-12T13:00:53.463506+00:00,200,1455.75,
2026-09-12T13:00:39.264329+00:00,200,15656.83,
2026-09-12T13:00:27.617635+00:00,200,27308.49,
2026-09-12T13:00:40.495752+00:00,200,14459.17,
2026-09-12T13:00:40.584825+00:00,200,14388.76,
2026-09-12T13:00:45.237584+00:00,200,9742.8,
2026-09-12T13:00:39.630768+00:00,200,15360.71,
2026-09-12T13:00:30.220539+00:00,200,24786.5,
2026-09-12T13:00:41.129703+00:00,200,13880.01,
2026-09-12T13:00:42.488457+00:00,200,12536.29,
2026-09-12T13:00:45.718166+00:00,200,9314.63,
2026-09-12T13:00:42.305315+00:00,200,12737.22,
2026-09-12T13:00:52.157374+00:00,200,2886.77,
2026-09-12T13:00:53.642521+00:00,200,1431.05,
2026-09-12T13:00:29.489118+00:00,200,25594.65,
2026-09-12T13:00:30.199894+00:00,200,24888.01,
2026-09-12T13:00:38.222796+00:00,200,16868.54,
2026-09-12T13:00:48.087114+00:00,200,7025.04,
2026-09-12T13:00:46.799859+00:00,200,8313.96,
2026-09-12T13:00:20.377408+00:00,200,34756.7,
2026-09-12T13:00:40.080968+00:00,200,15056.15,
2026-09-12T13:00:39.214797+00:00,200,15936.73,
2026-09-12T13:00:40.263007+00:00,200,14903.39,
2026-09-12T13:00:40.386532+00:00,200,14795.28,
2026-09-12T13:00:35.729038+00:00,200,19460.65,
2026-09-12T13:00:42.256618+00:00,200,12941.43,
2026-09-12T13:00:54.479265+00:00,200,732.24,
2026-09-12T13:00:33.839376+00:00,200,21381.34,
2026-09-12T13:00:28.927686+00:00,200,26326.21,
2026-09-12T13:00:47.762302+00:00,200,7494.9,
2026-09-12T13:00:46.774775+00:00,200,8490.6,
2026-09-12T13:00:55.073593+00:00,200,216.96,
2026-09-12T13:00:51.288795+00:00,200,4003.43,
2026-09-12T13:00:45.295901+00:00,200,10009.25,
2026-09-12T13:00:49.508786+00:00,200,5804.02,
2026-09-12T13:00:54.045509+00:00,200,1280.36,
2026-09-12T13:00:35.579330+00:00,200,19761.07,
2026-09-12T13:00:51.372577+00:00,200,3971.84,
2026-09-12T13:00:29.522303+00:00,200,25831.5,
2026-09-12T13:00:51.953286+00:00,200,3402.08,
2026-09-12T13:00:51.978937+00:00,200,3379.8,
2026-09-12T13:00:39.407475+00:00,200,15959.63,
2026-09-12T13:00:48.033889+00:00,200,7339.65,
2026-09-12T13:00:52.423053+00:00,200,3002.02,
2026-09-12T13:00:50.282138+00:00,200,5151.54,
2026-09-12T13:00:45.482942+00:00,200,9952.32,
2026-09-12T13:00:49.735382+00:00,200,5714.14,
2026-09-12T13:00:50.559897+00:00,200,4894.41,
2026-09-12T13:00:44.099212+00:00,200,11361.2,
2026-09-12T13:00:36.790621+00:00,200,18681.12,
2026-09-12T13:00:47.292470+00:00,200,8193.77,
2026-09-12T13:00:48.926459+00:00,200,6561.22,
2026-09-12T13:00:54.153987+00:00,200,1346.26,
2026-09-12T13:00:34.075175+00:00,200,21426.73,
2026-09-12T13:00:36.737259+00:00,200,18786.27,
2026-09-12T13:00:29.377513+00:00,200,26151.27,
2026-09-12T13:00:53.257700+00:00,200,2290.34,
2026-09-12T13:00:55.344424+00:00,200,205.08,
2026-09-12T13:00:49.602129+00:00,200,5952.85,
2026-09-12T13:00:44.590870+00:00,200,10992.01,
2026-09-12T13:00:52.923009+00:00,200,2700.45,
2026-09-12T13:00:48.321049+00:00,200,7304.8,
2026-09-12T13:00:27.029116+00:00,200,28607.45,
2026-09-12T13:00:34.742452+00:00,200,20908.53,
2026-09-12T13:00:40.021710+00:00,200,15666.1,
2026-09-12T13:00:41.588357+00:00,200,14107.83,
2026-09-12T13:00:38.958666+00:00,200,16750.69,
2026-09-12T13:00:25.605737+00:00,200,30120.58,
2026-09-12T13:00:36.455243+00:00,200,19273.36,
2026-09-12T13:00:50.771690+00:00,200,4959.78,
2026-09-12T13:00:50.942215+00:00,200,4794.86,
2026-09-12T13:00:49.700127+00:00,200,6061.8,
2026-09-12T13:00:41.830260+00:00,200,13936.53,
2026-09-12T13:00:49.390279+00:00,200,6379.87,
2026-09-12T13:00:39.304974+00:00,200,16472.17,
2026-09-12T13:00:53.696388+00:00,200,2101.01,
2026-09-12T13:00:39.200655+00:00,200,16598.88,
2026-09-12T13:00:50.229257+00:00,200,5581.98,
2026-09-12T13:00:54.023213+00:00,200,1804.34,
2026-09-12T13:00:32.177228+00:00,200,23655.46,
2026-09-12T13:00:28.682506+00:00,200,27151.66,
2026-09-12T13:00:36.904892+00:00,200,18971.06,
2026-09-12T13:00:40.979520+00:00,200,14900.57,
2026-09-12T13:00:49.451145+00:00,200,6430.67,
2026-09-12T13:00:37.443937+00:00,200,18463.03,
2026-09-12T13:00:54.190730+00:00,200,1720.54,
2026-09-12T13:00:45.457397+00:00,200,10465.01,
2026-09-12T13:00:29.542426+00:00,200,26408.83,
2026-09-12T13:00:47.436100+00:00,200,8519.0,
2026-09-12T13:00:48.546140+00:00,200,7415.73,
2026-09-12T13:00:53.277888+00:00,200,2706.07,
2026-09-12T13:00:50.212694+00:00,200,5823.14,
2026-09-12T13:00:40.765623+00:00,200,15273.0,
2026-09-12T13:00:42.821762+00:00,200,13219.12,
2026-09-12T13:00:36.507804+00:00,200,19570.1,
2026-09-12T13:00:50.970745+00:00,200,5117.16,
2026-09-12T13:00:40.969133+00:00,200,15134.27,
2026-09-12T13:00:34.161646+00:00,200,21949.75,
2026-09-12T13:00:48.053548+00:00,200,8062.66,
2026-09-12T13:00:54.792180+00:00,200,1334.99,
2026-09-12T13:00:52.334317+00:00,200,3795.39,
2026-09-12T13:00:45.795636+00:00,200,10352.58,
2026-09-12T13:00:24.733041+00:00,200,31442.28,
2026-09-12T13:00:49.906396+00:00,200,6271.51,
2026-09-12T13:00:54.926131+00:00,200,1286.24,
2026-09-12T13:00:54.179692+00:00,200,2036.4,
2026-09-12T13:00:45.343323+00:00,200,10880.26,
2026-09-12T13:00:28.423378+00:00,200,27813.91,
2026-09-12T13:00:51.535190+00:00,200,4716.17,
2026-09-12T13:00:44.700994+00:00,200,11592.88,
2026-09-12T13:00:38.046462+00:00,200,18249.95,
2026-09-12T13:00:37.098827+00:00,200,19206.15,
2026-09-12T13:00:40.125379+00:00,200,16183.15,
2026-09-12T13:00:53.570394+00:00,200,2744.01,
2026-09-12T13:00:53.795839+00:00,200,2536.69,
2026-09-12T13:00:49.935199+00:00,200,6399.69,
2026-09-12T13:00:28.904124+00:00,200,27446.68,
2026-09-12T13:00:50.699730+00:00,200,5653.63,
2026-09-12T13:00:42.063511+00:00,200,14300.09,
2026-09-12T13:00:52.603716+00:00,200,3766.45,
2026-09-12T13:00:41.177635+00:00,200,15202.62,
2026-09-12T13:00:37.384171+00:00,200,19016.91,
2026-09-12T13:00:49.569961+00:00,200,6848.04,
2026-09-12T13:00:50.318654+00:00,200,6132.4,
2026-09-12T13:00:42.151252+00:00,200,14320.4,
2026-09-12T13:00:47.465618+00:00,200,9012.34,
2026-09-12T13:00:48.657507+00:00,200,7836.28,
2026-09-12T13:00:48.694161+00:00,200,7812.32,
2026-09-12T13:00:45.924963+00:00,200,10618.29,
2026-09-12T13:00:36.204793+00:00,200,20351.04,
2026-09-12T13:00:43.254049+00:00,200,13347.01,
2026-09-12T13:00:39.055314+00:00,200,17559.16,
2026-09-12T13:00:30.025405+00:00,200,26625.58,
2026-09-12T13:00:54.615138+00:00,200,2038.21,
2026-09-12T13:00:38.415909+00:00,200,18257.64,
2026-09-12T13:00:54.621675+00:00,200,2069.64,
2026-09-12T13:00:51.828933+00:00,200,4868.4,
2026-09-12T13:00:56.035841+00:00,200,673.05,
2026-09-12T13:00:42.684023+00:00,200,14027.13,
2026-09-12T13:00:36.145767+00:00,200,20572.45,
2026-09-12T13:00:48.046516+00:00,200,8689.9,
2026-09-12T13:00:52.434423+00:00,200,4312.37,
2026-09-12T13:00:40.972058+00:00,200,15776.18,
2026-09-12T13:00:52.277196+00:00,200,4474.0,
2026-09-12T13:00:55.409143+00:00,200,1344.28,
2026-09-12T13:00:56.506490+00:00,200,276.99,
2026-09-12T13:00:37.552052+00:00,200,19233.33,
2026-09-12T13:00:56.543269+00:00,200,271.31,
2026-09-12T13:00:56.148239+00:00,200,676.55,
2026-09-12T13:00:51.762497+00:00,200,5099.51,
2026-09-12T13:00:36.606879+00:00,200,20270.15,
2026-09-12T13:00:52.995811+00:00,200,3900.79,
2026-09-12T13:00:45.040003+00:00,200,11865.42,
2026-09-12T13:00:52.578000+00:00,200,4342.98,
2026-09-12T13:00:40.559168+00:00,200,16374.0,
2026-09-12T13:00:41.185478+00:00,200,15752.48,
2026-09-12T13:00:40.294145+00:00,200,16646.46,
2026-09-12T13:00:56.748249+00:00,200,200.4,
2026-09-12T13:00:52.253508+00:00,200,4708.73,
2026-09-12T13:00:25.945738+00:00,200,31033.55,
2026-09-12T13:00:42.454108+00:00,200,14527.29,
2026-09-12T13:00:37.898958+00:00,200,19097.88,
2026-09-12T13:00:46.908288+00:00,200,10111.96,
2026-09-12T13:00:34.390497+00:00,200,22633.17,
2026-09-12T13:00:29.721808+00:00,200,27306.79,
2026-09-12T13:00:28.274253+00:00,200,28761.79,
2026-09-12T13:00:54.412190+00:00,200,2656.87,
2026-09-12T13:00:52.946832+00:00,200,4127.24,
2026-09-12T13:00:42.190511+00:00,200,14890.22,
2026-09-12T13:00:53.562866+00:00,200,3525.65,
2026-09-12T13:00:54.628079+00:00,200,2461.94,
2026-09-12T13:00:40.505283+00:00,200,16588.01,
2026-09-12T13:00:53.734683+00:00,200,3370.68,
2026-09-12T13:00:43.602373+00:00,200,13518.25,
2026-09-12T13:00:46.421334+00:00,200,10714.47,
2026-09-12T13:00:36.147347+00:00,200,20994.24,
2026-09-12T13:00:37.317399+00:00,200,19848.71,
2026-09-12T13:00:48.069672+00:00,200,9116.11,
2026-09-12T13:00:47.870998+00:00,200,9333.62,
2026-09-12T13:00:53.938077+00:00,200,3280.15,
2026-09-12T13:00:44.651934+00:00,200,12576.94,
2026-09-12T13:00:52.914626+00:00,200,4344.29,
2026-09-12T13:00:49.261812+00:00,200,7999.1,
2026-09-12T13:00:53.702795+00:00,200,3559.48,
2026-09-12T13:00:29.679002+00:00,200,27587.98,
2026-09-12T13:00:50.450002+00:00,200,6834.35,
2026-09-12T13:00:56.818348+00:00,200,472.48,
2026-09-12T13:00:49.274568+00:00,200,8017.62,
2026-09-12T13:00:50.187645+00:00,200,7164.5,
2026-09-12T13:00:30.495638+00:00,200,26860.8,
2026-09-12T13:00:38.192210+00:00,200,19183.22,
2026-09-12T13:00:37.437107+00:00,200,19960.76,
2026-09-12T13:00:50.086313+00:00,200,7330.23,
2026-09-12T13:00:43.984156+00:00,200,13451.97,
2026-09-12T13:00:54.790176+00:00,200,2654.2,
2026-09-12T13:00:56.451069+00:00,200,995.58,
2026-09-12T13:00:29.391348+00:00,200,28058.4,
2026-09-12T13:00:52.606348+00:00,200,4849.93,
2026-09-12T13:00:45.733903+00:00,200,11760.89,
2026-09-12T13:00:57.292198+00:00,200,208.43,
2026-09-12T13:00:44.345064+00:00,200,13177.21,
2026-09-12T13:00:54.294493+00:00,200,3232.23,
2026-09-12T13:00:53.457283+00:00,200,4087.29,
2026-09-12T13:00:57.344178+00:00,200,207.32,
2026-09-12T13:00:52.842401+00:00,200,4719.7,
2026-09-12T13:00:47.787895+00:00,200,9783.59,
2026-09-12T13:00:53.989304+00:00,200,3583.77,
2026-09-12T13:00:56.296418+00:00,200,1279.7,
2026-09-12T13:00:23.966797+00:00,200,33628.33,
2026-09-12T13:00:45.384369+00:00,200,12213.57,
2026-09-12T13:00:39.575321+00:00,200,18081.83,
2026-09-12T13:00:51.882946+00:00,200,5801.06,
2026-09-12T13:00:40.408259+00:00,200,17278.77,
2026-09-12T13:00:40.286970+00:00,200,17407.44,
2026-09-12T13:00:45.501182+00:00,200,12207.12,
2026-09-12T13:00:29.287772+00:00,200,28431.15,
2026-09-12T13:00:47.431463+00:00,200,10325.47,
2026-09-12T13:00:51.436900+00:00,200,6322.08,
2026-09-12T13:00:56.460742+00:00,200,1323.95,
2026-09-12T13:00:55.373548+00:00,200,2431.37,
2026-09-12T13:00:40.554927+00:00,200,17261.85,
2026-09-12T13:00:42.876757+00:00,200,14944.82,
2026-09-12T13:00:30.871277+00:00,200,26975.78,
2026-09-12T13:00:44.058848+00:00,200,13790.42,
2026-09-12T13:00:48.683502+00:00,200,9175.12,
2026-09-12T13:00:49.741706+00:00,200,8118.85,
2026-09-12T13:00:52.896278+00:00,200,4965.94,
2026-09-12T13:00:43.416195+00:00,200,14450.84,
2026-09-12T13:00:31.069008+00:00,200,26804.7,
2026-09-12T13:00:54.973599+00:00,200,2922.56,
2026-09-12T13:00:49.149533+00:00,200,8763.63,
2026-09-12T13:00:56.461771+00:00,200,1470.64,
2026-09-12T13:00:53.327543+00:00,200,4641.14,
2026-09-12T13:00:50.814184+00:00,200,7165.0,
2026-09-12T13:00:54.365881+00:00,200,3657.73,
2026-09-12T13:00:57.785981+00:00,200,239.14,
2026-09-12T13:00:47.363137+00:00,200,10671.59,
2026-09-12T13:00:48.726855+00:00,200,9309.69,
2026-09-12T13:00:41.030165+00:00,200,17019.61,
2026-09-12T13:00:44.975472+00:00,200,13082.67,
2026-09-12T13:00:39.472679+00:00,200,18595.28,
2026-09-12T13:00:41.411857+00:00,200,16661.42,
2026-09-12T13:00:42.848558+00:00,200,15226.24,
2026-09-12T13:00:39.711278+00:00,200,18415.67,
2026-09-12T13:00:45.884554+00:00,200,12244.01,
2026-09-12T13:00:56.314411+00:00,200,1817.51,
2026-09-12T13:00:53.209543+00:00,200,4943.43,
2026-09-12T13:00:37.576142+00:00,200,20590.92,
2026-09-12T13:00:51.934299+00:00,200,6234.21,
2026-09-12T13:00:51.910145+00:00,200,6261.05,
2026-09-12T13:00:42.227417+00:00,200,15945.37,
2026-09-12T13:00:40.463956+00:00,200,17710.41,
2026-09-12T13:00:23.870466+00:00,200,34306.05,
2026-09-12T13:00:55.782045+00:00,200,2439.54,
2026-09-12T13:00:40.168445+00:00,200,18071.23,
2026-09-12T13:00:37.002122+00:00,200,21248.68,
2026-09-12T13:00:48.436586+00:00,200,9833.59,
2026-09-12T13:00:34.333866+00:00,200,23940.98,
2026-09-12T13:00:51.847919+00:00,200,6428.49,
2026-09-12T13:00:41.637129+00:00,200,16674.04,
2026-09-12T13:00:38.926611+00:00,200,19401.57,
2026-09-12T13:00:48.977769+00:00,200,9355.59,
2026-09-12T13:00:55.761941+00:00,200,2589.95,
2026-09-12T13:00:49.356088+00:00,200,9008.13,
2026-09-12T13:00:52.951344+00:00,200,5456.6,
2026-09-12T13:00:39.422461+00:00,200,18990.29,
2026-09-12T13:00:48.521979+00:00,200,9894.92,
2026-09-12T13:00:39.448313+00:00,200,18976.38,
2026-09-12T13:00:40.247281+00:00,200,18181.62,
2026-09-12T13:00:56.824801+00:00,200,1605.54,
2026-09-12T13:00:53.719809+00:00,200,4719.64,
2026-09-12T13:00:44.803726+00:00,200,13637.16,
2026-09-12T13:00:57.674687+00:00,200,793.69,
2026-09-12T13:00:54.099418+00:00,200,4404.21,
2026-09-12T13:00:41.417694+00:00,200,17089.74,
2026-09-12T13:00:39.463120+00:00,200,19081.22,
2026-09-12T13:00:39.558940+00:00,200,18988.63,
2026-09-12T13:00:41.519964+00:00,200,17032.05,
2026-09-12T13:00:47.930732+00:00,200,10661.89,
2026-09-12T13:00:32.714234+00:00,200,25881.14,
2026-09-12T13:00:46.004191+00:00,200,12596.38,
2026-09-12T13:00:47.460716+00:00,200,11144.82,
2026-09-12T13:00:55.454313+00:00,200,3153.0,
2026-09-12T13:00:45.262173+00:00,200,13372.32,
2026-09-12T13:00:36.084572+00:00,200,22569.53,
2026-09-12T13:00:57.318600+00:00,200,1357.42,
2026-09-12T13:00:32.553803+00:00,200,26140.21,
2026-09-12T13:00:51.064018+00:00,200,7641.68,
2026-09-12T13:00:31.410583+00:00,200,27297.57,
2026-09-12T13:00:49.706254+00:00,200,9048.68,
2026-09-12T13:00:49.718790+00:00,200,9045.43,
2026-09-12T13:00:54.649700+00:00,200,4123.25,
2026-09-12T13:00:56.962252+00:00,200,1826.78,
2026-09-12T13:00:32.241218+00:00,200,26555.42,
2026-09-12T13:00:36.861485+00:00,200,21949.7,
2026-09-12T13:00:42.315254+00:00,200,16498.08,
2026-09-12T13:00:49.482842+00:00,200,9331.71,
2026-09-12T13:00:50.165943+00:00,200,8649.87,
2026-09-12T13:00:51.890512+00:00,200,6935.03,
2026-09-12T13:00:48.246488+00:00,200,10585.02,
2026-09-12T13:00:39.765705+00:00,200,19079.8,
2026-09-12T13:00:39.464222+00:00,200,19382.88,
2026-09-12T13:00:50.846471+00:00,200,8020.24,
2026-09-12T13:00:50.149968+00:00,200,8718.2,
2026-09-12T13:00:49.082277+00:00,200,9792.63,
2026-09-12T13:00:53.019068+00:00,200,5859.78,
2026-09-12T13:00:58.634508+00:00,200,266.96,
2026-09-12T13:00:57.657177+00:00,200,1292.38,
2026-09-12T13:00:51.037063+00:00,200,7920.01,
2026-09-12T13:00:45.014730+00:00,200,13950.09,
2026-09-12T13:00:53.561332+00:00,200,5416.49,
2026-09-12T13:00:33.837875+00:00,200,25142.1,
2026-09-12T13:00:36.931934+00:00,200,22063.12,
2026-09-12T13:00:38.165488+00:00,200,20836.2,
2026-09-12T13:00:52.296783+00:00,200,6736.0,
2026-09-12T13:00:48.828637+00:00,200,10205.92,
2026-09-12T13:00:46.150760+00:00,200,12894.68,
2026-09-12T13:00:52.656490+00:00,200,6412.91,
2026-09-12T13:00:49.652799+00:00,200,9419.53,
2026-09-12T13:00:42.079207+00:00,200,17004.09,
2026-09-12T13:00:36.911519+00:00,200,22213.36,
2026-09-12T13:00:52.569928+00:00,200,6558.05,
2026-09-12T13:00:46.718659+00:00,200,12428.6,
2026-09-12T13:00:54.930860+00:00,200,4221.65,
2026-09-12T13:00:49.142736+00:00,200,10014.0,
2026-09-12T13:00:46.174188+00:00,200,12999.43,
2026-09-12T13:00:55.508376+00:00,200,3668.42,
2026-09-12T13:00:52.555197+00:00,200,6675.15,
2026-09-12T13:00:56.975100+00:00,200,2267.74,
2026-09-12T13:00:54.644564+00:00,200,4605.71,
2026-09-12T13:00:44.749707+00:00,200,14506.1,
2026-09-12T13:00:46.221789+00:00,200,13039.83,
2026-09-12T13:00:52.727760+00:00,200,6553.74,
2026-09-12T13:00:53.627764+00:00,200,5657.43,
2026-09-12T13:00:36.852874+00:00,200,22442.56,
2026-09-12T13:00:45.721507+00:00,200,13585.37,
2026-09-12T13:00:49.989396+00:00,200,9320.34,
2026-09-12T13:00:54.829651+00:00,200,4492.66,
2026-09-12T13:00:54.788527+00:00,200,4548.18,
2026-09-12T13:00:58.641455+00:00,200,707.08,
2026-09-12T13:00:50.291344+00:00,200,9066.53,
2026-09-12T13:00:40.781940+00:00,200,18597.17,
2026-09-12T13:00:53.893554+00:00,200,5488.62,
2026-09-12T13:00:51.268871+00:00,200,8137.85,
2026-09-12T13:00:31.053524+00:00,200,28357.13,
2026-09-12T13:00:52.802053+00:00,200,6625.91,
2026-09-12T13:00:46.123166+00:00,200,13310.97,
2026-09-12T13:00:57.446648+00:00,200,2002.24,
2026-09-12T13:00:49.079775+00:00,200,10372.78,
2026-09-12T13:00:38.393994+00:00,200,21070.09,
2026-09-12T13:00:42.449622+00:00,200,17022.87,
2026-09-12T13:00:37.407657+00:00,200,22067.32,
2026-09-12T13:00:29.070512+00:00,200,30432.37,
2026-09-12T13:00:53.378548+00:00,200,6129.82,
2026-09-12T13:00:40.450334+00:00,200,19061.79,
2026-09-12T13:00:46.102328+00:00,200,13429.32,
2026-09-12T13:00:42.668058+00:00,200,16888.23,
2026-09-12T13:00:33.931229+00:00,200,25638.85,
2026-09-12T13:00:44.607007+00:00,200,14999.79,
2026-09-12T13:00:56.546118+00:00,200,3075.92,
2026-09-12T13:00:49.190003+00:00,200,10437.66,
2026-09-12T13:00:36.212862+00:00,200,23419.08,
2026-09-12T13:00:35.111786+00:00,200,24525.15,
2026-09-12T13:00:36.387593+00:00,200,23266.74,
2026-09-12T13:00:57.228887+00:00,200,2426.84,
2026-09-12T13:00:39.801391+00:00,200,19867.06,
2026-09-12T13:00:56.751201+00:00,200,2939.23,
2026-09-12T13:00:55.007054+00:00,200,4708.81,
2026-09-12T13:00:55.386190+00:00,200,4337.62,
2026-09-12T13:00:52.037144+00:00,200,7700.13,
2026-09-12T13:00:51.812467+00:00,200,7935.36,
2026-09-12T13:00:53.469304+00:00,200,6281.7,
2026-09-12T13:00:49.362791+00:00,200,10392.13,
2026-09-12T13:00:42.521373+00:00,200,17244.69,
2026-09-12T13:00:51.987051+00:00,200,7835.19,
2026-09-12T13:00:57.913182+00:00,200,1911.25,
2026-09-12T13:00:30.150609+00:00,200,29693.62,
2026-09-12T13:00:39.915694+00:00,200,19931.0,
2026-09-12T13:00:59.606819+00:00,200,243.93,
2026-09-12T13:00:59.627674+00:00,200,241.76,
2026-09-12T13:00:30.704545+00:00,200,29168.19,
2026-09-12T13:00:53.097026+00:00,200,6816.03,
2026-09-12T13:00:52.822945+00:00,200,7097.4,
2026-09-12T13:00:44.747971+00:00,200,15180.99,
2026-09-12T13:00:58.239693+00:00,200,1692.74,
2026-09-12T13:00:49.676595+00:00,200,10275.44,
2026-09-12T13:00:53.506590+00:00,200,6461.63,
2026-09-12T13:00:55.487683+00:00,200,4498.12,
2026-09-12T13:00:37.493743+00:00,200,22511.04,
2026-09-12T13:00:41.800544+00:00,200,18208.03,
2026-09-12T13:00:59.130538+00:00,200,882.02,
2026-09-12T13:00:51.551060+00:00,200,8464.55,
2026-09-12T13:00:47.008140+00:00,200,13025.54,
2026-09-12T13:00:41.666257+00:00,200,18373.63,
2026-09-12T13:00:35.539751+00:00,200,24515.91,
2026-09-12T13:00:56.212389+00:00,200,3860.42,
2026-09-12T13:00:45.876034+00:00,200,14212.44,
2026-09-12T13:00:59.634025+00:00,200,461.12,
2026-09-12T13:00:57.444389+00:00,200,2668.46,
2026-09-12T13:00:46.176943+00:00,200,13945.1,
2026-09-12T13:00:49.766118+00:00,200,10414.87,
2026-09-12T13:00:56.933181+00:00,200,3250.4,
2026-09-12T13:00:32.467709+00:00,200,27750.48,
2026-09-12T13:00:51.532540+00:00,200,8687.53,
2026-09-12T13:00:55.220727+00:00,200,5007.11,
2026-09-12T13:00:58.036552+00:00,200,2193.7,
2026-09-12T13:00:31.207322+00:00,200,29027.56,
2026-09-12T13:00:45.672256+00:00,200,14579.71,
2026-09-12T13:00:52.396914+00:00,200,7866.68,
2026-09-12T13:00:58.360918+00:00,200,1910.21,
2026-09-12T13:00:59.915287+00:00,200,364.65,
2026-09-12T13:00:52.744714+00:00,200,7554.42,
2026-09-12T13:00:42.983891+00:00,200,17324.23,
2026-09-12T13:00:56.940612+00:00,200,3370.19,
2026-09-12T13:00:42.328667+00:00,200,17995.99,
2026-09-12T13:00:59.245132+00:00,200,1080.91,
2026-09-12T13:00:51.152571+00:00,200,9179.8,
2026-09-12T13:00:46.056076+00:00,200,14279.11,
2026-09-12T13:00:49.624672+00:00,200,10712.36,
2026-09-12T13:00:51.342300+00:00,200,9001.13,
2026-09-12T13:00:58.800454+00:00,200,1555.63,
2026-09-12T13:00:45.260155+00:00,200,15098.13,
2026-09-12T13:00:46.983441+00:00,200,13401.96,
2026-09-12T13:00:40.476002+00:00,200,19938.11,
2026-09-12T13:00:49.538071+00:00,200,10882.51,
2026-09-12T13:00:55.705974+00:00,200,4731.11,
2026-09-12T13:00:45.437330+00:00,200,15022.84,
2026-09-12T13:00:56.695029+00:00,200,3769.4,
2026-09-12T13:00:26.796132+00:00,200,33681.48,
2026-09-12T13:00:50.833512+00:00,200,9680.0,
2026-09-12T13:00:41.540844+00:00,200,18978.26,
2026-09-12T13:00:37.306674+00:00,200,23220.22,
2026-09-12T13:00:41.397853+00:00,200,19162.4,
2026-09-12T13:00:55.535579+00:00,200,5037.35,
2026-09-12T13:00:22.691856+00:00,200,37892.47,
2026-09-12T13:00:53.297158+00:00,200,7321.93,
2026-09-12T13:00:59.448899+00:00,200,1212.21,
2026-09-12T13:00:54.787384+00:00,200,5879.21,
2026-09-12T13:00:58.468395+00:00,200,2199.66,
2026-09-12T13:00:43.645640+00:00,200,17028.83,
2026-09-12T13:00:57.761754+00:00,200,2914.97,
2026-09-12T13:01:00.464431+00:00,200,234.07,
2026-09-12T13:00:30.059899+00:00,200,30642.32,
2026-09-12T13:00:59.299198+00:00,200,1424.71,
2026-09-12T13:00:36.656592+00:00,200,24073.17,
2026-09-12T13:00:48.137899+00:00,200,12646.5,
2026-09-12T13:01:00.308141+00:00,200,482.21,
2026-09-12T13:00:52.352130+00:00,200,8449.66,
2026-09-12T13:00:47.904152+00:00,200,12922.45,
2026-09-12T13:00:38.957396+00:00,200,21875.89,
2026-09-12T13:00:50.190772+00:00,200,10662.99,
2026-09-12T13:00:45.250802+00:00,200,15629.27,
2026-09-12T13:00:41.347730+00:00,200,19543.39,
2026-09-12T13:00:49.214109+00:00,200,11693.93,
2026-09-12T13:00:51.389302+00:00,200,9526.23,
2026-09-12T13:00:50.139772+00:00,200,10790.08,
2026-09-12T13:00:30.003831+00:00,200,30934.21,
2026-09-12T13:00:26.271420+00:00,200,34697.33,
2026-09-12T13:00:43.843817+00:00,200,17126.35,
2026-09-12T13:00:27.538033+00:00,200,33440.4,
2026-09-12T13:00:47.459772+00:00,200,13521.26,
2026-09-12T13:00:50.104087+00:00,200,10892.85,
2026-09-12T13:00:55.727147+00:00,200,5278.94,
2026-09-12T13:00:56.979299+00:00,200,4072.19,
2026-09-12T13:00:53.488509+00:00,200,7565.65,
2026-09-12T13:00:48.493050+00:00,200,12563.64,
2026-09-12T13:00:47.493593+00:00,200,13564.99,
2026-09-12T13:00:25.627225+00:00,200,35452.44,
2026-09-12T13:00:46.488201+00:00,200,14610.79,
2026-09-12T13:00:59.384890+00:00,200,1722.25,
2026-09-12T13:00:42.801976+00:00,200,18308.74,
2026-09-12T13:00:57.080746+00:00,200,4033.28,
2026-09-12T13:00:50.094970+00:00,200,11021.01,
2026-09-12T13:01:00.651632+00:00,200,478.12,
2026-09-12T13:00:50.766119+00:00,200,10368.35,
2026-09-12T13:00:47.475306+00:00,200,13669.81,
2026-09-12T13:00:51.672655+00:00,200,9479.52,
2026-09-12T13:00:54.259847+00:00,200,6896.69,
2026-09-12T13:00:44.315525+00:00,200,16847.92,
2026-09-12T13:00:45.915983+00:00,200,15272.98,
2026-09-12T13:00:53.550308+00:00,200,7661.5,
2026-09-12T13:00:51.223658+00:00,200,9993.67,
2026-09-12T13:00:48.029273+00:00,200,13191.69,
2026-09-12T13:01:00.456145+00:00,200,781.2,
2026-09-12T13:00:39.898133+00:00,200,21347.44,
2026-09-12T13:00:46.484664+00:00,200,14775.88,
2026-09-12T13:00:39.246712+00:00,200,22047.72,
2026-09-12T13:00:55.942407+00:00,200,5405.72,
2026-09-12T13:00:55.601709+00:00,200,5750.66,
2026-09-12T13:00:41.362769+00:00,200,19992.86,
2026-09-12T13:00:55.916233+00:00,200,5463.76,
2026-09-12T13:00:59.737303+00:00,200,1649.85,
2026-09-12T13:00:27.239813+00:00,200,34168.33,
2026-09-12T13:00:31.676103+00:00,200,29770.99,
2026-09-12T13:00:49.910732+00:00,200,11544.53,
2026-09-12T13:00:30.747163+00:00,200,30748.4,
2026-09-12T13:00:36.922319+00:00,200,24636.19,
2026-09-12T13:00:51.440491+00:00,200,10129.62,
2026-09-12T13:00:53.101497+00:00,200,8478.95,
2026-09-12T13:00:31.918996+00:00,200,29663.47,
2026-09-12T13:00:50.616528+00:00,200,10967.59,
2026-09-12T13:00:54.613874+00:00,200,6971.61,
2026-09-12T13:00:58.845517+00:00,200,2741.58,
2026-09-12T13:00:57.945454+00:00,200,3643.44,
2026-09-12T13:00:51.651664+00:00,200,9938.86,
2026-09-12T13:00:50.344454+00:00,200,11247.82,
2026-09-12T13:00:53.726146+00:00,200,7867.75,
2026-09-12T13:00:49.754782+00:00,200,11859.46,
2026-09-12T13:00:38.641906+00:00,200,22976.06,
2026-09-12T13:00:42.187568+00:00,200,19441.7,
2026-09-12T13:00:59.382181+00:00,200,2248.62,
2026-09-12T13:00:40.573369+00:00,200,21058.96,
2026-09-12T13:00:50.982566+00:00,200,10651.67,
2026-09-12T13:00:59.878052+00:00,200,1758.07,
2026-09-12T13:00:57.128781+00:00,200,4525.36,
2026-09-12T13:00:42.301470+00:00,200,19371.61,
2026-09-12T13:00:53.301838+00:00,200,8373.7,
2026-09-12T13:00:55.128547+00:00,200,6548.6,
2026-09-12T13:00:51.048486+00:00,200,10663.1,
2026-09-12T13:00:59.850753+00:00,200,1868.29,
2026-09-12T13:00:51.311497+00:00,200,10442.22,
2026-09-12T13:00:35.459041+00:00,200,26359.88,
2026-09-12T13:00:50.208474+00:00,200,11621.29,
2026-09-12T13:00:51.699595+00:00,200,10135.71,
2026-09-12T13:00:27.299536+00:00,200,34540.57,
2026-09-12T13:00:50.186670+00:00,200,11672.75,
2026-09-12T13:00:55.443773+00:00,200,6442.52,
2026-09-12T13:00:48.128322+00:00,200,13772.11,
2026-09-12T13:00:41.860920+00:00,200,20043.75,
2026-09-12T13:00:59.295450+00:00,200,2614.87,
2026-09-12T13:00:58.825556+00:00,200,3089.06,
2026-09-12T13:00:58.023629+00:00,200,3925.74,
2026-09-12T13:00:51.861403+00:00,200,10101.01,
2026-09-12T13:00:29.346058+00:00,200,32634.52,
2026-09-12T13:00:49.287407+00:00,200,12718.31,
2026-09-12T13:00:43.704387+00:00,200,18309.26,
2026-09-12T13:00:29.251755+00:00,200,32772.87,
2026-09-12T13:00:36.059238+00:00,200,25973.67,
2026-09-12T13:00:42.557576+00:00,200,19486.39,
2026-09-12T13:00:43.558526+00:00,200,18501.85,
2026-09-12T13:00:49.899137+00:00,200,12180.27,
2026-09-12T13:00:45.698783+00:00,200,16402.14,
2026-09-12T13:00:54.189835+00:00,200,7950.9,
2026-09-12T13:00:46.135672+00:00,200,16028.38,
2026-09-12T13:00:54.465235+00:00,200,7702.59,
2026-09-12T13:00:45.059214+00:00,200,17131.17,
2026-09-12T13:00:58.278562+00:00,200,3932.42,
2026-09-12T13:00:55.460423+00:00,200,6773.41,
2026-09-12T13:00:27.999169+00:00,200,34282.34,
2026-09-12T13:00:32.380465+00:00,200,29907.89,
2026-09-12T13:00:56.350815+00:00,200,5944.15,
2026-09-12T13:00:53.761617+00:00,200,8543.4,
2026-09-12T13:00:41.453745+00:00,200,20855.12,
2026-09-12T13:00:53.042022+00:00,200,9269.54,
2026-09-12T13:00:55.728605+00:00,200,6584.91,
2026-09-12T13:00:28.160970+00:00,200,34180.78,
2026-09-12T13:00:48.859939+00:00,200,13483.61,
2026-09-12T13:00:48.570382+00:00,200,13777.49,
2026-09-12T13:00:50.442056+00:00,200,11914.97,
2026-09-12T13:01:01.680646+00:00,200,687.96,
2026-09-12T13:00:57.858630+00:00,200,4551.88,
2026-09-12T13:00:57.295082+00:00,200,5127.26,
2026-09-12T13:00:47.202613+00:00,200,15271.53,
2026-09-12T13:00:59.920360+00:00,200,2558.25,
2026-09-12T13:00:54.170219+00:00,200,8319.18,
2026-09-12T13:00:56.194217+00:00,200,6304.07,
2026-09-12T13:00:39.399291+00:00,200,23107.0,
2026-09-12T13:00:49.023687+00:00,200,13547.02,
2026-09-12T13:00:52.715317+00:00,200,9874.05,
2026-09-12T13:00:53.373880+00:00,200,9285.02,
2026-09-12T13:01:00.560269+00:00,200,2108.46,
2026-09-12T13:00:55.198054+00:00,200,7488.45,
2026-09-12T13:00:36.792650+00:00,200,25929.35,
2026-09-12T13:00:28.871054+00:00,200,33865.77,
2026-09-12T13:00:51.722455+00:00,200,11051.8,
2026-09-12T13:00:53.380951+00:00,200,9401.1,
2026-09-12T13:01:00.870368+00:00,200,1936.05,
2026-09-12T13:01:01.585484+00:00,200,1258.74,
2026-09-12T13:00:45.047215+00:00,200,17804.13,
2026-09-12T13:00:49.262674+00:00,200,13591.15,
2026-09-12T13:00:49.939648+00:00,200,12918.34,
2026-09-12T13:00:51.354418+00:00,200,11517.78,
2026-09-12T13:00:40.173962+00:00,200,22714.95,
2026-09-12T13:01:01.584123+00:00,200,1310.76,
2026-09-12T13:00:47.065092+00:00,200,15832.08,
2026-09-12T13:00:42.331342+00:00,200,20600.63,
2026-09-12T13:01:00.004805+00:00,200,2931.56,
2026-09-12T13:00:54.505656+00:00,200,8432.5,
2026-09-12T13:00:25.684355+00:00,200,37262.45,
2026-09-12T13:01:02.570730+00:00,200,391.41,
2026-09-12T13:00:23.326056+00:00,200,39654.02,
2026-09-12T13:00:42.623093+00:00,200,20461.92,
2026-09-12T13:00:54.359538+00:00,200,8742.55,
2026-09-12T13:00:51.203987+00:00,200,11908.08,
2026-09-12T13:00:58.831519+00:00,200,4303.99,
2026-09-12T13:00:55.655541+00:00,200,7492.83,
2026-09-12T13:00:41.040349+00:00,200,22113.52,
2026-09-12T13:00:55.582887+00:00,200,7572.9,
2026-09-12T13:00:39.715154+00:00,200,23461.58,
2026-09-12T13:00:44.542168+00:00,200,18655.56,
2026-09-12T13:00:35.055955+00:00,200,28163.59,
2026-09-12T13:00:28.658653+00:00,200,34582.9,
2026-09-12T13:01:02.946813+00:00,200,314.57,
2026-09-12T13:00:47.959086+00:00,200,15308.27,
2026-09-12T13:00:41.227821+00:00,200,22046.47,
2026-09-12T13:00:54.100995+00:00,200,9199.74,
2026-09-12T13:00:49.803354+00:00,200,13535.93,
2026-09-12T13:00:58.933114+00:00,200,4412.35,
2026-09-12T13:00:51.249909+00:00,200,12115.11,
2026-09-12T13:01:01.416010+00:00,200,1970.58,
2026-09-12T13:00:42.270860+00:00,200,21126.44,
2026-09-12T13:00:59.127987+00:00,200,4279.16,
2026-09-12T13:00:57.356442+00:00,200,6054.18,
2026-09-12T13:00:47.138084+00:00,200,16320.46,
2026-09-12T13:00:55.277909+00:00,200,8202.33,
2026-09-12T13:00:54.339087+00:00,200,9151.57,
2026-09-12T13:00:46.935454+00:00,200,16556.98,
2026-09-12T13:00:54.199143+00:00,200,9306.16,
2026-09-12T13:00:25.351822+00:00,200,38159.9,
2026-09-12T13:00:46.543829+00:00,200,16974.07,
2026-09-12T13:00:59.242851+00:00,200,4290.62,
2026-09-12T13:00:40.005714+00:00,200,23530.56,
2026-09-12T13:00:40.812432+00:00,200,22777.05,
2026-09-12T13:00:39.425914+00:00,200,24174.12,
2026-09-12T13:00:50.507127+00:00,200,13096.2,
2026-09-12T13:00:58.167079+00:00,200,5472.99,
2026-09-12T13:00:45.781049+00:00,200,17864.92,
2026-09-12T13:00:57.840663+00:00,200,5809.51,
2026-09-12T13:00:52.510151+00:00,200,11150.37,
2026-09-12T13:00:56.976145+00:00,200,6689.81,
2026-09-12T13:00:29.424677+00:00,200,34280.73,
2026-09-12T13:00:53.868169+00:00,200,9852.41,
2026-09-12T13:00:27.132198+00:00,200,36598.57,
2026-09-12T13:00:53.723303+00:00,200,10069.68,
2026-09-12T13:00:51.391224+00:00,200,12414.13,
2026-09-12T13:01:01.363377+00:00,200,2444.76,
2026-09-12T13:00:41.954330+00:00,200,21894.83,
2026-09-12T13:00:51.426277+00:00,200,12441.33,
2026-09-12T13:00:56.380273+00:00,200,7499.19,
2026-09-12T13:00:55.360439+00:00,200,8520.98,
2026-09-12T13:00:46.750786+00:00,200,17137.81,
2026-09-12T13:00:58.487172+00:00,200,5421.73,
2026-09-12T13:00:52.970321+00:00,200,10945.29,
2026-09-12T13:01:02.967436+00:00,200,964.91,
2026-09-12T13:00:28.323196+00:00,200,35632.5,
2026-09-12T13:01:03.039002+00:00,200,934.59,
2026-09-12T13:00:49.548732+00:00,200,14465.73,
2026-09-12T13:00:45.109647+00:00,200,18932.8,
2026-09-12T13:00:24.130779+00:00,200,39933.98,
2026-09-12T13:00:47.601109+00:00,200,16475.36,
2026-09-12T13:01:00.938049+00:00,200,3142.47,
2026-09-12T13:00:57.804936+00:00,200,6280.36,
2026-09-12T13:00:54.352550+00:00,200,9737.87,
2026-09-12T13:00:51.313155+00:00,200,12785.43,
2026-09-12T13:00:35.081690+00:00,200,29059.62,
2026-09-12T13:01:00.908057+00:00,200,3248.56,
2026-09-12T13:00:59.076510+00:00,200,5131.33,
2026-09-12T13:00:34.362113+00:00,200,29850.41,
2026-09-12T13:00:40.519326+00:00,200,23698.53,
2026-09-12T13:00:59.188886+00:00,200,5104.41,
2026-09-12T13:01:01.455292+00:00,200,2852.04,
2026-09-12T13:01:02.851357+00:00,200,1506.42,
2026-09-12T13:00:45.406440+00:00,200,18953.72,
2026-09-12T13:00:49.829740+00:00,200,14542.74,
2026-09-12T13:00:57.215784+00:00,200,7179.49,
2026-09-12T13:00:57.062389+00:00,200,7346.93,
2026-09-12T13:00:46.391117+00:00,200,18032.68,
2026-09-12T13:00:51.291553+00:00,200,13170.31,
2026-09-12T13:00:28.431367+00:00,200,36050.33,
2026-09-12T13:00:41.784008+00:00,200,22712.68,
2026-09-12T13:00:50.932378+00:00,200,13574.91,
2026-09-12T13:00:56.342887+00:00,200,8168.46,
2026-09-12T13:01:04.141327+00:00,200,375.2,
2026-09-12T13:00:41.273509+00:00,200,23255.54,
2026-09-12T13:00:59.581354+00:00,200,4966.22,
2026-09-12T13:00:44.021777+00:00,200,20531.42,
2026-09-12T13:00:49.879735+00:00,200,14675.4,
2026-09-12T13:00:42.119996+00:00,200,22438.72,
2026-09-12T13:00:57.758994+00:00,200,6856.52,
2026-09-12T13:00:58.026723+00:00,200,6591.22,
2026-09-12T13:00:52.638701+00:00,200,12015.74,
2026-09-12T13:00:56.920988+00:00,200,7742.11,
2026-09-12T13:00:52.047181+00:00,200,12639.18,
2026-09-12T13:00:54.355420+00:00,200,10334.21,
2026-09-12T13:00:54.954944+00:00,200,9814.93,
2026-09-12T13:00:35.868111+00:00,200,28905.48,
2026-09-12T13:00:57.262284+00:00,200,7543.28,
2026-09-12T13:00:20.701375+00:00,200,44118.29,
2026-09-12T13:00:31.017637+00:00,200,33804.13,
2026-09-12T13:01:00.968771+00:00,200,3857.96,
2026-09-12T13:01:00.666604+00:00,200,4192.15,
2026-09-12T13:00:39.057230+00:00,200,25807.56,
2026-09-12T13:01:00.702229+00:00,200,4166.26,
2026-09-12T13:00:51.867314+00:00,200,13009.89,
2026-09-12T13:01:01.220972+00:00,200,3681.55,
2026-09-12T13:00:42.341923+00:00,200,22614.75,
2026-09-12T13:00:48.858458+00:00,200,16104.24,
2026-09-12T13:00:57.094853+00:00,200,7874.59,
2026-09-12T13:00:56.308538+00:00,200,8667.71,
2026-09-12T13:00:31.154263+00:00,200,33826.84,
2026-09-12T13:00:49.839296+00:00,200,15153.01,
2026-09-12T13:00:44.131046+00:00,200,20870.01,
2026-09-12T13:00:52.717140+00:00,200,12339.99,
2026-09-12T13:00:51.874540+00:00,200,13188.99,
2026-09-12T13:00:54.093170+00:00,200,10990.7,
2026-09-12T13:01:02.641391+00:00,200,2444.64,
2026-09-12T13:00:48.392749+00:00,200,16696.94,
2026-09-12T13:00:48.935136+00:00,200,16213.65,
2026-09-12T13:00:47.373867+00:00,200,17812.26,
2026-09-12T13:00:32.892114+00:00,200,32307.67,
2026-09-12T13:00:41.984089+00:00,200,23245.93,
2026-09-12T13:00:40.120877+00:00,200,25119.97,
2026-09-12T13:01:00.403559+00:00,200,4843.52,
2026-09-12T13:00:34.320456+00:00,200,30940.96,
2026-09-12T13:00:50.816058+00:00,200,14467.47,
2026-09-12T13:00:38.765202+00:00,200,26532.98,
2026-09-12T13:01:02.288369+00:00,200,3025.84,
2026-09-12T13:01:00.431168+00:00,200,4888.83,
2026-09-12T13:00:44.338291+00:00,200,20990.92,
2026-09-12T13:00:58.901490+00:00,200,6472.23,
2026-09-12T13:00:43.366594+00:00,200,22014.82,
2026-09-12T13:00:27.847503+00:00,200,37545.74,
2026-09-12T13:00:30.214784+00:00,200,35200.53,
2026-09-12T13:01:01.892112+00:00,200,3529.57,
2026-09-12T13:00:47.195617+00:00,200,18232.87,
2026-09-12T13:00:55.053716+00:00,200,10402.58,
2026-09-12T13:00:48.911080+00:00,200,16553.64,
2026-09-12T13:00:56.293889+00:00,200,9180.82,
2026-09-12T13:00:33.808553+00:00,200,31678.79,
2026-09-12T13:01:02.167830+00:00,200,3321.89,
2026-09-12T13:00:33.889131+00:00,200,31606.51,
2026-09-12T13:01:04.746978+00:00,200,761.94,
2026-09-12T13:00:44.608851+00:00,200,20923.18,
2026-09-12T13:00:48.890948+00:00,200,16652.53,
2026-09-12T13:01:02.786939+00:00,200,2765.24,
2026-09-12T13:00:49.748725+00:00,200,15840.11,
2026-09-12T13:00:32.561670+00:00,200,33041.28,
2026-09-12T13:00:54.587765+00:00,200,11039.25,
2026-09-12T13:01:00.310820+00:00,200,5330.11,
2026-09-12T13:01:04.959016+00:00,200,690.08,
2026-09-12T13:00:58.430354+00:00,200,7243.54,
2026-09-12T13:00:59.771697+00:00,200,5913.27,
2026-09-12T13:00:32.836076+00:00,200,32858.96,
2026-09-12T13:00:52.119759+00:00,200,13638.73,
2026-09-12T13:00:45.240632+00:00,200,20521.68,
2026-09-12T13:01:03.345475+00:00,200,2444.38,
2026-09-12T13:00:53.500287+00:00,200,12293.95,
2026-09-12T13:00:52.687717+00:00,200,13117.98,
2026-09-12T13:00:40.271805+00:00,200,25538.51,
2026-09-12T13:00:59.083310+00:00,200,6739.22,
2026-09-12T13:00:57.028604+00:00,200,8811.92,
2026-09-12T13:00:55.969049+00:00,200,9878.45,
2026-09-12T13:00:57.673754+00:00,200,8182.65,
2026-09-12T13:00:52.029685+00:00,200,13837.81,
2026-09-12T13:00:54.841382+00:00,200,11035.56,
2026-09-12T13:00:58.361995+00:00,200,7562.57,
2026-09-12T13:00:41.549138+00:00,200,24381.48,
2026-09-12T13:00:47.889478+00:00,200,18055.7,
2026-09-12T13:01:03.197737+00:00,200,2792.01,
2026-09-12T13:00:44.210926+00:00,200,21789.56,
2026-09-12T13:01:05.298192+00:00,200,714.74,
2026-09-12T13:00:59.872747+00:00,200,6152.47,
2026-09-12T13:00:26.762804+00:00,200,39299.28,
2026-09-12T13:00:55.021201+00:00,200,11051.95,
2026-09-12T13:01:03.490669+00:00,200,2587.03,
2026-09-12T13:00:45.324793+00:00,200,20763.12,
2026-09-12T13:00:51.430474+00:00,200,14702.08,
2026-09-12T13:01:04.960061+00:00,200,1174.26,
2026-09-12T13:01:02.894899+00:00,200,3255.58,
2026-09-12T13:01:00.012562+00:00,200,6147.3,
2026-09-12T13:00:53.923705+00:00,200,12276.62,
2026-09-12T13:01:02.336279+00:00,200,3892.89,
2026-09-12T13:00:37.410966+00:00,200,28825.85,
2026-09-12T13:01:02.484293+00:00,200,3766.92,
2026-09-12T13:00:58.053237+00:00,200,8204.63,
2026-09-12T13:00:38.719977+00:00,200,27573.36,
2026-09-12T13:00:57.784707+00:00,200,8539.0,
2026-09-12T13:00:35.793143+00:00,200,30540.59,
2026-09-12T13:00:57.352161+00:00,200,9019.07,
2026-09-12T13:01:00.430315+00:00,200,5944.32,
2026-09-12T13:00:57.260919+00:00,200,9121.23,
2026-09-12T13:00:35.245333+00:00,200,31162.69,
2026-09-12T13:00:53.584818+00:00,200,12845.13,
2026-09-12T13:00:49.999669+00:00,200,16432.54,
2026-09-12T13:00:49.745116+00:00,200,16700.62,
2026-09-12T13:00:53.306746+00:00,200,13166.98,
2026-09-12T13:01:00.033700+00:00,200,6468.46,
2026-09-12T13:01:03.867613+00:00,200,2716.62,
2026-09-12T13:00:56.023528+00:00,200,10581.11,
2026-09-12T13:00:57.849276+00:00,200,8771.44,
2026-09-12T13:00:43.025443+00:00,200,23612.88,
2026-09-12T13:00:54.881181+00:00,200,11768.18,
2026-09-12T13:00:39.419209+00:00,200,27238.44,
2026-09-12T13:01:00.868622+00:00,200,5852.7,
2026-09-12T13:00:54.553372+00:00,200,12172.83,
2026-09-12T13:00:47.878603+00:00,200,18859.32,
2026-09-12T13:00:37.675895+00:00,200,29075.95,
2026-09-12T13:00:36.930286+00:00,200,29823.03,
2026-09-12T13:00:23.624761+00:00,200,43133.53,
2026-09-12T13:00:43.247877+00:00,200,23516.87,
2026-09-12T13:01:01.914621+00:00,200,4860.33,
2026-09-12T13:00:59.176802+00:00,200,7628.77,
2026-09-12T13:00:54.362738+00:00,200,12447.88,
2026-09-12T13:00:28.105405+00:00,200,38713.67,
2026-09-12T13:01:04.183288+00:00,200,2640.53,
2026-09-12T13:00:58.338345+00:00,200,8508.82,
2026-09-12T13:01:06.502179+00:00,200,349.5,
2026-09-12T13:00:56.630004+00:00,200,10223.47,
2026-09-12T13:00:43.375155+00:00,200,23503.04,
2026-09-12T13:00:55.222975+00:00,200,11673.72,
2026-09-12T13:00:31.616007+00:00,200,35349.56,
2026-09-12T13:01:06.298416+00:00,200,669.98,
2026-09-12T13:01:05.762318+00:00,200,1209.46,
2026-09-12T13:00:42.307110+00:00,200,24684.31,
2026-09-12T13:00:58.221598+00:00,200,8772.92,
2026-09-12T13:00:59.963340+00:00,200,7042.35,
2026-09-12T13:01:01.408151+00:00,200,5604.32,
2026-09-12T13:01:06.476623+00:00,200,539.28,
2026-09-12T13:01:01.512628+00:00,200,5542.77,
2026-09-12T13:00:55.797415+00:00,200,11272.8,
2026-09-12T13:01:02.692647+00:00,200,4431.85,
2026-09-12T13:01:00.173936+00:00,200,6962.51,
2026-09-12T13:00:35.342615+00:00,200,31808.38,
2026-09-12T13:00:50.462503+00:00,200,16690.0,
2026-09-12T13:00:52.530142+00:00,200,14663.77,
2026-09-12T13:00:58.868173+00:00,200,8343.36,
2026-09-12T13:01:06.937534+00:00,200,351.53,
2026-09-12T13:00:39.141981+00:00,200,28166.78,
2026-09-12T13:00:53.850225+00:00,200,13467.36,
2026-09-12T13:01:06.713410+00:00,200,606.91,
2026-09-12T13:00:59.570092+00:00,200,7753.2,
2026-09-12T13:00:54.418693+00:00,200,12906.07,
2026-09-12T13:01:01.051507+00:00,200,6280.01,
2026-09-12T13:01:01.590529+00:00,200,5754.28,
2026-09-12T13:00:42.337804+00:00,200,25026.55,
2026-09-12T13:00:58.796687+00:00,200,8575.04,
2026-09-12T13:00:43.310260+00:00,200,24064.75,
2026-09-12T13:00:45.504361+00:00,200,21877.54,
2026-09-12T13:01:00.530447+00:00,200,6860.84,
2026-09-12T13:01:07.136456+00:00,200,280.8,
2026-09-12T13:00:48.230858+00:00,200,19209.06,
2026-09-12T13:01:03.155794+00:00,200,4288.73,
2026-09-12T13:00:19.546876+00:00,200,47913.05,
2026-09-12T13:00:42.675854+00:00,200,24786.2,
2026-09-12T13:00:57.811353+00:00,200,9659.1,
2026-09-12T13:00:57.873713+00:00,200,9621.99,
2026-09-12T13:00:28.619906+00:00,200,38877.31,
2026-09-12T13:01:00.102608+00:00,200,7402.28,
2026-09-12T13:00:52.223930+00:00,200,15291.52,
2026-09-12T13:00:54.196308+00:00,200,13332.63,
2026-09-12T13:00:48.367992+00:00,200,19201.91,
2026-09-12T13:00:55.880100+00:00,200,11731.41,
2026-09-12T13:00:31.441958+00:00,200,36176.86,
2026-09-12T13:00:40.200290+00:00,200,27423.71,
2026-09-12T13:00:46.669005+00:00,200,21012.49,
2026-09-12T13:00:52.384074+00:00,200,15325.18,
2026-09-12T13:01:01.309210+00:00,200,6419.39,
2026-09-12T13:00:36.187837+00:00,200,31542.38,
2026-09-12T13:00:55.333780+00:00,200,12411.2,
2026-09-12T13:00:58.754951+00:00,200,9032.79,
2026-09-12T13:00:58.448379+00:00,200,9352.69,
2026-09-12T13:00:35.176734+00:00,200,32638.33,
2026-09-12T13:00:55.884027+00:00,200,11937.66,
2026-09-12T13:00:36.650026+00:00,200,31180.64,
2026-09-12T13:01:03.437359+00:00,200,4413.22,
2026-09-12T13:01:00.279947+00:00,200,7586.65,
2026-09-12T13:00:35.120011+00:00,200,32748.19,
2026-09-12T13:00:51.345131+00:00,200,16553.1,
2026-09-12T13:00:22.462561+00:00,200,45441.28,
2026-09-12T13:01:07.129862+00:00,200,776.81,
2026-09-12T13:00:58.351904+00:00,200,9562.78,
2026-09-12T13:00:43.229396+00:00,200,24687.33,
2026-09-12T13:00:52.450431+00:00,200,15478.88,
2026-09-12T13:00:44.555136+00:00,200,23378.62,
2026-09-12T13:01:06.150487+00:00,200,1793.33,
2026-09-12T13:01:03.313043+00:00,200,4632.38,
2026-09-12T13:00:36.319812+00:00,200,31639.56,
2026-09-12T13:01:02.037858+00:00,200,5932.1,
2026-09-12T13:00:50.447937+00:00,200,17541.93,
2026-09-12T13:00:55.355380+00:00,200,12637.52,
2026-09-12T13:00:57.475363+00:00,200,10533.66,
2026-09-12T13:00:32.376133+00:00,200,35649.73,
2026-09-12T13:00:42.774408+00:00,200,25257.48,
2026-09-12T13:00:58.595380+00:00,200,9452.36,
2026-09-12T13:00:52.245024+00:00,200,15819.26,
2026-09-12T13:01:02.782065+00:00,200,5286.38,
2026-09-12T13:00:52.859034+00:00,200,15242.45,
2026-09-12T13:00:57.562109+00:00,200,10546.29,
2026-09-12T13:00:51.455765+00:00,200,16697.3,
2026-09-12T13:00:43.699676+00:00,200,24463.35,
2026-09-12T13:00:46.201154+00:00,200,22008.66,
2026-09-12T13:01:01.859431+00:00,200,6365.76,
2026-09-12T13:01:02.576244+00:00,200,5668.06,
2026-09-12T13:00:38.452296+00:00,200,29799.29,
2026-09-12T13:00:55.024755+00:00,200,13230.09,
2026-09-12T13:01:07.459940+00:00,200,807.09,
2026-09-12T13:01:05.186146+00:00,200,3082.89,
2026-09-12T13:00:42.206753+00:00,200,26069.78,
2026-09-12T13:00:59.409060+00:00,200,8880.44,
2026-09-12T13:00:56.900363+00:00,200,11391.84,
2026-09-12T13:01:07.151017+00:00,200,1148.16,
2026-09-12T13:00:51.712380+00:00,200,16606.48,
2026-09-12T13:00:56.996852+00:00,200,11368.89,
2026-09-12T13:00:38.020588+00:00,200,30358.33,
2026-09-12T13:00:50.782603+00:00,200,17600.63,
2026-09-12T13:00:51.765793+00:00,200,16637.89,
2026-09-12T13:00:42.674796+00:00,200,25731.07,
2026-09-12T13:01:04.992325+00:00,200,3435.18,
2026-09-12T13:00:42.068427+00:00,200,26369.31,
2026-09-12T13:00:30.718428+00:00,200,37739.38,
2026-09-12T13:00:38.749838+00:00,200,29740.42,
2026-09-12T13:01:00.806782+00:00,200,7686.9,
2026-09-12T13:00:47.301443+00:00,200,21221.77,
2026-09-12T13:00:54.374800+00:00,200,14155.93,
2026-09-12T13:00:42.880302+00:00,200,25653.43,
2026-09-12T13:00:26.263106+00:00,200,42287.25,
2026-09-12T13:00:56.161428+00:00,200,12400.8,
2026-09-12T13:00:47.110896+00:00,200,21476.55,
2026-09-12T13:00:54.126202+00:00,200,14493.39,
2026-09-12T13:00:47.278876+00:00,200,21350.7,
2026-09-12T13:01:07.768212+00:00,200,863.01,
2026-09-12T13:00:48.592250+00:00,200,20054.98,
2026-09-12T13:00:31.487475+00:00,200,37189.87,
2026-09-12T13:01:01.803457+00:00,200,6876.26,
2026-09-12T13:00:28.234925+00:00,200,40450.41,
2026-09-12T13:00:45.286940+00:00,200,23403.9,
2026-09-12T13:00:53.384634+00:00,200,15307.79,
2026-09-12T13:01:05.627035+00:00,200,3073.45,
2026-09-12T13:00:42.218515+00:00,200,26490.23,
2026-09-12T13:00:55.367115+00:00,200,13343.89,
2026-09-12T13:01:04.826730+00:00,200,3888.27,
2026-09-12T13:00:49.093873+00:00,200,19638.1,
2026-09-12T13:01:03.948178+00:00,200,4788.59,
2026-09-12T13:00:35.888677+00:00,200,32858.42,
2026-09-12T13:01:05.945206+00:00,200,2812.66,
2026-09-12T13:00:36.435687+00:00,200,32354.99,
2026-09-12T13:00:57.595138+00:00,200,11201.53,
2026-09-12T13:00:54.676746+00:00,200,14133.45,
2026-09-12T13:01:04.293313+00:00,200,4549.22,
2026-09-12T13:00:29.237926+00:00,200,39616.04,
2026-09-12T13:00:54.669306+00:00,200,14206.7,
2026-09-12T13:01:00.332384+00:00,200,8553.48,
2026-09-12T13:00:46.393390+00:00,200,22495.87,
2026-09-12T13:00:28.855862+00:00,200,40044.02,
2026-09-12T13:00:55.500260+00:00,200,13401.15,
2026-09-12T13:01:01.211838+00:00,200,7767.91,
2026-09-12T13:00:37.399715+00:00,200,31604.04,
2026-09-12T13:00:40.547793+00:00,200,28459.74,
2026-09-12T13:00:36.313132+00:00,200,32710.74,
2026-09-12T13:00:56.237308+00:00,200,12830.88,
2026-09-12T13:00:54.741609+00:00,200,14360.22,
2026-09-12T13:00:40.943093+00:00,200,28162.93,
2026-09-12T13:01:05.602965+00:00,200,3505.15,
2026-09-12T13:01:00.358293+00:00,200,8758.16,
2026-09-12T13:00:53.419625+00:00,200,15716.96,
2026-09-12T13:00:26.771362+00:00,200,42367.54,
2026-09-12T13:01:07.943826+00:00,200,1229.63,
2026-09-12T13:01:03.407152+00:00,200,5769.43,
2026-09-12T13:01:06.566603+00:00,200,2613.28,
2026-09-12T13:00:50.417934+00:00,200,18780.65,
2026-09-12T13:00:58.001383+00:00,200,11202.09,
2026-09-12T13:01:05.057150+00:00,200,4227.73,
2026-09-12T13:00:54.109072+00:00,200,15200.58,
2026-09-12T13:00:57.394337+00:00,200,11921.25,
2026-09-12T13:00:47.405842+00:00,200,21912.81,
2026-09-12T13:00:58.073290+00:00,200,11280.01,
2026-09-12T13:01:02.774269+00:00,200,6605.69,
2026-09-12T13:00:56.844799+00:00,200,12577.79,
2026-09-12T13:00:39.885092+00:00,200,29547.7,
2026-09-12T13:00:29.929747+00:00,200,39510.43,
2026-09-12T13:01:03.855426+00:00,200,5589.27,
2026-09-12T13:01:01.335695+00:00,200,8149.42,
2026-09-12T13:00:57.127841+00:00,200,12362.26,
2026-09-12T13:00:58.074799+00:00,200,11450.74,
2026-09-12T13:01:04.031124+00:00,200,5506.31,
2026-09-12T13:01:03.645980+00:00,200,5894.17,
2026-09-12T13:00:28.614204+00:00,200,40941.07,
2026-09-12T13:00:47.030798+00:00,200,22529.95,
2026-09-12T13:01:05.688349+00:00,200,3880.63,
2026-09-12T13:00:38.147824+00:00,200,31424.27,
2026-09-12T13:00:55.687833+00:00,200,13905.1,
2026-09-12T13:00:29.131579+00:00,200,40469.21,
2026-09-12T13:00:59.747843+00:00,200,9874.56,
2026-09-12T13:01:05.650846+00:00,200,4023.92,
2026-09-12T13:01:02.076482+00:00,200,7629.28,
2026-09-12T13:01:05.007575+00:00,200,4709.45,
2026-09-12T13:01:08.523234+00:00,200,1201.06,
2026-09-12T13:00:32.123661+00:00,200,37603.83,
2026-09-12T13:00:55.917203+00:00,200,13816.21,
2026-09-12T13:00:35.670835+00:00,200,34070.27,
2026-09-12T13:00:44.697947+00:00,200,25058.65,
2026-09-12T13:00:44.704873+00:00,200,25058.14,
2026-09-12T13:01:02.186393+00:00,200,7593.2,
2026-09-12T13:00:40.760259+00:00,200,29022.5,
2026-09-12T13:00:49.345043+00:00,200,20468.15,
2026-09-12T13:00:51.109571+00:00,200,18741.15,
2026-09-12T13:00:49.626622+00:00,200,20251.77,
2026-09-12T13:00:50.375612+00:00,200,19530.07,
2026-09-12T13:01:03.392588+00:00,200,6539.61,
2026-09-12T13:01:07.344821+00:00,200,2606.7,
2026-09-12T13:00:50.304018+00:00,200,19649.38,
2026-09-12T13:00:45.651822+00:00,200,24314.43,
2026-09-12T13:00:30.627236+00:00,200,39343.94,
2026-09-12T13:00:48.835110+00:00,200,21149.99,
2026-09-12T13:00:49.096275+00:00,200,20900.38,
2026-09-12T13:01:00.356092+00:00,200,9671.11,
2026-09-12T13:00:37.943935+00:00,200,32097.85,
2026-09-12T13:00:46.773053+00:00,200,23284.98,
2026-09-12T13:00:58.155716+00:00,200,11908.8,
2026-09-12T13:00:31.914054+00:00,200,38178.19,
2026-09-12T13:00:28.661539+00:00,200,41438.0,
2026-09-12T13:00:36.531454+00:00,200,33572.92,
2026-09-12T13:00:44.445560+00:00,200,25697.18,
2026-09-12T13:00:59.556305+00:00,200,10606.33,
2026-09-12T13:00:49.574425+00:00,200,20600.63,
2026-09-12T13:00:53.380132+00:00,200,16813.71,
2026-09-12T13:01:09.189865+00:00,200,1014.08,
2026-09-12T13:00:40.739349+00:00,200,29469.34,
2026-09-12T13:01:08.209829+00:00,200,2026.29,
2026-09-12T13:00:51.739877+00:00,200,18505.69,
2026-09-12T13:01:08.778731+00:00,200,1481.58,
2026-09-12T13:01:00.343437+00:00,200,9941.07,
2026-09-12T13:01:03.397313+00:00,200,6899.95,
2026-09-12T13:00:58.990256+00:00,200,11319.4,
2026-09-12T13:00:55.353811+00:00,200,14961.25,
2026-09-12T13:01:00.282498+00:00,200,10044.51,
2026-09-12T13:01:05.673910+00:00,200,4665.48,
2026-09-12T13:01:04.207861+00:00,200,6161.0,
2026-09-12T13:00:59.069415+00:00,200,11309.09,
2026-09-12T13:01:08.498629+00:00,200,1894.88,
2026-09-12T13:00:57.786909+00:00,200,12609.99,
2026-09-12T13:01:02.357036+00:00,200,8041.39,
2026-09-12T13:01:08.957392+00:00,200,1471.37,
2026-09-12T13:00:58.171201+00:00,200,12265.48,
2026-09-12T13:00:35.374909+00:00,200,35069.66,
2026-09-12T13:01:04.426668+00:00,200,6022.19,
2026-09-12T13:00:51.647105+00:00,200,18851.36,
2026-09-12T13:01:02.013664+00:00,200,8486.47,
2026-09-12T13:00:59.941733+00:00,200,10583.82,
2026-09-12T13:01:07.204849+00:00,200,3323.75,
2026-09-12T13:01:03.312036+00:00,200,7224.68,
2026-09-12T13:00:53.602358+00:00,200,16938.31,
2026-09-12T13:01:04.883093+00:00,200,5678.22,
2026-09-12T13:00:57.702571+00:00,200,12874.17,
2026-09-12T13:01:01.675542+00:00,200,8937.09,
2026-09-12T13:01:06.904264+00:00,200,3741.41,
2026-09-12T13:01:06.037734+00:00,200,4641.86,
2026-09-12T13:01:09.923849+00:00,200,788.16,
2026-09-12T13:00:41.050558+00:00,200,29688.18,
2026-09-12T13:00:48.941492+00:00,200,21802.34,
2026-09-12T13:00:55.941314+00:00,200,14809.49,
2026-09-12T13:00:59.001692+00:00,200,11789.72,
2026-09-12T13:00:56.376621+00:00,200,14419.99,
2026-09-12T13:00:56.736431+00:00,200,14064.86,
2026-09-12T13:00:57.556043+00:00,200,13248.23,
2026-09-12T13:00:51.605897+00:00,200,19211.25,
2026-09-12T13:00:37.284676+00:00,200,33539.54,
2026-09-12T13:01:08.225212+00:00,200,2616.02,
2026-09-12T13:01:04.423807+00:00,200,6429.88,
2026-09-12T13:00:49.272668+00:00,200,21585.71,
2026-09-12T13:00:29.119382+00:00,200,41755.84,
2026-09-12T13:01:02.485793+00:00,200,8404.57,
2026-09-12T13:01:03.276627+00:00,200,7655.36,
2026-09-12T13:01:06.712222+00:00,200,4230.34,
2026-09-12T13:01:10.645694+00:00,200,312.08,
2026-09-12T13:00:49.383369+00:00,200,21576.11,
2026-09-12T13:00:50.946929+00:00,200,20026.65,
2026-09-12T13:01:04.797870+00:00,200,6243.37,
2026-09-12T13:01:05.433072+00:00,200,5609.94,
2026-09-12T13:00:35.076169+00:00,200,35970.0,
2026-09-12T13:00:39.974132+00:00,200,31074.38,
2026-09-12T13:01:04.686378+00:00,200,6378.7,
2026-09-12T13:01:09.924808+00:00,200,1153.34,
2026-09-12T13:00:47.574695+00:00,200,23513.2,
2026-09-12T13:00:38.818043+00:00,200,32278.67,
2026-09-12T13:00:58.694043+00:00,200,12404.8,
2026-09-12T13:00:53.807056+00:00,200,17300.25,
2026-09-12T13:01:02.784884+00:00,200,8337.13,
2026-09-12T13:00:31.648154+00:00,200,39506.91,
2026-09-12T13:00:49.860210+00:00,200,21306.73,
2026-09-12T13:01:02.043975+00:00,200,9140.32,
2026-09-12T13:00:47.170964+00:00,200,24021.49,
2026-09-12T13:00:59.822268+00:00,200,11377.79,
2026-09-12T13:01:01.955216+00:00,200,9250.05,
2026-09-12T13:01:08.647241+00:00,200,2577.33,
2026-09-12T13:00:55.993254+00:00,200,15263.35,
2026-09-12T13:01:09.108125+00:00,200,2187.07,
2026-09-12T13:01:00.869530+00:00,200,10429.22,
2026-09-12T13:00:35.017528+00:00,200,36297.24,
2026-09-12T13:00:55.091343+00:00,200,16228.98,
2026-09-12T13:00:58.128570+00:00,200,13214.03,
2026-09-12T13:00:55.290585+00:00,200,16063.76,
2026-09-12T13:01:01.163452+00:00,200,10234.22,
2026-09-12T13:01:02.686516+00:00,200,8720.41,
2026-09-12T13:01:03.219561+00:00,200,8192.34,
2026-09-12T13:00:53.174177+00:00,200,18254.07,
2026-09-12T13:00:38.803144+00:00,200,32636.72,
2026-09-12T13:00:25.491609+00:00,200,45999.53,
2026-09-12T13:00:46.208642+00:00,200,25290.39,
2026-09-12T13:00:36.966807+00:00,200,34540.12,
2026-09-12T13:00:58.305634+00:00,200,13204.39,
2026-09-12T13:00:55.549509+00:00,200,15992.61,
2026-09-12T13:00:53.414438+00:00,200,18138.38,
2026-09-12T13:01:01.215335+00:00,200,10360.86,
2026-09-12T13:00:44.392015+00:00,200,27194.64,
2026-09-12T13:01:01.677155+00:00,200,9929.91,
2026-09-12T13:01:09.116457+00:00,200,2510.09,
2026-09-12T13:01:07.528944+00:00,200,4111.3,
2026-09-12T13:00:54.245961+00:00,200,17420.71,
2026-09-12T13:00:57.020263+00:00,200,14697.9,
2026-09-12T13:00:51.352913+00:00,200,20374.05,
2026-09-12T13:00:56.127174+00:00,200,15620.82,
2026-09-12T13:01:08.662366+00:00,200,3114.11,
2026-09-12T13:00:35.521533+00:00,200,36287.75,
2026-09-12T13:00:42.432379+00:00,200,29379.2,
2026-09-12T13:00:46.500724+00:00,200,25321.28,
2026-09-12T13:00:59.553531+00:00,200,12311.51,
2026-09-12T13:01:07.497219+00:00,200,4383.72,
2026-09-12T13:00:50.525234+00:00,200,21361.32,
2026-09-12T13:00:50.818704+00:00,200,21077.1,
2026-09-12T13:01:00.729780+00:00,200,11184.02,
2026-09-12T13:00:53.326314+00:00,200,18608.44,
2026-09-12T13:01:09.068205+00:00,200,2870.94,
2026-09-12T13:00:57.576123+00:00,200,14380.37,
2026-09-12T13:00:40.967385+00:00,200,30997.1,
2026-09-12T13:00:47.242604+00:00,200,24724.16,
2026-09-12T13:00:48.319674+00:00,200,23665.66,
2026-09-12T13:00:35.990602+00:00,200,36000.8,
2026-09-12T13:00:57.088531+00:00,200,14907.48,
2026-09-12T13:01:01.156551+00:00,200,10849.87,
2026-09-12T13:00:52.502598+00:00,200,19507.73,
2026-09-12T13:01:10.926731+00:00,200,1142.52,
2026-09-12T13:00:52.058193+00:00,200,20040.24,
2026-09-12T13:00:41.889352+00:00,200,30212.53,
2026-09-12T13:01:08.814081+00:00,200,3295.26,
2026-09-12T13:01:10.213244+00:00,200,1903.23,
2026-09-12T13:01:10.396914+00:00,200,1745.97,
2026-09-12T13:01:06.436094+00:00,200,5708.22,
2026-09-12T13:00:52.008450+00:00,200,20184.67,
2026-09-12T13:00:58.439453+00:00,200,13758.58,
2026-09-12T13:01:07.911637+00:00,200,4302.23,
2026-09-12T13:00:46.353560+00:00,200,25863.94,
2026-09-12T13:01:00.385426+00:00,200,11854.29,
2026-09-12T13:00:45.474874+00:00,200,26774.63,
2026-09-12T13:00:36.633279+00:00,200,35630.25,
2026-09-12T13:00:47.882551+00:00,200,24387.64,
2026-09-12T13:00:57.694422+00:00,200,14602.33,
2026-09-12T13:00:54.557457+00:00,200,17748.78,
2026-09-12T13:00:32.954680+00:00,200,39355.01,
2026-09-12T13:00:41.339779+00:00,200,30977.57,
2026-09-12T13:00:49.074062+00:00,200,23246.5,
2026-09-12T13:00:49.214980+00:00,200,23113.88,
2026-09-12T13:00:49.129860+00:00,200,23209.75,
2026-09-12T13:00:39.131701+00:00,200,33227.72,
2026-09-12T13:01:01.447122+00:00,200,10919.8,
2026-09-12T13:00:43.152783+00:00,200,29221.12,
2026-09-12T13:01:04.902538+00:00,200,7502.35,
2026-09-12T13:00:46.197720+00:00,200,26210.97,
2026-09-12T13:00:42.840584+00:00,200,29573.19,
2026-09-12T13:01:06.389364+00:00,200,6036.88,
2026-09-12T13:00:59.464087+00:00,200,12968.39,
2026-09-12T13:01:11.646382+00:00,200,787.53,
2026-09-12T13:01:04.145088+00:00,200,8298.27,
2026-09-12T13:00:44.354370+00:00,200,28134.67,
2026-09-12T13:00:43.485262+00:00,200,29018.84,
2026-09-12T13:00:47.637961+00:00,200,24875.1,
2026-09-12T13:00:58.654126+00:00,200,13898.23,
2026-09-12T13:01:04.511354+00:00,200,8054.35,
2026-09-12T13:01:01.253953+00:00,200,11330.01,
2026-09-12T13:01:12.052445+00:00,200,571.44,
2026-09-12T13:00:48.247277+00:00,200,24379.92,
2026-09-12T13:00:56.948658+00:00,200,15682.47,
2026-09-12T13:01:05.983114+00:00,200,6663.25,
2026-09-12T13:00:49.841045+00:00,200,22839.49,
2026-09-12T13:01:11.304142+00:00,200,1409.0,
2026-09-12T13:00:45.697273+00:00,200,27061.8,
2026-09-12T13:00:30.123226+00:00,200,42637.16,
2026-09-12T13:00:55.523549+00:00,200,17245.73,
2026-09-12T13:00:37.294962+00:00,200,35476.12,
2026-09-12T13:00:45.674911+00:00,200,27103.8,
2026-09-12T13:00:48.701258+00:00,200,24078.93,
2026-09-12T13:00:59.828626+00:00,200,12953.04,
2026-09-12T13:00:55.166416+00:00,200,17630.26,
2026-09-12T13:01:12.552365+00:00,200,256.55,
2026-09-12T13:01:03.112076+00:00,200,9706.65,
2026-09-12T13:00:58.949575+00:00,200,13870.53,
2026-09-12T13:01:01.641537+00:00,200,11205.5,
2026-09-12T13:00:26.542316+00:00,200,46315.22,
2026-09-12T13:00:54.257693+00:00,200,18611.0,
2026-09-12T13:00:52.655641+00:00,200,20220.05,
2026-09-12T13:00:39.937668+00:00,200,32945.88,
2026-09-12T13:01:05.133507+00:00,200,7751.6,
2026-09-12T13:00:43.556418+00:00,200,29365.1,
2026-09-12T13:01:03.261396+00:00,200,9668.5,
2026-09-12T13:00:40.349116+00:00,200,32598.35,
2026-09-12T13:01:00.915545+00:00,200,12047.77,
2026-09-12T13:00:49.298471+00:00,200,23681.12,
2026-09-12T13:00:50.590727+00:00,200,22390.55,
2026-09-12T13:00:34.807822+00:00,200,38184.31,
2026-09-12T13:00:52.805619+00:00,200,20225.68,
2026-09-12T13:01:09.586904+00:00,200,3483.72,
2026-09-12T13:01:01.842889+00:00,200,11257.35,
2026-09-12T13:01:07.046096+00:00,200,6086.44,
2026-09-12T13:00:41.576050+00:00,200,31583.42,
2026-09-12T13:01:12.479743+00:00,200,704.42,
2026-09-12T13:01:06.445745+00:00,200,6759.16,
2026-09-12T13:00:50.114126+00:00,200,23093.36,
2026-09-12T13:00:38.575487+00:00,200,34640.9,
2026-09-12T13:00:50.248408+00:00,200,22991.26,
2026-09-12T13:01:12.480694+00:00,200,761.18,
2026-09-12T13:01:03.277857+00:00,200,9999.49,
2026-09-12T13:01:12.746817+00:00,200,541.53,
2026-09-12T13:01:05.230027+00:00,200,8061.35,
2026-09-12T13:01:03.908911+00:00,200,9395.79,
2026-09-12T13:01:03.614044+00:00,200,9693.45,
2026-09-12T13:00:53.207484+00:00,200,20101.46,
2026-09-12T13:01:13.070640+00:00,200,257.53,
2026-09-12T13:00:58.156636+00:00,200,15186.46,
2026-09-12T13:00:47.903042+00:00,200,25470.21,
2026-09-12T13:01:01.711606+00:00,200,11685.71,
2026-09-12T13:01:13.132556+00:00,200,270.15,
2026-09-12T13:01:10.649523+00:00,200,2790.42,
2026-09-12T13:00:59.824446+00:00,200,13617.76,
2026-09-12T13:01:13.159482+00:00,200,286.73,
2026-09-12T13:01:06.965583+00:00,200,6492.15,
2026-09-12T13:01:01.364238+00:00,200,12111.04,
2026-09-12T13:00:58.605539+00:00,200,14871.32,
2026-09-12T13:00:57.573079+00:00,200,15922.45,
2026-09-12T13:00:43.252258+00:00,200,30246.37,
2026-09-12T13:00:54.215834+00:00,200,19286.84,
2026-09-12T13:01:10.791435+00:00,200,2724.66,
2026-09-12T13:01:03.815278+00:00,200,9729.09,
2026-09-12T13:01:05.794243+00:00,200,7760.72,
2026-09-12T13:01:05.805706+00:00,200,7760.31,
2026-09-12T13:00:56.375557+00:00,200,17207.28,
2026-09-12T13:01:06.994525+00:00,200,6610.69,
2026-09-12T13:01:12.069273+00:00,200,1539.62,
2026-09-12T13:00:36.006500+00:00,200,37610.6,
2026-09-12T13:01:01.415001+00:00,200,12207.32,
2026-09-12T13:00:54.871369+00:00,200,18755.45,
2026-09-12T13:00:38.251140+00:00,200,35383.16,
2026-09-12T13:00:51.034389+00:00,200,22602.27,
2026-09-12T13:00:40.403706+00:00,200,33252.35,
2026-09-12T13:01:09.475084+00:00,200,4200.45,
2026-09-12T13:00:29.091656+00:00,200,44588.58,
2026-09-12T13:00:38.799252+00:00,200,34887.57,
2026-09-12T13:00:50.865289+00:00,200,22845.1,
2026-09-12T13:01:07.981170+00:00,200,5747.76,
2026-09-12T13:01:03.267366+00:00,200,10474.44,
2026-09-12T13:01:04.547583+00:00,200,9230.8,
2026-09-12T13:00:46.729743+00:00,200,27064.04,
2026-09-12T13:00:54.528880+00:00,200,19267.48,
2026-09-12T13:00:48.773864+00:00,200,25031.21,
2026-09-12T13:01:06.721337+00:00,200,7126.82,
2026-09-12T13:00:47.243834+00:00,200,26615.07,
2026-09-12T13:00:56.785394+00:00,200,17078.69,
2026-09-12T13:00:34.092460+00:00,200,39779.37,
2026-09-12T13:00:54.104135+00:00,200,19771.01,
2026-09-12T13:00:59.124897+00:00,200,14835.98,
2026-09-12T13:00:40.833422+00:00,200,33168.84,
2026-09-12T13:00:45.770629+00:00,200,28250.97,
2026-09-12T13:00:54.197746+00:00,200,19830.46,
2026-09-12T13:00:46.077360+00:00,200,27956.76,
2026-09-12T13:01:10.451703+00:00,200,3591.01,
2026-09-12T13:00:56.791745+00:00,200,17268.77,
2026-09-12T13:00:54.672866+00:00,200,19402.29,
2026-09-12T13:00:50.832243+00:00,200,23254.52,
2026-09-12T13:01:02.824190+00:00,200,11266.44,
2026-09-12T13:00:58.815813+00:00,200,15279.8,
2026-09-12T13:01:08.493691+00:00,200,5682.05,
2026-09-12T13:00:39.664359+00:00,200,34516.71,
2026-09-12T13:01:04.223102+00:00,200,9965.87,
2026-09-12T13:01:13.848176+00:00,200,355.7,
2026-09-12T13:00:28.697581+00:00,200,45531.89,
2026-09-12T13:01:09.991649+00:00,200,4246.35,
2026-09-12T13:00:43.038764+00:00,200,31204.63,
2026-09-12T13:01:09.231702+00:00,200,5026.28,
2026-09-12T13:00:39.743538+00:00,200,34523.58,
2026-09-12T13:01:06.906969+00:00,200,7365.8,
2026-09-12T13:00:48.024669+00:00,200,26295.17,
2026-09-12T13:01:11.506936+00:00,200,2849.55,
2026-09-12T13:01:06.038891+00:00,200,8346.78,
2026-09-12T13:00:53.616159+00:00,200,20797.93,
2026-09-12T13:01:11.576242+00:00,200,2839.33,
2026-09-12T13:00:53.270997+00:00,200,21146.7,
2026-09-12T13:01:07.898246+00:00,200,6532.57,
2026-09-12T13:00:41.242331+00:00,200,33200.37,
2026-09-12T13:00:42.866357+00:00,200,31638.3,
2026-09-12T13:01:03.159489+00:00,200,11382.13,
2026-09-12T13:00:38.927795+00:00,200,35617.54,
2026-09-12T13:01:03.004891+00:00,200,11542.62,
2026-09-12T13:01:02.435806+00:00,200,12113.5,
2026-09-12T13:01:02.865571+00:00,200,11685.48,
2026-09-12T13:01:04.473675+00:00,200,10119.14,
2026-09-12T13:00:54.245041+00:00,200,20353.24,
2026-09-12T13:00:57.416561+00:00,200,17200.14,
2026-09-12T13:00:51.017813+00:00,200,23613.97,
2026-09-12T13:01:13.920328+00:00,200,720.21,
2026-09-12T13:01:13.921268+00:00,200,720.86,
2026-09-12T13:00:48.857087+00:00,200,25787.39,
2026-09-12T13:01:06.649386+00:00,200,7997.4,
2026-09-12T13:01:07.258208+00:00,200,7390.69,
2026-09-12T13:01:02.931988+00:00,200,11718.98,
2026-09-12T13:01:13.072288+00:00,200,1613.51,
2026-09-12T13:00:59.173630+00:00,200,15513.95,
2026-09-12T13:01:00.674477+00:00,200,14022.94,
2026-09-12T13:00:30.393615+00:00,200,44327.55,
2026-09-12T13:01:10.428771+00:00,200,4296.15,
2026-09-12T13:00:36.510305+00:00,200,38221.08,
2026-09-12T13:00:46.036008+00:00,200,28699.18,
2026-09-12T13:00:59.045448+00:00,200,15691.99,
2026-09-12T13:01:11.934764+00:00,200,2804.85,
2026-09-12T13:01:13.031317+00:00,200,1710.41,
2026-09-12T13:01:03.610612+00:00,200,11133.52,
2026-09-12T13:00:54.073957+00:00,200,20672.85,
2026-09-12T13:00:40.236545+00:00,200,34512.57,
2026-09-12T13:00:58.906564+00:00,200,15845.13,
2026-09-12T13:00:53.526324+00:00,200,21228.18,
2026-09-12T13:00:52.454064+00:00,200,22302.72,
2026-09-12T13:01:05.930630+00:00,200,8828.48,
2026-09-12T13:01:03.774187+00:00,200,10987.63,
2026-09-12T13:00:39.356796+00:00,200,35407.42,
2026-09-12T13:00:39.420224+00:00,200,35346.28,
2026-09-12T13:00:46.922802+00:00,200,27935.06,
2026-09-12T13:00:40.848606+00:00,200,34011.68,
2026-09-12T13:01:07.124530+00:00,200,7738.78,
2026-09-12T13:00:50.251623+00:00,200,24615.04,
2026-09-12T13:01:09.560753+00:00,200,5308.59,
2026-09-12T13:00:52.493565+00:00,200,22378.52,
2026-09-12T13:01:08.623176+00:00,200,6251.54,
2026-09-12T13:01:09.568988+00:00,200,5308.24,
2026-09-12T13:01:12.142893+00:00,200,2737.58,
2026-09-12T13:00:42.209306+00:00,200,32673.99,
2026-09-12T13:00:46.341011+00:00,200,28544.97,
2026-09-12T13:01:03.612517+00:00,200,11276.27,
2026-09-12T13:00:21.049820+00:00,200,53841.63,
2026-09-12T13:01:03.808150+00:00,200,11087.68,
2026-09-12T13:00:58.244909+00:00,200,16653.88,
2026-09-12T13:00:46.513111+00:00,200,28388.54,
2026-09-12T13:00:54.750942+00:00,200,20211.21,
2026-09-12T13:00:53.821857+00:00,200,21146.61,
2026-09-12T13:00:57.557548+00:00,200,17422.43,
2026-09-12T13:01:09.548817+00:00,200,5434.27,
2026-09-12T13:00:51.314538+00:00,200,23697.49,
2026-09-12T13:01:12.594695+00:00,200,2463.09,
2026-09-12T13:01:04.374942+00:00,200,10824.93,
2026-09-12T13:00:59.322445+00:00,200,15887.97,
2026-09-12T13:00:56.899356+00:00,200,18334.93,
2026-09-12T13:00:41.665237+00:00,200,33639.63,
2026-09-12T13:00:50.559045+00:00,200,24774.05,
2026-09-12T13:00:29.973630+00:00,200,45366.27,
2026-09-12T13:01:10.596550+00:00,200,4779.67,
2026-09-12T13:00:58.270198+00:00,200,17111.29,
2026-09-12T13:01:04.700808+00:00,200,10686.85,
2026-09-12T13:01:09.540154+00:00,200,5894.21,
2026-09-12T13:01:12.413785+00:00,200,3057.92,
2026-09-12T13:00:48.000030+00:00,200,27479.71,
2026-09-12T13:00:57.204629+00:00,200,18299.03,
2026-09-12T13:00:49.957253+00:00,200,25557.59,
2026-09-12T13:00:57.504255+00:00,200,18051.45,
2026-09-12T13:01:07.521625+00:00,200,8059.72,
2026-09-12T13:00:46.450173+00:00,200,29134.37,
2026-09-12T13:00:45.012294+00:00,200,30621.95,
2026-09-12T13:00:58.544362+00:00,200,17108.81,
2026-09-12T13:00:44.947485+00:00,200,30715.26,
2026-09-12T13:00:51.652502+00:00,200,24019.3,
2026-09-12T13:01:07.308779+00:00,200,8396.42,
2026-09-12T13:00:41.175176+00:00,200,34550.26,
2026-09-12T13:01:01.599815+00:00,200,14170.57,
2026-09-12T13:01:13.100255+00:00,200,2780.44,
2026-09-12T13:00:45.385299+00:00,200,30501.65,
2026-09-12T13:01:05.261425+00:00,200,10651.96,
2026-09-12T13:01:04.080530+00:00,200,11856.34,
2026-09-12T13:00:35.937291+00:00,200,40010.99,
2026-09-12T13:00:45.767572+00:00,200,30219.05,
2026-09-12T13:00:59.281511+00:00,200,16761.91,
2026-09-12T13:00:50.902156+00:00,200,25222.68,
2026-09-12T13:01:06.137151+00:00,200,10002.8,
2026-09-12T13:00:44.865776+00:00,200,31278.75,
2026-09-12T13:01:12.717905+00:00,200,3438.82,
2026-09-12T13:01:00.477625+00:00,200,15714.21,
2026-09-12T13:00:37.522858+00:00,200,38703.82,
2026-09-12T13:00:27.376615+00:00,200,48912.09,
2026-09-12T13:01:12.234779+00:00,200,4069.52,
2026-09-12T13:01:11.181117+00:00,200,5129.15,
2026-09-12T13:01:12.198047+00:00,200,4140.08,
2026-09-12T13:00:41.780617+00:00,200,34610.58,
2026-09-12T13:01:09.842014+00:00,200,6627.84,
2026-09-12T13:01:10.847925+00:00,200,5646.14,
2026-09-12T13:00:37.291292+00:00,200,39253.03,
2026-09-12T13:01:01.953044+00:00,200,14601.42,
2026-09-12T13:01:01.024603+00:00,200,15541.56,
2026-09-12T13:01:08.457817+00:00,200,8128.83,
2026-09-12T13:00:36.629267+00:00,200,39980.14,
2026-09-12T13:01:15.178946+00:00,200,1503.29,
2026-09-12T13:00:57.526731+00:00,200,19206.19,
2026-09-12T13:00:32.263010+00:00,200,44491.82,
2026-09-12T13:00:59.406735+00:00,200,17358.27,
2026-09-12T13:01:01.886308+00:00,200,14912.56,
2026-09-12T13:01:16.139962+00:00,200,702.53,
2026-09-12T13:00:44.420691+00:00,200,32477.97,
2026-09-12T13:01:01.175588+00:00,200,15743.86,
2026-09-12T13:00:43.842284+00:00,200,33082.46,
2026-09-12T13:00:57.592600+00:00,200,19384.75,
2026-09-12T13:01:07.371732+00:00,200,9674.88,
2026-09-12T13:00:50.903096+00:00,200,26158.94,
2026-09-12T13:00:48.408616+00:00,200,28661.23,
2026-09-12T13:00:57.979197+00:00,200,19173.59,
2026-09-12T13:01:10.309663+00:00,200,6846.24,
2026-09-12T13:00:47.282430+00:00,200,29890.23,
2026-09-12T13:01:12.963331+00:00,200,4247.77,
2026-09-12T13:01:03.003720+00:00,200,14220.36,
2026-09-12T13:00:37.121120+00:00,200,40151.46,
2026-09-12T13:00:55.248466+00:00,200,22113.6,
2026-09-12T13:00:59.952047+00:00,200,17426.12,
2026-09-12T13:00:55.777149+00:00,200,21611.15,
2026-09-12T13:00:52.215357+00:00,200,25178.94,
2026-09-12T13:00:26.967734+00:00,200,50494.24,
2026-09-12T13:00:50.435404+00:00,200,27075.55,
2026-09-12T13:00:55.799548+00:00,200,21828.71,
2026-09-12T13:01:14.979993+00:00,200,2655.97,
2026-09-12T13:01:00.251981+00:00,200,17472.94,
2026-09-12T13:01:14.874726+00:00,200,2854.42,
2026-09-12T13:01:11.542137+00:00,200,6192.94,
2026-09-12T13:01:14.598299+00:00,200,3143.36,
2026-09-12T13:01:05.320006+00:00,200,12433.68,
2026-09-12T13:01:01.134481+00:00,200,16625.25,
2026-09-12T13:00:36.535405+00:00,200,41258.36,
2026-09-12T13:01:03.691910+00:00,200,14112.46,
2026-09-12T13:00:46.371643+00:00,200,31503.19,
2026-09-12T13:00:55.211519+00:00,200,22700.83,
2026-09-12T13:01:11.025790+00:00,200,6970.4,
2026-09-12T13:00:46.529019+00:00,200,31535.8,
2026-09-12T13:00:52.611001+00:00,200,25461.39,
2026-09-12T13:00:54.878407+00:00,200,23200.37,
2026-09-12T13:00:54.988489+00:00,200,23148.38,
2026-09-12T13:00:58.389400+00:00,200,19807.41,
2026-09-12T13:00:51.486200+00:00,200,26714.65,
2026-09-12T13:00:54.016528+00:00,200,24213.98,
2026-09-12T13:01:12.299101+00:00,200,5990.99,
2026-09-12T13:01:13.192727+00:00,200,5107.26,
2026-09-12T13:01:13.442217+00:00,200,4929.72,
2026-09-12T13:00:57.375440+00:00,200,20999.97,
2026-09-12T13:01:05.386459+00:00,200,13015.34,
2026-09-12T13:01:00.112869+00:00,200,18302.79,
2026-09-12T13:00:37.155217+00:00,200,41278.93,
2026-09-12T13:01:14.166246+00:00,200,4322.43,
2026-09-12T13:01:11.166959+00:00,200,7422.06,
2026-09-12T13:01:07.806156+00:00,200,10795.76,
2026-09-12T13:01:14.898794+00:00,200,3717.06,
2026-09-12T13:01:00.809389+00:00,200,17876.95,
2026-09-12T13:00:51.975947+00:00,200,26714.42,
2026-09-12T13:00:49.022605+00:00,200,29680.52,
2026-09-12T13:00:41.915710+00:00,200,36819.58,
2026-09-12T13:00:59.715885+00:00,200,19045.42,
2026-09-12T13:01:10.554974+00:00,200,8227.21,
2026-09-12T13:01:09.813203+00:00,200,8987.86,
2026-09-12T13:01:09.074307+00:00,200,9755.73,
2026-09-12T13:01:03.949788+00:00,200,14886.75,
2026-09-12T13:01:11.822013+00:00,200,7037.67,
2026-09-12T13:00:36.730353+00:00,200,42151.37,
2026-09-12T13:01:13.163952+00:00,200,5740.79,
2026-09-12T13:00:48.836510+00:00,200,30076.87,
2026-09-12T13:01:12.012092+00:00,200,6966.95,
2026-09-12T13:00:57.155436+00:00,200,21847.76,
2026-09-12T13:00:41.126603+00:00,200,37888.93,
2026-09-12T13:00:47.814441+00:00,200,31210.37,
2026-09-12T13:00:30.116229+00:00,200,48930.17,
2026-09-12T13:00:55.433692+00:00,200,23627.43,
2026-09-12T13:00:51.545491+00:00,200,27567.92,
2026-09-12T13:00:54.723814+00:00,200,24405.68,
2026-09-12T13:00:54.958143+00:00,200,24237.73,
2026-09-12T13:01:18.686359+00:00,200,618.0,
2026-09-12T13:00:48.306262+00:00,200,31041.37,
2026-09-12T13:00:38.283748+00:00,200,41128.05,
2026-09-12T13:00:42.635155+00:00,200,36794.68,
2026-09-12T13:00:37.990996+00:00,200,41464.83,
2026-09-12T13:00:52.732701+00:00,200,26925.78,
2026-09-12T13:01:08.398656+00:00,200,11320.18,
2026-09-12T13:01:09.490108+00:00,200,10233.17,
2026-09-12T13:00:51.915470+00:00,200,27821.74,
2026-09-12T13:00:56.175335+00:00,200,23573.62,
2026-09-12T13:00:37.757068+00:00,200,42014.16,
2026-09-12T13:00:56.937972+00:00,200,22836.72,
2026-09-12T13:00:37.481058+00:00,200,42326.75,
2026-09-12T13:00:50.274491+00:00,200,29540.52,
2026-09-12T13:01:04.615530+00:00,200,15266.0,
2026-09-12T13:00:43.794761+00:00,200,36097.19,
2026-09-12T13:00:41.306163+00:00,200,38610.27,
2026-09-12T13:01:13.960899+00:00,200,5974.6,
2026-09-12T13:01:13.675547+00:00,200,6271.32,
2026-09-12T13:01:01.725544+00:00,200,18232.74,
2026-09-12T13:01:06.905315+00:00,200,13081.3,
2026-09-12T13:01:08.299178+00:00,200,11710.74,
2026-09-12T13:01:01.753744+00:00,200,18281.27,
2026-09-12T13:00:57.968597+00:00,200,22071.85,
2026-09-12T13:01:13.489826+00:00,200,6564.46,
2026-09-12T13:00:43.265956+00:00,200,36792.07,
2026-09-12T13:00:44.174959+00:00,200,35891.16,
2026-09-12T13:01:11.913807+00:00,200,8166.99,
2026-09-12T13:00:58.049790+00:00,200,22032.55,
2026-09-12T13:01:10.750812+00:00,200,9337.53,
2026-09-12T13:01:12.426251+00:00,200,7678.26,
2026-09-12T13:00:49.770413+00:00,200,30339.14,
2026-09-12T13:01:00.340484+00:00,200,19773.36,
2026-09-12T13:01:00.218208+00:00,200,19903.45,
2026-09-12T13:00:47.585070+00:00,200,32564.3,
2026-09-12T13:00:52.036252+00:00,200,28125.46,
2026-09-12T13:00:45.940471+00:00,200,34225.11,
2026-09-12T13:01:07.815079+00:00,200,12379.74,
2026-09-12T13:00:25.387463+00:00,200,54811.29,
2026-09-12T13:00:59.608460+00:00,200,20593.0,
2026-09-12T13:01:10.817160+00:00,200,9425.6,
2026-09-12T13:01:04.217868+00:00,200,16045.24,
2026-09-12T13:00:43.304954+00:00,200,37003.09,
2026-09-12T13:00:30.555745+00:00,200,49768.86,
2026-09-12T13:00:53.857727+00:00,200,26470.97,
2026-09-12T13:01:03.116582+00:00,200,17233.64,
2026-09-12T13:00:53.023290+00:00,200,27333.73,
2026-09-12T13:01:04.805582+00:00,200,15561.9,
2026-09-12T13:00:58.592635+00:00,200,21793.25,
2026-09-12T13:01:07.357256+00:00,200,13055.57,
2026-09-12T13:01:05.856405+00:00,200,14575.17,
2026-09-12T13:00:56.718223+00:00,200,23753.25,
2026-09-12T13:00:38.665461+00:00,200,41828.57,
2026-09-12T13:00:24.038086+00:00,200,56463.13,
2026-09-12T13:01:18.028257+00:00,200,2501.92,
2026-09-12T13:00:52.633753+00:00,200,27909.15,
2026-09-12T13:01:02.038926+00:00,200,18505.91,
2026-09-12T13:01:00.801814+00:00,200,19748.01,
2026-09-12T13:01:06.299778+00:00,200,14258.88,
2026-09-12T13:00:42.418952+00:00,200,38144.5,
2026-09-12T13:00:42.908424+00:00,200,37684.15,
2026-09-12T13:00:50.515546+00:00,200,30090.44,
2026-09-12T13:01:06.132570+00:00,200,14489.13,
2026-09-12T13:01:13.038897+00:00,200,7619.61,
2026-09-12T13:01:12.334595+00:00,200,8333.82,
2026-09-12T13:01:10.727984+00:00,200,9942.68,
2026-09-12T13:00:59.502897+00:00,200,21205.22,
2026-09-12T13:01:16.852698+00:00,200,3912.57,
2026-09-12T13:01:05.094104+00:00,200,15685.42,
2026-09-12T13:00:53.892617+00:00,200,26900.9,
2026-09-12T13:01:12.296769+00:00,200,8510.28,
2026-09-12T13:00:48.997948+00:00,200,31824.77,
2026-09-12T13:01:04.085298+00:00,200,16775.12,
2026-09-12T13:00:48.180326+00:00,200,32703.11,
2026-09-12T13:00:21.370888+00:00,200,59535.73,
2026-09-12T13:00:39.414766+00:00,200,41493.99,
2026-09-12T13:00:42.592180+00:00,200,38329.33,
2026-09-12T13:01:08.587461+00:00,200,12343.11,
2026-09-12T13:01:07.165341+00:00,200,13800.44,
2026-09-12T13:01:00.921407+00:00,200,20051.81,
2026-09-12T13:00:56.405771+00:00,200,24569.52,
2026-09-12T13:01:13.331572+00:00,200,7645.21,
2026-09-12T13:01:14.415579+00:00,200,6582.21,
2026-09-12T13:00:54.271386+00:00,200,26772.12,
2026-09-12T13:01:17.211116+00:00,200,3850.42,
2026-09-12T13:01:00.526910+00:00,200,20536.92,
2026-09-12T13:01:14.339592+00:00,200,6756.2,
2026-09-12T13:01:03.524297+00:00,200,17585.38,
2026-09-12T13:00:54.919265+00:00,200,26200.64,
2026-09-12T13:01:01.079677+00:00,200,20051.84,
2026-09-12T13:00:52.457402+00:00,200,28688.59,
2026-09-12T13:00:46.289628+00:00,200,34858.75,
2026-09-12T13:00:44.043920+00:00,200,37160.75,
2026-09-12T13:01:00.126396+00:00,200,21087.53,
2026-09-12T13:01:14.642132+00:00,200,6587.55,
2026-09-12T13:00:41.267159+00:00,200,39980.1,
2026-09-12T13:01:09.572106+00:00,200,11676.91,
2026-09-12T13:01:15.072742+00:00,200,6183.08,
2026-09-12T13:00:54.301620+00:00,200,26963.8,
2026-09-12T13:01:00.681315+00:00,200,20587.67,
2026-09-12T13:00:46.409112+00:00,200,34863.31,
2026-09-12T13:00:29.806786+00:00,200,51472.62,
2026-09-12T13:00:52.103506+00:00,200,29177.46,
2026-09-12T13:00:48.903768+00:00,200,32399.58,
2026-09-12T13:01:00.680162+00:00,200,20627.55,
2026-09-12T13:00:57.756950+00:00,200,23564.63,
2026-09-12T13:01:11.182331+00:00,200,10202.3,
2026-09-12T13:01:08.269034+00:00,200,13153.83,
2026-09-12T13:01:08.790691+00:00,200,12648.28,
2026-09-12T13:00:43.179143+00:00,200,38261.75,
2026-09-12T13:01:07.575664+00:00,200,13866.59,
2026-09-12T13:01:13.328182+00:00,200,8115.45,
2026-09-12T13:00:52.433514+00:00,200,29015.9,
2026-09-12T13:01:15.948291+00:00,200,5525.58,
2026-09-12T13:01:02.060394+00:00,200,19430.66,
2026-09-12T13:01:20.558668+00:00,200,941.68,
2026-09-12T13:00:55.754342+00:00,200,25749.34,
2026-09-12T13:01:11.520911+00:00,200,9988.4,
2026-09-12T13:01:02.149528+00:00,200,19364.25,
2026-09-12T13:00:46.653771+00:00,200,34976.31,
2026-09-12T13:00:56.477972+00:00,200,25182.57,
2026-09-12T13:00:51.548398+00:00,200,30170.22,
2026-09-12T13:01:16.370368+00:00,200,5364.14,
2026-09-12T13:01:00.661126+00:00,200,21085.69,
2026-09-12T13:01:04.657766+00:00,200,17090.59,
2026-09-12T13:01:09.841105+00:00,200,11931.94,
2026-09-12T13:00:41.327794+00:00,200,40473.24,
2026-09-12T13:01:04.838719+00:00,200,16971.03,
2026-09-12T13:01:03.475144+00:00,200,18402.2,
2026-09-12T13:01:02.921414+00:00,200,18977.1,
2026-09-12T13:00:45.397999+00:00,200,36548.36,
2026-09-12T13:00:34.376211+00:00,200,47573.2,
2026-09-12T13:00:56.651001+00:00,200,25303.5,
2026-09-12T13:01:12.974525+00:00,200,8985.55,
2026-09-12T13:00:55.885040+00:00,200,26089.12,
2026-09-12T13:00:47.623392+00:00,200,34354.59,
2026-09-12T13:01:03.640090+00:00,200,18341.81,
2026-09-12T13:01:15.801462+00:00,200,6187.97,
2026-09-12T13:00:52.885809+00:00,200,29106.92,
2026-09-12T13:00:37.361099+00:00,200,44665.76,
2026-09-12T13:01:18.615873+00:00,200,3420.8,
2026-09-12T13:01:19.895285+00:00,200,2164.48,
2026-09-12T13:01:16.573976+00:00,200,5492.17,
2026-09-12T13:01:14.095625+00:00,200,7991.17,
2026-09-12T13:01:07.078904+00:00,200,15037.22,
2026-09-12T13:00:52.985761+00:00,200,29142.06,
2026-09-12T13:00:55.679523+00:00,200,26463.67,
2026-09-12T13:01:17.106917+00:00,200,5059.91,
2026-09-12T13:01:09.667530+00:00,200,12507.23,
2026-09-12T13:01:03.906757+00:00,200,18272.04,
2026-09-12T13:01:04.522030+00:00,200,17685.32,
2026-09-12T13:01:00.088489+00:00,200,22126.98,
2026-09-12T13:00:28.021244+00:00,200,54202.71,
2026-09-12T13:01:17.104916+00:00,200,5135.38,
2026-09-12T13:01:11.256619+00:00,200,11020.15,
2026-09-12T13:00:58.931907+00:00,200,23353.3,
2026-09-12T13:00:46.738377+00:00,200,35551.36,
2026-09-12T13:01:11.969699+00:00,200,10350.61,
2026-09-12T13:00:28.115230+00:00,200,54225.6,
2026-09-12T13:00:59.250285+00:00,200,23138.12,
2026-09-12T13:00:31.822325+00:00,200,50583.27,
2026-09-12T13:01:11.586699+00:00,200,10825.39,
2026-09-12T13:00:40.224492+00:00,200,42210.26,
2026-09-12T13:01:11.218721+00:00,200,11222.96,
2026-09-12T13:00:58.995062+00:00,200,23480.66,
2026-09-12T13:01:15.584555+00:00,200,6921.84,
2026-09-12T13:01:03.805367+00:00,200,18737.82,
2026-09-12T13:01:17.029698+00:00,200,5541.93,
2026-09-12T13:00:35.094453+00:00,200,47483.42,
2026-09-12T13:00:49.923814+00:00,200,32676.52,
2026-09-12T13:00:57.423633+00:00,200,25179.35,
2026-09-12T13:01:22.026872+00:00,200,579.01,
2026-09-12T13:00:53.521069+00:00,200,29091.32,
2026-09-12T13:01:18.638133+00:00,200,3975.72,
2026-09-12T13:01:13.239683+00:00,200,9377.16,
2026-09-12T13:00:51.159779+00:00,200,31464.29,
2026-09-12T13:01:05.514446+00:00,200,17114.45,
2026-09-12T13:01:05.083903+00:00,200,17546.69,
2026-09-12T13:01:05.086040+00:00,200,17548.01,
2026-09-12T13:00:58.743111+00:00,200,23905.29,
2026-09-12T13:00:40.000802+00:00,200,42653.77,
2026-09-12T13:01:02.347876+00:00,200,20363.14,
2026-09-12T13:01:15.440851+00:00,200,7311.07,
2026-09-12T13:01:17.646664+00:00,200,5119.95,
2026-09-12T13:01:12.810373+00:00,200,9984.85,
2026-09-12T13:01:02.574406+00:00,200,20239.86,
2026-09-12T13:01:06.251226+00:00,200,16566.0,
2026-09-12T13:01:21.834587+00:00,200,990.43,
2026-09-12T13:01:06.178920+00:00,200,16653.94,
2026-09-12T13:00:55.042549+00:00,200,27793.56,
2026-09-12T13:01:10.355593+00:00,200,12492.72,
2026-09-12T13:01:17.526354+00:00,200,5335.56,
2026-09-12T13:01:19.327386+00:00,200,3551.3,
2026-09-12T13:01:12.443368+00:00,200,10445.18,
2026-09-12T13:01:14.028211+00:00,200,8875.05,
2026-09-12T13:01:03.720599+00:00,200,19199.61,
2026-09-12T13:01:13.258313+00:00,200,9664.31,
2026-09-12T13:01:08.708756+00:00,200,14240.61,
2026-09-12T13:01:09.782764+00:00,200,13180.68,
2026-09-12T13:01:00.263602+00:00,200,22736.13,
2026-09-12T13:00:37.932240+00:00,200,45079.06,
2026-09-12T13:01:11.770712+00:00,200,11259.65,
2026-09-12T13:01:14.631788+00:00,200,8401.02,
2026-09-12T13:00:39.044066+00:00,200,44009.72,
2026-09-12T13:01:17.950256+00:00,200,5121.09,
2026-09-12T13:01:19.032165+00:00,200,4059.15,
2026-09-12T13:01:06.805601+00:00,200,16318.68,
2026-09-12T13:00:57.069072+00:00,200,26074.03,
2026-09-12T13:00:39.651822+00:00,200,43504.36,
2026-09-12T13:01:14.616705+00:00,200,8556.7,
2026-09-12T13:00:53.232990+00:00,200,29946.17,
2026-09-12T13:01:01.310096+00:00,200,21874.16,
2026-09-12T13:01:17.510962+00:00,200,5693.33,
2026-09-12T13:01:16.754846+00:00,200,6454.8,
2026-09-12T13:01:14.086751+00:00,200,9125.32,
2026-09-12T13:01:06.081623+00:00,200,17138.51,
2026-09-12T13:01:03.234764+00:00,200,20005.82,
2026-09-12T13:01:05.335734+00:00,200,17908.04,
2026-09-12T13:00:49.476914+00:00,200,33786.94,
2026-09-12T13:01:02.223344+00:00,200,21050.9,
2026-09-12T13:00:56.981398+00:00,200,26321.58,
2026-09-12T13:01:13.608897+00:00,200,9702.17,
2026-09-12T13:00:57.451313+00:00,200,25871.42,
2026-09-12T13:00:39.835599+00:00,200,43495.69,
2026-09-12T13:01:15.710674+00:00,200,7632.43,
2026-09-12T13:01:10.796622+00:00,200,12561.03,
2026-09-12T13:00:37.165195+00:00,200,46195.13,
2026-09-12T13:01:15.071357+00:00,200,8330.42,
2026-09-12T13:00:42.421096+00:00,200,40984.19,
2026-09-12T13:00:43.505990+00:00,200,39920.01,
2026-09-12T13:00:48.387860+00:00,200,35047.04,
2026-09-12T13:01:21.440896+00:00,200,2027.7,
2026-09-12T13:00:50.030224+00:00,200,33485.88,
2026-09-12T13:00:35.781002+00:00,200,47736.64,
2026-09-12T13:00:55.486250+00:00,200,28076.19,
2026-09-12T13:00:49.409926+00:00,200,34206.03,
2026-09-12T13:01:20.113855+00:00,200,3504.31,
2026-09-12T13:01:03.849173+00:00,200,19772.0,
2026-09-12T13:01:14.492563+00:00,200,9145.64,
2026-09-12T13:00:29.093754+00:00,200,54546.58,
2026-09-12T13:00:41.217616+00:00,200,42445.44,
2026-09-12T13:01:04.222059+00:00,200,19462.94,
2026-09-12T13:01:01.355633+00:00,200,22335.52,
2026-09-12T13:00:59.940876+00:00,200,23759.31,
2026-09-12T13:00:29.813554+00:00,200,53892.53,
2026-09-12T13:00:44.610437+00:00,200,39175.84,
2026-09-12T13:01:00.833305+00:00,200,22955.27,
2026-09-12T13:01:18.290111+00:00,200,5518.15,
2026-09-12T13:01:23.468612+00:00,200,366.45,
2026-09-12T13:00:45.133528+00:00,200,38710.05,
2026-09-12T13:01:05.381422+00:00,200,18474.88,
2026-09-12T13:01:20.275618+00:00,200,3592.84,
2026-09-12T13:00:47.709242+00:00,200,36187.64,
2026-09-12T13:01:23.553422+00:00,200,359.6,
2026-09-12T13:01:12.661794+00:00,200,11296.29,
2026-09-12T13:01:01.217337+00:00,200,22747.06,
2026-09-12T13:00:29.671162+00:00,200,54301.83,
2026-09-12T13:01:05.766976+00:00,200,18228.37,
2026-09-12T13:01:02.075387+00:00,200,21936.02,
2026-09-12T13:00:52.241681+00:00,200,31774.54,
2026-09-12T13:01:04.109211+00:00,200,19914.48,
2026-09-12T13:01:23.057442+00:00,200,967.86,
2026-09-12T13:01:07.012478+00:00,200,17018.0,
2026-09-12T13:00:53.121586+00:00,200,30913.51,
2026-09-12T13:00:37.781614+00:00,200,46271.49,
2026-09-12T13:00:48.625714+00:00,200,35473.56,
2026-09-12T13:00:36.390803+00:00,200,47730.49,
2026-09-12T13:00:40.366937+00:00,200,43759.0,
2026-09-12T13:01:17.957295+00:00,200,6170.33,
2026-09-12T13:00:56.950673+00:00,200,27180.18,
2026-09-12T13:00:51.687907+00:00,200,32449.55,
2026-09-12T13:01:13.605226+00:00,200,10535.29,
2026-09-12T13:00:57.972177+00:00,200,26180.47,
2026-09-12T13:01:03.176749+00:00,200,20986.08,
2026-09-12T13:01:14.901655+00:00,200,9264.33,
2026-09-12T13:01:17.842174+00:00,200,6332.22,
2026-09-12T13:00:39.702757+00:00,200,44480.85,
2026-09-12T13:00:34.518050+00:00,200,49674.04,
2026-09-12T13:01:06.073161+00:00,200,18168.16,
2026-09-12T13:01:07.681514+00:00,200,16579.92,
2026-09-12T13:00:55.623483+00:00,200,28658.64,
2026-09-12T13:01:23.958105+00:00,200,332.38,
2026-09-12T13:00:58.979983+00:00,200,25337.71,
2026-09-12T13:01:11.811592+00:00,200,12528.16,
2026-09-12T13:01:03.357181+00:00,200,20988.75,
2026-09-12T13:00:32.739575+00:00,200,51617.95,
2026-09-12T13:01:01.592278+00:00,200,22794.21,
2026-09-12T13:00:57.258932+00:00,200,27145.37,
2026-09-12T13:00:41.771535+00:00,200,42634.26,
2026-09-12T13:00:35.467975+00:00,200,48939.24,
2026-09-12T13:01:03.651263+00:00,200,20757.34,
2026-09-12T13:00:59.452563+00:00,200,24957.49,
2026-09-12T13:00:48.534098+00:00,200,35890.11,
2026-09-12T13:01:21.599455+00:00,200,2839.07,
2026-09-12T13:00:51.840349+00:00,200,32622.0,
2026-09-12T13:01:22.196828+00:00,200,2286.5,
2026-09-12T13:01:15.705215+00:00,200,8781.53,
2026-09-12T13:01:13.595603+00:00,200,10906.43,
2026-09-12T13:00:46.366062+00:00,200,38151.44,
2026-09-12T13:01:12.783935+00:00,200,11739.25,
2026-09-12T13:01:14.175758+00:00,200,10352.33,
2026-09-12T13:01:06.159873+00:00,200,18388.0,
2026-09-12T13:00:59.384122+00:00,200,25176.0,
2026-09-12T13:01:03.075986+00:00,200,21490.52,
2026-09-12T13:01:09.996667+00:00,200,14577.77,
2026-09-12T13:00:32.921627+00:00,200,51689.75,
2026-09-12T13:00:58.811198+00:00,200,25813.69,
2026-09-12T13:01:04.819681+00:00,200,19818.94,
2026-09-12T13:01:17.640535+00:00,200,7001.49,
2026-09-12T13:01:19.567877+00:00,200,5094.65,
2026-09-12T13:01:19.347643+00:00,200,5322.48,
2026-09-12T13:01:22.836113+00:00,200,1835.72,
2026-09-12T13:00:48.225321+00:00,200,36449.17,
2026-09-12T13:00:50.035231+00:00,200,34649.24,
2026-09-12T13:01:08.736783+00:00,200,15969.44,
2026-09-12T13:00:43.786571+00:00,200,41014.78,
2026-09-12T13:00:52.761694+00:00,200,32044.37,
2026-09-12T13:00:49.670404+00:00,200,35169.94,
2026-09-12T13:00:38.316299+00:00,200,46531.6,
2026-09-12T13:01:15.438928+00:00,200,9463.13,
2026-09-12T13:01:17.847452+00:00,200,7095.63,
2026-09-12T13:01:15.975010+00:00,200,8975.06,
2026-09-12T13:01:01.962426+00:00,200,22989.58,
2026-09-12T13:00:55.257208+00:00,200,29696.72,
2026-09-12T13:00:38.166889+00:00,200,46793.48,
2026-09-12T13:01:00.018876+00:00,200,24955.66,
2026-09-12T13:00:48.543905+00:00,200,36457.6,
2026-09-12T13:01:10.064530+00:00,200,14947.66,
2026-09-12T13:00:52.730891+00:00,200,32288.21,
2026-09-12T13:00:55.832696+00:00,200,29192.71,
2026-09-12T13:00:58.364233+00:00,200,26687.46,
2026-09-12T13:01:19.916448+00:00,200,5146.39,
2026-09-12T13:01:18.121855+00:00,200,6945.09,
2026-09-12T13:01:24.241342+00:00,200,840.65,
2026-09-12T13:00:57.684027+00:00,200,27412.6,
2026-09-12T13:01:23.307947+00:00,200,1802.83,
2026-09-12T13:00:50.684396+00:00,200,34463.63,
2026-09-12T13:01:15.978566+00:00,200,9202.45,
2026-09-12T13:01:13.204917+00:00,200,12000.25,
2026-09-12T13:01:07.193937+00:00,200,18032.38,
2026-09-12T13:00:42.046019+00:00,200,43190.3,
2026-09-12T13:01:24.902088+00:00,200,344.01,
2026-09-12T13:00:59.218290+00:00,200,26039.34,
2026-09-12T13:01:10.448869+00:00,200,14824.36,
2026-09-12T13:01:12.010331+00:00,200,13279.49,
2026-09-12T13:01:06.221089+00:00,200,19075.78,
2026-09-12T13:01:17.370062+00:00,200,7929.15,
2026-09-12T13:00:59.655734+00:00,200,25645.04,
2026-09-12T13:01:06.746450+00:00,200,18560.84,
2026-09-12T13:01:13.967226+00:00,200,11354.0,
2026-09-12T13:01:19.563921+00:00,200,5763.15,
2026-09-12T13:00:29.547793+00:00,200,55802.82,
2026-09-12T13:00:45.413440+00:00,200,39953.57,
2026-09-12T13:00:56.353363+00:00,200,29131.97,
2026-09-12T13:01:18.862977+00:00,200,6638.31,
2026-09-12T13:00:52.742431+00:00,200,32761.58,
2026-09-12T13:00:57.494804+00:00,200,28039.84,
2026-09-12T13:00:40.802501+00:00,200,44738.96,
2026-09-12T13:01:19.180181+00:00,200,6398.73,
2026-09-12T13:01:13.475302+00:00,200,12120.9,
2026-09-12T13:00:32.612429+00:00,200,53018.86,
2026-09-12T13:01:20.385904+00:00,200,5257.79,
2026-09-12T13:01:18.200870+00:00,200,7472.37,
2026-09-12T13:01:22.654582+00:00,200,3020.65,
2026-09-12T13:00:47.982476+00:00,200,37704.2,
2026-09-12T13:01:17.224084+00:00,200,8475.84,
2026-09-12T13:01:00.183593+00:00,200,25524.87,
2026-09-12T13:00:56.025002+00:00,200,29721.58,
2026-09-12T13:01:24.412026+00:00,200,1338.26,
2026-09-12T13:01:22.634053+00:00,200,3118.93,
2026-09-12T13:00:51.964911+00:00,200,33799.36,
2026-09-12T13:01:09.379970+00:00,200,16398.51,
2026-09-12T13:00:56.653356+00:00,200,29138.05,
2026-09-12T13:00:53.410594+00:00,200,32389.21,
2026-09-12T13:00:42.125354+00:00,200,43692.42,
2026-09-12T13:01:08.365751+00:00,200,17462.09,
2026-09-12T13:00:58.744873+00:00,200,27091.52,
2026-09-12T13:01:09.315600+00:00,200,16537.63,
2026-09-12T13:01:22.469193+00:00,200,3413.11,
2026-09-12T13:01:23.091332+00:00,200,2816.09,
2026-09-12T13:01:07.914692+00:00,200,18015.25,
2026-09-12T13:00:52.096675+00:00,200,33860.16,
2026-09-12T13:00:41.169218+00:00,200,44794.73,
2026-09-12T13:01:17.108747+00:00,200,8862.27,
2026-09-12T13:01:00.981040+00:00,200,24994.49,
2026-09-12T13:01:10.520990+00:00,200,15489.95,
2026-09-12T13:00:37.315957+00:00,200,48722.86,
2026-09-12T13:01:04.663110+00:00,200,21406.5,
2026-09-12T13:00:46.082923+00:00,200,40030.6,
2026-09-12T13:01:14.891457+00:00,200,11228.3,
2026-09-12T13:01:21.049863+00:00,200,5088.75,
2026-09-12T13:01:13.582856+00:00,200,12560.39,
2026-09-12T13:01:25.504023+00:00,200,666.35,
2026-09-12T13:01:08.677367+00:00,200,17504.81,
2026-09-12T13:00:53.763669+00:00,200,32423.47,
2026-09-12T13:00:52.421735+00:00,200,33781.43,
2026-09-12T13:01:19.718850+00:00,200,6497.64,
2026-09-12T13:00:57.266992+00:00,200,28981.58,
2026-09-12T13:00:41.090908+00:00,200,45173.12,
2026-09-12T13:00:27.290417+00:00,200,58980.79,
2026-09-12T13:01:03.589498+00:00,200,22750.72,
2026-09-12T13:01:10.498479+00:00,200,15867.93,
2026-09-12T13:00:56.304994+00:00,200,30081.07,
2026-09-12T13:01:21.063840+00:00,200,5324.07,
2026-09-12T13:01:22.949376+00:00,200,3454.41,
2026-09-12T13:00:45.235879+00:00,200,41180.19,
2026-09-12T13:01:25.417982+00:00,200,1003.63,
2026-09-12T13:00:40.142348+00:00,200,46297.07,
2026-09-12T13:00:46.846435+00:00,200,39600.93,
2026-09-12T13:01:03.153878+00:00,200,23306.1,
2026-09-12T13:01:26.143255+00:00,200,330.48,
2026-09-12T13:00:45.646018+00:00,200,40839.55,
2026-09-12T13:00:47.058697+00:00,200,39431.34,
2026-09-12T13:01:15.634258+00:00,200,10872.55,
2026-09-12T13:00:53.980907+00:00,200,32533.08,
2026-09-12T13:00:49.070346+00:00,200,37459.12,
2026-09-12T13:01:26.248585+00:00,200,285.64,
2026-09-12T13:01:04.360168+00:00,200,22192.91,
2026-09-12T13:01:07.736831+00:00,200,18819.04,
2026-09-12T13:01:20.514952+00:00,200,6060.64,
2026-09-12T13:01:20.201461+00:00,200,6376.16,
2026-09-12T13:00:42.543614+00:00,200,44045.99,
2026-09-12T13:01:12.935866+00:00,200,13676.43,
2026-09-12T13:00:52.690486+00:00,200,33931.22,
2026-09-12T13:01:17.843867+00:00,200,8843.11,
2026-09-12T13:00:51.193898+00:00,200,35513.7,
2026-09-12T13:00:56.219177+00:00,200,30529.84,
2026-09-12T13:01:15.796643+00:00,200,10975.33,
2026-09-12T13:00:58.328190+00:00,200,28458.46,
2026-09-12T13:01:13.476868+00:00,200,13331.27,
2026-09-12T13:00:36.595219+00:00,200,50223.95,
2026-09-12T13:01:10.525576+00:00,200,16298.08,
2026-09-12T13:01:26.159211+00:00,200,678.36,
2026-09-12T13:01:21.043522+00:00,200,5796.35,
2026-09-12T13:00:55.501907+00:00,200,31353.18,
2026-09-12T13:00:57.708316+00:00,200,29155.99,
2026-09-12T13:00:58.801293+00:00,200,28081.97,
2026-09-12T13:00:59.050192+00:00,200,27842.32,
2026-09-12T13:00:42.013801+00:00,200,44945.34,
2026-09-12T13:00:49.597342+00:00,200,37382.52,
2026-09-12T13:01:12.583983+00:00,200,14413.17,
2026-09-12T13:01:09.555312+00:00,200,17445.35,
2026-09-12T13:01:08.779726+00:00,200,18258.19,
2026-09-12T13:01:17.062047+00:00,200,9981.22,
2026-09-12T13:01:26.749042+00:00,200,341.78,
2026-09-12T13:01:24.408607+00:00,200,2696.68,
2026-09-12T13:01:17.838457+00:00,200,9278.73,
2026-09-12T13:01:01.139115+00:00,200,26008.73,
2026-09-12T13:01:05.044412+00:00,200,22122.1,
2026-09-12T13:00:53.582764+00:00,200,33615.27,
2026-09-12T13:01:07.355462+00:00,200,19861.73,
2026-09-12T13:01:04.562402+00:00,200,22685.45,
2026-09-12T13:01:26.935677+00:00,200,323.32,
2026-09-12T13:00:33.333528+00:00,200,53947.5,
2026-09-12T13:01:23.056497+00:00,200,4241.96,
2026-09-12T13:00:34.274454+00:00,200,53041.4,
2026-09-12T13:01:01.582480+00:00,200,25738.87,
2026-09-12T13:01:22.156918+00:00,200,5168.03,
2026-09-12T13:00:40.566453+00:00,200,46768.68,
2026-09-12T13:01:21.109687+00:00,200,6227.5,
2026-09-12T13:01:13.793793+00:00,200,13564.89,
2026-09-12T13:01:01.279815+00:00,200,26092.39,
2026-09-12T13:01:24.945733+00:00,200,2437.35,
2026-09-12T13:01:08.318876+00:00,200,19071.43,
2026-09-12T13:00:57.120639+00:00,200,30303.96,
2026-09-12T13:00:48.135435+00:00,200,39342.57,
2026-09-12T13:00:56.075223+00:00,200,31416.17,
2026-09-12T13:01:04.144026+00:00,200,23355.2,
2026-09-12T13:01:10.799141+00:00,200,16724.41,
2026-09-12T13:00:51.678122+00:00,200,35863.34,
2026-09-12T13:01:09.073284+00:00,200,18470.27,
2026-09-12T13:01:18.710524+00:00,200,8843.52,
2026-09-12T13:01:26.314835+00:00,200,1248.78,
2026-09-12T13:01:12.929908+00:00,200,14667.05,
2026-09-12T13:00:50.765276+00:00,200,36845.65,
2026-09-12T13:01:14.414106+00:00,200,13217.43,
2026-09-12T13:00:52.385119+00:00,200,35264.11,
2026-09-12T13:01:17.028028+00:00,200,10640.05,
2026-09-12T13:01:11.416517+00:00,200,16331.38,
2026-09-12T13:00:53.468486+00:00,200,34314.56,
2026-09-12T13:01:07.916731+00:00,200,19890.43,
2026-09-12T13:01:23.354139+00:00,200,4469.58,
2026-09-12T13:01:23.094368+00:00,200,4731.86,
2026-09-12T13:00:46.742831+00:00,200,41087.93,
2026-09-12T13:01:05.588850+00:00,200,22249.45,
2026-09-12T13:01:13.193616+00:00,200,14654.63,
2026-09-12T13:01:13.405748+00:00,200,14445.2,
2026-09-12T13:01:20.965798+00:00,200,6904.86,
2026-09-12T13:01:21.217620+00:00,200,6718.72,
2026-09-12T13:00:45.328821+00:00,200,42624.81,
2026-09-12T13:00:40.434642+00:00,200,47556.72,
2026-09-12T13:01:22.861926+00:00,200,5138.76,
2026-09-12T13:01:19.701807+00:00,200,8305.27,
2026-09-12T13:00:50.121847+00:00,200,37918.11,
2026-09-12T13:00:38.993154+00:00,200,49083.79,
2026-09-12T13:00:21.951950+00:00,200,66129.22,
2026-09-12T13:01:14.604437+00:00,200,13485.03,
2026-09-12T13:00:58.814556+00:00,200,29283.08,
2026-09-12T13:01:26.182185+00:00,200,1920.26,
2026-09-12T13:01:18.308207+00:00,200,9816.02,
2026-09-12T13:01:05.508932+00:00,200,22640.13,
2026-09-12T13:01:22.143207+00:00,200,6011.01,
2026-09-12T13:01:27.090837+00:00,200,1091.22,
2026-09-12T13:01:27.541472+00:00,200,654.63,
2026-09-12T13:01:18.299999+00:00,200,10120.3,
2026-09-12T13:00:58.878852+00:00,200,29571.18,
2026-09-12T13:01:27.987725+00:00,200,481.95,
2026-09-12T13:01:23.243777+00:00,200,5239.76,
2026-09-12T13:01:11.991413+00:00,200,16503.86,
2026-09-12T13:01:14.488773+00:00,200,14061.55,
2026-09-12T13:00:40.606422+00:00,200,47955.24,
2026-09-12T13:00:54.449251+00:00,200,34130.21,
2026-09-12T13:01:07.010791+00:00,200,21590.96,
2026-09-12T13:01:06.257878+00:00,200,22351.07,
2026-09-12T13:01:22.817230+00:00,200,5818.39,
2026-09-12T13:01:26.895197+00:00,200,1754.16,
2026-09-12T13:01:14.999939+00:00,200,13654.51,
2026-09-12T13:01:14.209133+00:00,200,14463.95,
2026-09-12T13:01:23.471952+00:00,200,5243.07,
2026-09-12T13:01:17.765926+00:00,200,10959.89,
2026-09-12T13:00:51.619004+00:00,200,37108.48,
2026-09-12T13:01:11.776485+00:00,200,16966.28,
2026-09-12T13:00:41.782696+00:00,200,46980.09,
2026-09-12T13:01:14.181084+00:00,200,14584.56,
2026-09-12T13:00:55.113829+00:00,200,33667.36,
2026-09-12T13:01:09.957109+00:00,200,18834.3,
2026-09-12T13:01:26.271225+00:00,200,2527.47,
2026-09-12T13:01:06.664295+00:00,200,22138.12,
2026-09-12T13:01:12.366925+00:00,200,16452.2,
2026-09-12T13:00:47.263905+00:00,200,41565.41,
2026-09-12T13:01:09.985113+00:00,200,18878.66,
2026-09-12T13:01:16.732944+00:00,200,12183.02,
2026-09-12T13:01:08.901411+00:00,200,20016.42,
2026-09-12T13:01:14.866675+00:00,200,14106.34,
2026-09-12T13:01:10.801294+00:00,200,18261.82,
2026-09-12T13:00:53.972202+00:00,200,35100.39,
2026-09-12T13:00:37.555670+00:00,200,51521.1,
2026-09-12T13:01:03.200856+00:00,200,25891.33,
2026-09-12T13:01:22.174774+00:00,200,6937.65,
2026-09-12T13:01:06.638344+00:00,200,22486.09,
2026-09-12T13:01:10.051782+00:00,200,19086.24,
2026-09-12T13:00:59.631951+00:00,200,29507.68,
2026-09-12T13:01:09.737100+00:00,200,19424.93,
2026-09-12T13:01:14.860300+00:00,200,14351.49,
2026-09-12T13:00:48.455617+00:00,200,40770.34,
2026-09-12T13:01:12.857561+00:00,200,16375.96,
2026-09-12T13:01:09.809280+00:00,200,19464.71,
2026-09-12T13:00:44.926050+00:00,200,44351.94,
2026-09-12T13:00:47.332479+00:00,200,41966.38,
2026-09-12T13:01:10.957787+00:00,200,18352.89,
2026-09-12T13:01:05.283535+00:00,200,24042.51,
2026-09-12T13:00:45.608245+00:00,200,43724.35,
2026-09-12T13:01:29.063133+00:00,200,289.87,
2026-09-12T13:00:58.152993+00:00,200,31202.65,
2026-09-12T13:01:25.791416+00:00,200,3573.17,
2026-09-12T13:00:55.636573+00:00,200,33776.8,
2026-09-12T13:01:18.310053+00:00,200,11115.91,
2026-09-12T13:01:26.234639+00:00,200,3194.79,
2026-09-12T13:01:20.452765+00:00,200,8987.69,
2026-09-12T13:01:10.743846+00:00,200,18716.32,
2026-09-12T13:01:20.771289+00:00,200,8697.62,
2026-09-12T13:01:20.451846+00:00,200,9079.34,
2026-09-12T13:00:45.704688+00:00,200,43828.3,
2026-09-12T13:01:23.691165+00:00,200,5855.97,
2026-09-12T13:01:12.780198+00:00,200,16770.9,
2026-09-12T13:01:16.144538+00:00,200,13412.26,
2026-09-12T13:00:39.024841+00:00,200,50547.24,
2026-09-12T13:00:35.708365+00:00,200,53876.67,
2026-09-12T13:00:58.088343+00:00,200,31501.6,
2026-09-12T13:00:32.313670+00:00,200,57278.33,
2026-09-12T13:01:01.588899+00:00,200,28010.75,
2026-09-12T13:00:28.336694+00:00,200,61277.12,
2026-09-12T13:01:18.311799+00:00,200,11334.5,
2026-09-12T13:01:23.173412+00:00,200,6477.12,
2026-09-12T13:01:20.187893+00:00,200,9468.2,
2026-09-12T13:00:54.344619+00:00,200,35324.99,
2026-09-12T13:00:41.055877+00:00,200,48629.89,
2026-09-12T13:01:05.607360+00:00,200,24101.79,
2026-09-12T13:01:08.924087+00:00,200,20807.58,
2026-09-12T13:00:42.641242+00:00,200,47092.79,
2026-09-12T13:01:16.480749+00:00,200,13285.11,
2026-09-12T13:00:48.297984+00:00,200,41483.2,
2026-09-12T13:01:03.905614+00:00,200,25883.93,
2026-09-12T13:01:27.800120+00:00,200,2047.07,
2026-09-12T13:00:47.349238+00:00,200,42535.79,
2026-09-12T13:01:12.213884+00:00,200,17682.38,
2026-09-12T13:00:37.737876+00:00,200,52160.53,
2026-09-12T13:00:59.751014+00:00,200,30156.73,
2026-09-12T13:00:50.421338+00:00,200,39489.79,
2026-09-12T13:00:45.142874+00:00,200,44772.48,
2026-09-12T13:00:36.315786+00:00,200,53612.5,
2026-09-12T13:01:28.968268+00:00,200,990.17,
2026-09-12T13:01:10.114028+00:00,200,19848.57,
2026-09-12T13:00:47.816665+00:00,200,42152.92,
2026-09-12T13:00:56.129716+00:00,200,33846.12,
2026-09-12T13:01:04.553201+00:00,200,25434.53,
2026-09-12T13:01:21.268989+00:00,200,8764.0,
2026-09-12T13:01:29.046064+00:00,200,1007.15,
2026-09-12T13:01:02.704587+00:00,200,27366.4,
2026-09-12T13:01:21.773053+00:00,200,8303.96,
2026-09-12T13:01:28.208780+00:00,200,1888.63,
2026-09-12T13:00:52.201993+00:00,200,37913.41,
2026-09-12T13:01:19.748967+00:00,200,10392.08,
2026-09-12T13:00:48.747905+00:00,200,41417.31,
2026-09-12T13:01:29.847209+00:00,200,330.17,
2026-09-12T13:00:42.483318+00:00,200,47716.48,
2026-09-12T13:01:15.177176+00:00,200,15044.83,
2026-09-12T13:01:12.921528+00:00,200,17313.37,
2026-09-12T13:01:20.545862+00:00,200,9696.18,
2026-09-12T13:01:07.292358+00:00,200,22951.63,
2026-09-12T13:01:22.307881+00:00,200,7980.08,
2026-09-12T13:00:53.728969+00:00,200,36594.91,
2026-09-12T13:00:50.249436+00:00,200,40089.84,
2026-09-12T13:01:03.085030+00:00,200,27256.84,
2026-09-12T13:01:22.285215+00:00,200,8077.84,
2026-09-12T13:01:13.291395+00:00,200,17077.7,
2026-09-12T13:01:23.331312+00:00,200,7042.53,
2026-09-12T13:01:19.635178+00:00,200,10745.84,
2026-09-12T13:01:27.306720+00:00,200,3077.36,
2026-09-12T13:01:22.320318+00:00,200,8069.81,
2026-09-12T13:01:12.778718+00:00,200,17624.91,
2026-09-12T13:00:50.536580+00:00,200,39870.51,
2026-09-12T13:01:25.799818+00:00,200,4619.08,
2026-09-12T13:00:44.984629+00:00,200,45476.37,
2026-09-12T13:01:24.905394+00:00,200,5561.09,
2026-09-12T13:01:30.141059+00:00,200,330.13,
2026-09-12T13:01:17.282624+00:00,200,13210.14,
2026-09-12T13:01:07.470474+00:00,200,23036.29,
2026-09-12T13:01:08.126986+00:00,200,22397.5,
2026-09-12T13:01:24.025307+00:00,200,6563.76,
2026-09-12T13:01:24.137468+00:00,200,6455.17,
2026-09-12T13:01:21.601522+00:00,200,9005.57,
2026-09-12T13:01:00.250417+00:00,200,30362.48,
2026-09-12T13:01:11.342622+00:00,200,19280.1,
2026-09-12T13:00:45.550350+00:00,200,45090.98,
2026-09-12T13:01:22.624077+00:00,200,8019.38,
2026-09-12T13:00:59.243916+00:00,200,31441.27,
2026-09-12T13:00:46.230161+00:00,200,44469.04,
2026-09-12T13:01:13.728946+00:00,200,16977.53,
2026-09-12T13:00:35.596108+00:00,200,55142.4,
2026-09-12T13:00:45.108647+00:00,200,45632.08,
2026-09-12T13:01:26.099389+00:00,200,4644.04,
2026-09-12T13:01:28.113006+00:00,200,2643.41,
2026-09-12T13:00:59.158356+00:00,200,31600.39,
2026-09-12T13:01:20.997805+00:00,200,9770.06,
2026-09-12T13:01:10.353492+00:00,200,20469.91,
2026-09-12T13:01:05.334386+00:00,200,25495.93,
2026-09-12T13:00:44.778871+00:00,200,46052.96,
2026-09-12T13:01:13.748656+00:00,200,17090.64,
2026-09-12T13:01:07.495717+00:00,200,23351.26,
2026-09-12T13:00:41.876523+00:00,200,49024.14,
2026-09-12T13:01:08.068450+00:00,200,22881.01,
2026-09-12T13:01:03.915629+00:00,200,27039.88,
2026-09-12T13:01:10.444573+00:00,200,20515.65,
2026-09-12T13:01:02.913887+00:00,200,28052.27,
2026-09-12T13:00:57.946469+00:00,200,33021.83,
2026-09-12T13:00:58.578802+00:00,200,32395.1,
2026-09-12T13:01:00.880089+00:00,200,30101.04,
2026-09-12T13:00:36.013674+00:00,200,54976.28,
2026-09-12T13:01:29.274018+00:00,200,1723.47,
2026-09-12T13:00:53.050348+00:00,200,37956.76,
2026-09-12T13:00:42.890314+00:00,200,48157.38,
2026-09-12T13:01:27.358697+00:00,200,3706.38,
2026-09-12T13:00:56.223585+00:00,200,34863.7,
2026-09-12T13:01:13.259220+00:00,200,17838.44,
2026-09-12T13:01:21.977989+00:00,200,9150.77,
2026-09-12T13:01:21.491073+00:00,200,9651.46,
2026-09-12T13:01:30.802315+00:00,200,343.43,
2026-09-12T13:00:53.698943+00:00,200,37457.08,
2026-09-12T13:01:24.374064+00:00,200,6799.67,
2026-09-12T13:00:56.924233+00:00,200,34254.35,
2026-09-12T13:00:57.687042+00:00,200,33512.54,
2026-09-12T13:00:32.589756+00:00,200,58616.43,
2026-09-12T13:01:20.530189+00:00,200,10690.8,
2026-09-12T13:00:49.365064+00:00,200,41863.38,
2026-09-12T13:00:44.156458+00:00,200,47101.39,
2026-09-12T13:00:52.921146+00:00,200,38351.28,
2026-09-12T13:01:30.696526+00:00,200,629.57,
2026-09-12T13:00:59.636950+00:00,200,31733.85,
2026-09-12T13:00:47.851834+00:00,200,43528.84,
2026-09-12T13:00:48.521115+00:00,200,42874.06,
2026-09-12T13:00:56.052210+00:00,200,35355.56,
2026-09-12T13:01:13.137113+00:00,200,18280.85,
2026-09-12T13:00:34.637847+00:00,200,56783.39,
2026-09-12T13:00:46.636727+00:00,200,44797.99,
2026-09-12T13:00:50.798908+00:00,200,40645.8,
2026-09-12T13:01:08.739719+00:00,200,22707.17,
2026-09-12T13:01:27.321361+00:00,200,4128.43,
2026-09-12T13:01:29.783093+00:00,200,1673.87,
2026-09-12T13:01:23.751130+00:00,200,7745.49,
2026-09-12T13:01:23.995361+00:00,200,7502.83,
2026-09-12T13:01:30.242059+00:00,200,1308.44,
2026-09-12T13:01:29.538684+00:00,200,2013.33,
2026-09-12T13:01:14.872090+00:00,200,16691.32,
2026-09-12T13:01:15.621550+00:00,200,15972.57,
2026-09-12T13:01:31.326117+00:00,200,305.38,
2026-09-12T13:00:53.052395+00:00,200,38613.48,
2026-09-12T13:01:05.095266+00:00,200,26575.79,
2026-09-12T13:00:39.054161+00:00,200,52619.97,
2026-09-12T13:01:18.117999+00:00,200,13574.89,
2026-09-12T13:00:26.824655+00:00,200,64898.41,
2026-09-12T13:01:29.891079+00:00,200,1846.0,
2026-09-12T13:01:28.769918+00:00,200,2969.25,
2026-09-12T13:01:11.510036+00:00,200,20263.19,
2026-09-12T13:00:59.472507+00:00,200,32305.89,
2026-09-12T13:00:59.798205+00:00,200,31994.7,
2026-09-12T13:01:13.875156+00:00,200,17931.73,
2026-09-12T13:00:57.244837+00:00,200,34572.02,
2026-09-12T13:00:33.413471+00:00,200,58424.04,
2026-09-12T13:01:02.965493+00:00,200,28900.23,
2026-09-12T13:00:34.993075+00:00,200,56882.48,
2026-09-12T13:01:07.709314+00:00,200,24169.93,
2026-09-12T13:01:07.947124+00:00,200,23942.93,
2026-09-12T13:01:10.241386+00:00,200,21659.39,
2026-09-12T13:01:14.904726+00:00,200,17023.73,
2026-09-12T13:01:07.444534+00:00,200,24487.61,
2026-09-12T13:00:57.243795+00:00,200,34750.02,
2026-09-12T13:01:04.561364+00:00,200,27439.44,
2026-09-12T13:01:07.070237+00:00,200,24953.28,
2026-09-12T13:00:54.774877+00:00,200,37252.26,
2026-09-12T13:01:10.315071+00:00,200,21716.8,
2026-09-12T13:01:24.317708+00:00,200,7719.03,
2026-09-12T13:00:51.181772+00:00,200,40875.76,
2026-09-12T13:00:41.436630+00:00,200,50627.49,
2026-09-12T13:00:48.287597+00:00,200,43783.86,
2026-09-12T13:01:19.404995+00:00,200,12682.95,
2026-09-12T13:00:41.179377+00:00,200,50923.12,
2026-09-12T13:01:02.311566+00:00,200,29807.55,
2026-09-12T13:01:24.438534+00:00,200,7688.55,
2026-09-12T13:01:27.043272+00:00,200,5096.34,
2026-09-12T13:00:44.755698+00:00,200,47402.09,
2026-09-12T13:01:11.298759+00:00,200,20877.1,
2026-09-12T13:00:56.817456+00:00,200,35362.11,
2026-09-12T13:00:55.134123+00:00,200,37049.85,
2026-09-12T13:01:16.054568+00:00,200,16208.5,
2026-09-12T13:01:01.587098+00:00,200,30704.22,
2026-09-12T13:01:22.944221+00:00,200,9349.96,
2026-09-12T13:01:12.992139+00:00,200,19306.9,
2026-09-12T13:01:28.829328+00:00,200,3502.15,
2026-09-12T13:01:13.241887+00:00,200,19126.96,
2026-09-12T13:01:23.618176+00:00,200,8768.18,
2026-09-12T13:01:29.782200+00:00,200,2619.33,
2026-09-12T13:01:17.522999+00:00,200,14882.04,
2026-09-12T13:01:21.204688+00:00,200,11208.8,
2026-09-12T13:01:17.840379+00:00,200,14574.62,
2026-09-12T13:01:05.532049+00:00,200,26902.01,
2026-09-12T13:00:35.856170+00:00,200,56585.79,
2026-09-12T13:01:09.304434+00:00,200,23192.65,
2026-09-12T13:01:10.528601+00:00,200,21971.97,
2026-09-12T13:00:45.936476+00:00,200,46567.92,
2026-09-12T13:01:30.506775+00:00,200,2005.43,
2026-09-12T13:01:07.445569+00:00,200,25104.78,
2026-09-12T13:01:18.714409+00:00,200,13843.8,
2026-09-12T13:01:20.094007+00:00,200,12516.98,
2026-09-12T13:01:29.599661+00:00,200,3050.96,
2026-09-12T13:01:13.073144+00:00,200,19579.43,
2026-09-12T13:01:15.006294+00:00,200,17700.6,
2026-09-12T13:01:03.386609+00:00,200,29322.08,
2026-09-12T13:01:30.929332+00:00,200,1801.04,
2026-09-12T13:01:21.898530+00:00,200,10838.85,
2026-09-12T13:00:42.814039+00:00,200,49962.67,
2026-09-12T13:00:48.330309+00:00,200,44452.23,
2026-09-12T13:01:28.031424+00:00,200,4764.23,
2026-09-12T13:01:00.920538+00:00,200,31897.46,
2026-09-12T13:01:32.497108+00:00,200,342.41,
2026-09-12T13:01:14.685808+00:00,200,18159.2,
2026-09-12T13:01:20.186931+00:00,200,12665.45,
2026-09-12T13:01:10.236133+00:00,200,22636.39,
2026-09-12T13:00:51.463493+00:00,200,41434.29,
2026-09-12T13:01:14.547523+00:00,200,18386.54,
2026-09-12T13:01:21.280973+00:00,200,11660.66,
2026-09-12T13:01:08.153082+00:00,200,24828.01,
2026-09-12T13:01:31.142543+00:00,200,1852.99,
2026-09-12T13:01:18.716202+00:00,200,14326.92,
2026-09-12T13:01:13.516101+00:00,200,19532.49,
2026-09-12T13:01:10.083129+00:00,200,22990.47,
2026-09-12T13:00:31.714701+00:00,200,61379.59,
2026-09-12T13:01:21.981905+00:00,200,11130.53,
2026-09-12T13:01:04.520458+00:00,200,28604.78,
2026-09-12T13:01:03.665958+00:00,200,29507.32,
2026-09-12T13:01:19.837983+00:00,200,13345.07,
2026-09-12T13:01:06.980872+00:00,200,26209.66,
2026-09-12T13:01:20.273828+00:00,200,12920.63,
2026-09-12T13:01:27.437607+00:00,200,5760.88,
2026-09-12T13:00:51.168970+00:00,200,42034.45,
2026-09-12T13:01:21.754483+00:00,200,11453.23,
2026-09-12T13:01:01.844031+00:00,200,31407.64,
2026-09-12T13:01:11.679327+00:00,200,21590.65,
2026-09-12T13:01:32.487390+00:00,200,784.54,
2026-09-12T13:01:32.488784+00:00,200,785.23,
2026-09-12T13:01:08.405871+00:00,200,24870.32,
2026-09-12T13:01:02.281525+00:00,200,30996.86,
2026-09-12T13:01:02.032920+00:00,200,31247.51,
2026-09-12T13:01:06.864061+00:00,200,26418.55,
2026-09-12T13:00:50.109855+00:00,200,43174.8,
2026-09-12T13:00:58.090128+00:00,200,35207.73,
2026-09-12T13:00:47.588391+00:00,200,45717.47,
2026-09-12T13:00:59.285198+00:00,200,34046.02,
2026-09-12T13:00:24.149877+00:00,200,69196.22,
2026-09-12T13:01:32.934078+00:00,200,438.47,
2026-09-12T13:00:42.319761+00:00,200,51083.91,
2026-09-12T13:01:09.736198+00:00,200,23675.38,
2026-09-12T13:01:25.723397+00:00,200,7690.49,
2026-09-12T13:01:02.297810+00:00,200,31118.6,
2026-09-12T13:01:06.518439+00:00,200,26900.62,
2026-09-12T13:01:07.624012+00:00,200,25797.93,
2026-09-12T13:00:39.511954+00:00,200,53912.65,
2026-09-12T13:01:24.737097+00:00,200,8689.96,
2026-09-12T13:01:15.798324+00:00,200,17631.43,
2026-09-12T13:00:49.475852+00:00,200,43956.34,
2026-09-12T13:00:52.699074+00:00,200,40750.78,
2026-09-12T13:01:18.204606+00:00,200,15249.64,
2026-09-12T13:01:16.919466+00:00,200,16597.87,
2026-09-12T13:01:00.072827+00:00,200,33447.86,
2026-09-12T13:01:09.188286+00:00,200,24335.77,
2026-09-12T13:00:56.038635+00:00,200,37488.56,
2026-09-12T13:01:10.804283+00:00,200,22726.35,
2026-09-12T13:01:21.279419+00:00,200,12254.25,
2026-09-12T13:01:26.864321+00:00,200,6672.43,
2026-09-12T13:01:18.792773+00:00,200,14746.62,
2026-09-12T13:00:57.456289+00:00,200,36085.81,
2026-09-12T13:01:31.149166+00:00,200,2396.14,
2026-09-12T13:01:07.664527+00:00,200,25884.24,
2026-09-12T13:01:10.648627+00:00,200,22903.51,
2026-09-12T13:01:22.999750+00:00,200,10582.23,
2026-09-12T13:00:41.513512+00:00,200,52073.78,
2026-09-12T13:00:40.762664+00:00,200,52976.17,
2026-09-12T13:01:02.474157+00:00,200,31294.19,
2026-09-12T13:01:16.049384+00:00,200,17760.77,
2026-09-12T13:01:13.686825+00:00,200,20139.74,
2026-09-12T13:00:59.668456+00:00,200,34264.23,
2026-09-12T13:01:26.403882+00:00,200,7602.94,
2026-09-12T13:00:59.766078+00:00,200,34273.23,
2026-09-12T13:01:17.947709+00:00,200,16128.01,
2026-09-12T13:01:28.430089+00:00,200,5652.86,
2026-09-12T13:01:10.959484+00:00,200,23147.92,
2026-09-12T13:01:31.496644+00:00,200,2638.42,
2026-09-12T13:01:25.807613+00:00,200,8349.32,
2026-09-12T13:01:14.272780+00:00,200,19931.1,
2026-09-12T13:00:36.665820+00:00,200,57579.94,
2026-09-12T13:01:06.778519+00:00,200,27535.07,
2026-09-12T13:00:44.988401+00:00,200,49360.06,
2026-09-12T13:01:08.258675+00:00,200,26105.58,
2026-09-12T13:00:54.084799+00:00,200,40285.28,
2026-09-12T13:01:16.609427+00:00,200,17787.56,
2026-09-12T13:01:20.688969+00:00,200,13714.36,
2026-09-12T13:01:29.781196+00:00,200,4680.57,
2026-09-12T13:01:14.229492+00:00,200,20286.47,
2026-09-12T13:01:20.501226+00:00,200,14052.46,
2026-09-12T13:00:56.693989+00:00,200,37886.28,
2026-09-12T13:01:02.113734+00:00,200,32483.72,
2026-09-12T13:00:36.077305+00:00,200,58522.95,
2026-09-12T13:01:28.102461+00:00,200,6523.81,
2026-09-12T13:01:29.253043+00:00,200,5389.95,
2026-09-12T13:00:36.482305+00:00,200,58180.0,
2026-09-12T13:00:42.484837+00:00,200,52223.48,
2026-09-12T13:00:52.996771+00:00,200,41724.68,
2026-09-12T13:01:23.878234+00:00,200,10864.18,
2026-09-12T13:01:09.891230+00:00,200,24874.49,
2026-09-12T13:01:24.532509+00:00,200,10277.9,
2026-09-12T13:01:15.799924+00:00,200,19025.41,
2026-09-12T13:00:39.955220+00:00,200,54896.9,
2026-09-12T13:00:41.778648+00:00,200,53103.86,
2026-09-12T13:00:38.490153+00:00,200,56514.65,
2026-09-12T13:01:14.863305+00:00,200,20144.4,
2026-09-12T13:01:15.376224+00:00,200,19691.94,
2026-09-12T13:01:10.162645+00:00,200,24917.92,
2026-09-12T13:01:00.335186+00:00,200,34762.67,
2026-09-12T13:00:51.849146+00:00,200,43251.48,
2026-09-12T13:01:17.026286+00:00,200,18160.42,
2026-09-12T13:01:31.366310+00:00,200,3913.25,
2026-09-12T13:00:48.056927+00:00,200,47297.87,
2026-09-12T13:01:22.768455+00:00,200,12608.08,
2026-09-12T13:00:51.131646+00:00,200,44252.11,
2026-09-12T13:00:51.151217+00:00,200,44341.44,
2026-09-12T13:01:31.879214+00:00,200,3637.83,
2026-09-12T13:01:22.600341+00:00,200,12924.52,
2026-09-12T13:01:16.487370+00:00,200,19057.45,
2026-09-12T13:01:00.790367+00:00,200,34784.75,
2026-09-12T13:00:57.878706+00:00,200,37712.74,
2026-09-12T13:01:12.363987+00:00,200,23257.2,
2026-09-12T13:01:32.157799+00:00,200,3469.08,
2026-09-12T13:00:45.996585+00:00,200,49696.87,
2026-09-12T13:00:32.872340+00:00,200,62916.44,
2026-09-12T13:01:29.748678+00:00,200,6069.71,
2026-09-12T13:00:54.450395+00:00,200,41370.82,
2026-09-12T13:01:09.332777+00:00,200,26497.25,
2026-09-12T13:01:19.723338+00:00,200,16136.64,
2026-09-12T13:01:27.068142+00:00,200,8845.75,
2026-09-12T13:01:10.387369+00:00,200,25549.6,
2026-09-12T13:00:38.069283+00:00,200,57914.11,
2026-09-12T13:01:19.976798+00:00,200,16013.37,
2026-09-12T13:01:10.540668+00:00,200,25458.18,
2026-09-12T13:01:05.726433+00:00,200,30289.92,
2026-09-12T13:01:12.006423+00:00,200,24019.68,
2026-09-12T13:01:19.896641+00:00,200,16138.77,
2026-09-12T13:01:12.012976+00:00,200,24041.64,
2026-09-12T13:01:06.779443+00:00,200,29279.54,
2026-09-12T13:00:39.100562+00:00,200,56995.71,
2026-09-12T13:01:19.986624+00:00,200,16136.38,
2026-09-12T13:01:22.571645+00:00,200,13657.23,
2026-09-12T13:01:28.932596+00:00,200,7332.39,
2026-09-12T13:01:13.277367+00:00,200,23022.44,
2026-09-12T13:01:05.006277+00:00,200,31304.94,
2026-09-12T13:00:59.102485+00:00,200,37324.23,
2026-09-12T13:00:59.152523+00:00,200,37352.22,
2026-09-12T13:00:27.451558+00:00,200,69057.7,
2026-09-12T13:01:18.371951+00:00,200,18164.8,
2026-09-12T13:01:16.372300+00:00,200,20189.29,
2026-09-12T13:01:14.735198+00:00,200,21829.79,
2026-09-12T13:01:22.013749+00:00,200,14584.71,
2026-09-12T13:01:30.732195+00:00,200,5910.77,
2026-09-12T13:01:27.247865+00:00,200,9518.0,
2026-09-12T13:01:05.089703+00:00,200,31695.68,
2026-09-12T13:00:36.764318+00:00,200,60072.2,
2026-09-12T13:00:42.405126+00:00,200,54434.49,
2026-09-12T13:01:25.253204+00:00,200,11611.62,
2026-09-12T13:00:54.763061+00:00,200,42114.75,
2026-09-12T13:01:31.188775+00:00,200,5692.15,
2026-09-12T13:00:37.153892+00:00,200,59772.65,
2026-09-12T13:00:35.869871+00:00,200,61069.65,
2026-09-12T13:00:55.726325+00:00,200,41280.2,
2026-09-12T13:01:19.482018+00:00,200,17552.2,
2026-09-12T13:01:31.674139+00:00,200,5374.74,
2026-09-12T13:01:23.440442+00:00,200,13615.51,
2026-09-12T13:01:24.339765+00:00,200,12810.91,
2026-09-12T13:00:51.949094+00:00,200,45212.81,
2026-09-12T13:01:36.598470+00:00,200,572.2,
2026-09-12T13:01:19.836633+00:00,200,17353.75,
2026-09-12T13:00:45.424762+00:00,200,51852.12,
2026-09-12T13:01:32.131365+00:00,200,5179.96,
2026-09-12T13:01:21.657936+00:00,200,15664.51,
2026-09-12T13:01:02.638450+00:00,200,34693.67,
2026-09-12T13:01:25.827859+00:00,200,11542.27,
2026-09-12T13:01:09.629836+00:00,200,27773.94,
2026-09-12T13:01:34.974719+00:00,200,2451.86,
2026-09-12T13:01:11.964502+00:00,200,25556.91,
2026-09-12T13:01:32.127098+00:00,200,5442.51,
2026-09-12T13:01:36.395368+00:00,200,1204.54,
2026-09-12T13:01:23.676280+00:00,200,13943.21,
2026-09-12T13:01:32.167359+00:00,200,5464.69,
2026-09-12T13:01:17.175539+00:00,200,20487.76,
2026-09-12T13:01:33.198507+00:00,200,4483.46,
2026-09-12T13:01:00.853776+00:00,200,36832.27,
2026-09-12T13:01:09.511431+00:00,200,28206.16,
2026-09-12T13:01:25.490030+00:00,200,12247.44,
2026-09-12T13:00:52.973331+00:00,200,44807.99,
2026-09-12T13:01:03.039992+00:00,200,34855.62,
2026-09-12T13:01:08.858893+00:00,200,29055.29,
2026-09-12T13:01:20.549833+00:00,200,17390.32,
2026-09-12T13:01:05.373737+00:00,200,32570.6,
2026-09-12T13:01:13.749471+00:00,200,24208.04,
2026-09-12T13:01:11.415543+00:00,200,26591.85,
2026-09-12T13:01:08.997329+00:00,200,29032.07,
2026-09-12T13:01:33.143012+00:00,200,4950.55,
2026-09-12T13:01:19.325715+00:00,200,18791.38,
2026-09-12T13:01:14.207565+00:00,200,23913.99,
2026-09-12T13:01:35.741636+00:00,200,2382.84,
2026-09-12T13:01:02.422364+00:00,200,35717.82,
2026-09-12T13:01:25.680200+00:00,200,12483.78,
2026-09-12T13:01:16.782868+00:00,200,21427.0,
2026-09-12T13:01:19.396483+00:00,200,18838.18,
2026-09-12T13:01:19.174780+00:00,200,19069.41,
2026-09-12T13:00:58.964834+00:00,200,39294.32,
2026-09-12T13:01:27.383099+00:00,200,10904.99,
2026-09-12T13:01:37.134842+00:00,200,1155.75,
2026-09-12T13:01:34.832978+00:00,200,3491.26,
2026-09-12T13:00:50.106667+00:00,200,48245.08,
2026-09-12T13:00:36.769246+00:00,200,61596.52,
2026-09-12T13:00:57.718926+00:00,200,40661.02,
2026-09-12T13:00:42.808360+00:00,200,55633.91,
2026-09-12T13:00:52.695491+00:00,200,45758.73,
2026-09-12T13:00:37.042211+00:00,200,61423.06,
2026-09-12T13:00:38.478681+00:00,200,59999.45,
2026-09-12T13:00:59.306890+00:00,200,39206.72,
2026-09-12T13:00:55.548055+00:00,200,43004.58,
2026-09-12T13:01:21.321590+00:00,200,17235.37,
2026-09-12T13:01:25.501301+00:00,200,13095.12,
2026-09-12T13:01:01.551052+00:00,200,37101.4,
2026-09-12T13:01:23.191067+00:00,200,15477.37,
2026-09-12T13:01:02.744281+00:00,200,35945.3,
2026-09-12T13:00:28.604016+00:00,200,70090.88,
2026-09-12T13:00:49.027397+00:00,200,49670.22,
2026-09-12T13:00:52.738842+00:00,200,45975.21,
2026-09-12T13:00:52.122026+00:00,200,46598.03,
2026-09-12T13:01:31.265481+00:00,200,7459.72,
2026-09-12T13:01:26.264044+00:00,200,12462.9,
2026-09-12T13:00:55.827595+00:00,200,42908.1,
2026-09-12T13:01:13.136278+00:00,200,25657.48,
2026-09-12T13:01:01.580456+00:00,200,37251.25,
2026-09-12T13:01:29.734043+00:00,200,9100.3,
2026-09-12T13:01:38.518161+00:00,200,330.92,
2026-09-12T13:00:40.876240+00:00,200,57990.09,
2026-09-12T13:01:32.922362+00:00,200,5946.27,
2026-09-12T13:01:04.600315+00:00,200,34281.13,
2026-09-12T13:00:53.435473+00:00,200,45449.75,
2026-09-12T13:00:41.965864+00:00,200,56938.28,
2026-09-12T13:01:38.596445+00:00,200,336.39,
2026-09-12T13:00:36.389898+00:00,200,62556.11,
2026-09-12T13:01:24.198918+00:00,200,14766.73,
2026-09-12T13:01:36.399178+00:00,200,2573.66,
2026-09-12T13:01:31.110252+00:00,200,7890.34,
2026-09-12T13:01:03.511727+00:00,200,35505.73,
2026-09-12T13:01:01.617975+00:00,200,37416.68,
2026-09-12T13:01:14.650976+00:00,200,24386.81,
2026-09-12T13:00:58.961027+00:00,200,40093.14,
2026-09-12T13:01:26.959157+00:00,200,12105.69,
2026-09-12T13:01:32.417613+00:00,200,6678.68,
2026-09-12T13:00:27.121312+00:00,200,71979.34,
2026-09-12T13:00:54.590564+00:00,200,44522.15,
2026-09-12T13:00:41.547211+00:00,200,57571.49,
2026-09-12T13:00:40.693027+00:00,200,58448.55,
2026-09-12T13:00:48.706966+00:00,200,50443.65,
2026-09-12T13:01:32.618135+00:00,200,6565.87,
2026-09-12T13:00:27.814035+00:00,200,71382.13,
2026-09-12T13:01:12.404905+00:00,200,26828.72,
2026-09-12T13:01:25.534657+00:00,200,13749.31,
2026-09-12T13:00:50.999479+00:00,200,48288.69,
2026-09-12T13:01:01.634242+00:00,200,37658.65,
2026-09-12T13:00:40.264052+00:00,200,59040.91,
2026-09-12T13:01:35.056744+00:00,200,4250.78,
2026-09-12T13:01:33.429764+00:00,200,5881.7,
2026-09-12T13:01:35.058938+00:00,200,4255.05,
2026-09-12T13:01:29.850526+00:00,200,9510.23,
2026-09-12T13:01:29.669618+00:00,200,9705.15,
2026-09-12T13:00:56.074129+00:00,200,43356.99,
2026-09-12T13:00:43.933017+00:00,200,55577.09,
2026-09-12T13:01:27.108064+00:00,200,12425.25,
2026-09-12T13:01:20.009949+00:00,200,19538.8,
2026-09-12T13:01:32.791608+00:00,200,6771.0,
2026-09-12T13:01:33.826571+00:00,200,5781.75,
2026-09-12T13:00:59.298355+00:00,200,40315.33,
2026-09-12T13:00:51.513240+00:00,200,48103.77,
2026-09-12T13:01:08.536770+00:00,200,31086.51,
2026-09-12T13:01:27.723747+00:00,200,11909.44,
2026-09-12T13:01:33.424614+00:00,200,6213.17,
2026-09-12T13:01:22.388417+00:00,200,17259.39,
2026-09-12T13:01:33.224954+00:00,200,6426.55,
2026-09-12T13:01:06.991432+00:00,200,32669.44,
2026-09-12T13:00:55.811250+00:00,200,43861.48,
2026-09-12T13:01:22.118127+00:00,200,17574.21,
2026-09-12T13:01:10.688252+00:00,200,29051.65,
2026-09-12T13:00:33.049685+00:00,200,66712.61,
2026-09-12T13:01:20.319205+00:00,200,19447.78,
2026-09-12T13:01:16.566176+00:00,200,23245.7,
2026-09-12T13:01:25.205191+00:00,200,14612.66,
2026-09-12T13:01:31.224517+00:00,200,8628.97,
2026-09-12T13:01:06.751851+00:00,200,33128.99,
2026-09-12T13:01:35.279574+00:00,200,4602.73,
2026-09-12T13:01:02.185187+00:00,200,37707.61,
2026-09-12T13:01:36.661733+00:00,200,3250.88,
2026-09-12T13:01:30.830337+00:00,200,9091.98,
2026-09-12T13:01:16.786483+00:00,200,23150.93,
2026-09-12T13:01:07.462059+00:00,200,32485.21,
2026-09-12T13:00:55.807815+00:00,200,44150.1,
2026-09-12T13:01:06.438751+00:00,200,33523.89,
2026-09-12T13:01:05.421695+00:00,200,34549.17,
2026-09-12T13:00:45.272599+00:00,200,54709.9,
2026-09-12T13:01:34.639959+00:00,200,5383.41,
2026-09-12T13:01:23.156198+00:00,200,16876.56,
2026-09-12T13:00:50.477438+00:00,200,49577.2,
2026-09-12T13:01:35.959538+00:00,200,4097.85,
2026-09-12T13:01:35.860000+00:00,200,4214.99,
2026-09-12T13:01:30.771427+00:00,200,9307.65,
2026-09-12T13:00:40.401674+00:00,200,59681.61,
2026-09-12T13:01:10.193854+00:00,200,29893.97,
2026-09-12T13:01:09.106034+00:00,200,30986.2,
2026-09-12T13:01:22.989745+00:00,200,17172.1,
2026-09-12T13:01:14.782037+00:00,200,25424.87,
2026-09-12T13:01:12.432480+00:00,200,27787.43,
2026-09-12T13:01:21.272430+00:00,200,18966.56,
2026-09-12T13:00:37.598084+00:00,200,62647.29,
2026-09-12T13:01:04.374005+00:00,200,35928.9,
2026-09-12T13:00:58.547581+00:00,200,41785.08,
2026-09-12T13:01:30.222040+00:00,200,10116.5,
2026-09-12T13:01:10.378513+00:00,200,29973.13,
2026-09-12T13:01:00.978442+00:00,200,39377.73,
2026-09-12T13:01:25.643705+00:00,200,14731.93,
2026-09-12T13:00:18.346022+00:00,200,82063.82,
2026-09-12T13:01:26.767374+00:00,200,13644.18,
2026-09-12T13:01:10.027274+00:00,200,30421.33,
2026-09-12T13:01:38.519335+00:00,200,1936.22,
2026-09-12T13:01:24.345934+00:00,200,16130.79,
2026-09-12T13:00:35.635782+00:00,200,64854.48,
2026-09-12T13:01:17.276812+00:00,200,23218.56,
2026-09-12T13:01:22.178805+00:00,200,18334.14,
2026-09-12T13:00:58.067967+00:00,200,42460.57,
2026-09-12T13:01:31.750351+00:00,200,8825.18,
2026-09-12T13:01:20.198764+00:00,200,20385.99,
2026-09-12T13:01:13.871840+00:00,200,26744.01,
2026-09-12T13:01:39.426863+00:00,200,1198.68,
2026-09-12T13:00:58.600575+00:00,200,42031.43,
2026-09-12T13:00:53.643414+00:00,200,46994.35,
2026-09-12T13:00:53.011978+00:00,200,47637.67,
2026-09-12T13:01:03.730784+00:00,200,36939.31,
2026-09-12T13:01:08.757879+00:00,200,31923.21,
2026-09-12T13:01:18.474812+00:00,200,22209.46,
2026-09-12T13:00:48.443089+00:00,200,52275.77,
2026-09-12T13:01:01.110725+00:00,200,39678.31,
2026-09-12T13:01:30.027907+00:00,200,10780.05,
2026-09-12T13:01:26.984823+00:00,200,13831.49,
2026-09-12T13:01:01.245592+00:00,200,39576.12,
2026-09-12T13:00:42.620264+00:00,200,58207.41,
2026-09-12T13:01:20.544847+00:00,200,20285.06,
2026-09-12T13:01:08.025871+00:00,200,32807.14,
2026-09-12T13:01:33.101187+00:00,200,7742.65,
2026-09-12T13:01:37.599922+00:00,200,3250.99,
2026-09-12T13:00:53.217594+00:00,200,47675.55,
2026-09-12T13:00:50.126708+00:00,200,50827.12,
2026-09-12T13:01:12.973416+00:00,200,27982.76,
2026-09-12T13:01:06.040010+00:00,200,34926.7,
2026-09-12T13:00:56.106713+00:00,200,44861.55,
2026-09-12T13:01:24.099293+00:00,200,16875.51,
2026-09-12T13:01:35.998860+00:00,200,4988.73,
2026-09-12T13:00:52.645694+00:00,200,48360.13,
2026-09-12T13:01:32.179575+00:00,200,8846.17,
2026-09-12T13:00:52.108960+00:00,200,48932.14,
2026-09-12T13:01:10.419250+00:00,200,30634.25,
2026-09-12T13:01:15.001555+00:00,200,26070.18,
2026-09-12T13:01:01.129767+00:00,200,39952.62,
2026-09-12T13:01:34.727122+00:00,200,6362.6,
2026-09-12T13:00:28.577067+00:00,200,72515.51,
2026-09-12T13:01:34.828219+00:00,200,6288.04,
2026-09-12T13:01:25.546154+00:00,200,15612.54,
2026-09-12T13:00:50.652591+00:00,200,50541.8,
2026-09-12T13:01:24.117480+00:00,200,17079.06,
2026-09-12T13:01:29.211805+00:00,200,11991.11,
2026-09-12T13:01:29.086224+00:00,200,12132.16,
2026-09-12T13:01:40.893158+00:00,200,346.96,
2026-09-12T13:01:40.564531+00:00,200,695.31,
2026-09-12T13:01:10.858389+00:00,200,30403.66,
2026-09-12T13:01:06.665525+00:00,200,34633.8,
2026-09-12T13:01:25.708469+00:00,200,15601.93,
2026-09-12T13:01:31.225794+00:00,200,10086.75,
2026-09-12T13:01:40.565584+00:00,200,748.7,
2026-09-12T13:01:11.985353+00:00,200,29331.18,
2026-09-12T13:00:40.951453+00:00,200,60366.7,
2026-09-12T13:01:38.725208+00:00,200,2594.73,
2026-09-12T13:00:56.488074+00:00,200,44833.5,
2026-09-12T13:01:10.555918+00:00,200,30767.33,
2026-09-12T13:01:37.403795+00:00,200,3921.42,
2026-09-12T13:01:36.324406+00:00,200,5009.43,
2026-09-12T13:01:20.793526+00:00,200,20552.36,
2026-09-12T13:01:30.756423+00:00,200,10618.96,
2026-09-12T13:01:07.744992+00:00,200,33643.41,
2026-09-12T13:01:08.047752+00:00,200,33363.85,
2026-09-12T13:01:10.339405+00:00,200,31112.73,
2026-09-12T13:01:02.308873+00:00,200,39156.82,
2026-09-12T13:00:53.554194+00:00,200,47929.84,
2026-09-12T13:00:53.920195+00:00,200,47599.28,
2026-09-12T13:01:30.142945+00:00,200,11464.42,
2026-09-12T13:01:23.426021+00:00,200,18186.38,
2026-09-12T13:00:45.815408+00:00,200,55804.31,
2026-09-12T13:00:58.869763+00:00,200,42760.28,
2026-09-12T13:01:22.605887+00:00,200,19041.9,
2026-09-12T13:01:01.058595+00:00,200,40591.84,
2026-09-12T13:01:41.259851+00:00,200,394.52,
2026-09-12T13:01:34.852137+00:00,200,6822.43,
2026-09-12T13:00:51.655716+00:00,200,50021.3,
2026-09-12T13:01:41.262064+00:00,200,440.84,
2026-09-12T13:01:30.227614+00:00,200,11477.31,
2026-09-12T13:01:02.478624+00:00,200,39228.2,
2026-09-12T13:01:02.498295+00:00,200,39210.42,
2026-09-12T13:01:32.341151+00:00,200,9369.58,
2026-09-12T13:01:34.729425+00:00,200,6987.62,
2026-09-12T13:00:55.044156+00:00,200,46693.64,
2026-09-12T13:00:47.206011+00:00,200,54576.15,
2026-09-12T13:00:41.489356+00:00,200,60350.3,
2026-09-12T13:01:16.376249+00:00,200,25471.37,
2026-09-12T13:01:26.938137+00:00,200,14934.74,
2026-09-12T13:00:55.087919+00:00,200,46797.87,
2026-09-12T13:01:27.546272+00:00,200,14350.4,
2026-09-12T13:01:34.333612+00:00,200,7638.23,
2026-09-12T13:00:41.630362+00:00,200,60353.81,
2026-09-12T13:01:38.854135+00:00,200,3137.3,
2026-09-12T13:01:31.446898+00:00,200,10559.28,
2026-09-12T13:01:03.480252+00:00,200,38568.65,
2026-09-12T13:01:14.880477+00:00,200,27244.82,
2026-09-12T13:01:14.056165+00:00,200,28090.3,
2026-09-12T13:01:30.473247+00:00,200,11683.62,
2026-09-12T13:00:58.176526+00:00,200,43992.48,
2026-09-12T13:01:06.432218+00:00,200,35745.88,
2026-09-12T13:00:43.456289+00:00,200,58732.91,
2026-09-12T13:00:22.003420+00:00,200,80201.48,
2026-09-12T13:00:31.668940+00:00,200,70547.76,
2026-09-12T13:00:55.554983+00:00,200,46687.88,
2026-09-12T13:01:31.711924+00:00,200,10542.43,
2026-09-12T13:01:30.273408+00:00,200,12019.59,
2026-09-12T13:00:59.739926+00:00,200,42567.75,
2026-09-12T13:01:34.145124+00:00,200,8181.77,
2026-09-12T13:01:29.417974+00:00,200,12921.24,
2026-09-12T13:00:44.499510+00:00,200,57856.77,
2026-09-12T13:01:19.024818+00:00,200,23352.0,
2026-09-12T13:01:21.265428+00:00,200,21125.13,
2026-09-12T13:01:32.782557+00:00,200,9627.33,
2026-09-12T13:01:11.711964+00:00,200,30704.1,
2026-09-12T13:01:27.499242+00:00,200,14986.74,
2026-09-12T13:01:26.158273+00:00,200,16339.58,
2026-09-12T13:01:31.109252+00:00,200,11410.98,
2026-09-12T13:01:07.873301+00:00,200,34663.9,
2026-09-12T13:01:37.066080+00:00,200,5477.37,
2026-09-12T13:01:08.661404+00:00,200,33886.62,
2026-09-12T13:01:41.271101+00:00,200,1307.94,
2026-09-12T13:01:21.366664+00:00,200,21239.63,
2026-09-12T13:00:57.063334+00:00,200,45560.51,
2026-09-12T13:01:00.698515+00:00,200,41935.55,
2026-09-12T13:00:52.772635+00:00,200,49899.77,
2026-09-12T13:01:12.513085+00:00,200,30177.87,
2026-09-12T13:01:03.492439+00:00,200,39216.96,
2026-09-12T13:00:41.247339+00:00,200,61474.6,
2026-09-12T13:01:06.382156+00:00,200,36354.53,
2026-09-12T13:01:34.139936+00:00,200,8624.99,
2026-09-12T13:01:06.737937+00:00,200,36124.7,
2026-09-12T13:01:35.123581+00:00,200,7742.81,
2026-09-12T13:01:32.057540+00:00,200,10812.75,
2026-09-12T13:00:42.624252+00:00,200,60259.26,
2026-09-12T13:01:33.251690+00:00,200,9669.67,
2026-09-12T13:01:22.066154+00:00,200,20859.63,
2026-09-12T13:00:59.659000+00:00,200,43276.8,
2026-09-12T13:01:03.339302+00:00,200,39633.57,
2026-09-12T13:01:29.124448+00:00,200,13869.22,
2026-09-12T13:01:39.725459+00:00,200,3291.5,
2026-09-12T13:01:11.345354+00:00,200,31674.71,
2026-09-12T13:01:02.577441+00:00,200,40445.47,
2026-09-12T13:01:29.378475+00:00,200,13697.27,
2026-09-12T13:01:28.781202+00:00,200,14331.39,
2026-09-12T13:00:53.187836+00:00,200,49935.21,
2026-09-12T13:01:01.629279+00:00,200,41506.47,
2026-09-12T13:01:41.272075+00:00,200,1870.79,
2026-09-12T13:01:24.777311+00:00,200,18367.95,
2026-09-12T13:01:14.426301+00:00,200,28733.07,
2026-09-12T13:01:06.293358+00:00,200,36888.37,
2026-09-12T13:01:06.012943+00:00,200,37187.12,
2026-09-12T13:00:45.669062+00:00,200,57539.31,
2026-09-12T13:00:33.416711+00:00,200,69804.98,
2026-09-12T13:01:35.544839+00:00,200,7679.09,
2026-09-12T13:00:52.174785+00:00,200,51057.66,
2026-09-12T13:00:47.289891+00:00,200,55950.08,
2026-09-12T13:00:55.961874+00:00,200,47322.76,
2026-09-12T13:01:08.711010+00:00,200,34587.25,
2026-09-12T13:00:52.273349+00:00,200,51107.7,
2026-09-12T13:01:16.856170+00:00,200,26544.83,
2026-09-12T13:01:26.447373+00:00,200,16958.0,
2026-09-12T13:01:41.586459+00:00,200,1827.48,
2026-09-12T13:01:30.607103+00:00,200,12809.04,
2026-09-12T13:01:33.359034+00:00,200,10070.64,
2026-09-12T13:01:41.816766+00:00,200,1631.31,
2026-09-12T13:01:18.375414+00:00,200,25084.3,
2026-09-12T13:00:57.530067+00:00,200,45955.41,
2026-09-12T13:01:30.339300+00:00,200,13177.01,
2026-09-12T13:01:25.699944+00:00,200,17834.32,
2026-09-12T13:00:52.767672+00:00,200,50777.65,
2026-09-12T13:01:40.375648+00:00,200,3192.32,
2026-09-12T13:00:46.151629+00:00,200,57444.61,
2026-09-12T13:01:38.938271+00:00,200,4721.31,
2026-09-12T13:00:28.314700+00:00,200,75346.96,
2026-09-12T13:01:18.315386+00:00,200,25349.34,
2026-09-12T13:01:02.938159+00:00,200,40778.81,
2026-09-12T13:01:39.676200+00:00,200,4046.3,
2026-09-12T13:01:42.125315+00:00,200,1616.18,
2026-09-12T13:01:08.023567+00:00,200,35727.73,
2026-09-12T13:00:30.701258+00:00,200,73059.38,
2026-09-12T13:01:15.894853+00:00,200,27890.48,
2026-09-12T13:01:39.500196+00:00,200,4320.33,
2026-09-12T13:01:15.880712+00:00,200,27986.05,
2026-09-12T13:00:51.336604+00:00,200,52572.84,
2026-09-12T13:00:29.468095+00:00,200,74451.38,
2026-09-12T13:01:19.807827+00:00,200,24113.66,
2026-09-12T13:01:38.868638+00:00,200,5055.86,
2026-09-12T13:00:48.566728+00:00,200,55379.45,
2026-09-12T13:01:30.580888+00:00,200,13407.61,
2026-09-12T13:01:37.848951+00:00,200,6169.42,
2026-09-12T13:01:35.808800+00:00,200,8216.73,
2026-09-12T13:01:29.646321+00:00,200,14383.22,
2026-09-12T13:01:13.894186+00:00,200,30177.78,
2026-09-12T13:00:42.601870+00:00,200,61495.87,
2026-09-12T13:01:40.023391+00:00,200,4077.26,
2026-09-12T13:01:07.079935+00:00,200,37025.31,
2026-09-12T13:01:33.278387+00:00,200,10887.68,
2026-09-12T13:00:27.184582+00:00,200,76984.74,
2026-09-12T13:01:20.420447+00:00,200,23801.34,
2026-09-12T13:00:55.276657+00:00,200,48953.4,
2026-09-12T13:01:23.631873+00:00,200,20644.15,
2026-09-12T13:01:00.181003+00:00,200,44125.95,
2026-09-12T13:00:54.901162+00:00,200,49410.84,
2026-09-12T13:01:37.006548+00:00,200,7314.57,
2026-09-12T13:01:41.607380+00:00,200,2736.05,
2026-09-12T13:01:33.073617+00:00,200,11320.56,
2026-09-12T13:01:25.252163+00:00,200,19143.95,
2026-09-12T13:00:54.381541+00:00,200,50024.51,
2026-09-12T13:01:34.742418+00:00,200,9669.11,
2026-09-12T13:01:09.138909+00:00,200,35313.07,
2026-09-12T13:01:36.181336+00:00,200,8285.38,
2026-09-12T13:00:49.852007+00:00,200,54634.67,
2026-09-12T13:01:37.426590+00:00,200,7062.18,
2026-09-12T13:01:03.955700+00:00,200,40542.84,
2026-09-12T13:01:33.276212+00:00,200,11238.37,
2026-09-12T13:01:35.581833+00:00,200,8935.58,
2026-09-12T13:01:33.717221+00:00,200,10804.14,
2026-09-12T13:01:38.467926+00:00,200,6068.27,
2026-09-12T13:01:33.427073+00:00,200,11129.09,
2026-09-12T13:00:46.399847+00:00,200,58200.48,
2026-09-12T13:00:43.440090+00:00,200,61182.5,
2026-09-12T13:01:40.369359+00:00,200,4332.56,
2026-09-12T13:01:38.469005+00:00,200,6255.87,
2026-09-12T13:01:27.801193+00:00,200,16944.34,
2026-09-12T13:01:38.153033+00:00,200,6610.79,
2026-09-12T13:01:31.266837+00:00,200,13511.59,
2026-09-12T13:01:02.532235+00:00,200,42289.35,
2026-09-12T13:01:06.613139+00:00,200,38296.96,
2026-09-12T13:00:23.614647+00:00,200,81298.81,
2026-09-12T13:01:14.749122+00:00,200,30201.74,
2026-09-12T13:00:26.709678+00:00,200,78244.34,
2026-09-12T13:01:25.296873+00:00,200,19670.16,
2026-09-12T13:01:10.354640+00:00,200,34617.61,
2026-09-12T13:01:39.672734+00:00,200,5301.77,
2026-09-12T13:00:44.681018+00:00,200,60306.65,
2026-09-12T13:01:16.957494+00:00,200,28042.41,
2026-09-12T13:01:24.699887+00:00,200,20331.19,
2026-09-12T13:01:42.131627+00:00,200,2903.87,
2026-09-12T13:00:36.579472+00:00,200,68464.96,
2026-09-12T13:01:41.090038+00:00,200,3968.26,
2026-09-12T13:00:48.753766+00:00,200,56314.95,
2026-09-12T13:01:19.323916+00:00,200,25781.45,
2026-09-12T13:01:23.032818+00:00,200,22081.04,
2026-09-12T13:01:19.478290+00:00,200,25669.46,
2026-09-12T13:01:23.838649+00:00,200,21312.23,
2026-09-12T13:01:08.535442+00:00,200,36693.45,
2026-09-12T13:01:01.654149+00:00,200,43593.34,
2026-09-12T13:00:42.756264+00:00,200,62516.3,
2026-09-12T13:01:25.171925+00:00,200,20128.87,
2026-09-12T13:01:30.396138+00:00,200,14939.07,
2026-09-12T13:01:22.441691+00:00,200,22906.33,
2026-09-12T13:01:11.217764+00:00,200,34204.72,
2026-09-12T13:01:21.142253+00:00,200,24292.22,
2026-09-12T13:01:37.781327+00:00,200,7700.04,
2026-09-12T13:01:37.055965+00:00,200,8447.84,
2026-09-12T13:01:18.558023+00:00,200,26958.16,
2026-09-12T13:00:59.049108+00:00,200,46478.94,
2026-09-12T13:01:38.885230+00:00,200,6647.01,
2026-09-12T13:00:43.092414+00:00,200,62450.33,
2026-09-12T13:01:37.458722+00:00,200,8086.46,
2026-09-12T13:01:28.469687+00:00,200,17077.65,
2026-09-12T13:00:59.690447+00:00,200,45886.63,
2026-09-12T13:01:42.216705+00:00,200,3375.08,
2026-09-12T13:01:32.872535+00:00,200,12733.42,
2026-09-12T13:01:43.633347+00:00,200,1984.77,
2026-09-12T13:00:32.603607+00:00,200,73017.64,
2026-09-12T13:01:11.411909+00:00,200,34217.85,
2026-09-12T13:01:06.851686+00:00,200,38862.44,
2026-09-12T13:01:22.840296+00:00,200,22881.06,
2026-09-12T13:01:03.600047+00:00,200,42154.88,
2026-09-12T13:00:40.132822+00:00,200,65635.45,
2026-09-12T13:01:02.936372+00:00,200,42879.69,
2026-09-12T13:01:43.001748+00:00,200,2825.0,
2026-09-12T13:01:43.745979+00:00,200,2085.23,
2026-09-12T13:01:07.439939+00:00,200,38405.73,
2026-09-12T13:00:57.476361+00:00,200,48397.17,
2026-09-12T13:01:21.141323+00:00,200,24743.43,
2026-09-12T13:01:38.354600+00:00,200,7548.04,
2026-09-12T13:00:30.481391+00:00,200,75432.36,
2026-09-12T13:01:31.830832+00:00,200,14101.27,
2026-09-12T13:01:23.128177+00:00,200,22808.98,
2026-09-12T13:00:34.775229+00:00,200,71179.81,
2026-09-12T13:01:17.046626+00:00,200,28922.49,
2026-09-12T13:01:41.124230+00:00,200,4879.19,
2026-09-12T13:01:01.980591+00:00,200,44035.58,
2026-09-12T13:00:42.159261+00:00,200,63869.31,
2026-09-12T13:00:47.818433+00:00,200,58252.05,
2026-09-12T13:01:45.768289+00:00,200,354.02,
2026-09-12T13:01:08.251591+00:00,200,37893.31,
2026-09-12T13:00:44.253819+00:00,200,61923.58,
2026-09-12T13:01:00.970180+00:00,200,45211.32,
2026-09-12T13:01:30.373850+00:00,200,15810.73,
2026-09-12T13:01:34.882525+00:00,200,11341.85,
2026-09-12T13:01:43.479350+00:00,200,2781.27,
2026-09-12T13:01:20.389257+00:00,200,25948.99,
2026-09-12T13:01:41.717054+00:00,200,4641.76,
2026-09-12T13:00:59.434152+00:00,200,46933.86,
2026-09-12T13:01:27.268310+00:00,200,19102.19,
2026-09-12T13:01:23.591617+00:00,200,22782.61,
2026-09-12T13:01:26.766276+00:00,200,19618.48,
2026-09-12T13:00:57.728955+00:00,200,48706.84,
2026-09-12T13:01:41.172685+00:00,200,5272.5,
2026-09-12T13:01:15.623349+00:00,200,30883.17,
2026-09-12T13:00:30.205219+00:00,200,76312.66,
2026-09-12T13:01:25.722272+00:00,200,20837.71,
2026-09-12T13:01:44.396120+00:00,200,2179.42,
2026-09-12T13:01:41.240131+00:00,200,5366.77,
2026-09-12T13:01:45.411698+00:00,200,1205.77,
2026-09-12T13:01:22.577886+00:00,200,24058.9,
2026-09-12T13:01:33.220349+00:00,200,13468.1,
2026-09-12T13:01:11.611391+00:00,200,35097.01,
2026-09-12T13:00:54.297597+00:00,200,52430.78,
2026-09-12T13:01:38.007403+00:00,200,8758.69,
2026-09-12T13:00:59.723825+00:00,200,47044.54,
2026-09-12T13:00:53.707862+00:00,200,53062.14,
2026-09-12T13:00:41.550353+00:00,200,65226.58,
2026-09-12T13:01:14.746817+00:00,200,32034.03,
2026-09-12T13:01:45.220036+00:00,200,1562.36,
2026-09-12T13:01:37.717607+00:00,200,9068.68,
2026-09-12T13:01:41.071751+00:00,200,5731.27,
2026-09-12T13:01:04.076482+00:00,200,42743.4,
2026-09-12T13:00:43.902070+00:00,200,62926.85,
2026-09-12T13:01:05.758502+00:00,200,41079.76,
2026-09-12T13:01:44.787016+00:00,200,2096.4,
2026-09-12T13:00:48.360136+00:00,200,58527.08,
2026-09-12T13:01:23.621179+00:00,200,23275.69,
2026-09-12T13:01:33.048614+00:00,200,13856.95,
2026-09-12T13:01:45.785977+00:00,200,1134.12,
2026-09-12T13:01:17.069855+00:00,200,29862.79,
2026-09-12T13:00:52.872924+00:00,200,54068.98,
2026-09-12T13:01:12.200973+00:00,200,34785.89,
2026-09-12T13:01:46.252095+00:00,200,764.22,
2026-09-12T13:01:29.289563+00:00,200,17735.12,
2026-09-12T13:01:46.181509+00:00,200,892.55,
2026-09-12T13:01:37.150684+00:00,200,9965.7,
2026-09-12T13:01:29.537676+00:00,200,17582.93,
2026-09-12T13:01:38.073578+00:00,200,9052.55,
2026-09-12T13:00:56.896613+00:00,200,50240.76,
2026-09-12T13:01:37.282871+00:00,200,9877.32,
2026-09-12T13:01:04.745158+00:00,200,42416.66,
2026-09-12T13:00:54.431831+00:00,200,52735.64,
2026-09-12T13:01:21.503688+00:00,200,25665.53,
2026-09-12T13:01:13.406880+00:00,200,33766.51,
2026-09-12T13:01:45.060210+00:00,200,2115.61,
2026-09-12T13:01:24.261449+00:00,200,22920.72,
2026-09-12T13:01:06.515833+00:00,200,40668.1,
2026-09-12T13:00:55.471745+00:00,200,51713.87,
2026-09-12T13:00:55.766797+00:00,200,51423.12,
2026-09-12T13:01:31.398069+00:00,200,15796.91,
2026-09-12T13:01:10.452710+00:00,200,36800.47,
2026-09-12T13:01:26.235833+00:00,200,21034.31,
2026-09-12T13:01:46.260634+00:00,200,1030.65,
2026-09-12T13:00:29.737059+00:00,200,77564.41,
2026-09-12T13:01:45.365362+00:00,200,1945.75,
2026-09-12T13:00:53.072343+00:00,200,54240.53,
2026-09-12T13:00:55.572582+00:00,200,51757.46,
2026-09-12T13:01:32.923862+00:00,200,14436.36,
2026-09-12T13:01:43.321061+00:00,200,4096.2,
2026-09-12T13:01:47.074077+00:00,200,348.84,
2026-09-12T13:01:35.354813+00:00,200,12069.85,
2026-09-12T13:01:26.659982+00:00,200,20778.36,
2026-09-12T13:01:12.523108+00:00,200,34989.21,
2026-09-12T13:00:43.504312+00:00,200,64032.25,
2026-09-12T13:01:15.671811+00:00,200,31911.37,
2026-09-12T13:01:34.563159+00:00,200,13027.03,
2026-09-12T13:01:39.296239+00:00,200,8304.94,
2026-09-12T13:01:12.895872+00:00,200,34710.21,
2026-09-12T13:01:22.963454+00:00,200,24649.76,
2026-09-12T13:01:30.225157+00:00,200,17464.72,
2026-09-12T13:01:19.046410+00:00,200,28662.16,
2026-09-12T13:01:24.528101+00:00,200,23206.74,
2026-09-12T13:00:46.878438+00:00,200,60869.22,
2026-09-12T13:01:19.102503+00:00,200,28648.31,
2026-09-12T13:00:46.543036+00:00,200,61215.27,
2026-09-12T13:01:43.319377+00:00,200,4442.88,
2026-09-12T13:01:47.424671+00:00,200,339.91,
2026-09-12T13:00:30.807208+00:00,200,76992.5,
2026-09-12T13:01:00.075629+00:00,200,47765.5,
2026-09-12T13:01:21.748360+00:00,200,26108.31,
2026-09-12T13:01:34.492444+00:00,200,13376.69,
2026-09-12T13:01:46.688472+00:00,200,1182.55,
2026-09-12T13:01:47.505518+00:00,200,373.51,
2026-09-12T13:01:13.617114+00:00,200,34265.24,
2026-09-12T13:00:57.597950+00:00,200,50305.85,
2026-09-12T13:00:56.404834+00:00,200,51507.78,
2026-09-12T13:01:06.657662+00:00,200,41301.41,
2026-09-12T13:01:10.368871+00:00,200,37617.43,
2026-09-12T13:01:18.735307+00:00,200,29260.89,
2026-09-12T13:01:10.180085+00:00,200,37819.69,
2026-09-12T13:01:40.917329+00:00,200,7101.18,
2026-09-12T13:01:47.689889+00:00,200,334.46,
2026-09-12T13:01:36.482712+00:00,200,11588.58,
2026-09-12T13:01:37.455886+00:00,200,10628.63,
2026-09-12T13:00:59.512141+00:00,200,48589.1,
2026-09-12T13:01:08.732012+00:00,200,39397.37,
2026-09-12T13:01:42.721959+00:00,200,5435.63,
2026-09-12T13:01:20.592587+00:00,200,27572.98,
2026-09-12T13:01:32.941640+00:00,200,15243.05,
2026-09-12T13:01:15.770406+00:00,200,32417.23,
2026-09-12T13:01:45.730479+00:00,200,2490.17,
2026-09-12T13:01:24.453631+00:00,200,23788.4,
2026-09-12T13:01:18.477708+00:00,200,29766.61,
2026-09-12T13:00:49.439583+00:00,200,58809.38,
2026-09-12T13:01:09.136594+00:00,200,39147.97,
2026-09-12T13:00:51.068401+00:00,200,57241.8,
2026-09-12T13:00:59.438184+00:00,200,48879.83,
2026-09-12T13:01:44.351584+00:00,200,3985.98,
2026-09-12T13:00:37.964176+00:00,200,70377.73,
2026-09-12T13:01:44.025543+00:00,200,4324.67,
2026-09-12T13:01:19.195890+00:00,200,29165.72,
2026-09-12T13:01:38.793781+00:00,200,9571.42,
2026-09-12T13:01:39.912631+00:00,200,8455.81,
2026-09-12T13:01:05.515558+00:00,200,42885.94,
2026-09-12T13:01:48.071303+00:00,200,343.03,
2026-09-12T13:01:04.558727+00:00,200,43858.64,
2026-09-12T13:00:58.525733+00:00,200,49908.91,
2026-09-12T13:01:16.692644+00:00,200,31758.9,
2026-09-12T13:00:53.296250+00:00,200,55160.16,
2026-09-12T13:01:24.386502+00:00,200,24076.84,
2026-09-12T13:01:36.504754+00:00,200,11991.23,
2026-09-12T13:00:57.135813+00:00,200,51361.96,
2026-09-12T13:01:36.740708+00:00,200,11762.67,
2026-09-12T13:01:40.176308+00:00,200,8337.94,
2026-09-12T13:01:38.442285+00:00,200,10085.05,
2026-09-12T13:01:48.242046+00:00,200,302.23,
2026-09-12T13:01:44.353290+00:00,200,4257.22,
2026-09-12T13:01:11.996022+00:00,200,36627.43,
2026-09-12T13:01:24.038979+00:00,200,24593.79,
2026-09-12T13:01:36.573759+00:00,200,12073.25,
2026-09-12T13:01:07.320331+00:00,200,41346.44,
2026-09-12T13:01:33.444790+00:00,200,15224.86,
2026-09-12T13:01:09.990739+00:00,200,38694.37,
2026-09-12T13:01:14.249892+00:00,200,34439.84,
2026-09-12T13:01:24.531484+00:00,200,24160.29,
2026-09-12T13:01:17.455310+00:00,200,31275.03,
2026-09-12T13:01:08.583319+00:00,200,40185.23,
2026-09-12T13:01:30.839307+00:00,200,17941.09,
2026-09-12T13:01:39.339506+00:00,200,9451.92,
2026-09-12T13:01:23.127249+00:00,200,25669.77,
2026-09-12T13:01:46.122328+00:00,200,2685.01,
2026-09-12T13:01:04.395288+00:00,200,44435.79,
2026-09-12T13:01:18.904761+00:00,200,29940.03,
2026-09-12T13:01:46.883438+00:00,200,1968.17,
2026-09-12T13:01:39.014300+00:00,200,9844.41,
2026-09-12T13:01:28.715037+00:00,200,20158.22,
2026-09-12T13:01:35.054717+00:00,200,13824.18,
2026-09-12T13:00:59.522540+00:00,200,49373.06,
2026-09-12T13:01:26.553099+00:00,200,22354.96,
2026-09-12T13:01:27.509494+00:00,200,21400.2,
2026-09-12T13:01:31.671072+00:00,200,17261.14,
2026-09-12T13:01:29.613822+00:00,200,19330.74,
2026-09-12T13:01:32.183980+00:00,200,16770.89,
2026-09-12T13:01:07.328525+00:00,200,41627.98,
2026-09-12T13:01:10.767129+00:00,200,38194.87,
2026-09-12T13:01:26.839881+00:00,200,22127.32,
2026-09-12T13:01:31.173742+00:00,200,17847.82,
2026-09-12T13:01:21.367668+00:00,200,27691.91,
2026-09-12T13:01:30.649367+00:00,200,18423.79,
2026-09-12T13:00:56.614491+00:00,200,52464.36,
2026-09-12T13:01:24.566518+00:00,200,24514.86,
2026-09-12T13:01:02.140756+00:00,200,46966.1,
2026-09-12T13:01:04.839762+00:00,200,44307.31,
2026-09-12T13:01:41.328687+00:00,200,7837.36,
2026-09-12T13:01:27.147852+00:00,200,22047.96,
2026-09-12T13:01:25.578919+00:00,200,23622.12,
2026-09-12T13:01:30.685205+00:00,200,18528.61,
2026-09-12T13:01:32.839535+00:00,200,16408.74,
2026-09-12T13:01:18.552161+00:00,200,30705.92,
2026-09-12T13:01:22.036681+00:00,200,27255.34,
2026-09-12T13:01:46.697524+00:00,200,2601.14,
2026-09-12T13:01:48.092321+00:00,200,1214.07,
2026-09-12T13:01:07.485612+00:00,200,41839.86,
2026-09-12T13:01:19.028295+00:00,200,30305.44,
2026-09-12T13:01:46.139305+00:00,200,3239.17,
2026-09-12T13:00:39.549875+00:00,200,69881.95,
2026-09-12T13:00:40.635025+00:00,200,68799.24,
2026-09-12T13:01:33.891000+00:00,200,15545.15,
2026-09-12T13:01:44.974513+00:00,200,4480.93,
2026-09-12T13:01:47.161821+00:00,200,2297.88,
2026-09-12T13:01:35.738321+00:00,200,13758.67,
2026-09-12T13:01:22.272073+00:00,200,27233.77,
2026-09-12T13:00:57.571496+00:00,200,51959.55,
2026-09-12T13:01:31.470016+00:00,200,18083.82,
2026-09-12T13:00:59.827710+00:00,200,49734.48,
2026-09-12T13:00:48.871026+00:00,200,60724.53,
2026-09-12T13:01:15.891458+00:00,200,33713.59,
2026-09-12T13:01:24.121310+00:00,200,25488.16,
2026-09-12T13:00:33.078809+00:00,200,76554.71,
2026-09-12T13:00:36.407713+00:00,200,73250.99,
2026-09-12T13:01:27.142503+00:00,200,22523.0,
2026-09-12T13:01:30.738524+00:00,200,18929.36,
2026-09-12T13:01:39.196171+00:00,200,10481.82,
2026-09-12T13:00:43.408224+00:00,200,66303.29,
2026-09-12T13:01:06.744638+00:00,200,42977.42,
2026-09-12T13:01:44.894077+00:00,200,4851.09,
2026-09-12T13:01:33.517359+00:00,200,16248.76,
2026-09-12T13:01:30.706487+00:00,200,19072.8,
2026-09-12T13:01:12.445982+00:00,200,37337.36,
2026-09-12T13:01:28.520938+00:00,200,21264.23,
2026-09-12T13:01:14.238013+00:00,200,35550.23,
2026-09-12T13:01:10.099546+00:00,200,39697.13,
2026-09-12T13:01:42.242875+00:00,200,7569.33,
2026-09-12T13:01:49.475836+00:00,200,340.47,
2026-09-12T13:00:47.929841+00:00,200,61909.2,
2026-09-12T13:01:41.847624+00:00,200,8008.58,
2026-09-12T13:01:15.986637+00:00,200,33871.92,
2026-09-12T13:01:23.841602+00:00,200,26026.79,
2026-09-12T13:01:08.276537+00:00,200,41613.08,
2026-09-12T13:01:47.467091+00:00,200,2471.41,
2026-09-12T13:01:35.591456+00:00,200,14354.86,
2026-09-12T13:01:10.058043+00:00,200,39892.8,
2026-09-12T13:01:18.836543+00:00,200,31136.14,
2026-09-12T13:00:55.249378+00:00,200,54748.97,
2026-09-12T13:01:21.630098+00:00,200,28372.61,
2026-09-12T13:01:32.027145+00:00,200,17990.17,
2026-09-12T13:01:30.981136+00:00,200,19060.98,
2026-09-12T13:01:41.325220+00:00,200,8852.22,
2026-09-12T13:00:54.753802+00:00,200,55427.04,
2026-09-12T13:01:33.556102+00:00,200,16636.79,
2026-09-12T13:01:40.850921+00:00,200,9345.68,
2026-09-12T13:01:05.564178+00:00,200,44682.42,
2026-09-12T13:01:41.333844+00:00,200,8918.9,
2026-09-12T13:01:13.630922+00:00,200,36633.54,
2026-09-12T13:01:04.428067+00:00,200,45859.15,
2026-09-12T13:01:10.927633+00:00,200,39380.8,
2026-09-12T13:01:26.203173+00:00,200,24113.09,
2026-09-12T13:01:48.858722+00:00,200,1463.52,
2026-09-12T13:00:42.147832+00:00,200,68199.03,
2026-09-12T13:01:30.697502+00:00,200,19662.35,
2026-09-12T13:01:13.893018+00:00,200,36489.74,
2026-09-12T13:01:01.280646+00:00,200,49114.74,
2026-09-12T13:01:12.820106+00:00,200,37609.3,
2026-09-12T13:01:25.641126+00:00,200,24826.44,
2026-09-12T13:01:29.934932+00:00,200,20594.49,
2026-09-12T13:01:50.243079+00:00,200,288.99,
2026-09-12T13:01:28.149073+00:00,200,22393.46,
2026-09-12T13:00:34.488615+00:00,200,76064.67,
2026-09-12T13:01:38.685055+00:00,200,11870.04,
2026-09-12T13:01:09.892263+00:00,200,40677.66,
2026-09-12T13:00:35.925124+00:00,200,74668.34,
2026-09-12T13:01:43.166032+00:00,200,7442.74,
2026-09-12T13:01:36.481160+00:00,200,14172.37,
2026-09-12T13:01:48.172277+00:00,200,2483.45,
2026-09-12T13:00:47.978412+00:00,200,62694.24,
2026-09-12T13:01:43.367843+00:00,200,7322.27,
2026-09-12T13:00:41.810423+00:00,200,68882.84,
2026-09-12T13:01:21.438980+00:00,200,29276.67,
2026-09-12T13:01:21.801049+00:00,200,28926.61,
2026-09-12T13:01:28.682949+00:00,200,22067.91,
2026-09-12T13:01:26.711848+00:00,200,24054.26,
2026-09-12T13:01:26.621721+00:00,200,24153.25,
2026-09-12T13:01:03.775367+00:00,200,47008.54,
2026-09-12T13:01:24.953935+00:00,200,25833.62,
2026-09-12T13:01:12.299993+00:00,200,38492.05,
2026-09-12T13:01:02.225441+00:00,200,48591.07,
2026-09-12T13:01:47.120612+00:00,200,3701.52,
2026-09-12T13:01:39.651512+00:00,200,11179.2,
2026-09-12T13:01:01.152188+00:00,200,49710.69,
2026-09-12T13:01:35.433370+00:00,200,15493.2,
2026-09-12T13:01:29.225973+00:00,200,21707.28,
2026-09-12T13:01:30.319441+00:00,200,20618.39,
2026-09-12T13:01:50.653553+00:00,200,314.18,
2026-09-12T13:00:55.737080+00:00,200,55235.86,
2026-09-12T13:01:50.244987+00:00,200,732.97,
2026-09-12T13:01:40.605118+00:00,200,10385.0,
2026-09-12T13:01:41.173883+00:00,200,9861.79,
2026-09-12T13:01:11.895821+00:00,200,39159.54,
2026-09-12T13:01:42.634072+00:00,200,8443.59,
2026-09-12T13:00:38.284961+00:00,200,72806.72,
2026-09-12T13:01:48.666785+00:00,200,2431.46,
2026-09-12T13:01:06.437424+00:00,200,44666.04,
2026-09-12T13:01:46.699024+00:00,200,4416.43,
2026-09-12T13:01:44.349864+00:00,200,6821.68,
2026-09-12T13:01:27.563635+00:00,200,23613.06,
2026-09-12T13:01:08.254862+00:00,200,42925.11,
2026-09-12T13:00:51.011999+00:00,200,60179.81,
2026-09-12T13:00:27.070269+00:00,200,84166.14,
2026-09-12T13:00:35.958048+00:00,200,75298.42,
2026-09-12T13:01:49.043067+00:00,200,2250.25,
2026-09-12T13:01:26.138628+00:00,200,25157.61,
2026-09-12T13:01:17.735087+00:00,200,33578.68,
2026-09-12T13:01:49.135828+00:00,200,2214.63,
2026-09-12T13:01:13.596599+00:00,200,37779.48,
2026-09-12T13:00:59.014971+00:00,200,52386.78,
2026-09-12T13:01:19.129506+00:00,200,32302.53,
2026-09-12T13:01:49.599953+00:00,200,1850.06,
2026-09-12T13:01:24.371919+00:00,200,27105.13,
2026-09-12T13:01:35.293204+00:00,200,16186.56,
2026-09-12T13:01:23.438530+00:00,200,28061.17,
2026-09-12T13:01:28.791421+00:00,200,22739.25,
2026-09-12T13:01:46.224381+00:00,200,5310.57,
2026-09-12T13:01:35.666107+00:00,200,15882.69,
2026-09-12T13:00:53.701814+00:00,200,57855.14,
2026-09-12T13:01:18.712521+00:00,200,32855.4,
2026-09-12T13:01:44.400783+00:00,200,7192.61,
2026-09-12T13:01:30.287982+00:00,200,21309.39,
2026-09-12T13:01:39.064856+00:00,200,12568.57,
2026-09-12T13:01:30.384085+00:00,200,21253.37,
2026-09-12T13:01:19.935517+00:00,200,31713.12,
2026-09-12T13:01:16.238634+00:00,200,35415.91,
2026-09-12T13:01:27.337195+00:00,200,24331.19,
2026-09-12T13:01:37.773130+00:00,200,13909.7,
2026-09-12T13:01:04.773598+00:00,200,46919.53,
2026-09-12T13:01:39.675306+00:00,200,12076.68,
2026-09-12T13:01:34.901450+00:00,200,16896.69,
2026-09-12T13:01:20.353289+00:00,200,31450.03,
2026-09-12T13:01:47.239324+00:00,200,4584.33,
2026-09-12T13:01:51.530693+00:00,200,295.32,
2026-09-12T13:00:38.938983+00:00,200,72924.89,
2026-09-12T13:01:18.381093+00:00,200,33485.61,
2026-09-12T13:01:09.145467+00:00,200,42738.63,
2026-09-12T13:01:20.494044+00:00,200,31406.33,
2026-09-12T13:00:30.979580+00:00,200,80940.74,
2026-09-12T13:01:44.972256+00:00,200,6950.17,
2026-09-12T13:01:29.532991+00:00,200,22393.6,
2026-09-12T13:01:00.623758+00:00,200,51336.07,
2026-09-12T13:00:56.877033+00:00,200,55087.4,
2026-09-12T13:01:32.368872+00:00,200,19598.99,
2026-09-12T13:01:49.263081+00:00,200,2804.53,
2026-09-12T13:01:43.903011+00:00,200,8174.32,
2026-09-12T13:00:50.067454+00:00,200,62027.29,
2026-09-12T13:01:27.838309+00:00,200,24271.0,
2026-09-12T13:01:41.971855+00:00,200,10146.62,
2026-09-12T13:01:16.586663+00:00,200,35558.91,
2026-09-12T13:01:30.770509+00:00,200,21416.41,
2026-09-12T13:01:10.881362+00:00,200,41314.66,
2026-09-12T13:01:12.397981+00:00,200,39799.86,
2026-09-12T13:01:49.477195+00:00,200,2724.26,
2026-09-12T13:00:57.141601+00:00,200,55070.47,
2026-09-12T13:00:53.930533+00:00,200,58285.8,
2026-09-12T13:01:42.178107+00:00,200,10084.91,
2026-09-12T13:01:34.597465+00:00,200,17691.61,
2026-09-12T13:01:42.610740+00:00,200,9686.13,
2026-09-12T13:01:29.650545+00:00,200,22655.67,
2026-09-12T13:01:11.320339+00:00,200,40991.47,
2026-09-12T13:01:20.765293+00:00,200,31551.21,
2026-09-12T13:01:50.667851+00:00,200,1652.49,
2026-09-12T13:01:07.866612+00:00,200,44505.14,
2026-09-12T13:01:51.743028+00:00,200,651.1,
2026-09-12T13:01:24.357537+00:00,200,28119.46,
2026-09-12T13:01:04.858768+00:00,200,47620.97,
2026-09-12T13:01:35.882780+00:00,200,16637.25,
2026-09-12T13:01:19.633521+00:00,200,32894.51,
2026-09-12T13:00:58.676041+00:00,200,53874.09,
2026-09-12T13:01:27.830768+00:00,200,24730.78,
2026-09-12T13:01:48.613558+00:00,200,3967.96,
2026-09-12T13:01:48.967208+00:00,200,3637.41,
2026-09-12T13:01:44.276041+00:00,200,8390.56,
2026-09-12T13:01:26.979879+00:00,200,25688.79,
2026-09-12T13:01:30.357225+00:00,200,22317.34,
2026-09-12T13:01:29.353019+00:00,200,23330.13,
2026-09-12T13:01:20.161728+00:00,200,32535.22,
2026-09-12T13:01:34.075722+00:00,200,18635.38,
2026-09-12T13:00:55.507164+00:00,200,57220.6,
2026-09-12T13:01:31.544089+00:00,200,21185.42,
2026-09-12T13:01:03.879468+00:00,200,48892.2,
2026-09-12T13:00:49.400616+00:00,200,63383.06,
2026-09-12T13:01:08.378941+00:00,200,44411.43,
2026-09-12T13:01:23.143112+00:00,200,29663.34,
2026-09-12T13:00:58.579886+00:00,200,54243.43,
2026-09-12T13:01:01.069401+00:00,200,51761.08,
2026-09-12T13:01:40.239002+00:00,200,12599.22,
2026-09-12T13:00:56.418016+00:00,200,56439.4,
2026-09-12T13:01:08.399600+00:00,200,44470.89,
2026-09-12T13:01:52.520048+00:00,200,356.01,
2026-09-12T13:01:20.668423+00:00,200,32227.63,
2026-09-12T13:01:06.753325+00:00,200,46184.24,
2026-09-12T13:01:00.437099+00:00,200,52510.44,
2026-09-12T13:01:35.887024+00:00,200,17078.77,
2026-09-12T13:01:38.209880+00:00,200,14772.23,
2026-09-12T13:01:42.667954+00:00,200,10327.02,
2026-09-12T13:01:41.116281+00:00,200,11912.03,
2026-09-12T13:01:49.005543+00:00,200,4029.51,
2026-09-12T13:01:17.635976+00:00,200,35420.94,
2026-09-12T13:01:32.879998+00:00,200,20190.0,
2026-09-12T13:01:26.534241+00:00,200,26541.16,
2026-09-12T13:00:58.550496+00:00,200,54546.66,
2026-09-12T13:01:40.455568+00:00,200,12667.25,
2026-09-12T13:01:13.502683+00:00,200,39635.82,
2026-09-12T13:00:47.827684+00:00,200,65329.94,
2026-09-12T13:01:52.075389+00:00,200,1128.61,
2026-09-12T13:01:28.973028+00:00,200,24234.81,
2026-09-12T13:01:42.029665+00:00,200,11181.55,
2026-09-12T13:01:43.659597+00:00,200,9553.16,
2026-09-12T13:01:29.085003+00:00,200,24129.43,
2026-09-12T13:01:23.159754+00:00,200,30074.02,
2026-09-12T13:00:35.419882+00:00,200,77817.23,
2026-09-12T13:01:15.471718+00:00,200,37792.68,
2026-09-12T13:01:23.343124+00:00,200,29967.68,
2026-09-12T13:00:36.359549+00:00,200,76955.79,
2026-09-12T13:01:45.990294+00:00,200,7349.06,
2026-09-12T13:01:11.078163+00:00,200,42301.53,
2026-09-12T13:01:40.918834+00:00,200,12476.11,
2026-09-12T13:01:08.702823+00:00,200,44733.74,
2026-09-12T13:00:50.800507+00:00,200,62644.34,
2026-09-12T13:01:52.186931+00:00,200,1280.2,
2026-09-12T13:01:09.023881+00:00,200,44460.85,
2026-09-12T13:01:03.235845+00:00,200,50250.64,
2026-09-12T13:01:43.538379+00:00,200,9970.41,
2026-09-12T13:01:08.363216+00:00,200,45148.27,
2026-09-12T13:01:39.995021+00:00,200,13525.03,
2026-09-12T13:01:06.236830+00:00,200,47303.44,
2026-09-12T13:01:41.885810+00:00,200,11681.44,
2026-09-12T13:01:22.412099+00:00,200,31172.52,
2026-09-12T13:00:58.174372+00:00,200,55422.35,
2026-09-12T13:00:30.317078+00:00,200,83294.69,
2026-09-12T13:01:01.140222+00:00,200,52481.34,
2026-09-12T13:01:11.445650+00:00,200,42185.18,
2026-09-12T13:01:50.329035+00:00,200,3304.07,
2026-09-12T13:01:21.786941+00:00,200,31851.52,
2026-09-12T13:01:18.864756+00:00,200,34807.69,
2026-09-12T13:01:21.247278+00:00,200,32487.72,
2026-09-12T13:01:14.057601+00:00,200,39690.28,
2026-09-12T13:01:40.112093+00:00,200,13661.05,
2026-09-12T13:00:42.045254+00:00,200,71733.88,
2026-09-12T13:01:10.519998+00:00,200,43261.65,
2026-09-12T13:00:52.092818+00:00,200,61732.57,
2026-09-12T13:00:36.230231+00:00,200,77603.6,
2026-09-12T13:00:53.669909+00:00,200,60173.66,
2026-09-12T13:00:45.705812+00:00,200,68139.31,
2026-09-12T13:01:48.516707+00:00,200,5339.14,
2026-09-12T13:01:35.575127+00:00,200,18311.81,
2026-09-12T13:01:02.313521+00:00,200,51579.38,
2026-09-12T13:00:36.190529+00:00,200,77712.2,
2026-09-12T13:01:42.376829+00:00,200,11531.47,
2026-09-12T13:00:45.499346+00:00,200,68421.1,
2026-09-12T13:01:22.159007+00:00,200,31764.13,
2026-09-12T13:01:03.734386+00:00,200,50191.25,
2026-09-12T13:01:53.630863+00:00,200,332.16,
2026-09-12T13:01:18.470027+00:00,200,35497.93,
2026-09-12T13:00:46.565816+00:00,200,67405.77,
2026-09-12T13:01:23.896898+00:00,200,30133.59,
2026-09-12T13:01:24.248908+00:00,200,29801.33,
2026-09-12T13:01:38.140190+00:00,200,15928.48,
2026-09-12T13:01:18.024880+00:00,200,36089.06,
2026-09-12T13:01:05.329223+00:00,200,48789.12,
2026-09-12T13:01:47.959088+00:00,200,6188.67,
2026-09-12T13:01:42.945041+00:00,200,11207.6,
2026-09-12T13:00:48.266650+00:00,200,65899.0,
2026-09-12T13:01:31.156030+00:00,200,23016.7,
2026-09-12T13:01:05.431190+00:00,200,48757.58,
2026-09-12T13:01:29.413391+00:00,200,24779.64,
2026-09-12T13:01:08.327016+00:00,200,45894.44,
2026-09-12T13:01:29.488955+00:00,200,24771.96,
2026-09-12T13:00:36.099056+00:00,200,78175.21,
2026-09-12T13:01:53.638472+00:00,200,649.66,
2026-09-12T13:01:23.240591+00:00,200,31057.05,
2026-09-12T13:01:05.489729+00:00,200,48820.26,
2026-09-12T13:01:00.337035+00:00,200,53989.46,
2026-09-12T13:01:48.865863+00:00,200,5500.66,
2026-09-12T13:01:53.718008+00:00,200,661.48,
2026-09-12T13:00:59.885970+00:00,200,54497.64,
2026-09-12T13:01:19.631361+00:00,200,34793.01,
2026-09-12T13:01:37.609117+00:00,200,16866.29,
2026-09-12T13:00:55.189704+00:00,200,59321.18,
2026-09-12T13:01:17.741664+00:00,200,36773.99,
2026-09-12T13:00:57.023674+00:00,200,57502.21,
2026-09-12T13:01:38.552651+00:00,200,15978.33,
2026-09-12T13:01:29.898409+00:00,200,24640.4,
2026-09-12T13:01:36.877820+00:00,200,17663.55,
2026-09-12T13:01:11.101791+00:00,200,43475.71,
2026-09-12T13:01:08.108416+00:00,200,46482.51,
2026-09-12T13:01:35.983410+00:00,200,18610.7,
2026-09-12T13:01:05.333067+00:00,200,49273.1,
2026-09-12T13:00:40.984025+00:00,200,73628.31,
2026-09-12T13:01:50.855108+00:00,200,3767.92,
2026-09-12T13:01:46.838277+00:00,200,7798.83,
2026-09-12T13:00:55.435273+00:00,200,59214.89,
2026-09-12T13:01:13.656069+00:00,200,41018.87,
2026-09-12T13:01:24.698900+00:00,200,29980.2,
2026-09-12T13:01:18.801077+00:00,200,35893.14,
2026-09-12T13:01:35.291483+00:00,200,19423.13,
2026-09-12T13:01:51.328460+00:00,200,3412.94,
2026-09-12T13:01:48.157595+00:00,200,6586.3,
2026-09-12T13:01:04.098590+00:00,200,50660.68,
2026-09-12T13:01:41.316535+00:00,200,13474.84,
2026-09-12T13:01:51.545336+00:00,200,3266.32,
2026-09-12T13:01:27.783060+00:00,200,27032.85,
2026-09-12T13:00:33.382762+00:00,200,81456.41,
2026-09-12T13:00:54.847585+00:00,200,59993.47,
2026-09-12T13:01:53.204021+00:00,200,1692.03,
2026-09-12T13:01:21.213943+00:00,200,33709.54,
2026-09-12T13:01:08.842549+00:00,200,46107.82,
2026-09-12T13:01:13.498633+00:00,200,41470.63,
2026-09-12T13:00:47.102187+00:00,200,67874.08,
2026-09-12T13:00:55.881820+00:00,200,59128.52,
2026-09-12T13:01:54.059216+00:00,200,959.54,
2026-09-12T13:01:21.449423+00:00,200,33578.04,
2026-09-12T13:01:39.380583+00:00,200,15710.22,
2026-09-12T13:01:25.327078+00:00,200,29821.28,
2026-09-12T13:00:50.940843+00:00,200,64218.29,
2026-09-12T13:01:33.581992+00:00,200,21586.65,
2026-09-12T13:00:54.409124+00:00,200,60775.46,
2026-09-12T13:01:44.456070+00:00,200,10736.32,
2026-09-12T13:01:24.611395+00:00,200,30602.24,
2026-09-12T13:01:48.654941+00:00,200,6560.39,
2026-09-12T13:01:36.026115+00:00,200,19190.79,
2026-09-12T13:01:54.896067+00:00,200,346.0,
2026-09-12T13:01:11.710998+00:00,200,43546.55,
2026-09-12T13:01:52.602291+00:00,200,2657.47,
2026-09-12T13:01:23.663066+00:00,200,31618.51,
2026-09-12T13:01:29.969596+00:00,200,25315.07,
2026-09-12T13:01:26.564531+00:00,200,28755.95,
2026-09-12T13:00:55.709366+00:00,200,59637.52,
2026-09-12T13:01:47.194990+00:00,200,8164.92,
2026-09-12T13:01:35.524867+00:00,200,19863.24,
2026-09-12T13:01:43.270121+00:00,200,12137.86,
2026-09-12T13:01:54.899398+00:00,200,516.51,
2026-09-12T13:01:53.345513+00:00,200,2092.95,
2026-09-12T13:01:20.902295+00:00,200,34557.32,
2026-09-12T13:01:14.687588+00:00,200,40779.37,
2026-09-12T13:00:29.076636+00:00,200,86393.39,
2026-09-12T13:01:40.827681+00:00,200,14672.81,
2026-09-12T13:01:26.612312+00:00,200,28889.95,
2026-09-12T13:01:21.689985+00:00,200,33840.41,
2026-09-12T13:01:03.932358+00:00,200,51602.88,
2026-09-12T13:01:40.670112+00:00,200,14872.08,
2026-09-12T13:00:49.341763+00:00,200,66206.11,
2026-09-12T13:01:04.090426+00:00,200,51508.11,
2026-09-12T13:01:40.534688+00:00,200,15084.31,
2026-09-12T13:01:10.536733+00:00,200,45093.92,
2026-09-12T13:01:23.615976+00:00,200,32028.06,
2026-09-12T13:01:15.913399+00:00,200,39734.13,
2026-09-12T13:01:13.495541+00:00,200,42168.73,
2026-09-12T13:01:07.417269+00:00,200,48257.62,
2026-09-12T13:01:22.434760+00:00,200,33291.18,
2026-09-12T13:01:27.760715+00:00,200,28026.71,
2026-09-12T13:01:54.030498+00:00,200,1758.64,
2026-09-12T13:01:52.189266+00:00,200,3693.44,
2026-09-12T13:01:31.890064+00:00,200,24000.08,
2026-09-12T13:01:55.153132+00:00,200,754.78,
2026-09-12T13:01:24.568698+00:00,200,31351.46,
2026-09-12T13:01:20.021733+00:00,200,35900.12,
2026-09-12T13:01:11.966776+00:00,200,43975.81,
2026-09-12T13:01:03.148382+00:00,200,52797.52,
2026-09-12T13:00:46.202643+00:00,200,69747.88,
2026-09-12T13:01:48.009766+00:00,200,7983.82,
2026-09-12T13:00:58.777903+00:00,200,57225.41,
2026-09-12T13:01:26.707620+00:00,200,29301.99,
2026-09-12T13:00:57.397870+00:00,200,58613.94,
2026-09-12T13:01:08.622113+00:00,200,47414.6,
2026-09-12T13:01:53.388148+00:00,200,2657.73,
2026-09-12T13:01:37.545647+00:00,200,18566.01,
2026-09-12T13:00:46.624181+00:00,200,69490.51,
2026-09-12T13:00:59.348552+00:00,200,56806.02,
2026-09-12T13:00:52.003606+00:00,200,64162.29,
2026-09-12T13:01:36.836528+00:00,200,19337.59,
2026-09-12T13:01:20.431591+00:00,200,35748.06,
2026-09-12T13:01:55.830684+00:00,200,350.7,
2026-09-12T13:01:31.868670+00:00,200,24325.5,
2026-09-12T13:01:48.844799+00:00,200,7375.71,
2026-09-12T13:00:58.681431+00:00,200,57543.57,
2026-09-12T13:01:44.590534+00:00,200,11659.01,
2026-09-12T13:00:40.399309+00:00,200,75902.88,
2026-09-12T13:01:55.619019+00:00,200,697.15,
2026-09-12T13:01:51.789298+00:00,200,4542.13,
2026-09-12T13:01:25.148047+00:00,200,31202.4,
2026-09-12T13:00:55.112173+00:00,200,61271.87,
2026-09-12T13:01:26.520090+00:00,200,29875.34,
2026-09-12T13:00:55.467639+00:00,200,60971.01,
2026-09-12T13:00:45.275032+00:00,200,71174.53,
2026-09-12T13:01:13.778404+00:00,200,42694.99,
2026-09-12T13:01:02.079420+00:00,200,54400.59,
2026-09-12T13:01:25.817781+00:00,200,30684.78,
2026-09-12T13:00:42.389796+00:00,200,74126.9,
2026-09-12T13:01:26.473745+00:00,200,30075.36,
2026-09-12T13:01:00.455223+00:00,200,56102.2,
2026-09-12T13:01:30.699209+00:00,200,25864.07,
2026-09-12T13:00:54.900104+00:00,200,61674.25,
2026-09-12T13:00:45.941415+00:00,200,70637.35,
2026-09-12T13:01:09.110553+00:00,200,47476.95,
2026-09-12T13:00:58.813336+00:00,200,57785.92,
2026-09-12T13:00:37.929761+00:00,200,78676.83,
2026-09-12T13:01:30.355703+00:00,200,26294.4,
2026-09-12T13:01:16.164631+00:00,200,40516.2,
2026-09-12T13:00:25.086539+00:00,200,91605.51,
2026-09-12T13:01:09.741114+00:00,200,46970.3,
2026-09-12T13:00:58.708159+00:00,200,58011.33,
2026-09-12T13:00:47.375310+00:00,200,69361.16,
2026-09-12T13:01:52.656719+00:00,200,4106.43,
2026-09-12T13:00:55.083840+00:00,200,61701.46,
2026-09-12T13:01:34.156947+00:00,200,22636.55,
2026-09-12T13:01:43.159388+00:00,200,13644.7,
2026-09-12T13:01:18.830048+00:00,200,38009.3,
2026-09-12T13:01:40.797540+00:00,200,16093.85,
2026-09-12T13:00:41.562705+00:00,200,75348.71,
2026-09-12T13:01:34.060225+00:00,200,22877.26,
2026-09-12T13:01:21.789078+00:00,200,35173.34,
2026-09-12T13:01:31.145749+00:00,200,25846.53,
2026-09-12T13:01:22.223968+00:00,200,34774.17,
2026-09-12T13:01:54.659219+00:00,200,2389.16,
2026-09-12T13:01:12.885118+00:00,200,44168.85,
2026-09-12T13:01:26.119832+00:00,200,30940.84,
2026-09-12T13:01:23.631033+00:00,200,33438.76,
2026-09-12T13:01:05.415333+00:00,200,51668.29,
2026-09-12T13:01:46.848140+00:00,200,10248.93,
2026-09-12T13:01:26.481073+00:00,200,30650.21,
2026-09-12T13:01:43.634900+00:00,200,13523.31,
2026-09-12T13:01:05.487351+00:00,200,51684.83,
2026-09-12T13:01:38.379961+00:00,200,18796.34,
2026-09-12T13:01:16.166366+00:00,200,41028.67,
2026-09-12T13:01:48.132247+00:00,200,9073.59,
2026-09-12T13:01:34.326944+00:00,200,22900.31,
2026-09-12T13:00:52.554356+00:00,200,64684.62,
2026-09-12T13:01:40.533752+00:00,200,16742.5,
2026-09-12T13:01:45.465491+00:00,200,11820.84,
2026-09-12T13:01:22.802273+00:00,200,34487.9,
2026-09-12T13:01:53.552522+00:00,200,3750.02,
2026-09-12T13:00:47.315037+00:00,200,70009.75,
2026-09-12T13:01:09.850727+00:00,200,47479.36,
2026-09-12T13:00:37.581018+00:00,200,79755.95,
2026-09-12T13:00:57.191338+00:00,200,60160.03,
2026-09-12T13:01:42.513554+00:00,200,14855.3,
2026-09-12T13:01:02.853831+00:00,200,54545.46,
2026-09-12T13:01:13.528876+00:00,200,43892.22,
2026-09-12T13:01:03.410626+00:00,200,54021.87,
2026-09-12T13:01:32.331504+00:00,200,25105.98,
2026-09-12T13:01:17.101121+00:00,200,40356.77,
2026-09-12T13:01:46.828931+00:00,200,10641.53,
2026-09-12T13:00:46.614328+00:00,200,70861.14,
2026-09-12T13:01:41.388421+00:00,200,16094.91,
2026-09-12T13:00:46.212196+00:00,200,71291.92,
2026-09-12T13:01:48.568003+00:00,200,8944.77,
2026-09-12T13:00:40.646988+00:00,200,76885.38,
2026-09-12T13:01:53.884816+00:00,200,3657.15,
2026-09-12T13:01:54.714631+00:00,200,2877.16,
2026-09-12T13:01:55.148374+00:00,200,2460.99,
2026-09-12T13:01:35.830033+00:00,200,21791.89,
2026-09-12T13:01:39.892893+00:00,200,17730.74,
2026-09-12T13:01:47.116394+00:00,200,10515.38,
2026-09-12T13:01:25.596206+00:00,200,32043.2,
2026-09-12T13:00:50.216389+00:00,200,67433.52,
2026-09-12T13:01:05.867506+00:00,200,51787.07,
2026-09-12T13:01:24.165996+00:00,200,33528.01,
2026-09-12T13:00:40.485035+00:00,200,77230.54,
2026-09-12T13:01:33.183075+00:00,200,24555.03,
2026-09-12T13:01:50.655733+00:00,200,7100.58,
2026-09-12T13:01:20.883447+00:00,200,36895.17,
2026-09-12T13:00:54.265283+00:00,200,63531.74,
2026-09-12T13:00:35.793960+00:00,200,82005.67,
2026-09-12T13:01:12.317365+00:00,200,45485.68,
2026-09-12T13:01:51.910232+00:00,200,5900.07,
2026-09-12T13:01:14.319855+00:00,200,43496.79,
2026-09-12T13:01:45.605968+00:00,200,12228.47,
2026-09-12T13:01:40.816332+00:00,200,17033.6,
2026-09-12T13:01:56.444102+00:00,200,1435.57,
2026-09-12T13:01:50.346878+00:00,200,7553.6,
2026-09-12T13:00:56.516945+00:00,200,61385.81,
2026-09-12T13:01:49.938517+00:00,200,7966.2,
2026-09-12T13:01:43.953191+00:00,200,14045.38,
2026-09-12T13:01:05.989759+00:00,200,52061.34,
2026-09-12T13:01:36.397332+00:00,200,21668.91,
2026-09-12T13:00:49.680163+00:00,200,68390.06,
2026-09-12T13:01:12.239728+00:00,200,45874.32,
2026-09-12T13:01:20.121672+00:00,200,38017.06,
2026-09-12T13:01:39.311472+00:00,200,18864.67,
2026-09-12T13:01:50.616287+00:00,200,7562.53,
2026-09-12T13:01:33.810172+00:00,200,24377.03,
2026-09-12T13:01:53.264411+00:00,200,4936.24,
2026-09-12T13:01:57.900501+00:00,200,316.91,
2026-09-12T13:01:08.679734+00:00,200,49553.31,
2026-09-12T13:01:14.107497+00:00,200,44145.9,
2026-09-12T13:01:04.275890+00:00,200,54019.78,
2026-09-12T13:01:28.654459+00:00,200,29650.04,
2026-09-12T13:01:57.982469+00:00,200,327.85,
2026-09-12T13:01:34.810427+00:00,200,23520.56,
2026-09-12T13:01:44.486685+00:00,200,13861.66,
2026-09-12T13:01:39.765207+00:00,200,18634.53,
2026-09-12T13:01:38.694911+00:00,200,19710.34,
2026-09-12T13:01:34.313615+00:00,200,24093.28,
2026-09-12T13:01:53.976818+00:00,200,4449.87,
2026-09-12T13:01:55.259774+00:00,200,3176.89,
2026-09-12T13:00:28.655310+00:00,200,89802.23,
2026-09-12T13:01:39.617040+00:00,200,18904.27,
2026-09-12T13:00:28.531378+00:00,200,90003.81,
2026-09-12T13:01:45.884765+00:00,200,12652.42,
2026-09-12T13:01:30.581820+00:00,200,27973.35,
2026-09-12T13:01:48.310206+00:00,200,10255.41,
2026-09-12T13:01:50.368643+00:00,200,8252.61,
2026-09-12T13:01:33.207726+00:00,200,25423.83,
2026-09-12T13:01:23.959150+00:00,200,34675.7,
2026-09-12T13:01:23.405299+00:00,200,35236.8,
2026-09-12T13:01:15.886960+00:00,200,42766.12,
2026-09-12T13:01:39.567261+00:00,200,19099.2,
2026-09-12T13:01:55.294685+00:00,200,3381.5,
2026-09-12T13:01:04.654457+00:00,200,54051.91,
2026-09-12T13:01:46.890310+00:00,200,11853.35,
2026-09-12T13:01:13.184177+00:00,200,45561.44,
2026-09-12T13:01:42.844674+00:00,200,15949.6,
2026-09-12T13:01:34.825351+00:00,200,23993.43,
2026-09-12T13:01:30.547692+00:00,200,28288.48,
2026-09-12T13:00:43.231886+00:00,200,75610.63,
2026-09-12T13:01:27.424616+00:00,200,31421.28,
2026-09-12T13:00:52.259581+00:00,200,66617.41,
2026-09-12T13:00:59.427976+00:00,200,59518.29,
2026-09-12T13:01:21.307726+00:00,200,37641.86,
2026-09-12T13:01:21.871298+00:00,200,37094.92,
2026-09-12T13:01:27.117191+00:00,200,31854.14,
2026-09-12T13:01:33.029024+00:00,200,25945.0,
2026-09-12T13:01:52.704100+00:00,200,6273.32,
2026-09-12T13:01:19.015540+00:00,200,39977.52,
2026-09-12T13:01:12.249520+00:00,200,46746.95,
2026-09-12T13:00:57.816787+00:00,200,61245.55,
2026-09-12T13:00:28.868939+00:00,200,90207.44,
2026-09-12T13:01:42.295270+00:00,200,16783.54,
2026-09-12T13:00:52.085901+00:00,200,67017.07,
2026-09-12T13:01:09.547901+00:00,200,49580.49,
2026-09-12T13:01:21.753572+00:00,200,37388.88,
2026-09-12T13:01:01.101858+00:00,200,58056.52,
2026-09-12T13:01:19.098752+00:00,200,40092.54,
2026-09-12T13:01:14.075165+00:00,200,45122.01,
2026-09-12T13:01:16.544338+00:00,200,42665.13,
2026-09-12T13:01:57.475473+00:00,200,1736.75,
2026-09-12T13:00:59.582273+00:00,200,59668.72,
2026-09-12T13:01:30.053230+00:00,200,29222.99,
2026-09-12T13:01:49.531061+00:00,200,9747.74,
2026-09-12T13:00:46.905006+00:00,200,72375.41,
2026-09-12T13:01:28.039974+00:00,200,31251.51,
2026-09-12T13:01:03.854408+00:00,200,55446.63,
2026-09-12T13:00:39.292786+00:00,200,80064.32,
2026-09-12T13:01:06.258977+00:00,200,53113.81,
2026-09-12T13:01:51.959841+00:00,200,7421.14,
2026-09-12T13:01:15.381489+00:00,200,44006.63,
2026-09-12T13:01:33.817105+00:00,200,25612.4,
2026-09-12T13:00:56.216095+00:00,200,63230.41,
2026-09-12T13:01:34.143406+00:00,200,25304.69,
2026-09-12T13:01:28.729617+00:00,200,30721.6,
2026-09-12T13:01:37.686058+00:00,200,21770.71,
2026-09-12T13:01:51.949869+00:00,200,7543.59,
2026-09-12T13:01:50.196612+00:00,200,9304.62,
2026-09-12T13:01:24.174400+00:00,200,35362.53,
2026-09-12T13:01:41.488242+00:00,200,18079.52,
2026-09-12T13:01:37.991751+00:00,200,21670.42,
2026-09-12T13:01:11.726978+00:00,200,47960.75,
2026-09-12T13:01:37.988486+00:00,200,21741.71,
2026-09-12T13:01:12.894843+00:00,200,46850.46,
2026-09-12T13:01:16.240490+00:00,200,43509.71,
2026-09-12T13:01:08.490279+00:00,200,51274.46,
2026-09-12T13:01:22.276797+00:00,200,37494.86,
2026-09-12T13:01:50.572687+00:00,200,9258.73,
2026-09-12T13:01:23.263875+00:00,200,36571.6,
2026-09-12T13:01:37.133268+00:00,200,22703.81,
2026-09-12T13:01:41.767701+00:00,200,18070.98,
2026-09-12T13:01:51.236429+00:00,200,8603.96,
2026-09-12T13:00:50.286224+00:00,200,69555.81,
2026-09-12T13:01:24.706226+00:00,200,35137.48,
2026-09-12T13:01:40.637768+00:00,200,19209.68,
2026-09-12T13:01:33.712048+00:00,200,26137.31,
2026-09-12T13:01:09.770328+00:00,200,50080.81,
2026-09-12T13:01:39.127799+00:00,200,20726.15,
2026-09-12T13:01:46.636805+00:00,200,13219.77,
2026-09-12T13:01:03.694218+00:00,200,56164.48,
2026-09-12T13:01:19.033993+00:00,200,40826.64,
2026-09-12T13:01:17.793777+00:00,200,42068.83,
2026-09-12T13:01:57.056444+00:00,200,2808.26,
2026-09-12T13:01:13.544385+00:00,200,46322.52,
2026-09-12T13:01:42.564756+00:00,200,17304.21,
2026-09-12T13:01:47.676992+00:00,200,12194.09,
2026-09-12T13:01:17.759744+00:00,200,42113.55,
2026-09-12T13:01:21.442261+00:00,200,38433.2,
2026-09-12T13:01:45.300807+00:00,200,14583.9,
2026-09-12T13:01:58.399748+00:00,200,1487.34,
2026-09-12T13:01:52.523300+00:00,200,7385.69,
2026-09-12T13:00:45.118382+00:00,200,74794.45,
2026-09-12T13:01:58.815231+00:00,200,1129.59,
2026-09-12T13:01:55.913424+00:00,200,4122.57,
2026-09-12T13:01:27.803724+00:00,200,32258.79,
2026-09-12T13:01:47.312875+00:00,200,12808.51,
2026-09-12T13:01:10.925543+00:00,200,49214.17,
2026-09-12T13:01:53.886952+00:00,200,6297.42,
2026-09-12T13:01:51.105453+00:00,200,9091.29,
2026-09-12T13:01:25.051712+00:00,200,35159.31,
2026-09-12T13:01:58.706373+00:00,200,1537.97,
2026-09-12T13:00:50.433520+00:00,200,69814.4,
2026-09-12T13:01:27.182796+00:00,200,33117.26,
2026-09-12T13:00:28.860020+00:00,200,91445.0,
2026-09-12T13:01:15.540348+00:00,200,44777.3,
2026-09-12T13:01:21.660555+00:00,200,38661.05,
2026-09-12T13:01:46.758310+00:00,200,13579.34,
2026-09-12T13:00:55.161280+00:00,200,65210.84,
2026-09-12T13:01:15.442711+00:00,200,44980.51,
2026-09-12T13:01:04.969456+00:00,200,55473.32,
2026-09-12T13:01:48.669658+00:00,200,11779.28,
2026-09-12T13:01:21.985842+00:00,200,38552.93,
2026-09-12T13:01:47.747669+00:00,200,12817.11,
2026-09-12T13:00:55.678508+00:00,200,64924.91,
2026-09-12T13:00:50.326037+00:00,200,70288.11,
2026-09-12T13:00:59.531663+00:00,200,61140.66,
2026-09-12T13:01:15.304879+00:00,200,45478.38,
2026-09-12T13:00:40.703786+00:00,200,80085.61,
2026-09-12T13:01:59.359708+00:00,200,1466.79,
2026-09-12T13:01:49.354144+00:00,200,11501.42,
2026-09-12T13:01:42.204912+00:00,200,18667.44,
2026-09-12T13:00:53.958159+00:00,200,66980.59,
2026-09-12T13:01:49.459710+00:00,200,11487.27,
2026-09-12T13:01:42.925788+00:00,200,18048.08,
2026-09-12T13:01:27.747915+00:00,200,33271.43,
2026-09-12T13:01:05.847508+00:00,200,55178.39,
2026-09-12T13:01:38.259163+00:00,200,22782.58,
2026-09-12T13:01:50.020669+00:00,200,11054.49,
2026-09-12T13:01:22.116143+00:00,200,38966.63,
2026-09-12T13:00:50.425742+00:00,200,70683.81,
2026-09-12T13:01:26.233599+00:00,200,34886.21,
2026-09-12T13:01:59.614302+00:00,200,1514.09,
2026-09-12T13:01:46.240765+00:00,200,14892.43,
2026-09-12T13:01:59.572626+00:00,200,1578.01,
2026-09-12T13:01:35.223120+00:00,200,25960.35,
2026-09-12T13:01:37.704061+00:00,200,23488.38,
2026-09-12T13:01:45.061830+00:00,200,16146.2,
2026-09-12T13:01:46.896875+00:00,200,14445.77,
2026-09-12T13:01:41.411611+00:00,200,19939.32,
2026-09-12T13:01:43.904177+00:00,200,17456.43,
2026-09-12T13:01:49.564974+00:00,200,11851.98,
2026-09-12T13:00:41.586942+00:00,200,79876.2,
2026-09-12T13:00:55.137129+00:00,200,66348.5,
2026-09-12T13:01:57.879692+00:00,200,3639.49,
2026-09-12T13:01:20.165588+00:00,200,41369.24,
2026-09-12T13:01:12.328865+00:00,200,49224.06,
2026-09-12T13:00:56.814593+00:00,200,64771.0,
2026-09-12T13:01:07.015909+00:00,200,54584.85,
2026-09-12T13:00:55.129408+00:00,200,66480.68,
2026-09-12T13:02:00.011865+00:00,200,1614.4,
2026-09-12T13:00:43.784618+00:00,200,77873.29,
2026-09-12T13:01:49.563784+00:00,200,12097.77,
2026-09-12T13:01:39.100663+00:00,200,22565.67,
2026-09-12T13:01:33.442949+00:00,200,28263.25,
2026-09-12T13:00:53.195829+00:00,200,68583.82,
2026-09-12T13:01:04.375841+00:00,200,57417.64,
2026-09-12T13:01:52.745274+00:00,200,9057.49,
2026-09-12T13:01:58.405258+00:00,200,3413.25,
2026-09-12T13:02:00.695643+00:00,200,1142.64,
2026-09-12T13:01:56.438674+00:00,200,5420.84,
2026-09-12T13:00:59.869461+00:00,200,62029.66,
2026-09-12T13:01:42.344124+00:00,200,19593.99,
2026-09-12T13:01:34.370092+00:00,200,27603.31,
2026-09-12T13:01:43.785350+00:00,200,18217.74,
2026-09-12T13:01:44.737374+00:00,200,17287.22,
2026-09-12T13:00:27.287580+00:00,200,94789.01,
2026-09-12T13:01:24.023704+00:00,200,38066.99,
2026-09-12T13:01:41.984193+00:00,200,20152.59,
2026-09-12T13:01:10.738758+00:00,200,51400.69,
2026-09-12T13:01:14.021611+00:00,200,48125.02,
2026-09-12T13:01:48.018516+00:00,200,14204.1,
2026-09-12T13:01:05.472916+00:00,200,56777.28,
2026-09-12T13:01:59.271969+00:00,200,3033.03,
2026-09-12T13:00:32.763268+00:00,200,89551.99,
2026-09-12T13:01:50.192900+00:00,200,12128.37,
2026-09-12T13:01:02.897183+00:00,200,59457.01,
2026-09-12T13:01:20.582790+00:00,200,41822.68,
2026-09-12T13:02:01.301049+00:00,200,1108.99,
2026-09-12T13:01:45.675190+00:00,200,16760.36,
2026-09-12T13:01:45.228905+00:00,200,17209.66,
2026-09-12T13:01:49.437163+00:00,200,13024.69,
2026-09-12T13:01:32.878041+00:00,200,29649.83,
2026-09-12T13:01:10.875233+00:00,200,51743.76,
2026-09-12T13:01:54.147769+00:00,200,8522.54,
2026-09-12T13:01:03.881433+00:00,200,58823.57,
2026-09-12T13:01:26.000231+00:00,200,36782.39,
2026-09-12T13:00:27.919234+00:00,200,94868.88,
2026-09-12T13:01:39.499032+00:00,200,23320.67,
2026-09-12T13:01:07.515454+00:00,200,55318.33,
2026-09-12T13:01:28.160362+00:00,200,34680.66,
2026-09-12T13:01:55.552264+00:00,200,7297.16,
2026-09-12T13:01:40.752416+00:00,200,22111.51,
2026-09-12T13:01:55.787442+00:00,200,7090.85,
2026-09-12T13:01:25.750303+00:00,200,37130.46,
2026-09-12T13:01:46.986872+00:00,200,15940.54,
2026-09-12T13:00:56.765556+00:00,200,66196.0,
2026-09-12T13:01:08.087342+00:00,200,54899.93,
2026-09-12T13:01:49.906922+00:00,200,13097.01,
2026-09-12T13:01:30.199814+00:00,200,32808.25,
2026-09-12T13:01:00.367033+00:00,200,62664.08,
2026-09-12T13:01:22.197866+00:00,200,40845.8,
2026-09-12T13:01:20.726657+00:00,200,42339.06,
2026-09-12T13:00:54.716274+00:00,200,68404.14,
2026-09-12T13:01:17.286809+00:00,200,45884.12,
2026-09-12T13:01:21.384650+00:00,200,41800.37,
2026-09-12T13:01:07.992914+00:00,200,55209.0,
2026-09-12T13:01:52.394145+00:00,200,10826.1,
2026-09-12T13:02:02.410046+00:00,200,907.14,
2026-09-12T13:01:39.766996+00:00,200,23559.96,
2026-09-12T13:01:14.888795+00:00,200,48474.56,
2026-09-12T13:01:51.479777+00:00,200,11911.8,
2026-09-12T13:01:33.203437+00:00,200,30200.68,
2026-09-12T13:01:46.534365+00:00,200,16879.22,
2026-09-12T13:01:02.259679+00:00,200,61170.99,
2026-09-12T13:00:49.549754+00:00,200,73915.34,
2026-09-12T13:02:03.043679+00:00,200,432.42,
2026-09-12T13:01:48.944567+00:00,200,14551.13,
2026-09-12T13:01:25.082000+00:00,200,38453.02,
2026-09-12T13:01:50.703020+00:00,200,12856.2,
2026-09-12T13:00:48.303646+00:00,200,75282.73,
2026-09-12T13:01:00.503705+00:00,200,63118.26,
2026-09-12T13:01:19.939452+00:00,200,43692.83,
2026-09-12T13:01:31.837526+00:00,200,31809.09,
2026-09-12T13:01:45.068728+00:00,200,18613.09,
2026-09-12T13:01:10.853695+00:00,200,52876.41,
2026-09-12T13:01:48.497787+00:00,200,15270.63,
2026-09-12T13:01:34.580286+00:00,200,29190.65,
2026-09-12T13:00:42.015731+00:00,200,81786.41,
2026-09-12T13:01:45.528052+00:00,200,18287.15,
2026-09-12T13:00:52.010537+00:00,200,71836.29,
2026-09-12T13:01:54.976269+00:00,200,8905.39,
2026-09-12T13:01:09.444703+00:00,200,54451.34,
2026-09-12T13:01:21.135053+00:00,200,42801.14,
2026-09-12T13:01:15.210429+00:00,200,48741.27,
2026-09-12T13:01:39.548761+00:00,200,24410.25,
2026-09-12T13:01:19.245199+00:00,200,44719.74,
2026-09-12T13:01:26.010962+00:00,200,37983.8,
2026-09-12T13:01:16.156740+00:00,200,47841.63,
2026-09-12T13:01:37.737485+00:00,200,26280.44,
2026-09-12T13:01:31.128779+00:00,200,32908.35,
2026-09-12T13:01:49.227017+00:00,200,14861.57,
2026-09-12T13:01:44.018382+00:00,200,20096.58,
2026-09-12T13:01:53.295088+00:00,200,10834.82,
2026-09-12T13:01:45.147764+00:00,200,19002.06,
2026-09-12T13:01:36.254505+00:00,200,27899.15,
2026-09-12T13:01:43.381066+00:00,200,20780.65,
2026-09-12T13:01:38.029418+00:00,200,26148.38,
2026-09-12T13:01:58.890733+00:00,200,5335.2,
2026-09-12T13:02:02.614359+00:00,200,1693.04,
2026-09-12T13:00:34.994180+00:00,200,89342.79,
2026-09-12T13:01:43.405389+00:00,200,20951.48,
2026-09-12T13:01:51.682846+00:00,200,12681.82,
2026-09-12T13:01:41.224959+00:00,200,23158.25,
2026-09-12T13:01:52.196030+00:00,200,12227.03,
2026-09-12T13:01:27.024556+00:00,200,37414.28,
2026-09-12T13:01:40.876233+00:00,200,23591.58,
2026-09-12T13:01:11.499049+00:00,200,52988.13,
2026-09-12T13:01:44.078304+00:00,200,20451.95,
2026-09-12T13:01:41.060035+00:00,200,23473.22,
2026-09-12T13:01:14.267127+00:00,200,50286.56,
2026-09-12T13:01:24.152652+00:00,200,40410.8,
2026-09-12T13:01:24.657387+00:00,200,39966.69,
2026-09-12T13:02:02.619009+00:00,200,2035.85,
2026-09-12T13:01:55.630665+00:00,200,9087.64,
2026-09-12T13:01:20.354988+00:00,200,44373.5,
2026-09-12T13:02:04.225955+00:00,200,535.04,
2026-09-12T13:01:55.598549+00:00,200,9164.84,
2026-09-12T13:01:59.799429+00:00,200,4974.88,
2026-09-12T13:01:07.945432+00:00,200,56841.46,
2026-09-12T13:01:24.030482+00:00,200,40780.19,
2026-09-12T13:01:16.854497+00:00,200,47973.85,
2026-09-12T13:01:33.454253+00:00,200,31410.17,
2026-09-12T13:00:41.798485+00:00,200,83076.41,
2026-09-12T13:00:22.945676+00:00,200,101933.74,
2026-09-12T13:01:33.432196+00:00,200,31473.19,
2026-09-12T13:01:48.610591+00:00,200,16298.89,
2026-09-12T13:01:59.847455+00:00,200,5078.39,
2026-09-12T13:00:45.335675+00:00,200,79655.21,
2026-09-12T13:00:59.521466+00:00,200,65477.88,
2026-09-12T13:02:03.714106+00:00,200,1330.13,
2026-09-12T13:01:33.413904+00:00,200,31648.42,
2026-09-12T13:01:11.428261+00:00,200,53635.75,
2026-09-12T13:02:02.039108+00:00,200,3088.48,
2026-09-12T13:01:52.870504+00:00,200,12259.32,
2026-09-12T13:01:11.801106+00:00,200,53335.39,
2026-09-12T13:01:38.601441+00:00,200,26543.51,
2026-09-12T13:01:30.508590+00:00,200,34645.25,
2026-09-12T13:01:07.364366+00:00,200,57798.24,
2026-09-12T13:00:52.374106+00:00,200,72802.27,
2026-09-12T13:00:51.914602+00:00,200,73270.14,
2026-09-12T13:01:20.952740+00:00,200,44263.82,
2026-09-12T13:02:01.439202+00:00,200,3786.16,
2026-09-12T13:02:00.773918+00:00,200,4461.19,
2026-09-12T13:01:15.387716+00:00,200,49892.65,
2026-09-12T13:01:09.179892+00:00,200,56107.15,
2026-09-12T13:00:53.276124+00:00,200,72026.46,
2026-09-12T13:01:21.216673+00:00,200,44091.15,
2026-09-12T13:01:34.721467+00:00,200,30611.66,
2026-09-12T13:01:19.946880+00:00,200,45481.07,
2026-09-12T13:01:42.548040+00:00,200,22893.12,
2026-09-12T13:01:34.973079+00:00,200,30490.88,
2026-09-12T13:01:09.441147+00:00,200,56043.04,
2026-09-12T13:01:42.520237+00:00,200,22967.96,
2026-09-12T13:02:01.437836+00:00,200,4101.53,
2026-09-12T13:02:00.300075+00:00,200,5263.67,
2026-09-12T13:01:10.175063+00:00,200,55434.99,
2026-09-12T13:01:10.798299+00:00,200,54840.85,
2026-09-12T13:01:19.399907+00:00,200,46251.54,
2026-09-12T13:00:47.600277+00:00,200,78060.19,
2026-09-12T13:01:35.956414+00:00,200,29706.76,
2026-09-12T13:01:30.407104+00:00,200,35272.74,
2026-09-12T13:00:51.173090+00:00,200,74508.42,
2026-09-12T13:02:04.978319+00:00,200,708.17,
2026-09-12T13:02:00.086925+00:00,200,5615.36,
2026-09-12T13:01:09.477227+00:00,200,56258.52,
2026-09-12T13:01:46.786291+00:00,200,18957.65,
2026-09-12T13:01:22.215475+00:00,200,43562.0,
2026-09-12T13:01:42.606305+00:00,200,23198.49,
2026-09-12T13:01:38.810164+00:00,200,27003.82,
2026-09-12T13:01:20.725661+00:00,200,45098.08,
2026-09-12T13:01:32.215253+00:00,200,33644.63,
2026-09-12T13:01:58.141500+00:00,200,7770.49,
2026-09-12T13:01:31.928475+00:00,200,33992.0,
2026-09-12T13:01:58.104427+00:00,200,7841.71,
2026-09-12T13:01:06.084060+00:00,200,59871.49,
2026-09-12T13:02:04.423078+00:00,200,1538.02,
2026-09-12T13:01:09.966254+00:00,200,55998.54,
2026-09-12T13:00:50.886008+00:00,200,75080.75,
2026-09-12T13:01:49.021571+00:00,200,16950.44,
2026-09-12T13:01:57.859878+00:00,200,8123.35,
2026-09-12T13:02:05.603241+00:00,200,384.11,
2026-09-12T13:01:04.529060+00:00,200,61489.87,
2026-09-12T13:01:41.345893+00:00,200,24683.69,
2026-09-12T13:00:36.174527+00:00,200,89898.82,
2026-09-12T13:01:46.374235+00:00,200,19712.43,
2026-09-12T13:01:51.586544+00:00,200,14507.52,
2026-09-12T13:01:57.983479+00:00,200,8133.09,
2026-09-12T13:01:18.941589+00:00,200,47185.37,
2026-09-12T13:02:01.552946+00:00,200,4578.18,
2026-09-12T13:02:00.312618+00:00,200,5820.32,
2026-09-12T13:01:48.527353+00:00,200,17608.39,
2026-09-12T13:01:50.608780+00:00,200,15548.72,
2026-09-12T13:01:33.297864+00:00,200,32861.4,
2026-09-12T13:01:35.217249+00:00,200,30968.46,
2026-09-12T13:01:16.682254+00:00,200,49543.32,
2026-09-12T13:01:56.673899+00:00,200,9566.13,
2026-09-12T13:01:50.293646+00:00,200,15962.48,
2026-09-12T13:01:26.392369+00:00,200,39917.32,
2026-09-12T13:01:47.969104+00:00,200,18376.56,
2026-09-12T13:01:47.708632+00:00,200,18678.4,
2026-09-12T13:01:43.053700+00:00,200,23366.53,
2026-09-12T13:01:26.485579+00:00,200,39952.14,
2026-09-12T13:01:19.100577+00:00,200,47365.14,
2026-09-12T13:01:00.826624+00:00,200,65650.18,
2026-09-12T13:01:09.953402+00:00,200,56527.56,
2026-09-12T13:02:01.779655+00:00,200,4706.04,
2026-09-12T13:01:16.953903+00:00,200,49548.64,
2026-09-12T13:00:44.299028+00:00,200,82207.53,
2026-09-12T13:01:09.432814+00:00,200,57088.41,
2026-09-12T13:00:47.181070+00:00,200,79352.07,
2026-09-12T13:01:33.893290+00:00,200,32644.05,
2026-09-12T13:01:48.503384+00:00,200,18039.0,
2026-09-12T13:01:20.606001+00:00,200,45940.27,
2026-09-12T13:00:48.153071+00:00,200,78404.1,
2026-09-12T13:01:01.835308+00:00,200,64729.94,
2026-09-12T13:01:55.500516+00:00,200,11171.72,
2026-09-12T13:01:11.558855+00:00,200,55115.51,
2026-09-12T13:01:38.561144+00:00,200,28135.96,
2026-09-12T13:00:58.835129+00:00,200,67920.91,
2026-09-12T13:01:12.627209+00:00,200,54149.01,
2026-09-12T13:02:03.579635+00:00,200,3211.3,
2026-09-12T13:01:50.690125+00:00,200,16111.23,
2026-09-12T13:00:58.333370+00:00,200,68487.14,
2026-09-12T13:00:26.952535+00:00,200,99882.78,
2026-09-12T13:01:34.829814+00:00,200,32023.99,
2026-09-12T13:01:59.076391+00:00,200,7817.25,
2026-09-12T13:00:59.465442+00:00,200,67431.76,
2026-09-12T13:01:27.601662+00:00,200,39297.99,
2026-09-12T13:00:33.881765+00:00,200,93023.6,
2026-09-12T13:00:55.151542+00:00,200,71755.61,
2026-09-12T13:01:16.955754+00:00,200,49992.64,
2026-09-12T13:01:23.516118+00:00,200,43445.52,
2026-09-12T13:01:00.220084+00:00,200,66779.37,
2026-09-12T13:02:01.091864+00:00,200,5918.15,
2026-09-12T13:00:59.990664+00:00,200,67021.54,
2026-09-12T13:02:04.718321+00:00,200,2335.16,
2026-09-12T13:01:08.292213+00:00,200,58799.94,
2026-09-12T13:01:00.784423+00:00,200,66335.93,
2026-09-12T13:00:58.961892+00:00,200,68164.85,
2026-09-12T13:01:31.806898+00:00,200,35332.97,
2026-09-12T13:01:43.200072+00:00,200,23968.29,
2026-09-12T13:02:06.032034+00:00,200,1139.6,
2026-09-12T13:01:58.845900+00:00,200,8329.11,
2026-09-12T13:01:15.333114+00:00,200,51858.16,
2026-09-12T13:02:01.440490+00:00,200,5832.11,
2026-09-12T13:01:28.725834+00:00,200,38558.14,
2026-09-12T13:00:38.811669+00:00,200,88478.36,
2026-09-12T13:01:42.397128+00:00,200,24914.25,
2026-09-12T13:01:55.547882+00:00,200,11782.53,
2026-09-12T13:01:55.873844+00:00,200,11467.04,
2026-09-12T13:01:23.700193+00:00,200,43643.1,
2026-09-12T13:01:40.458436+00:00,200,26893.06,
2026-09-12T13:01:51.450027+00:00,200,15903.59,
2026-09-12T13:01:29.112442+00:00,200,38260.69,
2026-09-12T13:01:48.614677+00:00,200,18800.07,
2026-09-12T13:01:10.846907+00:00,200,56605.25,
2026-09-12T13:01:29.250668+00:00,200,38204.09,
2026-09-12T13:01:43.107506+00:00,200,24348.92,
2026-09-12T13:00:59.410668+00:00,200,68048.64,
2026-09-12T13:01:50.244054+00:00,200,17222.04,
2026-09-12T13:01:53.214444+00:00,200,14291.77,
2026-09-12T13:01:34.135075+00:00,200,33422.8,
2026-09-12T13:01:14.592833+00:00,200,52975.38,
2026-09-12T13:01:58.996479+00:00,200,8580.88,
2026-09-12T13:01:31.932152+00:00,200,35679.84,
2026-09-12T13:02:01.109569+00:00,200,6559.86,
2026-09-12T13:01:48.954878+00:00,200,18727.41,
2026-09-12T13:01:47.595001+00:00,200,20107.22,
2026-09-12T13:01:34.496306+00:00,200,33245.85,
2026-09-12T13:01:37.540554+00:00,200,30210.85,
2026-09-12T13:01:58.762525+00:00,200,8994.8,
2026-09-12T13:01:58.178824+00:00,200,9588.31,
2026-09-12T13:01:14.741736+00:00,200,53030.29,
2026-09-12T13:01:31.787927+00:00,200,36002.68,
2026-09-12T13:01:45.673885+00:00,200,22171.85,
2026-09-12T13:02:07.414765+00:00,200,434.18,
2026-09-12T13:01:09.699930+00:00,200,58174.81,
2026-09-12T13:01:03.660532+00:00,200,64218.77,
2026-09-12T13:02:03.783136+00:00,200,4103.95,
2026-09-12T13:01:28.851699+00:00,200,39051.55,
2026-09-12T13:01:37.285863+00:00,200,30624.93,
2026-09-12T13:01:44.221810+00:00,200,23704.92,
2026-09-12T13:01:47.197270+00:00,200,20755.27,
2026-09-12T13:01:38.975749+00:00,200,28978.63,
2026-09-12T13:01:13.673261+00:00,200,54299.56,
2026-09-12T13:01:11.832477+00:00,200,56169.32,
2026-09-12T13:01:43.516326+00:00,200,24489.17,
2026-09-12T13:02:07.669449+00:00,200,347.55,
2026-09-12T13:01:59.800557+00:00,200,8220.06,
2026-09-12T13:01:35.100638+00:00,200,32999.81,
2026-09-12T13:02:07.767139+00:00,200,366.09,
2026-09-12T13:01:48.091276+00:00,200,20089.97,
2026-09-12T13:01:49.839052+00:00,200,18349.47,
2026-09-12T13:01:40.351654+00:00,200,27849.41,
2026-09-12T13:01:23.179168+00:00,200,45040.03,
2026-09-12T13:01:25.096640+00:00,200,43144.37,
2026-09-12T13:02:01.442233+00:00,200,6801.04,
2026-09-12T13:01:39.950934+00:00,200,28312.92,
2026-09-12T13:01:58.253409+00:00,200,10013.26,
2026-09-12T13:01:13.815899+00:00,200,54523.18,
2026-09-12T13:01:58.353138+00:00,200,9999.72,
2026-09-12T13:02:01.150660+00:00,200,7204.83,
2026-09-12T13:01:54.584957+00:00,200,13784.02,
2026-09-12T13:01:46.936348+00:00,200,21472.37,
2026-09-12T13:01:45.714140+00:00,200,22717.05,
2026-09-12T13:01:32.379495+00:00,200,36059.32,
2026-09-12T13:02:06.886434+00:00,200,1559.23,
2026-09-12T13:01:09.724314+00:00,200,58725.71,
2026-09-12T13:01:40.968266+00:00,200,27493.42,
2026-09-12T13:00:55.875971+00:00,200,72636.86,
2026-09-12T13:00:47.723245+00:00,200,80840.49,
2026-09-12T13:01:52.440478+00:00,200,16160.81,
2026-09-12T13:02:01.849560+00:00,200,6795.2,
2026-09-12T13:01:56.165901+00:00,200,12496.31,
2026-09-12T13:01:31.639769+00:00,200,37034.39,
2026-09-12T13:01:47.189918+00:00,200,21495.21,
2026-09-12T13:01:01.114033+00:00,200,67610.22,
2026-09-12T13:01:45.831219+00:00,200,22904.3,
2026-09-12T13:01:55.530414+00:00,200,13244.87,
2026-09-12T13:02:02.354216+00:00,200,6422.82,
2026-09-12T13:01:47.762272+00:00,200,21017.12,
2026-09-12T13:00:24.948428+00:00,200,103836.16,
2026-09-12T13:00:49.174738+00:00,200,79622.67,
2026-09-12T13:02:02.418954+00:00,200,6389.18,
2026-09-12T13:01:28.089479+00:00,200,40723.2,
2026-09-12T13:01:50.573686+00:00,200,18248.97,
2026-09-12T13:00:50.369515+00:00,200,78489.09,
2026-09-12T13:01:02.785870+00:00,200,66085.02,
2026-09-12T13:01:49.950862+00:00,200,18926.9,
2026-09-12T13:00:54.662202+00:00,200,74272.19,
2026-09-12T13:01:48.746075+00:00,200,20192.12,
2026-09-12T13:01:13.968157+00:00,200,54987.24,
2026-09-12T13:01:45.833615+00:00,200,23172.9,
2026-09-12T13:01:49.658715+00:00,200,19360.52,
2026-09-12T13:01:00.230261+00:00,200,68878.57,
2026-09-12T13:01:50.246610+00:00,200,18901.78,
2026-09-12T13:01:41.424442+00:00,200,27741.18,
2026-09-12T13:01:48.187647+00:00,200,21040.28,
2026-09-12T13:01:59.536950+00:00,200,9694.65,
2026-09-12T13:00:53.126226+00:00,200,76107.78,
2026-09-12T13:01:48.284587+00:00,200,20952.31,
2026-09-12T13:01:12.781674+00:00,200,56458.53,
2026-09-12T13:01:39.811897+00:00,200,29431.82,
2026-09-12T13:00:44.443364+00:00,200,84803.4,
2026-09-12T13:01:28.649362+00:00,200,40600.0,
2026-09-12T13:01:55.647540+00:00,200,13604.28,
2026-09-12T13:01:44.466729+00:00,200,24787.7,
2026-09-12T13:01:48.047495+00:00,200,21209.25,
2026-09-12T13:01:57.313910+00:00,200,11944.86,
2026-09-12T13:01:51.700452+00:00,200,17560.53,
2026-09-12T13:01:27.025517+00:00,200,42237.51,
2026-09-12T13:01:18.690377+00:00,200,50574.71,
2026-09-12T13:00:59.101552+00:00,200,70165.6,
2026-09-12T13:01:32.789663+00:00,200,36479.64,
2026-09-12T13:01:40.032765+00:00,200,29238.89,
2026-09-12T13:01:33.287701+00:00,200,35987.54,
2026-09-12T13:01:40.079080+00:00,200,29199.19,
2026-09-12T13:01:41.714902+00:00,200,27565.86,
2026-09-12T13:01:19.815034+00:00,200,49468.2,
2026-09-12T13:00:59.072340+00:00,200,70213.37,
2026-09-12T13:01:58.295686+00:00,200,11000.81,
2026-09-12T13:01:52.830496+00:00,200,16490.26,
2026-09-12T13:01:21.690823+00:00,200,47636.48,
2026-09-12T13:01:15.339916+00:00,200,54085.86,
2026-09-12T13:01:42.307692+00:00,200,27155.48,
2026-09-12T13:01:25.340372+00:00,200,44125.91,
2026-09-12T13:02:06.742254+00:00,200,2766.31,
2026-09-12T13:01:25.226333+00:00,200,44296.82,
2026-09-12T13:01:23.835078+00:00,200,45702.07,
2026-09-12T13:01:51.648645+00:00,200,17897.62,
2026-09-12T13:01:33.173293+00:00,200,36377.4,
2026-09-12T13:01:31.187716+00:00,200,38405.42,
2026-09-12T13:00:53.177910+00:00,200,76432.07,
2026-09-12T13:01:01.679659+00:00,200,67984.45,
2026-09-12T13:02:06.033021+00:00,200,3635.31,
2026-09-12T13:02:06.672260+00:00,200,3019.58,
2026-09-12T13:00:59.439115+00:00,200,70281.82,
2026-09-12T13:01:49.355450+00:00,200,20457.16,
2026-09-12T13:01:07.323311+00:00,200,62560.47,
2026-09-12T13:01:53.207851+00:00,200,16695.62,
2026-09-12T13:01:44.071984+00:00,200,25834.58,
2026-09-12T13:01:15.936883+00:00,200,53976.67,
2026-09-12T13:01:03.300748+00:00,200,66617.18,
2026-09-12T13:02:01.075182+00:00,200,8847.07,
2026-09-12T13:01:49.182720+00:00,200,20808.76,
2026-09-12T13:00:57.290840+00:00,200,72708.42,
2026-09-12T13:02:07.012211+00:00,200,3001.12,
2026-09-12T13:01:26.577637+00:00,200,43468.17,
2026-09-12T13:01:36.038073+00:00,200,34145.79,
2026-09-12T13:01:11.552837+00:00,200,58642.91,
2026-09-12T13:01:07.787761+00:00,200,62563.48,
2026-09-12T13:01:39.337261+00:00,200,31134.47,
2026-09-12T13:01:03.558912+00:00,200,66922.44,
2026-09-12T13:01:32.962934+00:00,200,37547.52,
2026-09-12T13:00:48.630240+00:00,200,81884.49,
2026-09-12T13:01:11.865056+00:00,200,58652.65,
2026-09-12T13:01:25.012200+00:00,200,45508.58,
2026-09-12T13:01:43.370378+00:00,200,27153.23,
2026-09-12T13:01:58.181761+00:00,200,12344.72,
2026-09-12T13:01:12.593061+00:00,200,57936.49,
2026-09-12T13:01:36.738844+00:00,200,33793.84,
2026-09-12T13:01:32.841141+00:00,200,37695.0,
2026-09-12T13:02:08.346567+00:00,200,2192.78,
2026-09-12T13:01:04.919413+00:00,200,65623.05,
2026-09-12T13:00:53.931513+00:00,200,76614.22,
2026-09-12T13:02:06.305071+00:00,200,4252.16,
2026-09-12T13:01:40.877277+00:00,200,29685.29,
2026-09-12T13:00:59.508386+00:00,200,71058.08,
2026-09-12T13:01:45.932120+00:00,200,24638.26,
2026-09-12T13:01:33.421948+00:00,200,37151.81,
2026-09-12T13:02:09.093859+00:00,200,1483.33,
2026-09-12T13:02:09.095364+00:00,200,1486.05,
2026-09-12T13:02:09.097994+00:00,200,1486.95,
2026-09-12T13:02:09.096728+00:00,200,1492.14,
2026-09-12T13:01:31.001422+00:00,200,39631.05,
2026-09-12T13:02:02.880769+00:00,200,7756.96,
2026-09-12T13:02:07.851720+00:00,200,2821.19,
2026-09-12T13:01:06.477613+00:00,200,64199.96,
2026-09-12T13:00:42.094066+00:00,200,88615.17,
2026-09-12T13:00:59.379126+00:00,200,71335.7,
2026-09-12T13:01:39.922328+00:00,200,30796.13,
2026-09-12T13:01:38.642512+00:00,200,32079.55,
2026-09-12T13:01:23.209655+00:00,200,47516.03,
2026-09-12T13:01:07.874212+00:00,200,62855.21,
2026-09-12T13:01:31.665892+00:00,200,39067.22,
2026-09-12T13:01:47.536579+00:00,200,23200.24,
2026-09-12T13:01:08.998409+00:00,200,61810.2,
2026-09-12T13:01:26.819173+00:00,200,44067.26,
2026-09-12T13:02:09.227949+00:00,200,1754.28,
2026-09-12T13:01:42.189209+00:00,200,28844.46,
2026-09-12T13:01:40.652156+00:00,200,30473.05,
2026-09-12T13:00:27.040257+00:00,200,104129.87,
2026-09-12T13:00:32.527022+00:00,200,98654.51,
2026-09-12T13:02:07.104153+00:00,200,4107.78,
2026-09-12T13:01:26.937150+00:00,200,44279.35,
2026-09-12T13:01:54.755331+00:00,200,16491.83,
2026-09-12T13:01:27.351794+00:00,200,43914.59,
2026-09-12T13:01:43.413949+00:00,200,27895.52,
2026-09-12T13:01:08.925172+00:00,200,62392.99,
2026-09-12T13:01:51.406133+00:00,200,19920.38,
2026-09-12T13:01:31.904107+00:00,200,39560.38,
2026-09-12T13:02:03.196249+00:00,200,8402.15,
2026-09-12T13:01:44.166082+00:00,200,27491.6,
2026-09-12T13:01:55.027473+00:00,200,16757.28,
2026-09-12T13:01:58.062911+00:00,200,13740.38,
2026-09-12T13:01:13.222163+00:00,200,58606.47,
2026-09-12T13:00:39.391809+00:00,200,92510.91,
2026-09-12T13:01:29.975850+00:00,200,41940.46,
2026-09-12T13:01:08.244323+00:00,200,63680.4,
2026-09-12T13:02:09.249366+00:00,200,2718.22,
2026-09-12T13:01:55.942597+00:00,200,16031.32,
2026-09-12T13:02:09.472002+00:00,200,2507.19,
2026-09-12T13:00:21.972011+00:00,200,110013.86,
2026-09-12T13:01:30.851939+00:00,200,41242.55,
2026-09-12T13:01:47.871036+00:00,200,24265.9,
2026-09-12T13:02:05.511191+00:00,200,6629.96,
2026-09-12T13:01:02.100939+00:00,200,70105.25,
2026-09-12T13:01:52.998615+00:00,200,19262.87,
2026-09-12T13:01:07.801085+00:00,200,64465.67,
2026-09-12T13:01:37.895636+00:00,200,34421.28,
2026-09-12T13:01:49.600955+00:00,200,22754.25,
2026-09-12T13:01:00.048573+00:00,200,72367.94,
2026-09-12T13:01:43.459726+00:00,200,28966.09,
2026-09-12T13:01:31.875565+00:00,200,40574.19,
2026-09-12T13:01:32.010577+00:00,200,40495.51,
2026-09-12T13:00:55.340406+00:00,200,77214.47,
2026-09-12T13:01:24.116229+00:00,200,48472.55,
2026-09-12T13:01:20.621721+00:00,200,52005.0,
2026-09-12T13:02:05.235128+00:00,200,7402.11,
2026-09-12T13:01:17.767738+00:00,200,54912.77,
2026-09-12T13:01:15.447122+00:00,200,57276.7,
2026-09-12T13:01:32.964351+00:00,200,39961.01,
2026-09-12T13:02:03.071798+00:00,200,9915.96,
2026-09-12T13:00:45.670948+00:00,200,87367.3,
2026-09-12T13:01:44.452003+00:00,200,28628.5,
2026-09-12T13:02:09.265087+00:00,200,3837.66,
2026-09-12T13:02:07.848952+00:00,200,5309.04,
2026-09-12T13:02:04.510913+00:00,200,8731.75,
2026-09-12T13:01:38.421877+00:00,200,34906.56,
2026-09-12T13:01:15.537368+00:00,200,57797.15,
2026-09-12T13:01:43.164901+00:00,200,30220.34,
2026-09-12T13:02:03.425413+00:00,200,9981.81,
2026-09-12T13:01:36.816035+00:00,200,36619.71,
2026-09-12T13:02:09.508583+00:00,200,3941.5,
2026-09-12T13:01:36.329284+00:00,200,37271.51,
2026-09-12T13:01:47.777063+00:00,200,25853.6,
2026-09-12T13:01:51.146654+00:00,200,22492.8,
2026-09-12T13:01:40.206927+00:00,200,33484.62,
2026-09-12T13:01:55.672389+00:00,200,18099.32,
2026-09-12T13:01:39.817855+00:00,200,34102.91,
2026-09-12T13:01:07.504891+00:00,200,66526.54,
2026-09-12T13:01:22.522940+00:00,200,51526.78,
2026-09-12T13:01:51.296248+00:00,200,22858.97,
2026-09-12T13:01:13.039846+00:00,200,61127.41,
2026-09-12T13:01:37.852048+00:00,200,36319.22,
2026-09-12T13:00:58.764239+00:00,200,75442.44,
2026-09-12T13:02:09.285717+00:00,200,5045.93,
2026-09-12T13:01:25.001508+00:00,200,49353.46,
2026-09-12T13:01:52.880163+00:00,200,21501.99,
2026-09-12T13:01:56.566802+00:00,200,17849.4,
2026-09-12T13:01:53.436574+00:00,200,21013.88,
2026-09-12T13:01:38.932855+00:00,200,35540.5,
2026-09-12T13:01:05.217750+00:00,200,69271.63,
2026-09-12T13:02:12.772411+00:00,200,1735.48,
2026-09-12T13:01:47.167481+00:00,200,27375.33,
2026-09-12T13:02:09.475057+00:00,200,5189.42,
2026-09-12T13:01:00.366190+00:00,200,74304.26,
2026-09-12T13:02:07.186669+00:00,200,7561.11,
2026-09-12T13:01:14.385687+00:00,200,60364.88,
2026-09-12T13:00:50.587361+00:00,200,84197.04,
2026-09-12T13:01:53.600008+00:00,200,21210.35,
2026-09-12T13:01:06.560104+00:00,200,68298.36,
2026-09-12T13:01:32.090536+00:00,200,42781.75,
2026-09-12T13:02:10.526480+00:00,200,4395.71,
2026-09-12T13:01:16.162779+00:00,200,58774.52,
2026-09-12T13:01:26.490048+00:00,200,48459.74,
2026-09-12T13:00:54.989383+00:00,200,79963.42,
2026-09-12T13:01:57.532382+00:00,200,17437.74,
2026-09-12T13:01:42.326904+00:00,200,32682.41,
2026-09-12T13:01:00.949090+00:00,200,74115.14,
2026-09-12T13:01:35.052955+00:00,200,40109.4,
2026-09-12T13:01:28.076960+00:00,200,47111.28,
2026-09-12T13:01:53.601317+00:00,200,21589.76,
2026-09-12T13:01:05.652728+00:00,200,69555.41,
2026-09-12T13:01:54.811672+00:00,200,20402.37,
2026-09-12T13:00:41.265642+00:00,200,93972.3,
2026-09-12T13:01:37.069478+00:00,200,38187.19,
2026-09-12T13:02:08.368996+00:00,200,6922.21,
2026-09-12T13:01:04.481708+00:00,200,70896.98,
2026-09-12T13:02:11.011910+00:00,200,4434.56,
2026-09-12T13:01:04.864807+00:00,200,70618.19,
2026-09-12T13:01:33.718957+00:00,200,41896.09,
2026-09-12T13:01:08.327886+00:00,200,67296.62,
2026-09-12T13:01:39.258307+00:00,200,36371.99,
2026-09-12T13:01:43.106181+00:00,200,32544.81,
2026-09-12T13:01:48.261770+00:00,200,27440.14,
2026-09-12T13:00:44.467470+00:00,200,91259.4,
2026-09-12T13:02:00.008213+00:00,200,15731.83,
2026-09-12T13:01:12.359437+00:00,200,63395.46,
2026-09-12T13:02:10.320879+00:00,200,5455.7,
2026-09-12T13:02:06.441567+00:00,200,9397.45,
2026-09-12T13:01:34.057204+00:00,200,41783.64,
2026-09-12T13:00:52.630734+00:00,200,83218.28,
2026-09-12T13:01:14.754517+00:00,200,61154.08,
2026-09-12T13:01:58.187210+00:00,200,17736.41,
2026-09-12T13:01:55.470041+00:00,200,20461.32,
2026-09-12T13:01:50.203811+00:00,200,25754.53,
2026-09-12T13:02:09.999267+00:00,200,5961.09,
2026-09-12T13:01:57.623640+00:00,200,18347.88,
2026-09-12T13:02:10.581419+00:00,200,5407.66,
2026-09-12T13:00:55.631327+00:00,200,80386.25,
2026-09-12T13:02:06.573675+00:00,200,9470.14,
2026-09-12T13:02:15.651009+00:00,200,398.19,
2026-09-12T13:01:42.943967+00:00,200,33107.77,
2026-09-12T13:01:39.692343+00:00,200,36421.29,
2026-09-12T13:01:05.240857+00:00,200,70886.01,
2026-09-12T13:02:06.442603+00:00,200,9699.09,
2026-09-12T13:01:40.070738+00:00,200,36106.97,
2026-09-12T13:02:15.143594+00:00,200,1036.8,
2026-09-12T13:01:56.154584+00:00,200,20040.04,
2026-09-12T13:00:55.155818+00:00,200,81045.4,
2026-09-12T13:01:33.274026+00:00,200,42930.8,
2026-09-12T13:00:52.263916+00:00,200,83951.2,
2026-09-12T13:02:07.452168+00:00,200,8776.14,
2026-09-12T13:02:01.911702+00:00,200,14353.69,
2026-09-12T13:01:16.859558+00:00,200,59416.65,
2026-09-12T13:01:31.436979+00:00,200,44841.12,
2026-09-12T13:02:02.438574+00:00,200,13855.73,
2026-09-12T13:01:28.519918+00:00,200,47797.55,
2026-09-12T13:01:56.891405+00:00,200,19450.67,
2026-09-12T13:01:49.942687+00:00,200,26401.57,
2026-09-12T13:01:51.693147+00:00,200,24674.51,
2026-09-12T13:01:45.969134+00:00,200,30435.9,
2026-09-12T13:00:57.036051+00:00,200,79391.55,
2026-09-12T13:01:38.290604+00:00,200,38197.53,
2026-09-12T13:01:21.870086+00:00,200,54631.25,
2026-09-12T13:02:10.481360+00:00,200,6042.44,
2026-09-12T13:01:53.056928+00:00,200,23489.52,
2026-09-12T13:01:03.888607+00:00,200,72688.05,
2026-09-12T13:01:51.597385+00:00,200,24994.13,
2026-09-12T13:01:07.409880+00:00,200,69187.49,
2026-09-12T13:02:07.706748+00:00,200,8968.98,
2026-09-12T13:01:01.910332+00:00,200,74777.01,
2026-09-12T13:01:58.220332+00:00,200,18473.57,
2026-09-12T13:01:21.989436+00:00,200,54713.7,
2026-09-12T13:02:15.803920+00:00,200,912.1,
2026-09-12T13:02:08.644774+00:00,200,8125.73,
2026-09-12T13:02:04.170369+00:00,200,12623.0,
2026-09-12T13:01:58.892637+00:00,200,17946.97,
2026-09-12T13:00:46.879776+00:00,200,89962.68,
2026-09-12T13:01:07.618829+00:00,200,69240.03,
2026-09-12T13:02:05.153849+00:00,200,11725.03,
2026-09-12T13:02:05.946160+00:00,200,10935.4,
2026-09-12T13:00:51.111992+00:00,200,85772.09,
2026-09-12T13:01:39.949831+00:00,200,36945.36,
2026-09-12T13:01:29.656111+00:00,200,47259.93,
2026-09-12T13:01:48.084534+00:00,200,28860.1,
2026-09-12T13:01:16.124857+00:00,200,60825.81,
2026-09-12T13:01:12.868705+00:00,200,64173.7,
2026-09-12T13:01:16.578464+00:00,200,60513.4,
2026-09-12T13:02:00.196765+00:00,200,16930.86,
2026-09-12T13:01:18.209628+00:00,200,58947.91,
2026-09-12T13:01:16.687326+00:00,200,60493.15,
2026-09-12T13:02:09.291856+00:00,200,7900.2,
2026-09-12T13:01:59.197186+00:00,200,18007.04,
2026-09-12T13:01:20.022688+00:00,200,57216.33,
2026-09-12T13:01:46.819900+00:00,200,30421.03,
2026-09-12T13:02:10.324382+00:00,200,6921.06,
2026-09-12T13:01:45.845677+00:00,200,31438.43,
2026-09-12T13:00:56.658428+00:00,200,80634.52,
2026-09-12T13:01:32.995539+00:00,200,44316.15,
2026-09-12T13:01:43.664741+00:00,200,33734.73,
2026-09-12T13:01:31.367243+00:00,200,46048.42,
2026-09-12T13:02:17.042426+00:00,200,426.83,
2026-09-12T13:02:17.091876+00:00,200,415.33,
2026-09-12T13:02:09.946490+00:00,200,7596.9,
2026-09-12T13:01:28.474327+00:00,200,49075.7,
2026-09-12T13:01:33.554519+00:00,200,44013.16,
2026-09-12T13:01:58.565625+00:00,200,19033.87,
2026-09-12T13:01:38.124485+00:00,200,39496.42,
2026-09-12T13:02:12.554888+00:00,200,5080.23,
2026-09-12T13:00:35.159980+00:00,200,102489.72,
2026-09-12T13:01:12.520931+00:00,200,65132.89,
2026-09-12T13:01:52.528036+00:00,200,25203.28,
2026-09-12T13:00:57.971322+00:00,200,79805.1,
2026-09-12T13:01:11.216841+00:00,200,66576.81,
2026-09-12T13:01:23.401789+00:00,200,54417.08,
2026-09-12T13:02:17.399496+00:00,200,421.73,
2026-09-12T13:01:47.438355+00:00,200,30393.58,
2026-09-12T13:01:43.429682+00:00,200,34409.9,
2026-09-12T13:02:15.476995+00:00,200,2380.19,
2026-09-12T13:01:12.690522+00:00,200,65233.61,
2026-09-12T13:01:04.981123+00:00,200,72973.35,
2026-09-12T13:01:35.743105+00:00,200,42219.38,
2026-09-12T13:00:54.765145+00:00,200,83200.26,
2026-09-12T13:02:01.368724+00:00,200,16602.1,
2026-09-12T13:01:05.393256+00:00,200,72581.62,
2026-09-12T13:01:58.436675+00:00,200,19541.84,
2026-09-12T13:01:33.888766+00:00,200,44092.34,
2026-09-12T13:01:44.190371+00:00,200,33792.78,
2026-09-12T13:01:26.506820+00:00,200,51478.36,
2026-09-12T13:01:57.264132+00:00,200,20723.79,
2026-09-12T13:01:21.249030+00:00,200,56741.18,
2026-09-12T13:02:09.258773+00:00,200,8733.66,
2026-09-12T13:01:57.022391+00:00,200,20972.76,
2026-09-12T13:02:17.024243+00:00,200,973.81,
2026-09-12T13:02:17.023025+00:00,200,977.53,
2026-09-12T13:01:53.431531+00:00,200,24571.38,
2026-09-12T13:01:56.194176+00:00,200,21811.39,
2026-09-12T13:02:17.021844+00:00,200,986.15,
2026-09-12T13:02:07.053500+00:00,200,10973.36,
2026-09-12T13:01:08.740638+00:00,200,69291.47,
2026-09-12T13:01:51.826025+00:00,200,26227.27,
2026-09-12T13:02:10.520789+00:00,200,7540.91,
2026-09-12T13:00:35.863850+00:00,200,102237.38,
2026-09-12T13:01:10.327024+00:00,200,67776.75,
2026-09-12T13:02:09.917940+00:00,200,8188.29,
2026-09-12T13:02:06.893656+00:00,200,11215.05,
2026-09-12T13:01:14.296885+00:00,200,63814.29,
2026-09-12T13:01:55.623148+00:00,200,22490.7,
2026-09-12T13:01:25.686685+00:00,200,52430.3,
2026-09-12T13:01:06.823821+00:00,200,71295.95,
2026-09-12T13:01:25.085454+00:00,200,53037.07,
2026-09-12T13:01:05.456317+00:00,200,72670.42,
2026-09-12T13:01:36.536770+00:00,200,41594.98,
2026-09-12T13:00:30.427090+00:00,200,107708.99,
2026-09-12T13:01:33.815374+00:00,200,44324.33,
2026-09-12T13:01:18.787164+00:00,200,59355.69,
2026-09-12T13:00:51.811470+00:00,200,86334.81,
2026-09-12T13:01:04.067135+00:00,200,74082.9,
2026-09-12T13:01:10.931996+00:00,200,67235.73,
2026-09-12T13:02:06.999482+00:00,200,11171.55,
2026-09-12T13:01:33.818688+00:00,200,44367.78,
2026-09-12T13:01:52.276976+00:00,200,25932.87,
2026-09-12T13:01:10.288122+00:00,200,67930.04,
2026-09-12T13:01:31.905955+00:00,200,46390.29,
2026-09-12T13:01:34.424871+00:00,200,43879.65,
2026-09-12T13:01:29.277996+00:00,200,49039.64,
2026-09-12T13:02:04.647105+00:00,200,13689.95,
2026-09-12T13:00:54.588775+00:00,200,83888.85,
2026-09-12T13:01:49.783350+00:00,200,28756.64,
2026-09-12T13:01:26.349807+00:00,200,52347.03,
2026-09-12T13:01:55.725961+00:00,200,23011.94,
2026-09-12T13:02:03.302178+00:00,200,15464.32,
2026-09-12T13:01:57.137383+00:00,200,21643.72,
2026-09-12T13:02:13.465605+00:00,200,5323.21,
2026-09-12T13:01:27.543565+00:00,200,51259.53,
2026-09-12T13:01:38.641363+00:00,200,40214.45,
2026-09-12T13:01:00.150447+00:00,200,78734.66,
2026-09-12T13:02:11.102497+00:00,200,7786.15,
2026-09-12T13:01:41.702915+00:00,200,37190.1,
2026-09-12T13:02:07.746124+00:00,200,11164.89,
2026-09-12T13:01:13.554978+00:00,200,65439.78,
2026-09-12T13:02:08.851123+00:00,200,10252.5,
2026-09-12T13:01:41.452158+00:00,200,37667.4,
2026-09-12T13:01:37.914192+00:00,200,41208.28,
2026-09-12T13:01:56.395440+00:00,200,22761.72,
2026-09-12T13:01:48.131233+00:00,200,31119.34,
2026-09-12T13:01:27.759489+00:00,200,51496.69,
2026-09-12T13:01:58.304513+00:00,200,20981.9,
2026-09-12T13:01:49.497007+00:00,200,29838.44,
2026-09-12T13:02:18.633327+00:00,200,710.28,
2026-09-12T13:01:26.187143+00:00,200,53182.56,
2026-09-12T13:01:18.123772+00:00,200,61277.47,
2026-09-12T13:02:01.028725+00:00,200,18385.87,
2026-09-12T13:02:08.536774+00:00,200,10882.92,
2026-09-12T13:01:41.677021+00:00,200,37773.91,
2026-09-12T13:01:28.808328+00:00,200,50785.51,
2026-09-12T13:02:18.885112+00:00,200,729.57,
2026-09-12T13:00:47.920771+00:00,200,91729.04,
2026-09-12T13:01:33.542106+00:00,200,46140.49,
2026-09-12T13:02:08.293165+00:00,200,11392.86,
2026-09-12T13:01:23.798515+00:00,200,55951.4,
2026-09-12T13:01:46.087477+00:00,200,33685.99,
2026-09-12T13:01:30.997491+00:00,200,48787.18,
2026-09-12T13:01:48.691781+00:00,200,31104.13,
2026-09-12T13:00:49.703241+00:00,200,90096.11,
2026-09-12T13:01:14.759119+00:00,200,65193.17,
2026-09-12T13:02:11.624484+00:00,200,8347.33,
2026-09-12T13:02:08.850098+00:00,200,11247.14,
2026-09-12T13:01:42.180687+00:00,200,37923.6,
2026-09-12T13:00:46.067963+00:00,200,94050.6,
2026-09-12T13:00:55.983975+00:00,200,84139.52,
2026-09-12T13:02:18.696861+00:00,200,1484.65,
2026-09-12T13:02:16.473564+00:00,200,3764.52,
2026-09-12T13:01:01.642950+00:00,200,78674.59,
2026-09-12T13:01:37.957519+00:00,200,42365.58,
2026-09-12T13:01:32.378458+00:00,200,47996.34,
2026-09-12T13:02:14.670463+00:00,200,5721.1,
2026-09-12T13:01:42.609607+00:00,200,37812.35,
2026-09-12T13:02:05.053953+00:00,200,15398.0,
2026-09-12T13:01:24.292272+00:00,200,56168.02,
2026-09-12T13:01:37.138219+00:00,200,43346.36,
2026-09-12T13:01:36.299819+00:00,200,44189.35,
2026-09-12T13:00:47.136545+00:00,200,93363.52,
2026-09-12T13:01:44.457283+00:00,200,36068.8,
2026-09-12T13:01:02.722016+00:00,200,77848.09,
2026-09-12T13:01:53.432574+00:00,200,27180.45,
2026-09-12T13:02:08.691461+00:00,200,11975.74,
2026-09-12T13:01:25.631313+00:00,200,55064.15,
2026-09-12T13:01:53.122833+00:00,200,27617.56,
2026-09-12T13:02:04.570623+00:00,200,16201.01,
2026-09-12T13:01:57.661246+00:00,200,23116.77,
2026-09-12T13:02:04.233737+00:00,200,16555.66,
2026-09-12T13:01:27.478016+00:00,200,53354.03,
2026-09-12T13:01:43.693267+00:00,200,37143.32,
2026-09-12T13:02:20.123506+00:00,200,721.04,
2026-09-12T13:00:46.980604+00:00,200,93912.83,
2026-09-12T13:01:44.343444+00:00,200,36560.54,
2026-09-12T13:00:52.547614+00:00,200,88376.77,
2026-09-12T13:01:07.205746+00:00,200,73725.02,
2026-09-12T13:02:20.323109+00:00,200,698.16,
2026-09-12T13:01:17.628274+00:00,200,63441.45,
2026-09-12T13:01:50.177461+00:00,200,30916.85,
2026-09-12T13:02:19.564791+00:00,200,1544.96,
2026-09-12T13:00:53.854477+00:00,200,87298.21,
2026-09-12T13:01:52.896067+00:00,200,28268.69,
2026-09-12T13:02:16.700328+00:00,200,4479.12,
2026-09-12T13:01:47.160197+00:00,200,34083.82,
2026-09-12T13:01:43.919485+00:00,200,37347.09,
2026-09-12T13:01:05.903074+00:00,200,75479.16,
2026-09-12T13:01:42.669267+00:00,200,38746.05,
2026-09-12T13:01:04.461882+00:00,200,77005.42,
2026-09-12T13:02:17.134902+00:00,200,4471.67,
2026-09-12T13:02:20.135031+00:00,200,1481.34,
2026-09-12T13:01:47.912627+00:00,200,33708.32,
2026-09-12T13:00:47.153315+00:00,200,94484.91,
2026-09-12T13:00:41.075989+00:00,200,100700.8,
2026-09-12T13:01:47.169228+00:00,200,34636.73,
2026-09-12T13:01:54.211861+00:00,200,27619.51,
2026-09-12T13:02:13.334528+00:00,200,8512.82,
2026-09-12T13:01:22.084039+00:00,200,59798.81,
2026-09-12T13:00:36.167747+00:00,200,105724.3,
2026-09-12T13:01:17.753709+00:00,200,64159.71,
2026-09-12T13:01:38.154663+00:00,200,43814.78,
2026-09-12T13:01:40.245383+00:00,200,41773.67,
2026-09-12T13:00:20.532011+00:00,200,121494.43,
2026-09-12T13:02:10.570389+00:00,200,11465.86,
2026-09-12T13:01:06.371239+00:00,200,75759.63,
2026-09-12T13:01:52.960754+00:00,200,29205.49,
2026-09-12T13:01:35.383780+00:00,200,46785.66,
2026-09-12T13:02:00.184380+00:00,200,22107.87,
2026-09-12T13:01:05.876951+00:00,200,76435.72,
2026-09-12T13:01:08.747107+00:00,200,73613.21,
2026-09-12T13:01:08.550360+00:00,200,73813.88,
2026-09-12T13:00:29.567987+00:00,200,112878.69,
2026-09-12T13:01:30.989960+00:00,200,51463.99,
2026-09-12T13:01:38.686177+00:00,200,43772.18,
2026-09-12T13:00:58.524761+00:00,200,83936.61,
2026-09-12T13:01:59.750212+00:00,200,22733.64,
2026-09-12T13:01:28.114760+00:00,200,54375.3,
2026-09-12T13:01:58.568216+00:00,200,23955.8,
2026-09-12T13:01:08.815428+00:00,200,73727.25,
2026-09-12T13:01:04.108131+00:00,200,78452.39,
2026-09-12T13:02:13.158012+00:00,200,9407.71,
2026-09-12T13:01:42.612055+00:00,200,39998.46,
2026-09-12T13:01:57.020997+00:00,200,25630.2,
2026-09-12T13:01:27.435406+00:00,200,55276.83,
2026-09-12T13:01:37.276894+00:00,200,45547.79,
2026-09-12T13:02:17.239036+00:00,200,5601.99,
2026-09-12T13:01:33.895296+00:00,200,48973.0,
2026-09-12T13:01:12.233841+00:00,200,70656.83,
2026-09-12T13:02:19.928411+00:00,200,2974.27,
2026-09-12T13:01:29.816386+00:00,200,53109.43,
2026-09-12T13:01:01.949387+00:00,200,81075.08,
2026-09-12T13:00:46.124046+00:00,200,96910.2,
2026-09-12T13:01:35.990185+00:00,200,47055.97,
2026-09-12T13:01:47.333774+00:00,200,35726.68,
2026-09-12T13:01:30.369102+00:00,200,52712.83,
2026-09-12T13:02:12.766947+00:00,200,10328.38,
2026-09-12T13:01:36.897402+00:00,200,46276.18,
2026-09-12T13:02:11.657689+00:00,200,11549.79,
2026-09-12T13:02:17.079380+00:00,200,6165.01,
2026-09-12T13:01:04.555139+00:00,200,78714.04,
2026-09-12T13:01:01.002138+00:00,200,82290.16,
2026-09-12T13:02:08.247894+00:00,200,15046.22,
2026-09-12T13:01:16.338132+00:00,200,66991.54,
2026-09-12T13:01:46.355854+00:00,200,37013.55,
2026-09-12T13:01:59.357119+00:00,200,24028.48,
2026-09-12T13:01:10.393524+00:00,200,72994.25,
2026-09-12T13:02:17.266871+00:00,200,6122.84,
2026-09-12T13:01:31.206193+00:00,200,52195.75,
2026-09-12T13:02:17.903338+00:00,200,5511.51,
2026-09-12T13:01:32.788644+00:00,200,50638.72,
2026-09-12T13:01:56.611003+00:00,200,26832.03,
2026-09-12T13:01:20.088344+00:00,200,63422.24,
2026-09-12T13:02:23.173594+00:00,200,356.1,
2026-09-12T13:02:06.420243+00:00,200,17121.05,
2026-09-12T13:01:29.326057+00:00,200,54285.14,
2026-09-12T13:01:49.562203+00:00,200,34077.77,
2026-09-12T13:00:45.367519+00:00,200,98278.04,
2026-09-12T13:01:59.662201+00:00,200,24008.8,
2026-09-12T13:01:38.689593+00:00,200,44984.62,
2026-09-12T13:01:33.552146+00:00,200,50131.79,
2026-09-12T13:02:17.157553+00:00,200,6537.79,
2026-09-12T13:01:47.291308+00:00,200,36420.41,
2026-09-12T13:01:44.636451+00:00,200,39086.58,
2026-09-12T13:01:17.447923+00:00,200,66298.36,
2026-09-12T13:00:47.958227+00:00,200,95839.4,
2026-09-12T13:02:03.964951+00:00,200,19838.87,
2026-09-12T13:02:05.830562+00:00,200,17984.16,
2026-09-12T13:01:28.802419+00:00,200,55034.31,
2026-09-12T13:01:46.887225+00:00,200,36951.41,
2026-09-12T13:02:21.523843+00:00,200,2327.64,
2026-09-12T13:00:49.865021+00:00,200,93993.11,
2026-09-12T13:02:08.934414+00:00,200,14974.49,
2026-09-12T13:02:02.746365+00:00,200,21177.71,
2026-09-12T13:01:29.987748+00:00,200,53962.06,
2026-09-12T13:02:21.028218+00:00,200,2948.2,
2026-09-12T13:01:21.146001+00:00,200,62833.75,
2026-09-12T13:02:13.803437+00:00,200,10213.42,
2026-09-12T13:02:13.348008+00:00,200,10684.41,
2026-09-12T13:01:15.180427+00:00,200,68872.86,
2026-09-12T13:01:53.747892+00:00,200,30319.08,
2026-09-12T13:02:05.441175+00:00,200,18627.59,
2026-09-12T13:01:06.175592+00:00,200,77960.35,
2026-09-12T13:01:42.128643+00:00,200,42015.43,
2026-09-12T13:00:58.304691+00:00,200,85845.06,
2026-09-12T13:00:47.634364+00:00,200,96539.11,
2026-09-12T13:01:54.510896+00:00,200,29689.36,
2026-09-12T13:02:22.284908+00:00,200,1987.77,
2026-09-12T13:01:28.863792+00:00,200,55416.75,
2026-09-12T13:02:13.341288+00:00,200,10958.38,
2026-09-12T13:01:58.439750+00:00,200,25870.55,
2026-09-12T13:01:46.089846+00:00,200,38248.52,
2026-09-12T13:01:52.094747+00:00,200,32250.06,
2026-09-12T13:01:33.536758+00:00,200,50810.9,
2026-09-12T13:01:04.598785+00:00,200,79756.42,
2026-09-12T13:01:48.959143+00:00,200,35412.58,
2026-09-12T13:01:28.526502+00:00,200,55846.93,
2026-09-12T13:00:56.077909+00:00,200,88300.79,
2026-09-12T13:01:08.899898+00:00,200,75512.73,
2026-09-12T13:02:07.056442+00:00,200,17368.46,
2026-09-12T13:01:39.017471+00:00,200,45415.51,
2026-09-12T13:02:18.442422+00:00,200,6015.89,
2026-09-12T13:02:09.256748+00:00,200,15255.06,
2026-09-12T13:02:17.981113+00:00,200,6677.01,
2026-09-12T13:01:38.220831+00:00,200,46443.82,
2026-09-12T13:01:48.223537+00:00,200,36476.26,
2026-09-12T13:01:36.054634+00:00,200,48655.85,
2026-09-12T13:02:17.978524+00:00,200,6744.44,
2026-09-12T13:00:49.311372+00:00,200,95435.08,
2026-09-12T13:00:25.817946+00:00,200,118931.28,
2026-09-12T13:01:57.812159+00:00,200,26944.15,
2026-09-12T13:01:30.466494+00:00,200,54297.81,
2026-09-12T13:02:23.908914+00:00,200,860.61,
2026-09-12T13:01:45.732946+00:00,200,39055.15,
2026-09-12T13:00:36.618232+00:00,200,108173.43,
2026-09-12T13:01:01.802041+00:00,200,83012.16,
2026-09-12T13:01:53.212761+00:00,200,31603.31,
2026-09-12T13:01:06.979981+00:00,200,77958.08,
2026-09-12T13:01:25.882318+00:00,200,59064.07,
2026-09-12T13:01:16.482888+00:00,200,68498.63,
2026-09-12T13:01:34.831387+00:00,200,50169.49,
2026-09-12T13:01:28.081179+00:00,200,56923.37,
2026-09-12T13:01:41.041113+00:00,200,43989.71,
2026-09-12T13:02:03.076054+00:00,200,21962.3,
2026-09-12T13:01:21.287613+00:00,200,63760.6,
2026-09-12T13:01:39.937423+00:00,200,45127.86,
2026-09-12T13:02:19.134217+00:00,200,5980.06,
2026-09-12T13:02:24.658143+00:00,200,458.0,
2026-09-12T13:01:11.041254+00:00,200,74079.71,
2026-09-12T13:01:43.921490+00:00,200,41233.17,
2026-09-12T13:00:39.408446+00:00,200,105768.78,
2026-09-12T13:02:20.216074+00:00,200,5000.35,
2026-09-12T13:01:37.847172+00:00,200,47385.07,
2026-09-12T13:02:19.554545+00:00,200,5705.27,
2026-09-12T13:01:38.470040+00:00,200,46819.34,
2026-09-12T13:01:22.127832+00:00,200,63227.82,
2026-09-12T13:01:53.035065+00:00,200,32330.44,
2026-09-12T13:01:25.181037+00:00,200,60188.06,
2026-09-12T13:01:57.227257+00:00,200,28146.93,
2026-09-12T13:02:08.195938+00:00,200,17195.41,
2026-09-12T13:01:34.906857+00:00,200,50496.79,
2026-09-12T13:02:05.931608+00:00,200,19498.97,
2026-09-12T13:01:39.096304+00:00,200,46339.88,
2026-09-12T13:01:01.476248+00:00,200,83972.13,
2026-09-12T13:01:55.035762+00:00,200,30421.26,
2026-09-12T13:00:47.729466+00:00,200,97736.02,
2026-09-12T13:02:16.129425+00:00,200,9378.2,
2026-09-12T13:02:24.677322+00:00,200,848.5,
2026-09-12T13:00:52.220612+00:00,200,93340.33,
2026-09-12T13:02:24.016869+00:00,200,1598.92,
2026-09-12T13:01:49.766131+00:00,200,35851.47,
2026-09-12T13:01:31.676659+00:00,200,53948.26,
2026-09-12T13:01:17.362081+00:00,200,68287.77,
2026-09-12T13:01:26.056345+00:00,200,59601.54,
2026-09-12T13:01:15.434386+00:00,200,70231.28,
2026-09-12T13:02:16.944647+00:00,200,8723.95,
2026-09-12T13:01:13.451940+00:00,200,72218.79,
2026-09-12T13:02:07.175016+00:00,200,18497.57,
2026-09-12T13:01:54.815918+00:00,200,30868.04,
2026-09-12T13:00:54.293681+00:00,200,91398.36,
2026-09-12T13:01:40.222281+00:00,200,45478.38,
2026-09-12T13:02:07.139872+00:00,200,18565.79,
2026-09-12T13:01:44.701931+00:00,200,41035.93,
2026-09-12T13:02:04.563461+00:00,200,21183.64,
2026-09-12T13:01:21.809771+00:00,200,63979.3,
2026-09-12T13:01:39.637791+00:00,200,46159.15,
2026-09-12T13:02:19.560568+00:00,200,6238.48,
2026-09-12T13:02:20.118572+00:00,200,5764.13,
2026-09-12T13:01:40.974803+00:00,200,44939.61,
2026-09-12T13:01:36.839626+00:00,200,49103.81,
2026-09-12T13:01:56.861504+00:00,200,29084.78,
2026-09-12T13:01:18.703135+00:00,200,67244.91,
2026-09-12T13:01:29.589950+00:00,200,56376.63,
2026-09-12T13:01:50.937837+00:00,200,35037.11,
2026-09-12T13:01:12.796682+00:00,200,73181.81,
2026-09-12T13:01:33.271942+00:00,200,52734.21,
2026-09-12T13:01:11.439877+00:00,200,74572.85,
2026-09-12T13:01:59.856578+00:00,200,26183.44,
2026-09-12T13:02:09.041270+00:00,200,17054.61,
2026-09-12T13:02:10.523614+00:00,200,15575.03,
2026-09-12T13:02:09.290451+00:00,200,16848.58,
2026-09-12T13:02:23.701024+00:00,200,2502.15,
2026-09-12T13:01:07.850590+00:00,200,78418.77,
2026-09-12T13:02:24.938080+00:00,200,1336.91,
2026-09-12T13:01:20.654451+00:00,200,65631.5,
2026-09-12T13:02:20.545625+00:00,200,5772.22,
2026-09-12T13:01:56.587515+00:00,200,29732.67,
2026-09-12T13:01:59.126477+00:00,200,27218.49,
2026-09-12T13:00:53.496863+00:00,200,92856.69,
2026-09-12T13:02:19.241277+00:00,200,7166.03,
2026-09-12T13:01:51.407190+00:00,200,35020.86,
2026-09-12T13:02:12.113567+00:00,200,14342.02,
2026-09-12T13:00:57.269030+00:00,200,89198.08,
2026-09-12T13:02:22.109835+00:00,200,4381.29,
2026-09-12T13:01:58.331002+00:00,200,28167.48,
2026-09-12T13:01:22.521500+00:00,200,64016.02,
2026-09-12T13:00:47.721155+00:00,200,98850.69,
2026-09-12T13:02:09.753879+00:00,200,16822.95,
2026-09-12T13:00:57.074081+00:00,200,89506.55,
2026-09-12T13:01:45.171699+00:00,200,41416.6,
2026-09-12T13:01:36.182938+00:00,200,50408.43,
2026-09-12T13:02:25.853756+00:00,200,936.4,
2026-09-12T13:01:05.247092+00:00,200,81578.74,
2026-09-12T13:01:39.461747+00:00,200,47415.72,
2026-09-12T13:02:14.234053+00:00,200,12646.1,
2026-09-12T13:01:48.477590+00:00,200,38407.17,
2026-09-12T13:01:28.097650+00:00,200,58793.55,
2026-09-12T13:01:46.728400+00:00,200,40189.37,
2026-09-12T13:01:58.473947+00:00,200,28480.4,
2026-09-12T13:01:08.530741+00:00,200,78453.58,
2026-09-12T13:01:20.822728+00:00,200,66171.53,
2026-09-12T13:01:38.361154+00:00,200,48651.48,
2026-09-12T13:01:05.789875+00:00,200,81244.41,
2026-09-12T13:00:52.101208+00:00,200,94977.89,
2026-09-12T13:01:16.951636+00:00,200,70154.31,
2026-09-12T13:00:58.025127+00:00,200,89107.82,
2026-09-12T13:00:51.299922+00:00,200,95840.31,
2026-09-12T13:01:42.345238+00:00,200,44806.76,
2026-09-12T13:01:29.488067+00:00,200,57692.41,
2026-09-12T13:01:06.351564+00:00,200,80843.12,
2026-09-12T13:01:32.575886+00:00,200,54660.07,
2026-09-12T13:01:00.223666+00:00,200,87016.56,
2026-09-12T13:01:54.943171+00:00,200,32310.4,
2026-09-12T13:02:23.197701+00:00,200,4058.06,
2026-09-12T13:01:51.745460+00:00,200,35564.11,
2026-09-12T13:01:59.831432+00:00,200,27483.28,
2026-09-12T13:01:37.064314+00:00,200,50278.49,
2026-09-12T13:01:12.165151+00:00,200,75207.78,
2026-09-12T13:00:47.963471+00:00,200,99446.59,
2026-09-12T13:02:17.624011+00:00,200,9792.59,
2026-09-12T13:01:09.146587+00:00,200,78316.62,
2026-09-12T13:02:16.597382+00:00,200,10920.51,
2026-09-12T13:01:45.247497+00:00,200,42281.34,
2026-09-12T13:01:16.236878+00:00,200,71299.12,
2026-09-12T13:01:43.135763+00:00,200,44413.91,
2026-09-12T13:02:16.418169+00:00,200,11158.36,
2026-09-12T13:02:20.662526+00:00,200,6939.48,
2026-09-12T13:02:23.046166+00:00,200,4562.13,
2026-09-12T13:01:52.999624+00:00,200,34611.38,
2026-09-12T13:01:33.715293+00:00,200,53904.4,
2026-09-12T13:02:17.186671+00:00,200,10466.17,
2026-09-12T13:01:23.517653+00:00,200,64146.83,
2026-09-12T13:02:06.776230+00:00,200,20910.57,
2026-09-12T13:02:22.292256+00:00,200,5408.58,
2026-09-12T13:02:10.240037+00:00,200,17515.06,
2026-09-12T13:00:58.957090+00:00,200,88815.22,
2026-09-12T13:01:07.317589+00:00,200,80457.59,
2026-09-12T13:01:58.406895+00:00,200,29406.38,
2026-09-12T13:02:08.685142+00:00,200,19132.16,
2026-09-12T13:02:11.508751+00:00,200,16310.58,
2026-09-12T13:02:24.144088+00:00,200,3688.76,
2026-09-12T13:02:27.079111+00:00,200,762.37,
2026-09-12T13:01:59.416623+00:00,200,28431.76,
2026-09-12T13:02:25.617606+00:00,200,2240.64,
2026-09-12T13:02:14.247087+00:00,200,13615.31,
2026-09-12T13:01:45.944694+00:00,200,41962.25,
2026-09-12T13:01:01.829772+00:00,200,86087.65,
2026-09-12T13:01:22.903278+00:00,200,65022.1,
2026-09-12T13:02:06.565263+00:00,200,21364.21,
2026-09-12T13:01:51.077675+00:00,200,36893.74,
2026-09-12T13:02:11.515898+00:00,200,16467.36,
2026-09-12T13:01:02.233843+00:00,200,85758.78,
2026-09-12T13:02:08.001809+00:00,200,20035.28,
2026-09-12T13:01:22.795236+00:00,200,65275.95,
2026-09-12T13:01:40.083295+00:00,200,48135.23,
2026-09-12T13:01:43.567983+00:00,200,44662.77,
2026-09-12T13:01:52.328385+00:00,200,35916.55,
2026-09-12T13:00:47.339365+00:00,200,100923.58,
2026-09-12T13:00:52.871968+00:00,200,95403.56,
2026-09-12T13:01:04.357791+00:00,200,83976.89,
2026-09-12T13:01:54.132713+00:00,200,34240.26,
2026-09-12T13:02:25.011577+00:00,200,3384.03,
2026-09-12T13:02:06.306184+00:00,200,22104.8,
2026-09-12T13:01:44.778437+00:00,200,43657.86,
2026-09-12T13:01:56.557445+00:00,200,31882.08,
2026-09-12T13:00:41.560335+00:00,200,106891.68,
2026-09-12T13:00:51.487927+00:00,200,96977.23,
2026-09-12T13:02:24.572684+00:00,200,3967.86,
2026-09-12T13:01:39.128820+00:00,200,49458.31,
2026-09-12T13:01:18.859697+00:00,200,69738.47,
2026-09-12T13:00:51.579430+00:00,200,97020.52,
2026-09-12T13:01:10.179110+00:00,200,78441.56,
2026-09-12T13:02:20.221482+00:00,200,8421.55,
2026-09-12T13:02:01.501890+00:00,200,27168.71,
2026-09-12T13:02:16.881567+00:00,200,11803.09,
2026-09-12T13:00:35.056729+00:00,200,113650.75,
2026-09-12T13:01:57.707187+00:00,200,31052.85,
2026-09-12T13:01:40.843848+00:00,200,47921.23,
2026-09-12T13:02:21.625870+00:00,200,7155.95,
2026-09-12T13:02:22.169452+00:00,200,6635.07,
2026-09-12T13:01:59.222944+00:00,200,29589.36,
2026-09-12T13:01:28.742778+00:00,200,60091.74,
2026-09-12T13:01:32.795664+00:00,200,56103.81,
2026-09-12T13:01:35.788943+00:00,200,53118.84,
2026-09-12T13:01:16.842509+00:00,200,72090.24,
2026-09-12T13:01:49.816310+00:00,200,39128.27,
2026-09-12T13:01:46.776947+00:00,200,42203.16,
2026-09-12T13:00:45.866224+00:00,200,103127.65,
2026-09-12T13:02:16.523823+00:00,200,12515.6,
2026-09-12T13:01:16.052855+00:00,200,73008.72,
2026-09-12T13:01:41.872887+00:00,200,47201.86,
2026-09-12T13:02:28.599957+00:00,200,482.16,
2026-09-12T13:02:15.931368+00:00,200,13192.18,
2026-09-12T13:02:22.466254+00:00,200,6677.0,
2026-09-12T13:01:26.713465+00:00,200,62438.34,
2026-09-12T13:01:15.653179+00:00,200,73527.21,
2026-09-12T13:02:26.285957+00:00,200,2936.07,
2026-09-12T13:02:08.219204+00:00,200,21009.31,
2026-09-12T13:02:08.461700+00:00,200,20788.97,
2026-09-12T13:01:29.936007+00:00,200,59339.18,
2026-09-12T13:01:53.237121+00:00,200,36048.34,
2026-09-12T13:02:14.937306+00:00,200,14354.97,
2026-09-12T13:01:03.358219+00:00,200,85938.08,
2026-09-12T13:01:01.001078+00:00,200,88305.44,
2026-09-12T13:02:10.865646+00:00,200,18477.85,
2026-09-12T13:02:07.946639+00:00,200,21410.09,
2026-09-12T13:02:14.775191+00:00,200,14586.69,
2026-09-12T13:01:59.879724+00:00,200,29509.18,
2026-09-12T13:00:57.006803+00:00,200,92384.04,
2026-09-12T13:02:05.566955+00:00,200,23860.85,
2026-09-12T13:01:49.788258+00:00,200,39673.16,
2026-09-12T13:01:22.912227+00:00,200,66553.06,
2026-09-12T13:00:54.551410+00:00,200,94950.61,
2026-09-12T13:02:10.886444+00:00,200,18618.72,
2026-09-12T13:01:47.429366+00:00,200,42094.46,
2026-09-12T13:01:33.545315+00:00,200,55980.34,
2026-09-12T13:01:39.873136+00:00,200,49774.44,
2026-09-12T13:01:03.533475+00:00,200,86220.87,
2026-09-12T13:01:22.648415+00:00,200,67118.82,
2026-09-12T13:01:43.636472+00:00,200,46150.62,
2026-09-12T13:02:06.745574+00:00,200,23046.33,
2026-09-12T13:00:49.733235+00:00,200,100084.69,
2026-09-12T13:02:27.495869+00:00,200,2328.81,
2026-09-12T13:02:16.278107+00:00,200,13551.68,
2026-09-12T13:01:09.622421+00:00,200,80210.19,
2026-09-12T13:01:52.371768+00:00,200,37465.67,
2026-09-12T13:01:54.016688+00:00,200,35828.61,
2026-09-12T13:01:55.216915+00:00,200,34644.91,
2026-09-12T13:01:15.619466+00:00,200,74278.27,
2026-09-12T13:01:38.726951+00:00,200,51306.65,
2026-09-12T13:02:22.198652+00:00,200,7838.72,
2026-09-12T13:02:29.575579+00:00,200,463.65,
2026-09-12T13:02:18.477638+00:00,200,11580.68,
2026-09-12T13:02:22.204787+00:00,200,7859.9,
2026-09-12T13:01:49.225985+00:00,200,40863.46,
2026-09-12T13:01:16.310270+00:00,200,73787.88,
2026-09-12T13:01:49.858570+00:00,200,40251.97,
2026-09-12T13:01:02.005728+00:00,200,88112.55,
2026-09-12T13:02:24.295476+00:00,200,5846.37,
2026-09-12T13:02:04.832403+00:00,200,25342.2,
2026-09-12T13:02:25.583517+00:00,200,4619.98,
2026-09-12T13:02:26.203201+00:00,200,4011.82,
2026-09-12T13:02:16.693912+00:00,200,13525.7,
2026-09-12T13:02:23.196610+00:00,200,7026.75,
2026-09-12T13:00:48.940624+00:00,200,101344.83,
2026-09-12T13:01:23.011311+00:00,200,67288.87,
2026-09-12T13:02:00.904218+00:00,200,29412.81,
2026-09-12T13:01:13.711413+00:00,200,76635.91,
2026-09-12T13:01:12.333545+00:00,200,78017.51,
2026-09-12T13:02:20.128926+00:00,200,10225.9,
2026-09-12T13:01:38.359575+00:00,200,52028.58,
2026-09-12T13:02:22.467975+00:00,200,7923.99,
2026-09-12T13:02:14.229475+00:00,200,16268.44,
2026-09-12T13:02:19.362553+00:00,200,11158.9,
2026-09-12T13:00:56.131989+00:00,200,94407.18,
2026-09-12T13:01:46.533250+00:00,200,44014.02,
2026-09-12T13:02:01.610108+00:00,200,28943.74,
2026-09-12T13:01:34.642998+00:00,200,55925.29,
2026-09-12T13:02:22.286447+00:00,200,8335.66,
2026-09-12T13:02:11.108844+00:00,200,19523.58,
2026-09-12T13:01:59.887097+00:00,200,30787.88,
2026-09-12T13:00:57.701700+00:00,200,92983.57,
2026-09-12T13:01:38.937389+00:00,200,51752.96,
2026-09-12T13:00:51.058014+00:00,200,99695.87,
2026-09-12T13:01:49.732976+00:00,200,41023.99,
2026-09-12T13:00:58.449371+00:00,200,92340.33,
2026-09-12T13:01:48.932228+00:00,200,41863.35,
2026-09-12T13:01:42.497869+00:00,200,48355.29,
2026-09-12T13:02:06.840027+00:00,200,24017.64,
2026-09-12T13:01:38.151188+00:00,200,52773.2,
2026-09-12T13:00:51.130625+00:00,200,99869.82,
2026-09-12T13:01:15.352414+00:00,200,75659.85,
2026-09-12T13:01:38.881451+00:00,200,52132.64,
2026-09-12T13:01:30.106287+00:00,200,60949.2,
2026-09-12T13:01:39.533321+00:00,200,51593.26,
2026-09-12T13:00:56.691395+00:00,200,94479.28,
2026-09-12T13:01:48.823474+00:00,200,42431.41,
2026-09-12T13:01:42.514756+00:00,200,48751.66,
2026-09-12T13:02:24.350026+00:00,200,6931.95,
2026-09-12T13:02:01.128406+00:00,200,30186.45,
2026-09-12T13:02:30.853178+00:00,200,466.48,
2026-09-12T13:02:05.216585+00:00,200,26110.31,
2026-09-12T13:01:51.499716+00:00,200,39829.39,
2026-09-12T13:02:09.757186+00:00,200,21577.82,
2026-09-12T13:02:02.841029+00:00,200,28501.73,
2026-09-12T13:01:44.833835+00:00,200,46615.52,
2026-09-12T13:02:19.030275+00:00,200,12422.35,
2026-09-12T13:01:31.500699+00:00,200,59962.34,
2026-09-12T13:02:27.240233+00:00,200,4238.37,
2026-09-12T13:02:21.776800+00:00,200,9711.06,
2026-09-12T13:00:53.189729+00:00,200,98301.42,
2026-09-12T13:02:17.403449+00:00,200,14090.2,
2026-09-12T13:01:33.403688+00:00,200,58092.75,
2026-09-12T13:01:19.938539+00:00,200,71561.87,
2026-09-12T13:01:57.591805+00:00,200,33910.86,
2026-09-12T13:01:09.440185+00:00,200,82064.8,
2026-09-12T13:02:00.700049+00:00,200,30807.11,
2026-09-12T13:01:37.136565+00:00,200,54372.77,
2026-09-12T13:01:34.626283+00:00,200,56885.38,
2026-09-12T13:02:05.341643+00:00,200,26172.28,
2026-09-12T13:02:11.309486+00:00,200,20206.88,
2026-09-12T13:01:06.819097+00:00,200,84699.72,
2026-09-12T13:01:52.838234+00:00,200,38696.43,
2026-09-12T13:01:44.556172+00:00,200,46990.43,
2026-09-12T13:02:26.065725+00:00,200,5492.71,
2026-09-12T13:01:05.810319+00:00,200,85775.78,
2026-09-12T13:01:50.395395+00:00,200,41202.74,
2026-09-12T13:01:57.470471+00:00,200,34212.78,
2026-09-12T13:02:10.243719+00:00,200,21454.97,
2026-09-12T13:01:16.924756+00:00,200,74776.43,
2026-09-12T13:02:23.541303+00:00,200,8178.02,
2026-09-12T13:01:41.630060+00:00,200,50106.62,
2026-09-12T13:01:54.594109+00:00,200,37148.32,
2026-09-12T13:02:28.545735+00:00,200,3240.12,
2026-09-12T13:01:23.184272+00:00,200,68640.31,
2026-09-12T13:01:46.449233+00:00,200,45399.07,
2026-09-12T13:01:23.204305+00:00,200,68708.17,
2026-09-12T13:02:23.053125+00:00,200,8874.81,
2026-09-12T13:01:43.857178+00:00,200,48161.38,
2026-09-12T13:00:55.312817+00:00,200,96735.28,
2026-09-12T13:01:30.310906+00:00,200,61748.92,
2026-09-12T13:01:51.283390+00:00,200,40879.81,
2026-09-12T13:01:37.322462+00:00,200,54860.93,
2026-09-12T13:02:30.994180+00:00,200,1193.1,
2026-09-12T13:01:52.857429+00:00,200,39332.91,
2026-09-12T13:01:54.637119+00:00,200,37556.31,
2026-09-12T13:02:30.987610+00:00,200,1209.28,
2026-09-12T13:02:30.988810+00:00,200,1210.77,
2026-09-12T13:02:24.727041+00:00,200,7475.26,
2026-09-12T13:02:14.526116+00:00,200,17678.8,
2026-09-12T13:01:41.519491+00:00,200,50688.22,
2026-09-12T13:01:24.038033+00:00,200,68172.27,
2026-09-12T13:01:47.734853+00:00,200,44546.38,
2026-09-12T13:02:28.894296+00:00,200,3464.32,
2026-09-12T13:01:19.455837+00:00,200,72908.58,
2026-09-12T13:00:50.131771+00:00,200,102235.43,
2026-09-12T13:01:43.418979+00:00,200,48998.75,
2026-09-12T13:02:31.114831+00:00,200,1338.72,
2026-09-12T13:02:31.116051+00:00,200,1340.42,
2026-09-12T13:02:31.113623+00:00,200,1345.7,
2026-09-12T13:01:48.220665+00:00,200,44241.95,
2026-09-12T13:01:48.184701+00:00,200,44280.85,
2026-09-12T13:01:48.391919+00:00,200,44076.54,
2026-09-12T13:01:57.053981+00:00,200,35417.78,
2026-09-12T13:01:46.370509+00:00,200,46104.28,
2026-09-12T13:00:40.629339+00:00,200,111868.68,
2026-09-12T13:01:57.437540+00:00,200,35077.47,
2026-09-12T13:02:06.838374+00:00,200,25685.88,
2026-09-12T13:01:12.433922+00:00,200,80105.93,
2026-09-12T13:00:52.851094+00:00,200,99695.99,
2026-09-12T13:01:44.188086+00:00,200,48363.79,
2026-09-12T13:01:31.709666+00:00,200,60852.77,
2026-09-12T13:01:02.872210+00:00,200,89716.96,
2026-09-12T13:02:15.762191+00:00,200,16831.67,
2026-09-12T13:02:17.857200+00:00,200,14752.15,
2026-09-12T13:01:38.831729+00:00,200,53781.55,
2026-09-12T13:01:57.396567+00:00,200,35220.29,
2026-09-12T13:01:28.566591+00:00,200,64055.04,
2026-09-12T13:02:10.545739+00:00,200,22106.2,
2026-09-12T13:01:31.935467+00:00,200,60790.01,
2026-09-12T13:01:40.987595+00:00,200,51792.64,
2026-09-12T13:02:10.517713+00:00,200,22308.18,
2026-09-12T13:02:26.274991+00:00,200,6558.28,
2026-09-12T13:01:45.955052+00:00,200,46882.3,
2026-09-12T13:02:31.425601+00:00,200,1428.48,
2026-09-12T13:01:37.311345+00:00,200,55599.88,
2026-09-12T13:01:14.042724+00:00,200,78909.34,
2026-09-12T13:02:28.209112+00:00,200,5153.67,
2026-09-12T13:02:19.350233+00:00,200,14043.1,
2026-09-12T13:01:11.145163+00:00,200,82277.06,
2026-09-12T13:00:42.734869+00:00,200,110703.03,
2026-09-12T13:02:32.163219+00:00,200,1282.14,
2026-09-12T13:01:24.950078+00:00,200,68526.98,
2026-09-12T13:01:08.383246+00:00,200,85164.7,
2026-09-12T13:02:09.183780+00:00,200,24380.34,
2026-09-12T13:01:24.140527+00:00,200,69448.71,
2026-09-12T13:02:15.754909+00:00,200,17931.67,
2026-09-12T13:02:06.256148+00:00,200,27625.4,
2026-09-12T13:02:26.825842+00:00,200,7157.93,
2026-09-12T13:01:50.180863+00:00,200,43820.97,
2026-09-12T13:02:05.136519+00:00,200,28884.8,
2026-09-12T13:01:32.380559+00:00,200,61744.58,
2026-09-12T13:02:30.052630+00:00,200,4095.03,
2026-09-12T13:01:43.545333+00:00,200,50607.61,
2026-09-12T13:01:46.974834+00:00,200,47253.97,
2026-09-12T13:02:14.664499+00:00,200,19573.03,
2026-09-12T13:01:30.063653+00:00,200,64193.17,
2026-09-12T13:02:10.874833+00:00,200,23416.26,
2026-09-12T13:02:29.739505+00:00,200,4566.81,
2026-09-12T13:02:30.497936+00:00,200,3939.6,
2026-09-12T13:02:18.018884+00:00,200,16493.85,
2026-09-12T13:00:58.607324+00:00,200,95924.37,
2026-09-12T13:01:34.982979+00:00,200,59564.13,
2026-09-12T13:02:04.314308+00:00,200,30244.74,
2026-09-12T13:01:08.431111+00:00,200,86153.46,
2026-09-12T13:01:22.734845+00:00,200,71902.96,
2026-09-12T13:02:28.895475+00:00,200,5802.33,
2026-09-12T13:01:11.346523+00:00,200,83382.96,
2026-09-12T13:01:01.891005+00:00,200,92851.58,
2026-09-12T13:01:25.300777+00:00,200,69526.74,
2026-09-12T13:02:17.649714+00:00,200,17185.3,
2026-09-12T13:02:12.111464+00:00,200,22726.98,
2026-09-12T13:01:29.207921+00:00,200,65685.75,
2026-09-12T13:00:55.253908+00:00,200,99670.89,
2026-09-12T13:02:28.417706+00:00,200,6549.93,
2026-09-12T13:01:34.235054+00:00,200,60809.71,
2026-09-12T13:01:10.689434+00:00,200,84409.68,
2026-09-12T13:02:24.467727+00:00,200,10673.34,
2026-09-12T13:01:34.636615+00:00,200,60514.39,
2026-09-12T13:01:38.070771+00:00,200,57128.27,
2026-09-12T13:02:13.989603+00:00,200,21227.01,
2026-09-12T13:01:20.040456+00:00,200,75204.25,
2026-09-12T13:02:11.873036+00:00,200,23402.85,
2026-09-12T13:01:29.890190+00:00,200,65391.04,
2026-09-12T13:01:48.851615+00:00,200,46451.06,
2026-09-12T13:01:27.386513+00:00,200,67975.35,
2026-09-12T13:01:53.157635+00:00,200,42211.0,
2026-09-12T13:01:47.885055+00:00,200,47605.89,
2026-09-12T13:02:17.136253+00:00,200,18378.32,
2026-09-12T13:01:24.192097+00:00,200,71367.18,
2026-09-12T13:02:13.980099+00:00,200,21634.64,
2026-09-12T13:02:20.667216+00:00,200,14978.99,
2026-09-12T13:02:14.925437+00:00,200,20762.41,
2026-09-12T13:02:00.311242+00:00,200,35411.49,
2026-09-12T13:00:46.947428+00:00,200,108799.2,
2026-09-12T13:02:16.868722+00:00,200,18980.66,
2026-09-12T13:02:28.244944+00:00,200,7770.54,
2026-09-12T13:01:22.801396+00:00,200,73221.33,
2026-09-12T13:02:29.632713+00:00,200,6463.7,
2026-09-12T13:02:00.139732+00:00,200,36023.61,
2026-09-12T13:02:32.190347+00:00,200,3989.2,
2026-09-12T13:02:16.344263+00:00,200,19921.66,
2026-09-12T13:00:40.309040+00:00,200,115964.19,
2026-09-12T13:01:44.097751+00:00,200,52179.0,
2026-09-12T13:02:05.302596+00:00,200,30977.66,
2026-09-12T13:02:06.159291+00:00,200,30124.82,
2026-09-12T13:01:49.378495+00:00,200,46919.08,
2026-09-12T13:01:50.529440+00:00,200,45777.34,
2026-09-12T13:02:18.186482+00:00,200,18135.73,
2026-09-12T13:01:29.460175+00:00,200,66925.68,
2026-09-12T13:02:32.024817+00:00,200,4403.37,
2026-09-12T13:02:17.453744+00:00,200,19003.36,
2026-09-12T13:01:16.798878+00:00,200,79748.89,
2026-09-12T13:02:24.127123+00:00,200,12466.84,
2026-09-12T13:02:15.989091+00:00,200,20625.62,
2026-09-12T13:01:53.339377+00:00,200,43305.09,
2026-09-12T13:01:35.663983+00:00,200,61008.2,
2026-09-12T13:01:04.689640+00:00,200,92049.94,
2026-09-12T13:01:46.517893+00:00,200,50289.65,
2026-09-12T13:01:26.393931+00:00,200,70456.58,
2026-09-12T13:01:58.607150+00:00,200,38264.5,
2026-09-12T13:02:16.049203+00:00,200,20841.62,
2026-09-12T13:02:13.987356+00:00,200,22930.25,
2026-09-12T13:02:17.821236+00:00,200,19255.1,
2026-09-12T13:02:06.961643+00:00,200,30226.59,
2026-09-12T13:01:54.969270+00:00,200,42243.84,
2026-09-12T13:02:00.551560+00:00,200,36665.15,
2026-09-12T13:01:37.384309+00:00,200,59853.48,
2026-09-12T13:01:49.059602+00:00,200,48180.61,
2026-09-12T13:01:44.100655+00:00,200,53141.94,
2026-09-12T13:02:32.213557+00:00,200,5059.15,
2026-09-12T13:01:00.676730+00:00,200,96604.03,
2026-09-12T13:01:30.397066+00:00,200,66921.25,
2026-09-12T13:00:56.087913+00:00,200,101307.88,
2026-09-12T13:01:56.711431+00:00,200,40740.8,
2026-09-12T13:02:30.756981+00:00,200,6732.78,
2026-09-12T13:01:26.275812+00:00,200,71229.2,
2026-09-12T13:02:04.767618+00:00,200,32763.98,
2026-09-12T13:02:36.850532+00:00,200,683.47,
2026-09-12T13:01:56.401978+00:00,200,41134.49,
2026-09-12T13:01:57.705924+00:00,200,39851.44,
2026-09-12T13:01:55.335374+00:00,200,42248.14,
2026-09-12T13:02:37.009756+00:00,200,591.11,
2026-09-12T13:02:16.816479+00:00,200,20789.23,
2026-09-12T13:02:05.459444+00:00,200,32188.45,
2026-09-12T13:02:12.626735+00:00,200,25033.73,
2026-09-12T13:01:33.983822+00:00,200,63731.88,
2026-09-12T13:02:31.014102+00:00,200,6740.39,
2026-09-12T13:00:23.113646+00:00,200,134710.83,
2026-09-12T13:01:21.943301+00:00,200,75908.0,
2026-09-12T13:01:24.671846+00:00,200,73186.94,
2026-09-12T13:02:33.843850+00:00,200,4030.41,
2026-09-12T13:02:10.588876+00:00,200,27385.57,
2026-09-12T13:01:33.441495+00:00,200,64542.8,
2026-09-12T13:02:13.328453+00:00,200,24690.71,
2026-09-12T13:01:09.628603+00:00,200,88426.84,
2026-09-12T13:01:48.873265+00:00,200,49215.14,
2026-09-12T13:01:54.577518+00:00,200,43603.42,
2026-09-12T13:00:48.797793+00:00,200,109430.39,
2026-09-12T13:01:50.816531+00:00,200,47419.53,
2026-09-12T13:00:56.493794+00:00,200,101764.96,
2026-09-12T13:02:10.862542+00:00,200,27430.86,
2026-09-12T13:01:30.071007+00:00,200,68234.94,
2026-09-12T13:02:23.251975+00:00,200,15066.11,
2026-09-12T13:02:21.029804+00:00,200,17300.54,
2026-09-12T13:02:21.396203+00:00,200,16959.94,
2026-09-12T13:02:32.479764+00:00,200,5881.46,
2026-09-12T13:01:28.915976+00:00,200,69450.56,
2026-09-12T13:01:22.922629+00:00,200,75468.05,
2026-09-12T13:01:44.687139+00:00,200,53737.17,
2026-09-12T13:01:34.976351+00:00,200,63453.67,
2026-09-12T13:01:09.176596+00:00,200,89255.39,
2026-09-12T13:01:20.357030+00:00,200,78100.87,
2026-09-12T13:00:56.758200+00:00,200,101737.74,
2026-09-12T13:01:50.429419+00:00,200,48110.52,
2026-09-12T13:00:48.380042+00:00,200,110163.71,
2026-09-12T13:02:09.463184+00:00,200,29104.11,
2026-09-12T13:00:52.626401+00:00,200,105960.34,
2026-09-12T13:01:32.845018+00:00,200,65765.66,
2026-09-12T13:01:57.399305+00:00,200,41229.91,
2026-09-12T13:02:10.030464+00:00,200,28609.23,
2026-09-12T13:02:04.149836+00:00,200,34510.56,
2026-09-12T13:02:32.465560+00:00,200,6204.03,
2026-09-12T13:02:27.203663+00:00,200,11469.34,
2026-09-12T13:02:25.122638+00:00,200,13557.04,
2026-09-12T13:02:16.087298+00:00,200,22618.2,
2026-09-12T13:01:39.639762+00:00,200,59074.6,
2026-09-12T13:02:15.805715+00:00,200,22985.0,
2026-09-12T13:01:34.708341+00:00,200,64098.29,
2026-09-12T13:01:13.361685+00:00,200,85467.13,
2026-09-12T13:01:47.728150+00:00,200,51138.2,
2026-09-12T13:01:56.244444+00:00,200,42631.86,
2026-09-12T13:01:40.092237+00:00,200,58793.88,
2026-09-12T13:01:48.451568+00:00,200,50466.82,
2026-09-12T13:02:22.776198+00:00,200,16174.42,
2026-09-12T13:02:00.465086+00:00,200,38516.25,
2026-09-12T13:01:26.100445+00:00,200,72882.78,
2026-09-12T13:02:14.382175+00:00,200,24655.14,
2026-09-12T13:01:54.625769+00:00,200,44423.13,
2026-09-12T13:02:32.735253+00:00,200,6347.7,
2026-09-12T13:02:18.759121+00:00,200,20347.6,
2026-09-12T13:02:30.881177+00:00,200,8243.88,
2026-09-12T13:02:21.624130+00:00,200,17516.72,
2026-09-12T13:02:26.491146+00:00,200,12672.31,
2026-09-12T13:02:20.778020+00:00,200,18395.47,
2026-09-12T13:02:00.121396+00:00,200,39070.27,
2026-09-12T13:02:27.700841+00:00,200,11528.82,
2026-09-12T13:01:23.071360+00:00,200,76172.53,
2026-09-12T13:01:09.878410+00:00,200,89367.54,
2026-09-12T13:00:45.058330+00:00,200,114190.34,
2026-09-12T13:01:56.719507+00:00,200,42549.22,
2026-09-12T13:01:27.875890+00:00,200,71396.12,
2026-09-12T13:01:05.822537+00:00,200,93479.44,
2026-09-12T13:01:21.061548+00:00,200,78289.28,
2026-09-12T13:01:41.299347+00:00,200,58075.7,
2026-09-12T13:01:37.681981+00:00,200,61732.59,
2026-09-12T13:01:12.320573+00:00,200,87096.02,
2026-09-12T13:01:54.660161+00:00,200,44777.91,
2026-09-12T13:01:31.449803+00:00,200,68051.56,
2026-09-12T13:01:46.448208+00:00,200,53183.53,
2026-09-12T13:01:20.058027+00:00,200,79617.41,
2026-09-12T13:02:06.258527+00:00,200,33422.97,
2026-09-12T13:02:22.581046+00:00,200,17108.31,
2026-09-12T13:01:06.847179+00:00,200,92870.66,
2026-09-12T13:02:31.055505+00:00,200,8693.58,
2026-09-12T13:02:25.216452+00:00,200,14546.74,
2026-09-12T13:01:11.378661+00:00,200,88435.49,
2026-09-12T13:02:26.493652+00:00,200,13329.97,
2026-09-12T13:02:34.967653+00:00,200,4884.45,
2026-09-12T13:01:10.212312+00:00,200,89714.74,
2026-09-12T13:00:58.866728+00:00,200,101076.81,
2026-09-12T13:01:40.411563+00:00,200,59540.43,
2026-09-12T13:01:22.602996+00:00,200,77354.89,
2026-09-12T13:02:26.116028+00:00,200,13866.75,
2026-09-12T13:02:08.352874+00:00,200,31637.95,
2026-09-12T13:00:55.194608+00:00,200,104845.51,
2026-09-12T13:02:12.416532+00:00,200,27650.72,
2026-09-12T13:01:44.291460+00:00,200,55827.08,
2026-09-12T13:02:02.782634+00:00,200,37388.24,
2026-09-12T13:02:33.745201+00:00,200,6470.71,
2026-09-12T13:01:08.220076+00:00,200,92011.8,
2026-09-12T13:02:26.989040+00:00,200,13286.85,
2026-09-12T13:01:27.259009+00:00,200,73041.9,
2026-09-12T13:02:28.844669+00:00,200,11474.44,
2026-09-12T13:01:02.148397+00:00,200,98174.82,
2026-09-12T13:01:54.260934+00:00,200,46079.93,
2026-09-12T13:02:31.711827+00:00,200,8635.04,
2026-09-12T13:01:40.807969+00:00,200,59547.49,
2026-09-12T13:02:35.973997+00:00,200,4392.66,
2026-09-12T13:02:37.754509+00:00,200,2625.08,
2026-09-12T13:01:01.115985+00:00,200,99279.7,
2026-09-12T13:02:05.427966+00:00,200,34985.4,
2026-09-12T13:02:06.502554+00:00,200,33995.05,
2026-09-12T13:02:32.825920+00:00,200,7681.19,
2026-09-12T13:01:29.817335+00:00,200,70709.37,
2026-09-12T13:02:40.067272+00:00,200,471.7,
2026-09-12T13:02:38.162924+00:00,200,2404.2,
2026-09-12T13:02:02.551773+00:00,200,38022.24,
2026-09-12T13:02:22.483856+00:00,200,18116.59,
2026-09-12T13:01:25.975551+00:00,200,74632.23,
2026-09-12T13:02:22.571917+00:00,200,18055.7,
2026-09-12T13:01:18.866785+00:00,200,81771.72,
2026-09-12T13:01:55.957248+00:00,200,44725.85,
2026-09-12T13:01:04.032127+00:00,200,96668.37,
2026-09-12T13:01:51.544209+00:00,200,49181.27,
2026-09-12T13:02:10.557254+00:00,200,30227.57,
2026-09-12T13:01:53.379710+00:00,200,47414.82,
2026-09-12T13:00:45.389188+00:00,200,115443.27,
2026-09-12T13:01:14.034131+00:00,200,86815.08,
2026-09-12T13:02:14.613207+00:00,200,26252.3,
2026-09-12T13:02:26.335101+00:00,200,14532.44,
2026-09-12T13:00:36.672523+00:00,200,124199.18,
2026-09-12T13:01:56.725189+00:00,200,44242.72,
2026-09-12T13:00:46.541033+00:00,200,114453.64,
2026-09-12T13:02:38.790732+00:00,200,2236.33,
2026-09-12T13:02:04.467830+00:00,200,36599.13,
2026-09-12T13:01:15.535167+00:00,200,85552.01,
2026-09-12T13:02:27.917442+00:00,200,13172.59,
2026-09-12T13:01:59.948275+00:00,200,41158.28,
2026-09-12T13:02:38.019190+00:00,200,3152.95,
2026-09-12T13:01:56.911429+00:00,200,44270.73,
2026-09-12T13:01:12.156782+00:00,200,89037.17,
2026-09-12T13:02:37.858794+00:00,200,3394.83,
2026-09-12T13:01:13.008154+00:00,200,88271.51,
2026-09-12T13:01:19.784494+00:00,200,81534.66,
2026-09-12T13:01:39.608333+00:00,200,61731.32,
2026-09-12T13:01:07.980276+00:00,200,93379.38,
2026-09-12T13:02:32.862926+00:00,200,8498.65,
2026-09-12T13:02:34.256831+00:00,200,7107.51,
2026-09-12T13:02:40.967932+00:00,200,402.79,
2026-09-12T13:00:53.928847+00:00,200,107485.5,
2026-09-12T13:01:59.798376+00:00,200,41651.9,
2026-09-12T13:01:45.217392+00:00,200,56236.1,
2026-09-12T13:01:38.904151+00:00,200,62564.4,
2026-09-12T13:01:08.127893+00:00,200,93345.26,
2026-09-12T13:01:24.547889+00:00,200,76929.1,
2026-09-12T13:01:54.741418+00:00,200,46780.09,
2026-09-12T13:02:32.468465+00:00,200,9055.42,
2026-09-12T13:01:25.767428+00:00,200,75771.12,
2026-09-12T13:01:52.306234+00:00,200,49235.53,
2026-09-12T13:02:25.355673+00:00,200,16208.85,
2026-09-12T13:02:30.936043+00:00,200,10634.27,
2026-09-12T13:00:59.261621+00:00,200,102389.5,
2026-09-12T13:00:54.434099+00:00,200,107284.41,
2026-09-12T13:01:12.373916+00:00,200,89407.75,
2026-09-12T13:02:38.575740+00:00,200,3211.88,
2026-09-12T13:01:39.797884+00:00,200,61992.64,
2026-09-12T13:00:45.085353+00:00,200,116709.92,
2026-09-12T13:00:40.742830+00:00,200,121108.19,
2026-09-12T13:01:58.535197+00:00,200,43318.85,
2026-09-12T13:01:48.244332+00:00,200,53617.51,
2026-09-12T13:01:55.459638+00:00,200,46456.2,
2026-09-12T13:02:29.934650+00:00,200,12094.29,
2026-09-12T13:02:25.170837+00:00,200,16862.08,
2026-09-12T13:01:07.291447+00:00,200,94744.5,
2026-09-12T13:02:29.250689+00:00,200,12789.25,
2026-09-12T13:01:35.881205+00:00,200,66166.68,
2026-09-12T13:02:09.296505+00:00,200,32780.15,
2026-09-12T13:01:28.819140+00:00,200,73304.17,
2026-09-12T13:02:23.639984+00:00,200,18491.22,
2026-09-12T13:01:17.959150+00:00,200,84181.42,
2026-09-12T13:02:01.666346+00:00,200,40476.38,
2026-09-12T13:00:50.582923+00:00,200,111562.63,
2026-09-12T13:01:17.874846+00:00,200,84331.49,
2026-09-12T13:01:43.905403+00:00,200,58309.56,
2026-09-12T13:01:41.919165+00:00,200,60300.03,
2026-09-12T13:02:40.775114+00:00,200,1453.82,
2026-09-12T13:01:45.547342+00:00,200,56689.99,
2026-09-12T13:00:59.032803+00:00,200,103209.25,
2026-09-12T13:00:56.601079+00:00,200,105643.0,
2026-09-12T13:02:07.652972+00:00,200,34593.75,
2026-09-12T13:02:19.563128+00:00,200,22685.82,
2026-09-12T13:01:26.563314+00:00,200,75687.66,
2026-09-12T13:01:44.506602+00:00,200,57746.43,
2026-09-12T13:01:01.614254+00:00,200,100640.85,
2026-09-12T13:02:18.444190+00:00,200,23813.24,
2026-09-12T13:01:56.331435+00:00,200,45928.36,
2026-09-12T13:02:08.639334+00:00,200,33641.62,
2026-09-12T13:01:58.745628+00:00,200,43540.48,
2026-09-12T13:01:01.723887+00:00,200,100591.66,
2026-09-12T13:02:34.268178+00:00,200,8120.66,
2026-09-12T13:01:15.973226+00:00,200,86457.73,
2026-09-12T13:02:31.068304+00:00,200,11393.62,
2026-09-12T13:02:35.044783+00:00,200,7463.83,
2026-09-12T13:01:49.400199+00:00,200,53119.76,
2026-09-12T13:01:29.818236+00:00,200,72715.33,
2026-09-12T13:01:36.974515+00:00,200,65589.3,
2026-09-12T13:01:47.925633+00:00,200,54717.37,
2026-09-12T13:00:25.940423+00:00,200,136782.25,
2026-09-12T13:01:45.913760+00:00,200,56811.42,
2026-09-12T13:02:05.732097+00:00,200,37127.42,
2026-09-12T13:01:30.962351+00:00,200,71965.94,
2026-09-12T13:01:58.666477+00:00,200,44293.09,
2026-09-12T13:02:04.129922+00:00,200,38841.04,
2026-09-12T13:01:26.348873+00:00,200,76746.77,
2026-09-12T13:02:40.942087+00:00,200,2168.62,
2026-09-12T13:01:25.035202+00:00,200,78093.94,
2026-09-12T13:02:23.858143+00:00,200,19327.34,
2026-09-12T13:02:34.270065+00:00,200,8922.62,
2026-09-12T13:02:03.251644+00:00,200,39966.08,
2026-09-12T13:00:21.529601+00:00,200,141690.57,
2026-09-12T13:00:57.821583+00:00,200,105400.84,
2026-09-12T13:01:39.796922+00:00,200,63427.78,
2026-09-12T13:01:53.611784+00:00,200,49615.26,
2026-09-12T13:00:35.979984+00:00,200,127249.41,
2026-09-12T13:01:42.416068+00:00,200,60815.89,
2026-09-12T13:01:49.455451+00:00,200,53780.14,
2026-09-12T13:02:10.195762+00:00,200,33043.18,
2026-09-12T13:01:39.297164+00:00,200,63945.0,
2026-09-12T13:01:23.058303+00:00,200,80187.48,
2026-09-12T13:01:20.860433+00:00,200,82388.62,
2026-09-12T13:02:04.114973+00:00,200,39137.49,
2026-09-12T13:01:24.858044+00:00,200,78397.34,
2026-09-12T13:02:33.487308+00:00,200,9770.85,
2026-09-12T13:01:40.999074+00:00,200,62262.15,
2026-09-12T13:01:40.625555+00:00,200,62638.73,
2026-09-12T13:01:57.614531+00:00,200,45652.7,
2026-09-12T13:01:29.455034+00:00,200,73815.46,
2026-09-12T13:00:55.442697+00:00,200,107830.88,
2026-09-12T13:02:20.039847+00:00,200,23236.88,
2026-09-12T13:00:59.147274+00:00,200,104133.84,
2026-09-12T13:01:53.833836+00:00,200,49450.3,
2026-09-12T13:02:27.766268+00:00,200,15521.31,
2026-09-12T13:01:30.433048+00:00,200,72857.63,
2026-09-12T13:02:42.023675+00:00,200,1270.61,
2026-09-12T13:02:42.026331+00:00,200,1271.3,
2026-09-12T13:02:42.025053+00:00,200,1276.09,
2026-09-12T13:02:06.483859+00:00,200,36834.82,
2026-09-12T13:02:02.461873+00:00,200,40939.46,
2026-09-12T13:01:50.532076+00:00,200,52951.83,
2026-09-12T13:02:08.155495+00:00,200,35341.65,
2026-09-12T13:02:39.443424+00:00,200,4142.0,
2026-09-12T13:02:08.797416+00:00,200,34809.85,
2026-09-12T13:02:10.714832+00:00,200,32919.78,
2026-09-12T13:02:24.407086+00:00,200,19301.99,
2026-09-12T13:02:14.348389+00:00,200,29397.96,
2026-09-12T13:02:09.664129+00:00,200,34108.1,
2026-09-12T13:02:04.761007+00:00,200,39042.95,
2026-09-12T13:01:56.578775+00:00,200,47326.79,
2026-09-12T13:01:56.243015+00:00,200,47670.85,
2026-09-12T13:02:02.610393+00:00,200,41362.98,
2026-09-12T13:02:41.461727+00:00,200,2518.05,
2026-09-12T13:01:41.660464+00:00,200,62362.25,
2026-09-12T13:02:22.961102+00:00,200,21082.71,
2026-09-12T13:02:18.757298+00:00,200,25357.83,
2026-09-12T13:01:04.507301+00:00,200,99617.14,
2026-09-12T13:01:27.105300+00:00,200,77062.02,
2026-09-12T13:02:09.953423+00:00,200,34303.5,
2026-09-12T13:01:37.612452+00:00,200,66647.72,
2026-09-12T13:00:51.338104+00:00,200,112951.97,
2026-09-12T13:01:06.810631+00:00,200,97532.63,
2026-09-12T13:02:06.121631+00:00,200,38258.43,
2026-09-12T13:01:54.257480+00:00,200,50245.22,
2026-09-12T13:02:08.784599+00:00,200,35736.33,
2026-09-12T13:01:27.988744+00:00,200,76535.46,
2026-09-12T13:02:15.997065+00:00,200,28574.81,
2026-09-12T13:01:44.950881+00:00,200,59629.71,
2026-09-12T13:01:14.869350+00:00,200,89734.12,
2026-09-12T13:01:36.658099+00:00,200,68028.45,
2026-09-12T13:00:51.382481+00:00,200,113318.96,
2026-09-12T13:02:40.300930+00:00,200,4537.17,
2026-09-12T13:00:42.815479+00:00,200,122050.91,
2026-09-12T13:02:19.450947+00:00,200,25442.5,
2026-09-12T13:01:58.676195+00:00,200,46245.34,
2026-09-12T13:01:27.991369+00:00,200,76940.92,
2026-09-12T13:01:53.233789+00:00,200,51768.14,
2026-09-12T13:02:03.413592+00:00,200,41602.25,
2026-09-12T13:02:05.539386+00:00,200,39538.62,
2026-09-12T13:01:50.294836+00:00,200,54828.6,
2026-09-12T13:02:05.225378+00:00,200,39992.4,
2026-09-12T13:01:39.882301+00:00,200,65365.07,
2026-09-12T13:02:12.280869+00:00,200,32982.5,
2026-09-12T13:01:44.076357+00:00,200,61207.3,
2026-09-12T13:02:42.738063+00:00,200,2550.58,
2026-09-12T13:02:29.531470+00:00,200,15803.57,
2026-09-12T13:02:17.137471+00:00,200,28236.72,
2026-09-12T13:02:32.260491+00:00,200,13126.63,
2026-09-12T13:01:49.195835+00:00,200,56278.18,
2026-09-12T13:01:07.830675+00:00,200,97680.12,
2026-09-12T13:01:01.380002+00:00,200,104198.07,
2026-09-12T13:02:25.974958+00:00,200,19664.61,
2026-09-12T13:02:42.420760+00:00,200,3230.02,
2026-09-12T13:02:42.422190+00:00,200,3231.99,
2026-09-12T13:01:20.094902+00:00,200,85635.95,
2026-09-12T13:01:09.700897+00:00,200,96061.2,
2026-09-12T13:01:17.642571+00:00,200,88122.92,
2026-09-12T13:02:44.124447+00:00,200,1695.79,
2026-09-12T13:01:16.689201+00:00,200,89134.59,
2026-09-12T13:01:20.613251+00:00,200,85249.53,
2026-09-12T13:01:46.368023+00:00,200,59517.48,
2026-09-12T13:02:38.758357+00:00,200,7194.74,
2026-09-12T13:01:35.812172+00:00,200,70154.79,
2026-09-12T13:00:49.046667+00:00,200,116934.55,
2026-09-12T13:02:03.363370+00:00,200,42622.05,
2026-09-12T13:01:04.156630+00:00,200,101869.87,
2026-09-12T13:00:55.032801+00:00,200,111017.16,
2026-09-12T13:01:02.844236+00:00,200,103281.82,
2026-09-12T13:01:43.055560+00:00,200,63078.91,
2026-09-12T13:02:29.529391+00:00,200,16620.78,
2026-09-12T13:02:40.994690+00:00,200,5197.82,
2026-09-12T13:01:21.689105+00:00,200,84515.72,
2026-09-12T13:02:22.277266+00:00,200,23963.21,
2026-09-12T13:01:57.324796+00:00,200,49025.21,
2026-09-12T13:01:52.922120+00:00,200,53450.9,
2026-09-12T13:02:18.008001+00:00,200,28371.77,
2026-09-12T13:02:03.367358+00:00,200,43034.41,
2026-09-12T13:01:20.419513+00:00,200,86001.96,
2026-09-12T13:01:55.346902+00:00,200,51123.08,
2026-09-12T13:01:48.305299+00:00,200,58220.86,
2026-09-12T13:02:14.155226+00:00,200,32421.24,
2026-09-12T13:02:37.715844+00:00,200,8931.1,
2026-09-12T13:02:04.177803+00:00,200,42474.61,
2026-09-12T13:01:37.940165+00:00,200,68734.5,
2026-09-12T13:00:30.338253+00:00,200,136446.86,
2026-09-12T13:00:49.894535+00:00,200,116953.21,
2026-09-12T13:02:15.076180+00:00,200,31805.96,
2026-09-12T13:02:40.418590+00:00,200,6474.42,
2026-09-12T13:01:11.397718+00:00,200,95511.41,
2026-09-12T13:01:11.681285+00:00,200,95234.83,
2026-09-12T13:02:27.644680+00:00,200,19285.15,
2026-09-12T13:01:00.095156+00:00,200,106838.15,
2026-09-12T13:00:38.131196+00:00,200,128973.71,
2026-09-12T13:01:31.579868+00:00,200,75619.62,
2026-09-12T13:01:42.169018+00:00,200,65055.85,
2026-09-12T13:01:21.184868+00:00,200,86134.44,
2026-09-12T13:02:44.846066+00:00,200,2481.07,
2026-09-12T13:01:30.823422+00:00,200,76506.87,
2026-09-12T13:02:34.610106+00:00,200,12727.39,
2026-09-12T13:02:06.443585+00:00,200,40904.8,
2026-09-12T13:02:18.788826+00:00,200,28584.03,
2026-09-12T13:01:17.724943+00:00,200,89661.83,
2026-09-12T13:02:41.045772+00:00,200,6446.8,
2026-09-12T13:02:42.646698+00:00,200,4875.23,
2026-09-12T13:00:31.509646+00:00,200,136043.9,
2026-09-12T13:01:41.708715+00:00,200,65877.3,
2026-09-12T13:02:36.758167+00:00,200,10846.24,
2026-09-12T13:02:06.841380+00:00,200,40770.73,
2026-09-12T13:02:11.216509+00:00,200,36423.84,
2026-09-12T13:01:50.672656+00:00,200,57008.06,
2026-09-12T13:01:22.345358+00:00,200,85344.9,
2026-09-12T13:02:38.442630+00:00,200,9290.63,
2026-09-12T13:01:27.841001+00:00,200,79900.1,
2026-09-12T13:02:05.929983+00:00,200,41829.4,
2026-09-12T13:02:02.961576+00:00,200,44806.5,
2026-09-12T13:01:54.468703+00:00,200,53339.53,
2026-09-12T13:01:14.606500+00:00,200,93217.77,
2026-09-12T13:02:11.513570+00:00,200,36317.6,
2026-09-12T13:02:37.385091+00:00,200,10514.17,
2026-09-12T13:00:56.103415+00:00,200,111855.83,
2026-09-12T13:01:37.190393+00:00,200,70772.07,
2026-09-12T13:01:53.923147+00:00,200,54060.98,
2026-09-12T13:02:43.235600+00:00,200,4778.62,
2026-09-12T13:02:05.333137+00:00,200,42716.87,
2026-09-12T13:01:27.469766+00:00,200,80628.8,
2026-09-12T13:01:55.320502+00:00,200,52833.33,
2026-09-12T13:02:47.553565+00:00,200,641.05,
2026-09-12T13:02:00.448945+00:00,200,47795.58,
2026-09-12T13:00:47.158792+00:00,200,121130.2,
2026-09-12T13:02:22.195369+00:00,200,26095.17,
2026-09-12T13:02:43.222438+00:00,200,5081.92,
2026-09-12T13:02:38.876317+00:00,200,9433.38,
2026-09-12T13:01:58.395967+00:00,200,49922.07,
2026-09-12T13:02:39.667923+00:00,200,8697.59,
2026-09-12T13:00:53.863895+00:00,200,114516.43,
2026-09-12T13:00:57.294215+00:00,200,111094.53,
2026-09-12T13:01:16.572130+00:00,200,91834.92,
2026-09-12T13:00:41.939122+00:00,200,126481.75,
2026-09-12T13:00:56.631235+00:00,200,111812.86,
2026-09-12T13:02:15.216931+00:00,200,33234.45,
2026-09-12T13:02:39.781133+00:00,200,8689.27,
2026-09-12T13:01:42.862653+00:00,200,65636.18,
2026-09-12T13:00:52.822040+00:00,200,115709.41,
2026-09-12T13:01:51.457077+00:00,200,57108.03,
2026-09-12T13:02:09.598859+00:00,200,38996.0,
2026-09-12T13:02:31.518827+00:00,200,17156.48,
2026-09-12T13:02:11.989033+00:00,200,36693.2,
2026-09-12T13:02:39.611032+00:00,200,9079.32,
2026-09-12T13:02:29.222037+00:00,200,19481.55,
2026-09-12T13:01:59.742157+00:00,200,48988.54,
2026-09-12T13:01:48.456421+00:00,200,60295.0,
2026-09-12T13:00:41.178744+00:00,200,127582.54,
2026-09-12T13:00:40.257779+00:00,200,128521.73,
2026-09-12T13:01:07.569924+00:00,200,101242.46,
2026-09-12T13:01:52.326333+00:00,200,56521.97,
2026-09-12T13:02:43.273580+00:00,200,5588.8,
2026-09-12T13:01:55.832055+00:00,200,53045.71,
2026-09-12T13:02:04.707749+00:00,200,44226.53,
2026-09-12T13:02:37.242599+00:00,200,11703.57,
2026-09-12T13:00:57.105379+00:00,200,111849.8,
2026-09-12T13:02:39.154243+00:00,200,9823.16,
2026-09-12T13:02:34.163235+00:00,200,14833.4,
2026-09-12T13:02:37.464989+00:00,200,11547.81,
2026-09-12T13:00:32.663037+00:00,200,136361.47,
2026-09-12T13:02:18.249037+00:00,200,30779.86,
2026-09-12T13:00:57.218239+00:00,200,111858.97,
2026-09-12T13:02:42.739323+00:00,200,6362.38,
2026-09-12T13:01:21.432698+00:00,200,87673.92,
2026-09-12T13:01:11.184312+00:00,200,97955.54,
2026-09-12T13:02:42.131216+00:00,200,7010.96,
2026-09-12T13:02:48.703598+00:00,200,440.74,
2026-09-12T13:01:51.432050+00:00,200,57740.98,
2026-09-12T13:01:27.281043+00:00,200,81895.11,
2026-09-12T13:02:25.154676+00:00,200,24027.62,
2026-09-12T13:01:37.776394+00:00,200,71453.41,
2026-09-12T13:01:49.087521+00:00,200,60201.14,
2026-09-12T13:02:31.493657+00:00,200,17815.74,
2026-09-12T13:01:01.107153+00:00,200,108209.65,
2026-09-12T13:01:12.101885+00:00,200,97277.72,
2026-09-12T13:00:58.242338+00:00,200,111139.33,
2026-09-12T13:01:46.338266+00:00,200,63073.7,
2026-09-12T13:01:24.404307+00:00,200,85080.21,
2026-09-12T13:01:56.998148+00:00,200,52488.44,
2026-09-12T13:02:19.556789+00:00,200,29936.35,
2026-09-12T13:01:14.605381+00:00,200,94892.38,
2026-09-12T13:02:07.612012+00:00,200,41944.39,
2026-09-12T13:02:14.970138+00:00,200,34601.0,
2026-09-12T13:02:14.167260+00:00,200,35444.33,
2026-09-12T13:01:47.153604+00:00,200,62472.63,
2026-09-12T13:01:31.272437+00:00,200,78385.79,
2026-09-12T13:01:31.543142+00:00,200,78167.89,
2026-09-12T13:01:39.000614+00:00,200,70721.77,
2026-09-12T13:02:18.350502+00:00,200,31381.0,
2026-09-12T13:02:15.634929+00:00,200,34106.85,
2026-09-12T13:01:27.631548+00:00,200,82133.95,
2026-09-12T13:02:30.521470+00:00,200,19255.07,
2026-09-12T13:01:33.979530+00:00,200,75799.63,
2026-09-12T13:02:21.638243+00:00,200,28150.72,
2026-09-12T13:01:12.270204+00:00,200,97537.39,
2026-09-12T13:02:18.837655+00:00,200,31040.45,
2026-09-12T13:02:07.506236+00:00,200,42419.24,
2026-09-12T13:02:01.566030+00:00,200,48361.54,
2026-09-12T13:01:46.617485+00:00,200,63321.1,
2026-09-12T13:02:41.158469+00:00,200,8784.71,
2026-09-12T13:01:11.970616+00:00,200,97978.87,
2026-09-12T13:01:12.769289+00:00,200,97191.81,
2026-09-12T13:01:43.924500+00:00,200,66047.5,
2026-09-12T13:02:11.752303+00:00,200,38266.83,
2026-09-12T13:01:48.390890+00:00,200,61657.21,
2026-09-12T13:02:38.983233+00:00,200,11078.53,
2026-09-12T13:02:37.896721+00:00,200,12194.82,
2026-09-12T13:01:53.387063+00:00,200,56740.82,
2026-09-12T13:02:41.339675+00:00,200,8802.58,
2026-09-12T13:01:51.823660+00:00,200,58348.08,
2026-09-12T13:02:18.251057+00:00,200,31929.8,
2026-09-12T13:02:09.839124+00:00,200,40353.74,
2026-09-12T13:02:20.374815+00:00,200,29827.09,
2026-09-12T13:02:09.913567+00:00,200,40293.34,
2026-09-12T13:02:06.132948+00:00,200,44079.04,
2026-09-12T13:00:45.666591+00:00,200,124550.64,
2026-09-12T13:01:06.853482+00:00,200,103374.35,
2026-09-12T13:02:05.064021+00:00,200,45167.24,
2026-09-12T13:02:40.275910+00:00,200,9961.42,
2026-09-12T13:01:24.125944+00:00,200,86161.4,
2026-09-12T13:02:03.031127+00:00,200,47293.04,
2026-09-12T13:01:54.475421+00:00,200,55853.63,
2026-09-12T13:02:35.310878+00:00,200,15040.57,
2026-09-12T13:02:33.492313+00:00,200,16880.03,
2026-09-12T13:01:28.154234+00:00,200,82221.34,
2026-09-12T13:01:21.051701+00:00,200,89349.06,
2026-09-12T13:01:39.313997+00:00,200,71096.12,
2026-09-12T13:01:26.575606+00:00,200,83864.17,
2026-09-12T13:01:45.311296+00:00,200,65173.55,
2026-09-12T13:01:09.003766+00:00,200,101510.87,
2026-09-12T13:02:36.385870+00:00,200,14155.66,
2026-09-12T13:02:40.480276+00:00,200,10083.85,
2026-09-12T13:01:57.286345+00:00,200,53290.85,
2026-09-12T13:01:05.495659+00:00,200,105084.54,
2026-09-12T13:01:10.436697+00:00,200,100147.45,
2026-09-12T13:02:32.118671+00:00,200,18478.48,
2026-09-12T13:02:13.450086+00:00,200,37157.93,
2026-09-12T13:02:09.470476+00:00,200,41153.2,
2026-09-12T13:01:14.425210+00:00,200,96222.97,
2026-09-12T13:02:36.858138+00:00,200,13794.62,
2026-09-12T13:01:19.243158+00:00,200,91415.03,
2026-09-12T13:02:42.032925+00:00,200,8638.57,
2026-09-12T13:02:18.844556+00:00,200,31869.78,
2026-09-12T13:01:51.744082+00:00,200,59013.31,
2026-09-12T13:02:03.780620+00:00,200,46985.66,
2026-09-12T13:01:26.803604+00:00,200,83987.99,
2026-09-12T13:02:34.848719+00:00,200,16001.43,
2026-09-12T13:02:33.749031+00:00,200,17138.23,
2026-09-12T13:01:53.855854+00:00,200,57077.36,
2026-09-12T13:01:56.902905+00:00,200,54033.21,
2026-09-12T13:00:57.030114+00:00,200,113975.95,
2026-09-12T13:02:48.675323+00:00,200,2338.57,
2026-09-12T13:02:42.206360+00:00,200,8814.17,
2026-09-12T13:01:59.912842+00:00,200,51186.78,
2026-09-12T13:02:05.814000+00:00,200,45290.12,
2026-09-12T13:02:28.262952+00:00,200,22871.81,
2026-09-12T13:01:46.194813+00:00,200,64966.15,
2026-09-12T13:01:25.923453+00:00,200,85267.51,
2026-09-12T13:02:42.991377+00:00,200,8201.73,
2026-09-12T13:01:07.868213+00:00,200,103334.6,
2026-09-12T13:02:44.686564+00:00,200,6527.12,
2026-09-12T13:01:38.420627+00:00,200,72812.09,
2026-09-12T13:00:52.936811+00:00,200,118302.03,
2026-09-12T13:02:17.990213+00:00,200,33277.0,
2026-09-12T13:02:27.262423+00:00,200,24028.91,
2026-09-12T13:02:43.258165+00:00,200,8045.43,
2026-09-12T13:00:29.858788+00:00,200,141452.56,
2026-09-12T13:01:00.725136+00:00,200,110611.85,
2026-09-12T13:02:40.215933+00:00,200,11124.32,
2026-09-12T13:01:25.084307+00:00,200,86276.47,
2026-09-12T13:02:19.971820+00:00,200,31415.63,
2026-09-12T13:01:37.701870+00:00,200,73711.34,
2026-09-12T13:01:28.771060+00:00,200,82674.9,
2026-09-12T13:00:43.740600+00:00,200,127714.02,
2026-09-12T13:02:43.533957+00:00,200,7947.21,
2026-09-12T13:01:20.149384+00:00,200,91350.71,
2026-09-12T13:01:25.416951+00:00,200,86092.73,
2026-09-12T13:01:47.828069+00:00,200,63699.49,
2026-09-12T13:01:33.527202+00:00,200,78036.32,
2026-09-12T13:01:15.064251+00:00,200,96509.83,
2026-09-12T13:02:29.087700+00:00,200,22570.58,
2026-09-12T13:02:14.767515+00:00,200,36905.08,
2026-09-12T13:02:45.283674+00:00,200,6396.79,
2026-09-12T13:02:04.709180+00:00,200,46992.87,
2026-09-12T13:02:25.336730+00:00,200,26424.62,
2026-09-12T13:02:36.340864+00:00,200,15466.3,
2026-09-12T13:02:22.902685+00:00,200,28987.34,
2026-09-12T13:02:44.849438+00:00,200,7047.3,
2026-09-12T13:02:01.973420+00:00,200,49941.94,
2026-09-12T13:01:24.326211+00:00,200,87604.43,
2026-09-12T13:02:03.366024+00:00,200,48586.41,
2026-09-12T13:01:42.841879+00:00,200,69146.38,
2026-09-12T13:01:57.521313+00:00,200,54494.1,
2026-09-12T13:01:34.331687+00:00,200,77686.36,
2026-09-12T13:01:55.205416+00:00,200,56851.08,
2026-09-12T13:01:53.257218+00:00,200,58806.61,
2026-09-12T13:01:16.168017+00:00,200,95909.84,
2026-09-12T13:02:44.213293+00:00,200,7909.29,
2026-09-12T13:02:00.308578+00:00,200,51819.13,
2026-09-12T13:02:21.983671+00:00,200,30155.94,
2026-09-12T13:02:11.993379+00:00,200,40162.48,
2026-09-12T13:02:44.645327+00:00,200,7530.63,
2026-09-12T13:01:30.900678+00:00,200,81293.35,
2026-09-12T13:02:32.110218+00:00,200,20120.72,
2026-09-12T13:01:12.623907+00:00,200,99620.08,
2026-09-12T13:00:57.393099+00:00,200,114870.16,
2026-09-12T13:02:09.283231+00:00,200,43007.83,
2026-09-12T13:02:43.763449+00:00,200,8552.28,
2026-09-12T13:02:15.393523+00:00,200,36934.15,
2026-09-12T13:01:28.635637+00:00,200,83706.43,
2026-09-12T13:00:45.010422+00:00,200,127340.9,
2026-09-12T13:01:59.862609+00:00,200,52494.0,
2026-09-12T13:01:14.337961+00:00,200,98028.37,
2026-09-12T13:02:44.637462+00:00,200,7731.19,
2026-09-12T13:02:43.401348+00:00,200,8978.58,
2026-09-12T13:01:43.212464+00:00,200,69178.53,
2026-09-12T13:00:59.474982+00:00,200,112919.21,
2026-09-12T13:01:42.156873+00:00,200,70251.43,
2026-09-12T13:02:15.763269+00:00,200,36659.09,
2026-09-12T13:02:18.446079+00:00,200,33986.51,
2026-09-12T13:00:55.625862+00:00,200,116836.84,
2026-09-12T13:01:30.803696+00:00,200,81697.74,
2026-09-12T13:02:36.265939+00:00,200,16248.49,
2026-09-12T13:01:05.689356+00:00,200,106840.95,
2026-09-12T13:00:53.909603+00:00,200,118650.79,
2026-09-12T13:02:18.552485+00:00,200,34011.52,
2026-09-12T13:02:31.478621+00:00,200,21127.85,
2026-09-12T13:01:24.077330+00:00,200,88539.92,
2026-09-12T13:01:41.650449+00:00,200,70994.63,
2026-09-12T13:02:06.029602+00:00,200,46620.44,
2026-09-12T13:02:03.509426+00:00,200,49156.98,
2026-09-12T13:02:37.844792+00:00,200,14851.8,
2026-09-12T13:00:58.507448+00:00,200,114199.63,
2026-09-12T13:02:21.805962+00:00,200,30904.89,
2026-09-12T13:01:08.631231+00:00,200,104115.48,
2026-09-12T13:00:54.498948+00:00,200,118326.28,
2026-09-12T13:02:47.348389+00:00,200,5480.66,
2026-09-12T13:02:05.777489+00:00,200,47089.33,
2026-09-12T13:02:36.430113+00:00,200,16443.85,
2026-09-12T13:02:34.152951+00:00,200,18747.93,
2026-09-12T13:02:03.983774+00:00,200,48928.08,
2026-09-12T13:02:04.810685+00:00,200,48161.24,
2026-09-12T13:02:08.674165+00:00,200,44340.86,
2026-09-12T13:02:37.789318+00:00,200,15289.84,
2026-09-12T13:02:01.370710+00:00,200,51714.17,
2026-09-12T13:01:20.807051+00:00,200,92295.88,
2026-09-12T13:01:29.209309+00:00,200,83902.09,
2026-09-12T13:02:02.339272+00:00,200,50839.43,
2026-09-12T13:01:29.076782+00:00,200,84147.1,
2026-09-12T13:02:29.801034+00:00,200,23431.22,
2026-09-12T13:01:39.381522+00:00,200,73854.57,
2026-09-12T13:02:13.716573+00:00,200,39536.49,
2026-09-12T13:01:49.078861+00:00,200,64184.76,
2026-09-12T13:02:06.905368+00:00,200,46365.16,
2026-09-12T13:02:50.287363+00:00,200,2992.9,
2026-09-12T13:02:16.591530+00:00,200,36701.47,
2026-09-12T13:02:43.242178+00:00,200,10058.58,
2026-09-12T13:01:27.936361+00:00,200,85368.37,
2026-09-12T13:02:25.700673+00:00,200,27652.86,
2026-09-12T13:00:40.171143+00:00,200,133229.47,
2026-09-12T13:01:15.445352+00:00,200,97999.86,
2026-09-12T13:01:14.389161+00:00,200,99072.23,
2026-09-12T13:02:28.208000+00:00,200,25310.81,
2026-09-12T13:01:06.353235+00:00,200,107177.8,
2026-09-12T13:01:55.336350+00:00,200,58218.43,
2026-09-12T13:01:34.461782+00:00,200,79095.94,
2026-09-12T13:02:18.126740+00:00,200,35453.25,
2026-09-12T13:02:53.178719+00:00,200,419.96,
2026-09-12T13:01:25.086511+00:00,200,88554.4,
2026-09-12T13:02:09.387743+00:00,200,44269.48,
2026-09-12T13:00:34.604347+00:00,200,139084.57,
2026-09-12T13:02:12.776628+00:00,200,40927.68,
2026-09-12T13:02:34.437551+00:00,200,19272.66,
2026-09-12T13:02:25.943446+00:00,200,27769.91,
2026-09-12T13:01:13.858911+00:00,200,99920.54,
2026-09-12T13:02:23.981995+00:00,200,29828.71,
2026-09-12T13:01:58.393415+00:00,200,55427.15,
2026-09-12T13:01:39.089640+00:00,200,74747.89,
2026-09-12T13:01:48.341922+00:00,200,65522.31,
2026-09-12T13:01:51.503208+00:00,200,62364.68,
2026-09-12T13:01:17.451716+00:00,200,96421.0,
2026-09-12T13:01:31.905034+00:00,200,82004.67,
2026-09-12T13:02:07.146829+00:00,200,46786.09,
2026-09-12T13:02:39.163466+00:00,200,14775.91,
2026-09-12T13:02:20.317562+00:00,200,33648.35,
2026-09-12T13:02:06.359314+00:00,200,47610.26,
2026-09-12T13:01:45.754941+00:00,200,68217.0,
2026-09-12T13:01:58.200657+00:00,200,55813.61,
2026-09-12T13:02:36.276760+00:00,200,17741.28,
2026-09-12T13:02:33.950601+00:00,200,20102.09,
2026-09-12T13:00:59.622057+00:00,200,114446.9,
2026-09-12T13:02:03.850493+00:00,200,50248.56,
2026-09-12T13:01:48.517695+00:00,200,65591.55,
2026-09-12T13:02:13.111720+00:00,200,41001.52,
2026-09-12T13:01:40.406819+00:00,200,73724.78,
2026-09-12T13:02:11.506309+00:00,200,42640.95,
2026-09-12T13:01:12.098447+00:00,200,102059.6,
2026-09-12T13:02:41.182178+00:00,200,13003.16,
2026-09-12T13:02:22.712252+00:00,200,31484.17,
2026-09-12T13:02:28.055636+00:00,200,26217.92,
2026-09-12T13:02:27.940748+00:00,200,26392.25,
2026-09-12T13:02:11.106750+00:00,200,43228.35,
2026-09-12T13:02:32.725494+00:00,200,21624.17,
2026-09-12T13:01:46.975804+00:00,200,67375.96,
2026-09-12T13:02:04.367965+00:00,200,50012.46,
2026-09-12T13:00:54.846702+00:00,200,119573.0,
2026-09-12T13:02:18.803107+00:00,200,35624.77,
2026-09-12T13:01:27.912848+00:00,200,86543.09,
2026-09-12T13:02:33.495403+00:00,200,20968.83,
2026-09-12T13:00:42.913340+00:00,200,131597.06,
2026-09-12T13:01:17.453439+00:00,200,97071.21,
2026-09-12T13:01:40.405786+00:00,200,74123.41,
2026-09-12T13:00:58.440894+00:00,200,116100.68,
2026-09-12T13:01:43.022917+00:00,200,71530.39,
2026-09-12T13:01:59.165654+00:00,200,55399.52,
2026-09-12T13:02:49.765512+00:00,200,4809.73,
2026-09-12T13:00:47.607103+00:00,200,126997.75,
2026-09-12T13:00:46.096601+00:00,200,128521.0,
2026-09-12T13:01:31.065101+00:00,200,83556.67,
2026-09-12T13:00:52.031971+00:00,200,122612.85,
2026-09-12T13:01:46.435816+00:00,200,68226.56,
2026-09-12T13:02:54.333014+00:00,200,331.62,
2026-09-12T13:02:25.705667+00:00,200,28964.65,
2026-09-12T13:02:45.217788+00:00,200,9474.92,
2026-09-12T13:02:13.227218+00:00,200,41471.9,
2026-09-12T13:01:10.289227+00:00,200,104436.34,
2026-09-12T13:01:57.773381+00:00,200,56968.82,
2026-09-12T13:01:13.007213+00:00,200,101739.74,
2026-09-12T13:01:06.473738+00:00,200,108280.01,
2026-09-12T13:01:28.029471+00:00,200,86749.04,
2026-09-12T13:01:25.806607+00:00,200,89085.37,
2026-09-12T13:01:37.287508+00:00,200,77615.15,
2026-09-12T13:02:17.455767+00:00,200,37450.06,
2026-09-12T13:01:14.243408+00:00,200,100680.42,
2026-09-12T13:02:23.095347+00:00,200,31837.54,
2026-09-12T13:01:49.436160+00:00,200,65518.94,
2026-09-12T13:01:54.541379+00:00,200,60437.76,
2026-09-12T13:01:07.839721+00:00,200,107144.51,
2026-09-12T13:02:51.658302+00:00,200,3359.24,
2026-09-12T13:02:48.682246+00:00,200,6390.1,
2026-09-12T13:01:59.949695+00:00,200,55137.28,
2026-09-12T13:02:02.136798+00:00,200,52964.55,
2026-09-12T13:02:44.854399+00:00,200,10313.78,
2026-09-12T13:01:34.403349+00:00,200,80773.69,
2026-09-12T13:02:24.035078+00:00,200,31144.85,
2026-09-12T13:02:19.926180+00:00,200,35279.61,
2026-09-12T13:01:40.684280+00:00,200,74545.08,
2026-09-12T13:02:25.030835+00:00,200,30204.72,
2026-09-12T13:02:11.358169+00:00,200,43892.8,
2026-09-12T13:01:58.061806+00:00,200,57200.56,
2026-09-12T13:01:56.480020+00:00,200,58793.82,
2026-09-12T13:00:53.809246+00:00,200,121513.06,
2026-09-12T13:01:35.363261+00:00,200,79968.59,
2026-09-12T13:01:24.282143+00:00,200,91063.62,
2026-09-12T13:00:52.882930+00:00,200,122471.03,
2026-09-12T13:02:08.263869+00:00,200,47123.34,
2026-09-12T13:01:09.173479+00:00,200,106232.05,
2026-09-12T13:01:15.708645+00:00,200,99703.6,
2026-09-12T13:02:53.084891+00:00,200,2349.09,
2026-09-12T13:01:21.752397+00:00,200,93689.08,
2026-09-12T13:01:22.231448+00:00,200,93247.36,
2026-09-12T13:02:46.652423+00:00,200,8842.75,
2026-09-12T13:02:08.188537+00:00,200,47310.74,
2026-09-12T13:01:28.603502+00:00,200,86926.23,
2026-09-12T13:02:47.224874+00:00,200,8328.08,
2026-09-12T13:02:36.338951+00:00,200,19221.18,
2026-09-12T13:02:26.877476+00:00,200,28692.46,
2026-09-12T13:02:31.955737+00:00,200,23616.43,
2026-09-12T13:02:03.014235+00:00,200,52573.13,
2026-09-12T13:02:03.065727+00:00,200,52555.09,
2026-09-12T13:02:25.948052+00:00,200,29701.3,
2026-09-12T13:01:56.565140+00:00,200,59121.09,
2026-09-12T13:01:39.914890+00:00,200,75866.05,
2026-09-12T13:01:51.115457+00:00,200,64672.53,
2026-09-12T13:02:51.337013+00:00,200,4461.02,
2026-09-12T13:02:22.876607+00:00,200,32947.49,
2026-09-12T13:02:25.413536+00:00,200,30417.6,
2026-09-12T13:00:57.860567+00:00,200,118093.77,
2026-09-12T13:02:36.768055+00:00,200,19224.77,
2026-09-12T13:02:17.998058+00:00,200,38014.08,
2026-09-12T13:02:24.749238+00:00,200,31295.78,
2026-09-12T13:00:34.962549+00:00,200,141155.33,
2026-09-12T13:02:02.491922+00:00,200,53633.93,
2026-09-12T13:01:13.559359+00:00,200,102582.54,
2026-09-12T13:01:57.571216+00:00,200,58585.05,
2026-09-12T13:02:29.424887+00:00,200,26753.0,
2026-09-12T13:02:44.847754+00:00,200,11335.56,
2026-09-12T13:02:47.604414+00:00,200,8583.2,
2026-09-12T13:02:21.858027+00:00,200,34332.65,
2026-09-12T13:01:54.923561+00:00,200,61270.22,
2026-09-12T13:02:07.651990+00:00,200,48602.15,
2026-09-12T13:01:32.416721+00:00,200,83847.0,
2026-09-12T13:02:32.199588+00:00,200,24091.3,
2026-09-12T13:02:07.105208+00:00,200,49229.61,
2026-09-12T13:02:32.524269+00:00,200,23828.93,
2026-09-12T13:01:30.524502+00:00,200,85882.03,
2026-09-12T13:01:07.381912+00:00,200,109052.91,
2026-09-12T13:01:12.399090+00:00,200,104063.57,
2026-09-12T13:01:22.506411+00:00,200,93970.14,
2026-09-12T13:01:27.000684+00:00,200,89518.37,
2026-09-12T13:02:48.594875+00:00,200,7941.95,
2026-09-12T13:02:43.997038+00:00,200,12565.88,
2026-09-12T13:01:20.145557+00:00,200,96429.2,
2026-09-12T13:01:41.375395+00:00,200,75227.29,
2026-09-12T13:02:37.388918+00:00,200,19251.22,
2026-09-12T13:01:13.488784+00:00,200,103158.03,
2026-09-12T13:01:20.921531+00:00,200,95735.26,
2026-09-12T13:02:37.307933+00:00,200,19379.55,
2026-09-12T13:02:49.497768+00:00,200,7220.34,
2026-09-12T13:01:57.568976+00:00,200,59153.02,
2026-09-12T13:00:55.650988+00:00,200,121096.54,
2026-09-12T13:02:26.891203+00:00,200,29863.69,
2026-09-12T13:02:23.529712+00:00,200,33227.27,
2026-09-12T13:02:01.913013+00:00,200,54846.91,
2026-09-12T13:02:41.752152+00:00,200,15014.18,
2026-09-12T13:02:31.069567+00:00,200,25740.06,
2026-09-12T13:02:19.739578+00:00,200,37080.53,
2026-09-12T13:01:46.580747+00:00,200,70285.24,
2026-09-12T13:02:09.473606+00:00,200,47418.11,
2026-09-12T13:02:25.635709+00:00,200,31258.12,
2026-09-12T13:00:30.419993+00:00,200,146480.22,
2026-09-12T13:02:32.059841+00:00,200,24868.97,
2026-09-12T13:02:12.642732+00:00,200,44308.83,
2026-09-12T13:02:08.822670+00:00,200,48137.46,
2026-09-12T13:02:30.103215+00:00,200,26902.67,
2026-09-12T13:02:08.020635+00:00,200,49013.45,
2026-09-12T13:02:09.812629+00:00,200,47230.33,
2026-09-12T13:02:37.790562+00:00,200,19263.5,
2026-09-12T13:01:13.397339+00:00,200,103664.2,
2026-09-12T13:00:43.782414+00:00,200,133374.72,
2026-09-12T13:01:49.972702+00:00,200,67220.01,
2026-09-12T13:02:00.244351+00:00,200,56958.36,
2026-09-12T13:01:48.165571+00:00,200,69045.3,
2026-09-12T13:01:13.566033+00:00,200,103656.18,
2026-09-12T13:02:01.981793+00:00,200,55250.12,
2026-09-12T13:00:39.712514+00:00,200,137567.82,
2026-09-12T13:01:30.925850+00:00,200,86370.04,
2026-09-12T13:02:07.459318+00:00,200,49866.3,
2026-09-12T13:01:40.265999+00:00,200,77113.13,
2026-09-12T13:01:46.768375+00:00,200,70613.62,
2026-09-12T13:02:24.344822+00:00,200,33060.4,
2026-09-12T13:02:07.126754+00:00,200,50291.26,
2026-09-12T13:02:39.211049+00:00,200,18213.87,
2026-09-12T13:02:35.626479+00:00,200,21823.05,
2026-09-12T13:02:56.646825+00:00,200,819.2,
2026-09-12T13:01:39.970876+00:00,200,77502.75,
2026-09-12T13:01:24.011421+00:00,200,93495.69,
2026-09-12T13:02:25.177242+00:00,200,32334.83,
2026-09-12T13:02:27.936130+00:00,200,29595.52,
2026-09-12T13:02:20.130565+00:00,200,37412.58,
2026-09-12T13:01:49.003541+00:00,200,68542.72,
2026-09-12T13:02:37.541038+00:00,200,20020.88,
2026-09-12T13:01:39.112727+00:00,200,78460.15,
2026-09-12T13:02:39.904715+00:00,200,17681.21,
2026-09-12T13:02:51.672610+00:00,200,5933.81,
2026-09-12T13:01:25.378814+00:00,200,92239.79,
2026-09-12T13:01:42.515864+00:00,200,75114.88,
2026-09-12T13:02:07.514009+00:00,200,50169.19,
2026-09-12T13:01:24.624913+00:00,200,93073.93,
2026-09-12T13:02:30.697136+00:00,200,27004.54,
2026-09-12T13:01:04.962716+00:00,200,112760.44,
2026-09-12T13:01:47.829375+00:00,200,69926.63,
2026-09-12T13:02:18.026869+00:00,200,39784.04,
2026-09-12T13:01:10.576762+00:00,200,107265.82,
2026-09-12T13:01:29.658812+00:00,200,88216.86,
2026-09-12T13:02:14.171280+00:00,200,43720.67,
2026-09-12T13:02:25.624933+00:00,200,32297.53,
2026-09-12T13:02:43.416803+00:00,200,14518.01,
2026-09-12T13:01:25.367028+00:00,200,92624.71,
2026-09-12T13:01:52.876061+00:00,200,65121.12,
2026-09-12T13:02:35.978317+00:00,200,22021.75,
2026-09-12T13:02:09.039964+00:00,200,48973.51,
2026-09-12T13:02:41.342579+00:00,200,16684.57,
2026-09-12T13:01:01.900437+00:00,200,116142.05,
2026-09-12T13:01:57.195047+00:00,200,60855.88,
2026-09-12T13:01:57.774628+00:00,200,60317.75,
2026-09-12T13:02:38.924950+00:00,200,19199.15,
2026-09-12T13:02:23.051358+00:00,200,35089.81,
2026-09-12T13:02:02.305010+00:00,200,55842.98,
2026-09-12T13:01:40.492099+00:00,200,77673.32,
2026-09-12T13:02:21.606588+00:00,200,36604.36,
2026-09-12T13:01:40.265125+00:00,200,77951.26,
2026-09-12T13:01:40.448629+00:00,200,77770.93,
2026-09-12T13:02:57.507129+00:00,200,726.38,
2026-09-12T13:01:46.798622+00:00,200,71453.36,
2026-09-12T13:01:22.679790+00:00,200,95592.19,
2026-09-12T13:02:57.875690+00:00,200,407.71,
2026-09-12T13:02:57.991760+00:00,200,338.89,
2026-09-12T13:02:07.772033+00:00,200,50569.96,
2026-09-12T13:02:06.356490+00:00,200,52000.75,
2026-09-12T13:02:33.371804+00:00,200,24988.26,
2026-09-12T13:01:46.803029+00:00,200,71561.34,
2026-09-12T13:01:59.851149+00:00,200,58532.93,
2026-09-12T13:01:06.000493+00:00,200,112386.8,
2026-09-12T13:01:23.752073+00:00,200,94650.25,
2026-09-12T13:01:54.387825+00:00,200,64025.83,
2026-09-12T13:02:36.179554+00:00,200,22253.55,
2026-09-12T13:01:56.992286+00:00,200,61445.76,
2026-09-12T13:01:23.840479+00:00,200,94618.37,
2026-09-12T13:01:03.990093+00:00,200,114522.93,
2026-09-12T13:02:36.022732+00:00,200,22496.9,
2026-09-12T13:02:11.991165+00:00,200,46534.1,
2026-09-12T13:01:18.023021+00:00,200,100537.52,
2026-09-12T13:02:58.210960+00:00,200,373.74,
2026-09-12T13:02:16.687386+00:00,200,41949.78,
2026-09-12T13:01:53.394962+00:00,200,65245.41,
2026-09-12T13:02:07.420085+00:00,200,51248.37,
2026-09-12T13:02:51.563537+00:00,200,7144.88,
2026-09-12T13:02:22.394309+00:00,200,36318.04,
2026-09-12T13:02:18.938225+00:00,200,39799.02,
2026-09-12T13:02:17.622013+00:00,200,41145.08,
2026-09-12T13:02:58.330665+00:00,200,445.17,
2026-09-12T13:02:12.506109+00:00,200,46296.74,
2026-09-12T13:02:57.280355+00:00,200,1528.94,
2026-09-12T13:01:19.003218+00:00,200,99817.84,
2026-09-12T13:01:52.674577+00:00,200,66156.01,
2026-09-12T13:02:58.433115+00:00,200,406.89,
2026-09-12T13:02:13.339217+00:00,200,45526.22,
2026-09-12T13:00:57.369482+00:00,200,121548.78,
2026-09-12T13:01:55.466976+00:00,200,63457.75,
2026-09-12T13:01:38.762359+00:00,200,80166.69,
2026-09-12T13:02:19.686032+00:00,200,39263.32,
2026-09-12T13:00:31.475940+00:00,200,147498.0,
2026-09-12T13:02:58.216400+00:00,200,770.55,
2026-09-12T13:02:27.152012+00:00,200,31852.32,
2026-09-12T13:02:53.872723+00:00,200,5147.97,
2026-09-12T13:02:43.095661+00:00,200,15974.38,
2026-09-12T13:02:53.704327+00:00,200,5395.8,
2026-09-12T13:02:37.240219+00:00,200,21934.51,
2026-09-12T13:01:58.066252+00:00,200,61143.88,
2026-09-12T13:01:41.763271+00:00,200,77449.78,
2026-09-12T13:00:46.688431+00:00,200,132530.67,
2026-09-12T13:02:00.228076+00:00,200,59030.32,
2026-09-12T13:01:15.555721+00:00,200,103725.54,
2026-09-12T13:01:46.144917+00:00,200,73149.76,
2026-09-12T13:01:25.541471+00:00,200,93772.6,
2026-09-12T13:02:04.573211+00:00,200,54753.51,
2026-09-12T13:01:46.003431+00:00,200,73336.99,
2026-09-12T13:01:47.888596+00:00,200,71509.86,
2026-09-12T13:02:10.677658+00:00,200,48727.11,
2026-09-12T13:01:21.095812+00:00,200,98319.11,
2026-09-12T13:01:50.308448+00:00,200,69144.39,
2026-09-12T13:00:33.251343+00:00,200,146217.01,
2026-09-12T13:02:50.757407+00:00,200,8725.17,
2026-09-12T13:01:21.131525+00:00,200,98365.05,
2026-09-12T13:01:06.896707+00:00,200,112617.92,
2026-09-12T13:02:27.389669+00:00,200,32198.68,
2026-09-12T13:01:23.706091+00:00,200,95892.78,
2026-09-12T13:02:23.404243+00:00,200,36201.77,
2026-09-12T13:02:37.534008+00:00,200,22076.14,
2026-09-12T13:02:43.238951+00:00,200,16389.01,
2026-09-12T13:01:15.581369+00:00,200,104084.99,
2026-09-12T13:02:19.593859+00:00,200,40093.14,
2026-09-12T13:01:15.057788+00:00,200,104635.05,
2026-09-12T13:02:12.522396+00:00,200,47175.79,
2026-09-12T13:02:06.387045+00:00,200,53313.46,
2026-09-12T13:01:10.973588+00:00,200,108764.92,
2026-09-12T13:02:03.303892+00:00,200,56441.91,
2026-09-12T13:01:45.937173+00:00,200,73818.37,
2026-09-12T13:01:20.770053+00:00,200,98990.53,
2026-09-12T13:02:15.871563+00:00,200,43892.07,
2026-09-12T13:01:48.434657+00:00,200,71333.98,
2026-09-12T13:02:04.513991+00:00,200,55260.68,
2026-09-12T13:01:04.877212+00:00,200,114952.24,
2026-09-12T13:02:22.019065+00:00,200,37819.24,
2026-09-12T13:01:50.750869+00:00,200,69125.61,
2026-09-12T13:01:59.301048+00:00,200,60587.05,
2026-09-12T13:02:27.983282+00:00,200,31909.69,
2026-09-12T13:02:23.414851+00:00,200,36485.13,
2026-09-12T13:02:18.440531+00:00,200,41468.1,
2026-09-12T13:02:06.240057+00:00,200,53680.9,
2026-09-12T13:02:41.473160+00:00,200,18453.35,
2026-09-12T13:01:26.459998+00:00,200,93502.13,
2026-09-12T13:02:23.645567+00:00,200,36345.92,
2026-09-12T13:02:01.845171+00:00,200,58170.71,
2026-09-12T13:02:06.542394+00:00,200,53484.02,
2026-09-12T13:02:18.945593+00:00,200,41083.16,
2026-09-12T13:02:54.575246+00:00,200,5531.08,
2026-09-12T13:01:36.326033+00:00,200,83858.76,
2026-09-12T13:02:59.774682+00:00,200,420.9,
2026-09-12T13:02:21.024376+00:00,200,39192.28,
2026-09-12T13:00:35.436175+00:00,200,144792.78,
2026-09-12T13:02:09.601737+00:00,200,50654.42,
2026-09-12T13:02:07.343305+00:00,200,52919.65,
2026-09-12T13:01:43.020077+00:00,200,77253.0,
2026-09-12T13:02:05.966765+00:00,200,54308.41,
2026-09-12T13:02:08.241032+00:00,200,52061.44,
2026-09-12T13:02:59.468364+00:00,200,836.44,
2026-09-12T13:02:23.983438+00:00,200,36362.23,
2026-09-12T13:01:06.758296+00:00,200,113599.08,
2026-09-12T13:00:58.549717+00:00,200,121811.49,
2026-09-12T13:02:05.512587+00:00,200,54852.32,
2026-09-12T13:01:34.422948+00:00,200,86012.85,
2026-09-12T13:02:18.548263+00:00,200,41890.43,
2026-09-12T13:02:00.783271+00:00,200,59657.42,
2026-09-12T13:02:44.603484+00:00,200,15842.87,
2026-09-12T13:02:18.116991+00:00,200,42344.14,
2026-09-12T13:02:17.635133+00:00,200,42833.98,
2026-09-12T13:02:27.309586+00:00,200,33179.17,
2026-09-12T13:02:59.588368+00:00,200,924.98,
2026-09-12T13:02:25.852489+00:00,200,34672.0,
2026-09-12T13:02:54.349704+00:00,200,6193.62,
2026-09-12T13:02:35.412369+00:00,200,25139.39,
2026-09-12T13:02:14.432824+00:00,200,46149.59,
2026-09-12T13:01:52.114722+00:00,200,68519.83,
2026-09-12T13:02:49.139869+00:00,200,11509.69,
2026-09-12T13:01:44.947099+00:00,200,75715.5,
2026-09-12T13:02:34.381537+00:00,200,26316.47,
2026-09-12T13:02:15.776589+00:00,200,44980.55,
2026-09-12T13:02:03.512105+00:00,200,57260.26,
2026-09-12T13:02:45.981229+00:00,200,14823.67,
2026-09-12T13:02:25.535486+00:00,200,35292.24,
2026-09-12T13:01:17.952807+00:00,200,102877.8,
2026-09-12T13:02:07.092168+00:00,200,53785.7,
2026-09-12T13:01:15.345732+00:00,200,105536.3,
2026-09-12T13:02:28.000877+00:00,200,32934.6,
2026-09-12T13:01:28.762808+00:00,200,92187.03,
2026-09-12T13:02:34.021320+00:00,200,26944.67,
2026-09-12T13:01:35.913914+00:00,200,85060.43,
2026-09-12T13:00:24.020816+00:00,200,156962.59,
2026-09-12T13:01:44.169337+00:00,200,76816.03,
2026-09-12T13:02:57.922478+00:00,200,3073.58,
2026-09-12T13:02:24.511834+00:00,200,36492.76,
2026-09-12T13:02:38.266101+00:00,200,22745.0,
2026-09-12T13:02:05.463965+00:00,200,55561.65,
2026-09-12T13:02:45.698185+00:00,200,15332.19,
2026-09-12T13:03:00.634590+00:00,200,411.8,
2026-09-12T13:01:03.505317+00:00,200,117546.94,
2026-09-12T13:02:13.565408+00:00,200,47501.73,
2026-09-12T13:01:52.550141+00:00,200,68572.54,
2026-09-12T13:02:36.210527+00:00,200,24931.33,
2026-09-12T13:01:00.420594+00:00,200,120730.66,
2026-09-12T13:02:21.164764+00:00,200,40071.02,
2026-09-12T13:02:30.166242+00:00,200,31075.01,
2026-09-12T13:02:05.686499+00:00,200,55559.89,
2026-09-12T13:01:47.635430+00:00,200,73640.64,
2026-09-12T13:01:45.787092+00:00,200,75509.46,
2026-09-12T13:01:45.168509+00:00,200,76148.41,
2026-09-12T13:02:50.936124+00:00,200,10419.42,
2026-09-12T13:00:58.552018+00:00,200,122809.3,
2026-09-12T13:02:01.915652+00:00,200,59457.68,
2026-09-12T13:01:34.228672+00:00,200,87165.87,
2026-09-12T13:01:54.674956+00:00,200,66722.92,
2026-09-12T13:02:53.554797+00:00,200,7898.2,
2026-09-12T13:02:19.656925+00:00,200,41820.15,
2026-09-12T13:02:25.686760+00:00,200,35794.39,
2026-09-12T13:02:57.466032+00:00,200,4035.75,
2026-09-12T13:02:23.024484+00:00,200,38493.97,
2026-09-12T13:02:03.881682+00:00,200,57694.35,
2026-09-12T13:01:50.555102+00:00,200,71036.66,
2026-09-12T13:02:00.855571+00:00,200,60751.24,
2026-09-12T13:02:10.236223+00:00,200,51393.99,
2026-09-12T13:00:59.659804+00:00,200,121983.99,
2026-09-12T13:02:47.586034+00:00,200,14066.29,
2026-09-12T13:01:51.367284+00:00,200,70300.37,
2026-09-12T13:02:39.272020+00:00,200,22418.19,
2026-09-12T13:00:53.620433+00:00,200,128088.11,
2026-09-12T13:02:39.328445+00:00,200,22383.06,
2026-09-12T13:02:30.698418+00:00,200,31039.95,
2026-09-12T13:02:27.494831+00:00,200,34323.08,
2026-09-12T13:02:23.389719+00:00,200,38438.34,
2026-09-12T13:01:08.958538+00:00,200,112879.89,
2026-09-12T13:02:06.968062+00:00,200,54883.24,
2026-09-12T13:02:10.632481+00:00,200,51298.69,
2026-09-12T13:01:39.054173+00:00,200,82884.54,
2026-09-12T13:02:16.895204+00:00,200,45069.92,
2026-09-12T13:00:52.356673+00:00,200,129617.6,
2026-09-12T13:02:25.460578+00:00,200,36527.67,
2026-09-12T13:01:54.791431+00:00,200,67202.62,
2026-09-12T13:00:50.561354+00:00,200,131444.35,
2026-09-12T13:01:56.978526+00:00,200,65032.69,
2026-09-12T13:01:34.765728+00:00,200,87264.92,
2026-09-12T13:01:58.794293+00:00,200,63247.94,
2026-09-12T13:01:51.155985+00:00,200,70890.25,
2026-09-12T13:03:01.576060+00:00,200,496.78,
2026-09-12T13:01:03.135514+00:00,200,118963.83,
2026-09-12T13:00:55.181836+00:00,200,126942.64,
2026-09-12T13:03:01.355570+00:00,200,774.57,
2026-09-12T13:02:34.924814+00:00,200,27238.54,
2026-09-12T13:01:50.779341+00:00,200,71405.97,
2026-09-12T13:02:01.082781+00:00,200,61114.94,
2026-09-12T13:02:24.149756+00:00,200,38076.36,
2026-09-12T13:01:53.075408+00:00,200,69158.12,
2026-09-12T13:01:00.723932+00:00,200,121528.78,
2026-09-12T13:01:54.379510+00:00,200,67900.68,
2026-09-12T13:02:51.104125+00:00,200,11192.89,
2026-09-12T13:01:01.593906+00:00,200,120716.1,
2026-09-12T13:01:32.023531+00:00,200,90297.34,
2026-09-12T13:01:38.303206+00:00,200,84184.82,
2026-09-12T13:02:16.367668+00:00,200,46124.36,
2026-09-12T13:02:27.410079+00:00,200,35105.61,
2026-09-12T13:01:31.397213+00:00,200,91126.85,
2026-09-12T13:02:11.784765+00:00,200,50749.32,
2026-09-12T13:02:38.093454+00:00,200,24445.36,
2026-09-12T13:02:24.180748+00:00,200,38372.21,
2026-09-12T13:01:56.145885+00:00,200,66453.18,
2026-09-12T13:02:39.606577+00:00,200,23022.35,
2026-09-12T13:01:36.900671+00:00,200,85785.06,
2026-09-12T13:02:07.010037+00:00,200,55707.53,
2026-09-12T13:03:02.130146+00:00,200,590.17,
2026-09-12T13:02:40.323224+00:00,200,22439.29,
2026-09-12T13:02:55.529744+00:00,200,7238.82,
2026-09-12T13:01:36.572070+00:00,200,86208.32,
2026-09-12T13:01:55.010361+00:00,200,67780.54,
2026-09-12T13:02:05.287053+00:00,200,57524.52,
2026-09-12T13:01:33.280440+00:00,200,89552.77,
2026-09-12T13:02:37.292937+00:00,200,25572.5,
2026-09-12T13:01:49.134449+00:00,200,73739.52,
2026-09-12T13:01:42.390567+00:00,200,80496.18,
2026-09-12T13:02:36.331022+00:00,200,26561.35,
2026-09-12T13:01:30.618483+00:00,200,92312.44,
2026-09-12T13:00:44.199905+00:00,200,138744.73,
2026-09-12T13:02:43.527387+00:00,200,19476.96,
2026-09-12T13:03:00.184807+00:00,200,2846.06,
2026-09-12T13:02:20.852207+00:00,200,42182.02,
2026-09-12T13:02:39.717850+00:00,200,23320.33,
2026-09-12T13:01:09.951538+00:00,200,113098.93,
2026-09-12T13:01:16.051099+00:00,200,107037.96,
2026-09-12T13:01:52.316508+00:00,200,70797.23,
2026-09-12T13:01:00.198100+00:00,200,122954.39,
2026-09-12T13:02:26.012742+00:00,200,37262.29,
2026-09-12T13:02:03.250124+00:00,200,60032.9,
2026-09-12T13:01:55.192399+00:00,200,68094.57,
2026-09-12T13:02:20.553997+00:00,200,42748.64,
2026-09-12T13:00:56.040890+00:00,200,127277.02,
2026-09-12T13:02:19.682613+00:00,200,43649.98,
2026-09-12T13:01:28.765654+00:00,200,94571.22,
2026-09-12T13:02:19.256186+00:00,200,44101.11,
2026-09-12T13:01:13.527394+00:00,200,109835.61,
2026-09-12T13:02:59.829477+00:00,200,3578.74,
2026-09-12T13:02:04.575870+00:00,200,58855.58,
2026-09-12T13:02:02.212190+00:00,200,61224.64,
2026-09-12T13:01:38.972851+00:00,200,84466.03,
2026-09-12T13:02:06.756050+00:00,200,56701.92,
2026-09-12T13:02:04.649791+00:00,200,58812.29,
2026-09-12T13:02:39.082964+00:00,200,24426.79,
2026-09-12T13:02:58.840016+00:00,200,4689.83,
2026-09-12T13:00:44.374147+00:00,200,139180.14,
2026-09-12T13:01:26.421620+00:00,200,97146.38,
2026-09-12T13:02:11.745696+00:00,200,51825.53,
2026-09-12T13:01:43.401017+00:00,200,80179.57,
2026-09-12T13:03:00.435819+00:00,200,3155.23,
2026-09-12T13:03:03.286972+00:00,200,360.97,
2026-09-12T13:02:59.698193+00:00,200,3958.13,
2026-09-12T13:01:23.523028+00:00,200,100137.76,
2026-09-12T13:01:50.940454+00:00,200,72794.83,
2026-09-12T13:02:21.316235+00:00,200,42422.01,
2026-09-12T13:01:26.686997+00:00,200,97067.65,
2026-09-12T13:02:48.761306+00:00,200,15000.07,
2026-09-12T13:02:36.859652+00:00,200,26981.34,
2026-09-12T13:02:26.917783+00:00,200,36930.7,
2026-09-12T13:01:50.778314+00:00,200,73080.47,
2026-09-12T13:02:29.505174+00:00,200,34391.18,
2026-09-12T13:01:34.082956+00:00,200,89821.65,
2026-09-12T13:00:38.169688+00:00,200,145741.84,
2026-09-12T13:01:47.175829+00:00,200,76738.47,
2026-09-12T13:02:16.528577+00:00,200,47398.19,
2026-09-12T13:02:22.874801+00:00,200,41090.33,
2026-09-12T13:01:37.916621+00:00,200,86069.9,
2026-09-12T13:02:39.106745+00:00,200,24891.42,
2026-09-12T13:00:48.413178+00:00,200,135587.02,
2026-09-12T13:02:18.342329+00:00,200,45662.36,
2026-09-12T13:01:52.655339+00:00,200,71356.08,
2026-09-12T13:01:12.555150+00:00,200,111476.66,
2026-09-12T13:02:30.937110+00:00,200,33147.59,
2026-09-12T13:01:30.850139+00:00,200,93237.56,
2026-09-12T13:01:42.231538+00:00,200,81870.44,
2026-09-12T13:02:25.672598+00:00,200,38434.68,
2026-09-12T13:01:59.453238+00:00,200,64659.49,
2026-09-12T13:02:02.819717+00:00,200,61350.27,
2026-09-12T13:01:46.177417+00:00,200,77997.95,
2026-09-12T13:00:35.350809+00:00,200,148841.52,
2026-09-12T13:03:00.757162+00:00,200,3510.25,
2026-09-12T13:01:48.700196+00:00,200,75585.91,
2026-09-12T13:02:10.425822+00:00,200,53869.87,
2026-09-12T13:02:25.637960+00:00,200,38702.08,
2026-09-12T13:02:14.112069+00:00,200,50247.74,
2026-09-12T13:02:29.388920+00:00,200,34985.13,
2026-09-12T13:01:41.964268+00:00,200,82450.7,
2026-09-12T13:00:45.432718+00:00,200,138997.25,
2026-09-12T13:00:55.731476+00:00,200,128706.55,
2026-09-12T13:02:07.947760+00:00,200,56496.4,
2026-09-12T13:01:22.306956+00:00,200,102141.27,
2026-09-12T13:01:22.059782+00:00,200,102426.08,
2026-09-12T13:02:51.413224+00:00,200,13091.06,
2026-09-12T13:02:39.823630+00:00,200,24695.49,
2026-09-12T13:01:45.509584+00:00,200,79020.87,
2026-09-12T13:02:17.573833+00:00,200,46978.03,
2026-09-12T13:01:49.856219+00:00,200,74708.75,
2026-09-12T13:01:59.741194+00:00,200,64853.74,
2026-09-12T13:01:08.892587+00:00,200,115704.24,
2026-09-12T13:02:14.450468+00:00,200,50159.85,
2026-09-12T13:02:15.849030+00:00,200,48769.01,
2026-09-12T13:01:16.359898+00:00,200,108276.42,
2026-09-12T13:03:01.241271+00:00,200,3410.07,
2026-09-12T13:02:08.742146+00:00,200,55943.24,
2026-09-12T13:01:40.798527+00:00,200,83893.17,
2026-09-12T13:03:03.283035+00:00,200,1433.55,
2026-09-12T13:01:00.055679+00:00,200,124710.36,
2026-09-12T13:02:03.959025+00:00,200,60843.36,
2026-09-12T13:02:03.220253+00:00,200,61634.85,
2026-09-12T13:01:47.583197+00:00,200,77301.69,
2026-09-12T13:01:24.658382+00:00,200,100229.35,
2026-09-12T13:01:37.990114+00:00,200,86911.41,
2026-09-12T13:02:25.737881+00:00,200,39169.5,
2026-09-12T13:01:15.712741+00:00,200,109206.35,
2026-09-12T13:02:32.204923+00:00,200,32723.8,
2026-09-12T13:01:47.507291+00:00,200,77434.34,
2026-09-12T13:02:29.853746+00:00,200,35116.15,
2026-09-12T13:01:14.908055+00:00,200,110081.04,
2026-09-12T13:01:23.053795+00:00,200,101939.29,
2026-09-12T13:02:55.649373+00:00,200,9354.92,
2026-09-12T13:00:40.040894+00:00,200,144980.22,
2026-09-12T13:01:38.222278+00:00,200,86825.8,
2026-09-12T13:02:06.835333+00:00,200,58253.1,
2026-09-12T13:02:37.841726+00:00,200,27268.24,
2026-09-12T13:02:08.133312+00:00,200,57016.11,
2026-09-12T13:02:19.103648+00:00,200,46058.17,
2026-09-12T13:02:08.535360+00:00,200,56628.57,
2026-09-12T13:02:36.428208+00:00,200,28754.38,
2026-09-12T13:02:53.779467+00:00,200,11420.58,
2026-09-12T13:02:40.413387+00:00,200,24790.21,
2026-09-12T13:00:59.913105+00:00,200,125347.19,
2026-09-12T13:01:13.330678+00:00,200,111934.43,
2026-09-12T13:02:39.675454+00:00,200,25591.85,
2026-09-12T13:02:15.074193+00:00,200,50199.61,
2026-09-12T13:01:59.878428+00:00,200,65407.82,
2026-09-12T13:01:34.231449+00:00,200,91081.13,
2026-09-12T13:03:01.817928+00:00,200,3507.61,
2026-09-12T13:01:57.660036+00:00,200,67668.8,
2026-09-12T13:02:13.005584+00:00,200,52342.61,
2026-09-12T13:02:19.033699+00:00,200,46393.62,
2026-09-12T13:01:35.289867+00:00,200,90162.64,
2026-09-12T13:02:14.849159+00:00,200,50607.63,
2026-09-12T13:02:08.741158+00:00,200,56725.92,
2026-09-12T13:01:01.348139+00:00,200,124120.94,
2026-09-12T13:02:26.728635+00:00,200,38753.56,
2026-09-12T13:02:44.421612+00:00,200,21089.55,
2026-09-12T13:02:12.530063+00:00,200,52984.08,
2026-09-12T13:02:15.378702+00:00,200,50195.29,
2026-09-12T13:00:56.783491+00:00,200,128832.34,
2026-09-12T13:03:00.228965+00:00,200,5427.94,
2026-09-12T13:02:42.142732+00:00,200,23548.35,
2026-09-12T13:02:23.510600+00:00,200,42182.56,
2026-09-12T13:01:59.849369+00:00,200,65909.27,
2026-09-12T13:02:16.342096+00:00,200,49462.17,
2026-09-12T13:02:07.747160+00:00,200,58088.3,
2026-09-12T13:02:00.640225+00:00,200,65205.99,
2026-09-12T13:01:48.401512+00:00,200,77448.5,
2026-09-12T13:01:32.616256+00:00,200,93262.78,
2026-09-12T13:00:51.009841+00:00,200,134888.57,
2026-09-12T13:02:25.114296+00:00,200,40837.06,
2026-09-12T13:02:52.746728+00:00,200,13207.98,
2026-09-12T13:02:33.547961+00:00,200,32428.82,
2026-09-12T13:01:57.441407+00:00,200,68554.75,
2026-09-12T13:02:01.715551+00:00,200,64286.76,
2026-09-12T13:02:01.562918+00:00,200,64445.73,
2026-09-12T13:02:07.649870+00:00,200,58369.37,
2026-09-12T13:01:45.887898+00:00,200,80134.4,
2026-09-12T13:01:53.845131+00:00,200,72203.49,
2026-09-12T13:01:08.163037+00:00,200,117912.83,
2026-09-12T13:02:12.388976+00:00,200,53699.23,
2026-09-12T13:00:46.753583+00:00,200,139405.08,
2026-09-12T13:02:39.724734+00:00,200,26440.61,
2026-09-12T13:01:11.379598+00:00,200,114845.91,
2026-09-12T13:02:00.337683+00:00,200,65952.05,
2026-09-12T13:03:02.042241+00:00,200,4259.37,
2026-09-12T13:01:08.189665+00:00,200,118117.47,
2026-09-12T13:02:40.999492+00:00,200,25311.52,
2026-09-12T13:01:24.952010+00:00,200,101371.96,
2026-09-12T13:03:02.488050+00:00,200,3851.6,
2026-09-12T13:02:29.165591+00:00,200,37187.76,
2026-09-12T13:01:57.715591+00:00,200,68660.39,
2026-09-12T13:02:05.054940+00:00,200,61328.71,
2026-09-12T13:01:20.670675+00:00,200,105765.81,
2026-09-12T13:01:26.038844+00:00,200,100437.94,
2026-09-12T13:02:14.769111+00:00,200,51739.79,
2026-09-12T13:03:06.165356+00:00,200,351.38,
2026-09-12T13:02:03.951710+00:00,200,62590.63,
2026-09-12T13:02:35.179004+00:00,200,31380.6,
2026-09-12T13:01:26.416079+00:00,200,100146.5,
2026-09-12T13:02:06.524288+00:00,200,60041.2,
2026-09-12T13:02:59.482579+00:00,200,7085.97,
2026-09-12T13:00:28.433599+00:00,200,158136.9,
2026-09-12T13:02:00.394810+00:00,200,66201.33,
2026-09-12T13:02:31.360889+00:00,200,35270.21,
2026-09-12T13:02:38.055459+00:00,200,28580.81,
2026-09-12T13:01:05.384971+00:00,200,121271.07,
2026-09-12T13:02:53.400630+00:00,200,13263.92,
2026-09-12T13:02:57.231924+00:00,200,9442.34,
2026-09-12T13:02:35.184232+00:00,200,31564.86,
2026-09-12T13:01:10.092256+00:00,200,116666.89,
2026-09-12T13:02:35.614753+00:00,200,31157.05,
2026-09-12T13:02:03.920297+00:00,200,62866.67,
2026-09-12T13:02:38.586756+00:00,200,28211.53,
2026-09-12T13:03:02.011229+00:00,200,4794.53,
2026-09-12T13:02:23.611206+00:00,200,43201.7,
2026-09-12T13:02:20.104298+00:00,200,46723.76,
2026-09-12T13:02:36.943135+00:00,200,29895.14,
2026-09-12T13:01:59.801608+00:00,200,67063.84,
2026-09-12T13:01:49.745182+00:00,200,77151.85,
2026-09-12T13:02:31.511669+00:00,200,35388.1,
2026-09-12T13:02:36.103330+00:00,200,30813.14,
2026-09-12T13:01:03.438488+00:00,200,123496.4,
2026-09-12T13:01:42.485999+00:00,200,84458.32,
2026-09-12T13:02:56.462679+00:00,200,10544.0,
2026-09-12T13:03:00.882040+00:00,200,6131.8,
2026-09-12T13:01:11.880955+00:00,200,115165.07,
2026-09-12T13:02:03.430674+00:00,200,63620.86,
2026-09-12T13:01:54.505033+00:00,200,72586.09,
2026-09-12T13:02:15.710820+00:00,200,51410.45,
2026-09-12T13:02:44.100950+00:00,200,23033.05,
2026-09-12T13:03:04.429979+00:00,200,2707.73,
2026-09-12T13:01:53.672468+00:00,200,73469.72,
2026-09-12T13:02:33.841658+00:00,200,33337.82,
2026-09-12T13:02:58.584720+00:00,200,8635.22,
2026-09-12T13:01:14.295756+00:00,200,112946.49,
2026-09-12T13:02:39.982791+00:00,200,27341.34,
2026-09-12T13:01:31.979134+00:00,200,95357.22,
2026-09-12T13:01:59.840391+00:00,200,67504.21,
2026-09-12T13:01:19.782009+00:00,200,107597.32,
2026-09-12T13:00:48.968530+00:00,200,138424.63,
2026-09-12T13:01:53.971596+00:00,200,73429.43,
2026-09-12T13:00:55.302477+00:00,200,132113.77,
2026-09-12T13:02:33.593034+00:00,200,33847.1,
2026-09-12T13:02:39.442325+00:00,200,28002.62,
2026-09-12T13:02:54.621781+00:00,200,12828.85,
2026-09-12T13:01:46.196254+00:00,200,81267.6,
2026-09-12T13:02:44.093056+00:00,200,23428.67,
2026-09-12T13:00:54.698180+00:00,200,132840.73,
2026-09-12T13:02:01.224323+00:00,200,66331.9,
2026-09-12T13:01:30.492778+00:00,200,97074.29,
2026-09-12T13:00:57.896173+00:00,200,129676.14,
2026-09-12T13:02:24.178612+00:00,200,43442.18,
2026-09-12T13:01:24.614148+00:00,200,103014.42,
2026-09-12T13:02:41.398210+00:00,200,26286.31,
2026-09-12T13:01:50.615075+00:00,200,77087.03,
2026-09-12T13:03:07.324185+00:00,200,385.74,
2026-09-12T13:02:08.638298+00:00,200,59077.44,
2026-09-12T13:01:55.204450+00:00,200,72534.81,
2026-09-12T13:01:33.112457+00:00,200,94663.38,
2026-09-12T13:01:30.461023+00:00,200,97332.49,
2026-09-12T13:01:43.946178+00:00,200,83854.06,
2026-09-12T13:01:31.434726+00:00,200,96368.44,
2026-09-12T13:01:16.304306+00:00,200,111539.74,
2026-09-12T13:00:35.893484+00:00,200,151957.05,
2026-09-12T13:01:52.077337+00:00,200,75786.56,
2026-09-12T13:02:08.248982+00:00,200,59626.2,
2026-09-12T13:02:09.922253+00:00,200,57958.52,
2026-09-12T13:02:04.864441+00:00,200,63046.66,
2026-09-12T13:02:19.795924+00:00,200,48137.51,
2026-09-12T13:02:31.281997+00:00,200,36688.92,
2026-09-12T13:01:17.449798+00:00,200,110526.52,
2026-09-12T13:01:27.217209+00:00,200,100763.59,
2026-09-12T13:02:40.765699+00:00,200,27241.17,
2026-09-12T13:01:58.949599+00:00,200,69073.58,
2026-09-12T13:01:10.142756+00:00,200,117889.76,
2026-09-12T13:00:53.694501+00:00,200,134368.75,
2026-09-12T13:01:32.652580+00:00,200,95422.59,
2026-09-12T13:02:17.904446+00:00,200,50185.6,
2026-09-12T13:02:03.896058+00:00,200,64199.43,
2026-09-12T13:02:34.228827+00:00,200,33874.87,
2026-09-12T13:01:07.005696+00:00,200,121119.36,
2026-09-12T13:01:30.064711+00:00,200,98071.12,
2026-09-12T13:01:36.785391+00:00,200,91352.48,
2026-09-12T13:02:31.012271+00:00,200,37254.41,
2026-09-12T13:01:57.520132+00:00,200,70748.56,
2026-09-12T13:02:36.435594+00:00,200,31843.74,
2026-09-12T13:02:59.213067+00:00,200,9072.26,
2026-09-12T13:00:35.178435+00:00,200,153126.27,
2026-09-12T13:01:32.879044+00:00,200,95445.8,
2026-09-12T13:01:41.585253+00:00,200,86759.06,
2026-09-12T13:01:47.281412+00:00,200,81074.73,
2026-09-12T13:02:53.640933+00:00,200,14737.32,
2026-09-12T13:02:37.843274+00:00,200,30544.24,
2026-09-12T13:02:49.925495+00:00,200,18492.01,
2026-09-12T13:01:27.957303+00:00,200,100465.98,
2026-09-12T13:02:29.275198+00:00,200,39185.99,
2026-09-12T13:01:36.123012+00:00,200,92361.67,
2026-09-12T13:02:24.179711+00:00,200,44344.8,
2026-09-12T13:01:49.773646+00:00,200,78761.99,
2026-09-12T13:02:08.471421+00:00,200,60103.82,
2026-09-12T13:02:23.671015+00:00,200,44922.34,
2026-09-12T13:02:44.533074+00:00,200,24082.62,
2026-09-12T13:02:04.370839+00:00,200,64261.82,
2026-09-12T13:01:43.955343+00:00,200,84779.14,
2026-09-12T13:03:05.835482+00:00,200,2909.33,
2026-09-12T13:02:39.213317+00:00,200,29599.1,
2026-09-12T13:02:33.604749+00:00,200,35214.08,
2026-09-12T13:02:31.710478+00:00,200,37150.7,
2026-09-12T13:02:30.227955+00:00,200,38637.58,
2026-09-12T13:01:49.812219+00:00,200,79056.14,
2026-09-12T13:01:02.489407+00:00,200,126419.46,
2026-09-12T13:02:37.874272+00:00,200,31036.81,
2026-09-12T13:01:52.601248+00:00,200,76333.64,
2026-09-12T13:01:46.016184+00:00,200,82999.24,
2026-09-12T13:03:08.575265+00:00,200,443.77,
2026-09-12T13:02:42.959594+00:00,200,26111.0,
2026-09-12T13:03:04.444171+00:00,200,4643.19,
2026-09-12T13:01:39.304979+00:00,200,89814.25,
2026-09-12T13:02:03.003944+00:00,200,66119.97,
2026-09-12T13:01:00.761717+00:00,200,128401.87,
2026-09-12T13:01:24.974549+00:00,200,104205.71,
2026-09-12T13:02:38.828833+00:00,200,30364.69,
2026-09-12T13:01:58.555178+00:00,200,70679.67,
2026-09-12T13:01:49.213820+00:00,200,80051.3,
2026-09-12T13:01:39.141590+00:00,200,90131.4,
2026-09-12T13:02:23.823301+00:00,200,45459.54,
2026-09-12T13:02:59.760594+00:00,200,9542.24,
2026-09-12T13:02:27.157754+00:00,200,42147.58,
2026-09-12T13:02:45.924895+00:00,200,23384.19,
2026-09-12T13:01:08.497206+00:00,200,120834.81,
2026-09-12T13:01:43.163728+00:00,200,86178.07,
2026-09-12T13:02:26.006168+00:00,200,43342.83,
2026-09-12T13:01:04.868495+00:00,200,124487.75,
2026-09-12T13:01:11.519809+00:00,200,117845.59,
2026-09-12T13:01:43.956862+00:00,200,85433.63,
2026-09-12T13:01:47.024701+00:00,200,82367.87,
2026-09-12T13:02:39.782330+00:00,200,29613.68,
2026-09-12T13:02:27.645822+00:00,200,41782.82,
2026-09-12T13:02:45.592115+00:00,200,23842.4,
2026-09-12T13:02:40.596508+00:00,200,28843.96,
2026-09-12T13:03:05.312596+00:00,200,4138.19,
2026-09-12T13:01:09.600803+00:00,200,119903.48,
2026-09-12T13:02:31.683270+00:00,200,37848.94,
2026-09-12T13:02:24.355213+00:00,200,45198.41,
2026-09-12T13:02:34.531710+00:00,200,35025.3,
2026-09-12T13:02:24.673565+00:00,200,44959.93,
2026-09-12T13:01:19.710165+00:00,200,109950.52,
2026-09-12T13:00:53.439149+00:00,200,136245.74,
2026-09-12T13:00:46.248161+00:00,200,143451.2,
2026-09-12T13:01:32.449021+00:00,200,97252.56,
2026-09-12T13:02:24.960385+00:00,200,44751.6,
2026-09-12T13:02:39.609843+00:00,200,30107.79,
2026-09-12T13:02:14.922213+00:00,200,54801.9,
2026-09-12T13:03:01.738380+00:00,200,8059.03,
2026-09-12T13:01:50.497913+00:00,200,79343.88,
2026-09-12T13:01:46.905575+00:00,200,82941.63,
2026-09-12T13:01:53.293062+00:00,200,76575.51,
2026-09-12T13:01:23.788585+00:00,200,106097.28,
2026-09-12T13:00:55.955114+00:00,200,133936.55,
2026-09-12T13:02:26.447119+00:00,200,43446.5,
2026-09-12T13:02:32.210306+00:00,200,37711.99,
2026-09-12T13:01:49.088576+00:00,200,80883.86,
2026-09-12T13:02:17.498607+00:00,200,52477.7,
2026-09-12T13:02:50.623694+00:00,200,19405.59,
2026-09-12T13:02:48.690360+00:00,200,21352.52,
2026-09-12T13:02:38.305962+00:00,200,31790.3,
2026-09-12T13:02:51.896749+00:00,200,18237.13,
2026-09-12T13:01:28.523748+00:00,200,101618.5,
2026-09-12T13:01:12.875702+00:00,200,117270.64,
2026-09-12T13:01:38.866336+00:00,200,91294.56,
2026-09-12T13:03:08.615706+00:00,200,1551.15,
2026-09-12T13:03:02.005714+00:00,200,8163.15,
2026-09-12T13:01:35.221222+00:00,200,94976.33,
2026-09-12T13:02:31.912498+00:00,200,38290.44,
2026-09-12T13:02:17.469263+00:00,200,52752.81,
2026-09-12T13:00:38.245050+00:00,200,151982.3,
2026-09-12T13:02:15.009324+00:00,200,55281.28,
2026-09-12T13:02:36.855125+00:00,200,33462.35,
2026-09-12T13:01:40.718878+00:00,200,89604.59,
2026-09-12T13:02:23.702150+00:00,200,46623.29,
2026-09-12T13:00:46.652813+00:00,200,143689.72,
2026-09-12T13:01:53.680781+00:00,200,76698.57,
2026-09-12T13:02:24.814215+00:00,200,45610.43,
2026-09-12T13:01:26.765260+00:00,200,103676.33,
2026-09-12T13:02:53.713366+00:00,200,16733.9,
2026-09-12T13:02:04.017940+00:00,200,66438.0,
2026-09-12T13:01:05.924582+00:00,200,124561.69,
2026-09-12T13:03:10.096284+00:00,200,401.37,
2026-09-12T13:01:22.878700+00:00,200,107679.83,
2026-09-12T13:01:38.936446+00:00,200,91628.87,
2026-09-12T13:02:36.112306+00:00,200,34500.69,
2026-09-12T13:02:43.483929+00:00,200,27134.09,
2026-09-12T13:00:59.846701+00:00,200,130791.86,
2026-09-12T13:02:20.431436+00:00,200,50227.17,
2026-09-12T13:01:08.101499+00:00,200,122563.12,
2026-09-12T13:01:25.350634+00:00,200,105328.67,
2026-09-12T13:01:24.199874+00:00,200,106507.42,
2026-09-12T13:02:49.556421+00:00,200,21186.78,
2026-09-12T13:01:47.558667+00:00,200,83225.85,
2026-09-12T13:02:16.038488+00:00,200,54749.84,
2026-09-12T13:01:27.184406+00:00,200,103612.99,
2026-09-12T13:02:20.903996+00:00,200,49901.23,
2026-09-12T13:01:59.388127+00:00,200,71432.46,
2026-09-12T13:02:07.265403+00:00,200,63582.94,
2026-09-12T13:02:03.476120+00:00,200,67377.6,
2026-09-12T13:02:10.045821+00:00,200,60812.32,
2026-09-12T13:01:49.106872+00:00,200,81783.72,
2026-09-12T13:01:47.903814+00:00,200,83005.15,
2026-09-12T13:01:10.104383+00:00,200,120812.86,
2026-09-12T13:02:24.272695+00:00,200,46653.97,
2026-09-12T13:02:09.182689+00:00,200,61754.02,
2026-09-12T13:02:16.039484+00:00,200,54904.08,
2026-09-12T13:01:23.393061+00:00,200,107633.38,
2026-09-12T13:02:06.126968+00:00,200,64911.19,
2026-09-12T13:02:52.564018+00:00,200,18509.05,
2026-09-12T13:02:03.936208+00:00,200,67162.17,
2026-09-12T13:02:43.634630+00:00,200,27492.04,
2026-09-12T13:02:30.795582+00:00,200,40336.16,
2026-09-12T13:01:13.680250+00:00,200,117454.6,
2026-09-12T13:00:58.000388+00:00,200,133143.09,
2026-09-12T13:03:10.743299+00:00,200,446.92,
2026-09-12T13:02:09.546284+00:00,200,61650.13,
2026-09-12T13:01:15.067117+00:00,200,116138.61,
2026-09-12T13:01:04.658848+00:00,200,126589.96,
2026-09-12T13:01:29.556806+00:00,200,101703.77,
2026-09-12T13:01:40.026354+00:00,200,91257.14,
2026-09-12T13:01:13.782686+00:00,200,117502.98,
2026-09-12T13:02:09.278278+00:00,200,62036.07,
2026-09-12T13:00:52.359576+00:00,200,139009.97,
2026-09-12T13:02:27.841499+00:00,200,43558.28,
2026-09-12T13:02:03.305296+00:00,200,68108.39,
2026-09-12T13:01:09.705779+00:00,200,121760.96,
2026-09-12T13:01:55.472993+00:00,200,75996.61,
2026-09-12T13:02:36.322218+00:00,200,35154.0,
2026-09-12T13:02:42.796076+00:00,200,28711.84,
2026-09-12T13:02:07.314242+00:00,200,64199.07,
2026-09-12T13:01:56.249560+00:00,200,75266.89,
2026-09-12T13:01:56.482957+00:00,200,75046.43,
2026-09-12T13:00:41.399182+00:00,200,150195.16,
2026-09-12T13:01:38.809063+00:00,200,92801.85,
2026-09-12T13:01:52.296882+00:00,200,79395.95,
2026-09-12T13:02:10.637734+00:00,200,61090.62,
2026-09-12T13:03:05.286264+00:00,200,6460.47,
2026-09-12T13:03:08.461203+00:00,200,3303.25,
2026-09-12T13:02:40.600460+00:00,200,31196.4,
2026-09-12T13:02:31.491164+00:00,200,40309.5,
2026-09-12T13:02:32.471772+00:00,200,39342.64,
2026-09-12T13:01:52.783695+00:00,200,79120.86,
2026-09-12T13:01:09.476206+00:00,200,122430.33,
2026-09-12T13:02:19.734626+00:00,200,52174.29,
2026-09-12T13:02:30.104257+00:00,200,41807.11,
2026-09-12T13:02:53.304739+00:00,200,18609.59,
2026-09-12T13:01:42.028421+00:00,200,89888.35,
2026-09-12T13:01:32.054427+00:00,200,99864.77,
2026-09-12T13:02:31.873230+00:00,200,40048.42,
2026-09-12T13:02:26.455603+00:00,200,45468.42,
2026-09-12T13:02:40.893024+00:00,200,31044.62,
2026-09-12T13:01:41.312557+00:00,200,90627.26,
2026-09-12T13:01:32.413493+00:00,200,99557.45,
2026-09-12T13:02:06.932039+00:00,200,65078.05,
2026-09-12T13:01:39.034664+00:00,200,92978.91,
2026-09-12T13:01:45.008445+00:00,200,87007.73,
2026-09-12T13:01:24.813034+00:00,200,107206.39,
2026-09-12T13:02:42.573257+00:00,200,29448.79,
2026-09-12T13:03:01.630166+00:00,200,10394.34,
2026-09-12T13:02:19.239390+00:00,200,52788.35,
2026-09-12T13:02:01.222228+00:00,200,70810.25,
2026-09-12T13:02:05.127606+00:00,200,66908.12,
2026-09-12T13:01:52.477019+00:00,200,79564.73,
2026-09-12T13:02:04.883017+00:00,200,67162.13,
2026-09-12T13:01:47.334802+00:00,200,84713.72,
2026-09-12T13:01:18.207986+00:00,200,113843.52,
2026-09-12T13:01:20.542915+00:00,200,111511.45,
2026-09-12T13:01:03.102100+00:00,200,128955.08,
2026-09-12T13:03:07.440153+00:00,200,4620.09,
2026-09-12T13:02:38.180951+00:00,200,33899.42,
2026-09-12T13:02:39.952003+00:00,200,32176.14,
2026-09-12T13:02:31.424655+00:00,200,40706.45,
2026-09-12T13:01:10.942572+00:00,200,121232.79,
2026-09-12T13:02:44.095128+00:00,200,28153.71,
2026-09-12T13:02:33.630602+00:00,200,38665.16,
2026-09-12T13:01:10.021687+00:00,200,122316.48,
2026-09-12T13:01:40.332676+00:00,200,92030.42,
2026-09-12T13:02:56.951577+00:00,200,15433.94,
2026-09-12T13:02:49.028908+00:00,200,23360.91,
2026-09-12T13:01:34.912976+00:00,200,97490.65,
2026-09-12T13:01:14.257994+00:00,200,118159.75,
2026-09-12T13:00:28.290259+00:00,200,164154.56,
2026-09-12T13:00:37.007132+00:00,200,155474.2,
2026-09-12T13:02:54.419717+00:00,200,18147.42,
2026-09-12T13:00:57.436143+00:00,200,135137.94,
2026-09-12T13:01:45.532246+00:00,200,87045.19,
2026-09-12T13:00:57.633514+00:00,200,134991.31,
2026-09-12T13:02:25.000893+00:00,200,47627.22,
2026-09-12T13:03:03.336876+00:00,200,9341.57,
2026-09-12T13:02:38.161828+00:00,200,34585.49,
2026-09-12T13:02:25.339975+00:00,200,47410.3,
2026-09-12T13:01:21.974170+00:00,200,110805.0,
2026-09-12T13:01:48.647020+00:00,200,84167.42,
2026-09-12T13:02:13.463471+00:00,200,59357.19,
2026-09-12T13:02:29.799959+00:00,200,43043.54,
2026-09-12T13:01:57.639421+00:00,200,75224.73,
2026-09-12T13:02:52.056516+00:00,200,20810.66,
2026-09-12T13:01:26.366450+00:00,200,106503.54,
2026-09-12T13:02:48.365538+00:00,200,24507.53,
2026-09-12T13:02:11.231566+00:00,200,61644.51,
2026-09-12T13:02:02.863930+00:00,200,70099.05,
2026-09-12T13:00:48.432915+00:00,200,144536.63,
2026-09-12T13:01:16.270522+00:00,200,116746.11,
2026-09-12T13:02:33.881560+00:00,200,39147.41,
2026-09-12T13:00:59.182199+00:00,200,133865.97,
2026-09-12T13:02:05.291712+00:00,200,67761.32,
2026-09-12T13:01:29.045091+00:00,200,104067.68,
2026-09-12T13:02:25.404726+00:00,200,47717.72,
2026-09-12T13:02:16.815258+00:00,200,56322.95,
2026-09-12T13:01:25.321242+00:00,200,107873.95,
2026-09-12T13:01:08.088213+00:00,200,125149.14,
2026-09-12T13:02:25.585689+00:00,200,47685.42,
2026-09-12T13:02:23.949830+00:00,200,49324.61,
2026-09-12T13:01:57.799640+00:00,200,75479.49,
2026-09-12T13:02:24.310319+00:00,200,48971.97,
2026-09-12T13:01:53.520060+00:00,200,79809.73,
2026-09-12T13:02:56.334842+00:00,200,17031.1,
2026-09-12T13:01:14.744143+00:00,200,118652.76,
2026-09-12T13:02:38.636579+00:00,200,34864.23,
2026-09-12T13:01:23.856311+00:00,200,109656.63,
2026-09-12T13:02:26.098655+00:00,200,47448.32,
2026-09-12T13:01:52.840372+00:00,200,80765.85,
2026-09-12T13:01:21.050829+00:00,200,112587.03,
2026-09-12T13:01:14.167471+00:00,200,119496.49,
2026-09-12T13:02:45.808459+00:00,200,27872.7,
2026-09-12T13:02:59.738524+00:00,200,13952.37,
2026-09-12T13:02:52.263283+00:00,200,21490.42,
2026-09-12T13:03:12.248851+00:00,200,1540.94,
2026-09-12T13:02:35.854889+00:00,200,38012.04,
2026-09-12T13:01:53.511496+00:00,200,80424.78,
2026-09-12T13:01:55.376600+00:00,200,78611.43,
2026-09-12T13:03:05.021135+00:00,200,9012.07,
2026-09-12T13:02:15.761091+00:00,200,58287.62,
2026-09-12T13:02:17.731339+00:00,200,56348.04,
2026-09-12T13:02:06.557187+00:00,200,67579.34,
2026-09-12T13:01:52.947559+00:00,200,81201.74,
2026-09-12T13:01:28.550333+00:00,200,105608.59,
2026-09-12T13:03:13.637874+00:00,200,573.4,
2026-09-12T13:00:51.621803+00:00,200,142626.79,
2026-09-12T13:03:11.594369+00:00,200,2684.92,
2026-09-12T13:02:07.147846+00:00,200,67136.43,
2026-09-12T13:02:23.870671+00:00,200,50417.39,
2026-09-12T13:01:54.612341+00:00,200,79709.42,
2026-09-12T13:02:29.361886+00:00,200,44978.32,
2026-09-12T13:01:53.908299+00:00,200,80445.47,
2026-09-12T13:02:43.261227+00:00,200,31146.98,
2026-09-12T13:01:00.174774+00:00,200,134248.9,
2026-09-12T13:02:41.414355+00:00,200,33023.53,
2026-09-12T13:02:57.405232+00:00,200,17074.93,
2026-09-12T13:02:14.342865+00:00,200,60181.58,
2026-09-12T13:02:51.481182+00:00,200,23062.92,
2026-09-12T13:01:30.177391+00:00,200,104428.88,
2026-09-12T13:02:31.528264+00:00,200,43081.09,
2026-09-12T13:00:28.730298+00:00,200,165921.92,
2026-09-12T13:01:46.408263+00:00,200,88254.09,
2026-09-12T13:01:02.745272+00:00,200,131970.38,
2026-09-12T13:02:34.512752+00:00,200,40230.6,
2026-09-12T13:02:26.543013+00:00,200,48214.91,
2026-09-12T13:02:20.428161+00:00,200,54350.37,
2026-09-12T13:02:29.082139+00:00,200,45708.15,
2026-09-12T13:02:54.351771+00:00,200,20483.18,
2026-09-12T13:03:14.284280+00:00,200,577.19,
2026-09-12T13:01:19.737232+00:00,200,115127.4,
2026-09-12T13:02:43.757717+00:00,200,31119.41,
2026-09-12T13:02:25.457033+00:00,200,49441.45,
2026-09-12T13:02:26.019582+00:00,200,48897.62,
2026-09-12T13:01:12.847066+00:00,200,122073.28,
2026-09-12T13:02:43.979791+00:00,200,31047.4,
2026-09-12T13:01:43.589268+00:00,200,91446.56,
2026-09-12T13:00:54.156755+00:00,200,140887.87,
2026-09-12T13:02:34.709084+00:00,200,40383.17,
2026-09-12T13:02:08.788442+00:00,200,66343.65,
2026-09-12T13:03:04.267431+00:00,200,10875.73,
2026-09-12T13:01:51.869679+00:00,200,83279.93,
2026-09-12T13:02:18.755635+00:00,200,56455.74,
2026-09-12T13:01:36.564997+00:00,200,98670.06,
2026-09-12T13:02:43.294300+00:00,200,32055.6,
2026-09-12T13:02:17.500642+00:00,200,57859.19,
2026-09-12T13:02:20.642129+00:00,200,54733.14,
2026-09-12T13:02:01.907412+00:00,200,73521.75,
2026-09-12T13:01:11.859734+00:00,200,123572.5,
2026-09-12T13:00:43.150597+00:00,200,152353.8,
2026-09-12T13:00:45.084507+00:00,200,150479.58,
2026-09-12T13:02:10.744726+00:00,200,64847.28,
2026-09-12T13:02:41.344818+00:00,200,34352.24,
2026-09-12T13:02:05.643232+00:00,200,70135.74,
2026-09-12T13:01:12.631141+00:00,200,123207.79,
2026-09-12T13:01:44.029547+00:00,200,91812.36,
2026-09-12T13:02:39.416601+00:00,200,36435.49,
2026-09-12T13:01:27.523565+00:00,200,108387.99,
2026-09-12T13:02:25.436188+00:00,200,50478.79,
2026-09-12T13:01:52.581536+00:00,200,83346.92,
2026-09-12T13:02:43.874839+00:00,200,32116.81,
2026-09-12T13:03:11.916783+00:00,200,4090.7,
2026-09-12T13:00:40.140789+00:00,200,155896.3,
2026-09-12T13:00:46.784229+00:00,200,149261.83,
2026-09-12T13:01:27.350300+00:00,200,108752.6,
2026-09-12T13:01:44.910116+00:00,200,91207.86,
2026-09-12T13:00:55.052111+00:00,200,141081.25,
2026-09-12T13:02:15.188248+00:00,200,60956.14,
2026-09-12T13:02:50.597160+00:00,200,25561.73,
2026-09-12T13:02:23.871711+00:00,200,52330.29,
2026-09-12T13:02:02.040425+00:00,200,74243.92,
2026-09-12T13:02:28.158989+00:00,200,48136.14,
2026-09-12T13:02:28.547979+00:00,200,47776.18,
2026-09-12T13:01:35.492679+00:00,200,100844.81,
2026-09-12T13:02:32.113264+00:00,200,44233.86,
2026-09-12T13:00:38.713292+00:00,200,157711.37,
2026-09-12T13:02:02.315268+00:00,200,74233.19,
2026-09-12T13:02:00.826512+00:00,200,75778.27,
2026-09-12T13:02:01.519202+00:00,200,75116.21,
2026-09-12T13:03:10.805235+00:00,200,5836.18,
2026-09-12T13:02:41.211342+00:00,200,35447.25,
2026-09-12T13:02:09.280774+00:00,200,67474.59,
2026-09-12T13:02:06.401614+00:00,200,70373.51,
2026-09-12T13:02:25.525845+00:00,200,51255.28,
2026-09-12T13:02:49.788969+00:00,200,27028.21,
2026-09-12T13:01:55.159139+00:00,200,81701.21,
2026-09-12T13:02:11.224570+00:00,200,65663.14,
2026-09-12T13:01:54.366542+00:00,200,82533.33,
2026-09-12T13:02:23.683947+00:00,200,53285.42,
2026-09-12T13:01:28.527505+00:00,200,108483.26,
2026-09-12T13:02:59.100144+00:00,200,17931.39,
2026-09-12T13:01:08.796685+00:00,200,128282.74,
2026-09-12T13:01:20.367488+00:00,200,116714.58,
2026-09-12T13:01:44.832690+00:00,200,92255.44,
2026-09-12T13:01:57.541983+00:00,200,79556.55,
2026-09-12T13:03:15.504419+00:00,200,1602.94,
2026-09-12T13:01:09.756599+00:00,200,127385.39,
2026-09-12T13:02:38.025057+00:00,200,39164.19,
2026-09-12T13:01:45.267537+00:00,200,91946.0,
2026-09-12T13:03:11.921660+00:00,200,5319.89,
2026-09-12T13:01:09.318658+00:00,200,127929.23,
2026-09-12T13:01:40.302946+00:00,200,96993.6,
2026-09-12T13:03:02.865454+00:00,200,14434.5,
2026-09-12T13:02:27.101699+00:00,200,50211.27,
2026-09-12T13:00:53.691098+00:00,200,143623.86,
2026-09-12T13:02:24.946398+00:00,200,52379.95,
2026-09-12T13:01:37.222154+00:00,200,100117.83,
2026-09-12T13:03:08.285332+00:00,200,9071.23,
2026-09-12T13:01:55.753804+00:00,200,81651.62,
2026-09-12T13:01:41.486924+00:00,200,95940.67,
2026-09-12T13:01:31.692903+00:00,200,105738.01,
2026-09-12T13:03:04.596839+00:00,200,12866.63,
2026-09-12T13:01:58.934921+00:00,200,78536.7,
2026-09-12T13:02:28.587149+00:00,200,48917.54,
2026-09-12T13:00:46.228434+00:00,200,151281.16,
2026-09-12T13:00:27.635338+00:00,200,169877.14,
2026-09-12T13:02:04.432068+00:00,200,73090.61,
2026-09-12T13:01:46.644729+00:00,200,90893.1,
2026-09-12T13:01:23.562448+00:00,200,113994.68,
2026-09-12T13:02:15.630306+00:00,200,61934.43,
2026-09-12T13:02:43.220176+00:00,200,34357.76,
2026-09-12T13:03:10.317500+00:00,200,7304.12,
2026-09-12T13:02:19.824497+00:00,200,57818.68,
2026-09-12T13:02:45.765498+00:00,200,31919.22,
2026-09-12T13:01:11.303094+00:00,200,126400.5,
2026-09-12T13:01:01.558527+00:00,200,136234.79,
2026-09-12T13:03:01.316927+00:00,200,16490.3,
2026-09-12T13:02:38.634172+00:00,200,39180.35,
2026-09-12T13:02:54.455949+00:00,200,23363.97,
2026-09-12T13:01:02.866679+00:00,200,134966.15,
2026-09-12T13:02:16.420375+00:00,200,61416.05,
2026-09-12T13:01:20.834385+00:00,200,117013.23,
2026-09-12T13:01:17.290117+00:00,200,120566.4,
2026-09-12T13:01:22.230554+00:00,200,115649.76,
2026-09-12T13:01:12.883564+00:00,200,125018.87,
2026-09-12T13:02:17.567701+00:00,200,60406.75,
2026-09-12T13:01:24.159129+00:00,200,113846.94,
2026-09-12T13:02:49.571151+00:00,200,28466.56,
2026-09-12T13:02:40.040129+00:00,200,38037.31,
2026-09-12T13:01:45.422498+00:00,200,92693.03,
2026-09-12T13:00:31.682624+00:00,200,166439.12,
2026-09-12T13:02:05.983248+00:00,200,72144.37,
2026-09-12T13:02:27.444791+00:00,200,50729.68,
2026-09-12T13:02:02.553497+00:00,200,75638.1,
2026-09-12T13:02:42.237341+00:00,200,35969.94,
2026-09-12T13:02:11.234396+00:00,200,66980.18,
2026-09-12T13:02:12.391176+00:00,200,65847.4,
2026-09-12T13:03:00.524515+00:00,200,17725.38,
2026-09-12T13:03:11.205743+00:00,200,7095.9,
2026-09-12T13:01:20.973236+00:00,200,117331.04,
2026-09-12T13:02:41.462739+00:00,200,36874.42,
2026-09-12T13:01:11.087907+00:00,200,127274.17,
2026-09-12T13:01:50.972950+00:00,200,87398.14,
2026-09-12T13:03:16.424675+00:00,200,1977.19,
2026-09-12T13:03:15.429179+00:00,200,2999.28,
2026-09-12T13:02:24.901620+00:00,200,53537.44,
2026-09-12T13:01:55.034704+00:00,200,83408.43,
2026-09-12T13:02:40.012750+00:00,200,38436.86,
2026-09-12T13:01:49.711530+00:00,200,88748.53,
2026-09-12T13:01:54.708920+00:00,200,83768.88,
2026-09-12T13:00:51.625564+00:00,200,146864.89,
2026-09-12T13:01:00.008585+00:00,200,138555.97,
2026-09-12T13:01:33.972297+00:00,200,104608.93,
2026-09-12T13:01:04.769898+00:00,200,133872.07,
2026-09-12T13:02:03.426692+00:00,200,75219.01,
2026-09-12T13:01:27.510626+00:00,200,111152.73,
2026-09-12T13:01:21.960087+00:00,200,116730.84,
2026-09-12T13:02:25.169594+00:00,200,53550.44,
2026-09-12T13:02:02.222630+00:00,200,76502.2,
2026-09-12T13:02:31.522014+00:00,200,47207.62,
2026-09-12T13:02:34.505394+00:00,200,44255.61,
2026-09-12T13:01:52.771688+00:00,200,86006.25,
2026-09-12T13:01:58.933708+00:00,200,79857.62,
2026-09-12T13:02:52.645091+00:00,200,26151.22,
2026-09-12T13:02:23.154153+00:00,200,55661.23,
2026-09-12T13:01:19.840286+00:00,200,119010.75,
2026-09-12T13:02:29.074764+00:00,200,49830.92,
2026-09-12T13:01:50.017323+00:00,200,88939.38,
2026-09-12T13:01:49.505860+00:00,200,89485.45,
2026-09-12T13:02:37.145498+00:00,200,41866.99,
2026-09-12T13:02:25.560960+00:00,200,53455.12,
2026-09-12T13:03:13.753846+00:00,200,5266.75,
2026-09-12T13:03:01.477090+00:00,200,17555.64,
2026-09-12T13:02:44.290087+00:00,200,34793.18,
2026-09-12T13:01:57.902770+00:00,200,81193.74,
2026-09-12T13:03:18.720052+00:00,200,378.78,
2026-09-12T13:02:01.838303+00:00,200,77289.46,
2026-09-12T13:01:20.242768+00:00,200,118888.18,
2026-09-12T13:01:32.434068+00:00,200,106785.93,
2026-09-12T13:01:29.128679+00:00,200,110102.26,
2026-09-12T13:02:08.469595+00:00,200,70763.63,
2026-09-12T13:02:46.785127+00:00,200,32450.13,
2026-09-12T13:01:29.440470+00:00,200,109806.26,
2026-09-12T13:03:08.812435+00:00,200,10440.41,
2026-09-12T13:01:17.378176+00:00,200,121909.91,
2026-09-12T13:03:15.564105+00:00,200,3764.02,
2026-09-12T13:02:44.524213+00:00,200,34811.09,
2026-09-12T13:01:45.621253+00:00,200,93717.77,
2026-09-12T13:02:00.846083+00:00,200,78527.26,
2026-09-12T13:03:07.628583+00:00,200,11761.54,
2026-09-12T13:02:34.945344+00:00,200,44466.45,
2026-09-12T13:02:23.329692+00:00,200,56088.26,
2026-09-12T13:01:18.136875+00:00,200,121296.12,
2026-09-12T13:01:22.596292+00:00,200,116890.19,
2026-09-12T13:01:37.610722+00:00,200,101934.62,
2026-09-12T13:01:39.613696+00:00,200,99963.99,
2026-09-12T13:02:42.262197+00:00,200,37318.6,
2026-09-12T13:03:12.577454+00:00,200,7011.99,
2026-09-12T13:03:13.866948+00:00,200,5725.96,
2026-09-12T13:02:04.909437+00:00,200,74690.95,
2026-09-12T13:03:15.432243+00:00,200,4188.43,
2026-09-12T13:01:29.251733+00:00,200,110372.2,
2026-09-12T13:02:44.950469+00:00,200,34676.67,
2026-09-12T13:02:28.420123+00:00,200,51229.9,
2026-09-12T13:01:38.668452+00:00,200,101019.42,
2026-09-12T13:02:18.766508+00:00,200,60940.39,
2026-09-12T13:02:45.589944+00:00,200,34119.95,
2026-09-12T13:01:51.701591+00:00,200,88017.1,
2026-09-12T13:01:59.527058+00:00,200,80211.54,
2026-09-12T13:02:47.327146+00:00,200,32430.48,
2026-09-12T13:02:15.740066+00:00,200,64043.83,
2026-09-12T13:01:29.659790+00:00,200,110132.62,
2026-09-12T13:01:43.716988+00:00,200,96086.64,
2026-09-12T13:02:14.049731+00:00,200,65782.42,
2026-09-12T13:02:42.265979+00:00,200,37580.3,
2026-09-12T13:02:22.364250+00:00,200,57486.38,
2026-09-12T13:01:10.297273+00:00,200,129574.19,
2026-09-12T13:01:30.973905+00:00,200,108899.94,
2026-09-12T13:02:52.356622+00:00,200,27520.02,
2026-09-12T13:00:39.721410+00:00,200,160176.36,
2026-09-12T13:02:43.192699+00:00,200,36721.71,
2026-09-12T13:01:53.892910+00:00,200,86038.09,
2026-09-12T13:00:54.046405+00:00,200,145917.46,
2026-09-12T13:00:57.551509+00:00,200,142464.38,
2026-09-12T13:02:10.860374+00:00,200,69187.3,
2026-09-12T13:03:11.190233+00:00,200,8859.87,
2026-09-12T13:01:52.666625+00:00,200,87391.04,
2026-09-12T13:01:57.816651+00:00,200,82253.54,
2026-09-12T13:01:35.660473+00:00,200,104419.52,
2026-09-12T13:02:25.946293+00:00,200,54192.41,
2026-09-12T13:02:10.510462+00:00,200,69647.69,
2026-09-12T13:01:25.929958+00:00,200,114264.67,
2026-09-12T13:01:25.207871+00:00,200,114992.48,
2026-09-12T13:01:54.068688+00:00,200,86151.07,
2026-09-12T13:00:34.083847+00:00,200,166145.53,
2026-09-12T13:00:48.414110+00:00,200,151878.42,
2026-09-12T13:00:52.613914+00:00,200,147689.48,
2026-09-12T13:03:02.524075+00:00,200,17816.17,
2026-09-12T13:02:00.969971+00:00,200,79407.75,
2026-09-12T13:02:08.005507+00:00,200,72417.61,
2026-09-12T13:02:25.232250+00:00,200,55260.58,
2026-09-12T13:02:33.378521+00:00,200,47120.99,
2026-09-12T13:01:20.194832+00:00,200,120311.71,
2026-09-12T13:02:19.235126+00:00,200,61315.28,
2026-09-12T13:03:08.095507+00:00,200,12483.49,
2026-09-12T13:02:43.056552+00:00,200,37524.57,
2026-09-12T13:03:03.568020+00:00,200,17040.97,
2026-09-12T13:02:42.244085+00:00,200,38371.41,
2026-09-12T13:03:20.219772+00:00,200,417.63,
2026-09-12T13:03:03.986544+00:00,200,16679.26,
2026-09-12T13:03:17.299961+00:00,200,3383.93,
2026-09-12T13:03:20.292556+00:00,200,409.26,
2026-09-12T13:01:17.457006+00:00,200,123287.16,
2026-09-12T13:01:25.963953+00:00,200,114797.51,
2026-09-12T13:02:27.372953+00:00,200,53395.58,
2026-09-12T13:02:02.670338+00:00,200,78116.04,
2026-09-12T13:02:06.689456+00:00,200,74114.83,
2026-09-12T13:02:30.587237+00:00,200,50265.5,
2026-09-12T13:03:01.046402+00:00,200,19816.98,
2026-09-12T13:02:16.572009+00:00,200,64303.08,
2026-09-12T13:02:28.834539+00:00,200,52066.91,
2026-09-12T13:01:40.492950+00:00,200,100449.16,
2026-09-12T13:01:36.659986+00:00,200,104292.69,
2026-09-12T13:02:05.484193+00:00,200,75504.96,
2026-09-12T13:00:57.166132+00:00,200,143871.89,
2026-09-12T13:02:32.854100+00:00,200,48196.68,
2026-09-12T13:01:10.208701+00:00,200,130866.86,
2026-09-12T13:02:34.838455+00:00,200,46251.43,
2026-09-12T13:02:09.327318+00:00,200,71777.19,
2026-09-12T13:01:52.965811+00:00,200,88150.61,
2026-09-12T13:02:49.741786+00:00,200,31395.91,
2026-09-12T13:01:41.654377+00:00,200,99517.93,
2026-09-12T13:01:58.024120+00:00,200,83201.76,
2026-09-12T13:03:10.441609+00:00,200,10808.26,
2026-09-12T13:01:25.491048+00:00,200,115812.37,
2026-09-12T13:00:39.687213+00:00,200,161633.32,
2026-09-12T13:02:18.737915+00:00,200,62593.39,
2026-09-12T13:02:32.382904+00:00,200,48974.58,
2026-09-12T13:02:23.385616+00:00,200,57975.55,
2026-09-12T13:00:58.680210+00:00,200,142707.22,
2026-09-12T13:02:00.946999+00:00,200,80493.71,
2026-09-12T13:01:29.138033+00:00,200,112350.22,
2026-09-12T13:02:19.827778+00:00,200,61690.35,
2026-09-12T13:02:01.564485+00:00,200,80015.84,
2026-09-12T13:01:47.431501+00:00,200,94167.95,
2026-09-12T13:02:07.547425+00:00,200,74054.64,
2026-09-12T13:02:08.408737+00:00,200,73224.63,
2026-09-12T13:02:24.816079+00:00,200,56872.47,
2026-09-12T13:03:21.225902+00:00,200,473.9,
2026-09-12T13:02:45.198648+00:00,200,36503.99,
2026-09-12T13:02:13.000854+00:00,200,68721.59,
2026-09-12T13:01:57.512791+00:00,200,84222.59,
2026-09-12T13:03:03.841014+00:00,200,17901.92,
2026-09-12T13:02:21.525455+00:00,200,60220.89,
2026-09-12T13:02:35.061671+00:00,200,46716.83,
2026-09-12T13:02:42.315567+00:00,200,39487.21,
2026-09-12T13:01:36.765887+00:00,200,105049.87,
2026-09-12T13:02:28.651264+00:00,200,53193.37,
2026-09-12T13:03:08.417517+00:00,200,13469.22,
2026-09-12T13:01:59.884718+00:00,200,82009.22,
2026-09-12T13:02:28.998579+00:00,200,52906.12,
2026-09-12T13:03:15.211407+00:00,200,6702.26,
2026-09-12T13:01:59.062358+00:00,200,82903.44,
2026-09-12T13:03:05.804277+00:00,200,16179.58,
2026-09-12T13:01:16.949910+00:00,200,125041.44,
2026-09-12T13:01:22.554562+00:00,200,119464.8,
2026-09-12T13:02:49.176160+00:00,200,32877.47,
2026-09-12T13:03:09.699360+00:00,200,12360.2,
2026-09-12T13:02:31.288541+00:00,200,50777.95,
2026-09-12T13:01:01.630804+00:00,200,140455.32,
2026-09-12T13:01:42.870299+00:00,200,99229.36,
2026-09-12T13:01:37.521424+00:00,200,104606.65,
2026-09-12T13:02:32.539867+00:00,200,49592.76,
2026-09-12T13:00:59.932442+00:00,200,142215.42,
2026-09-12T13:01:41.310420+00:00,200,100880.25,
2026-09-12T13:03:21.702643+00:00,200,492.39,
2026-09-12T13:03:04.107286+00:00,200,18129.42,
2026-09-12T13:02:45.056898+00:00,200,37198.88,
2026-09-12T13:02:41.915850+00:00,200,40344.51,
2026-09-12T13:03:18.581251+00:00,200,3754.9,
2026-09-12T13:00:50.409455+00:00,200,151949.56,
2026-09-12T13:02:18.061711+00:00,200,64299.59,
2026-09-12T13:02:43.297641+00:00,200,39071.71,
2026-09-12T13:03:03.332595+00:00,200,19047.58,
2026-09-12T13:01:59.224047+00:00,200,83182.98,
2026-09-12T13:02:14.206682+00:00,200,68225.82,
2026-09-12T13:02:43.761572+00:00,200,38693.14,
2026-09-12T13:02:31.189579+00:00,200,51330.31,
2026-09-12T13:01:15.794939+00:00,200,126758.77,
2026-09-12T13:03:17.684734+00:00,200,4873.82,
2026-09-12T13:02:05.882617+00:00,200,76702.89,
2026-09-12T13:02:53.710219+00:00,200,28929.25,
2026-09-12T13:02:58.402343+00:00,200,24241.85,
2026-09-12T13:02:37.614349+00:00,200,45033.75,
2026-09-12T13:01:03.365028+00:00,200,139285.38,
2026-09-12T13:02:09.165638+00:00,200,73493.67,
2026-09-12T13:02:31.713446+00:00,200,50999.68,
2026-09-12T13:02:58.042506+00:00,200,24709.56,
2026-09-12T13:02:31.423662+00:00,200,51404.75,
2026-09-12T13:00:47.232311+00:00,200,155612.26,
2026-09-12T13:01:41.619729+00:00,200,101261.37,
2026-09-12T13:01:12.680567+00:00,200,130261.86,
2026-09-12T13:02:00.305038+00:00,200,82652.29,
2026-09-12T13:02:23.034268+00:00,200,59976.05,
2026-09-12T13:00:52.501133+00:00,200,150527.02,
2026-09-12T13:02:24.769529+00:00,200,58283.43,
2026-09-12T13:02:04.990905+00:00,200,78095.86,
2026-09-12T13:01:15.350770+00:00,200,127748.18,
2026-09-12T13:02:16.699294+00:00,200,66416.82,
2026-09-12T13:02:45.804152+00:00,200,37344.08,
2026-09-12T13:01:45.266407+00:00,200,97918.92,
2026-09-12T13:01:43.232452+00:00,200,99970.34,
2026-09-12T13:02:41.664144+00:00,200,41540.98,
2026-09-12T13:02:25.009443+00:00,200,58201.22,
2026-09-12T13:02:17.415679+00:00,200,65805.36,
2026-09-12T13:01:44.987679+00:00,200,98238.25,
2026-09-12T13:01:57.904723+00:00,200,85362.81,
2026-09-12T13:02:10.539355+00:00,200,72746.92,
2026-09-12T13:02:01.041752+00:00,200,82256.93,
2026-09-12T13:01:07.411566+00:00,200,135897.96,
2026-09-12T13:01:08.364161+00:00,200,134953.25,
2026-09-12T13:01:47.360235+00:00,200,95968.7,
2026-09-12T13:02:58.519650+00:00,200,24843.61,
2026-09-12T13:01:25.836404+00:00,200,117530.35,
2026-09-12T13:01:52.033145+00:00,200,91361.38,
2026-09-12T13:01:24.806069+00:00,200,118591.29,
2026-09-12T13:02:58.767207+00:00,200,24633.74,
2026-09-12T13:01:28.798706+00:00,200,114617.88,
2026-09-12T13:00:49.135441+00:00,200,154327.54,
2026-09-12T13:02:50.351475+00:00,200,33170.03,
2026-09-12T13:01:57.069802+00:00,200,86462.45,
2026-09-12T13:03:12.779191+00:00,200,10796.83,
2026-09-12T13:01:06.139248+00:00,200,137449.7,
2026-09-12T13:01:11.417361+00:00,200,132304.19,
2026-09-12T13:01:21.984710+00:00,200,121768.02,
2026-09-12T13:02:11.110962+00:00,200,72654.96,
2026-09-12T13:01:26.340233+00:00,200,117432.22,
2026-09-12T13:01:02.210993+00:00,200,141622.39,
2026-09-12T13:02:22.672408+00:00,200,61167.15,
2026-09-12T13:01:33.981900+00:00,200,109874.12,
2026-09-12T13:02:24.347673+00:00,200,59522.26,
2026-09-12T13:01:44.289915+00:00,200,99592.53,
2026-09-12T13:01:31.178601+00:00,200,112709.14,
2026-09-12T13:02:49.658246+00:00,200,34233.97,
2026-09-12T13:02:22.360330+00:00,200,61540.64,
2026-09-12T13:03:21.320548+00:00,200,2591.98,
2026-09-12T13:02:05.417918+00:00,200,78498.2,
2026-09-12T13:01:28.000692+00:00,200,115973.72,
2026-09-12T13:01:16.696124+00:00,200,127307.47,
2026-09-12T13:01:41.053518+00:00,200,102994.25,
2026-09-12T13:03:09.123922+00:00,200,14932.04,
2026-09-12T13:01:34.329763+00:00,200,109777.47,
2026-09-12T13:00:54.087714+00:00,200,150079.5,
2026-09-12T13:01:18.064840+00:00,200,126148.13,
2026-09-12T13:02:58.233519+00:00,200,25986.15,
2026-09-12T13:01:46.575562+00:00,200,97685.32,
2026-09-12T13:03:23.856030+00:00,200,449.35,
2026-09-12T13:01:10.245584+00:00,200,134074.34,
2026-09-12T13:01:09.955970+00:00,200,134401.98,
2026-09-12T13:03:20.079998+00:00,200,4281.47,
2026-09-12T13:01:36.561610+00:00,200,107822.4,
2026-09-12T13:03:24.003617+00:00,200,383.77,
2026-09-12T13:01:06.429960+00:00,200,137963.31,
2026-09-12T13:01:11.354362+00:00,200,133055.31,
2026-09-12T13:02:50.061784+00:00,200,34364.58,
2026-09-12T13:00:46.798964+00:00,200,157635.81,
2026-09-12T13:01:30.743430+00:00,200,113731.95,
2026-09-12T13:01:34.564856+00:00,200,109928.4,
2026-09-12T13:01:25.582410+00:00,200,118922.88,
2026-09-12T13:01:27.324959+00:00,200,117236.37,
2026-09-12T13:02:31.314875+00:00,200,53248.7,
2026-09-12T13:01:49.609477+00:00,200,94960.78,
2026-09-12T13:02:29.530436+00:00,200,55051.73,
2026-09-12T13:02:16.573093+00:00,200,68018.96,
2026-09-12T13:01:47.636706+00:00,200,96967.72,
2026-09-12T13:02:37.318331+00:00,200,47315.59,
2026-09-12T13:02:04.624093+00:00,200,80078.22,
2026-09-12T13:02:03.621982+00:00,200,81112.51,
2026-09-12T13:02:05.645774+00:00,200,79112.38,
2026-09-12T13:01:03.274296+00:00,200,141502.24,
2026-09-12T13:02:35.618825+00:00,200,49167.75,
2026-09-12T13:00:41.535648+00:00,200,163255.37,
2026-09-12T13:02:47.962472+00:00,200,36908.64,
2026-09-12T13:02:04.383222+00:00,200,80501.21,
2026-09-12T13:01:11.491161+00:00,200,133400.56,
2026-09-12T13:00:46.458780+00:00,200,158438.24,
2026-09-12T13:02:11.638720+00:00,200,73302.24,
2026-09-12T13:01:25.292510+00:00,200,119652.6,
2026-09-12T13:02:44.001547+00:00,200,40989.35,
2026-09-12T13:02:23.248786+00:00,200,61763.92,
2026-09-12T13:02:39.030104+00:00,200,45995.34,
2026-09-12T13:01:36.820646+00:00,200,108224.09,
2026-09-12T13:01:43.112604+00:00,200,101967.36,
2026-09-12T13:02:41.953984+00:00,200,43131.05,
2026-09-12T13:01:46.782399+00:00,200,98353.97,
2026-09-12T13:02:54.052709+00:00,200,31115.35,
2026-09-12T13:01:20.274800+00:00,200,124915.03,
2026-09-12T13:02:13.714047+00:00,200,71482.4,
2026-09-12T13:02:45.387148+00:00,200,39828.82,
2026-09-12T13:03:23.328950+00:00,200,1934.11,
2026-09-12T13:03:19.012496+00:00,200,6257.28,
2026-09-12T13:01:34.203902+00:00,200,111081.33,
2026-09-12T13:02:54.746964+00:00,200,30552.32,
2026-09-12T13:02:47.899276+00:00,200,37406.59,
2026-09-12T13:01:07.611531+00:00,200,137705.61,
2026-09-12T13:02:07.187703+00:00,200,78139.92,
2026-09-12T13:03:20.047692+00:00,200,5288.88,
2026-09-12T13:02:05.111631+00:00,200,80250.81,
2026-09-12T13:02:29.897762+00:00,200,55491.56,
2026-09-12T13:03:00.996072+00:00,200,24412.61,
2026-09-12T13:01:54.898455+00:00,200,90532.24,
2026-09-12T13:02:30.539183+00:00,200,54894.66,
2026-09-12T13:01:33.975552+00:00,200,111464.79,
2026-09-12T13:03:05.898400+00:00,200,19572.86,
2026-09-12T13:02:14.251122+00:00,200,71232.11,
2026-09-12T13:03:01.931190+00:00,200,23619.02,
2026-09-12T13:02:35.419413+00:00,200,50134.02,
2026-09-12T13:01:54.221465+00:00,200,91337.76,
2026-09-12T13:00:44.029656+00:00,200,161537.65,
2026-09-12T13:01:25.746599+00:00,200,119849.37,
2026-09-12T13:01:56.962430+00:00,200,88653.85,
2026-09-12T13:01:58.351714+00:00,200,87287.14,
2026-09-12T13:02:18.156428+00:00,200,67509.24,
2026-09-12T13:01:25.768447+00:00,200,119946.45,
2026-09-12T13:01:35.578564+00:00,200,110164.89,
2026-09-12T13:01:24.847904+00:00,200,120935.99,
2026-09-12T13:02:27.463223+00:00,200,58333.2,
2026-09-12T13:01:45.105391+00:00,200,100715.34,
2026-09-12T13:00:42.750096+00:00,200,163084.99,
2026-09-12T13:01:57.290184+00:00,200,88557.63,
2026-09-12T13:01:39.647815+00:00,200,106217.33,
2026-09-12T13:02:15.764328+00:00,200,70102.93,
2026-09-12T13:02:49.779163+00:00,200,36151.99,
2026-09-12T13:01:46.405997+00:00,200,99536.79,
2026-09-12T13:02:03.730116+00:00,200,82262.8,
2026-09-12T13:02:11.500805+00:00,200,74494.18,
2026-09-12T13:02:48.380341+00:00,200,37617.46,
2026-09-12T13:02:16.427619+00:00,200,69580.4,
2026-09-12T13:02:35.735373+00:00,200,50400.02,
2026-09-12T13:01:12.628783+00:00,200,133526.81,
2026-09-12T13:02:40.849232+00:00,200,45313.61,
2026-09-12T13:02:25.226241+00:00,200,60972.39,
2026-09-12T13:01:38.301816+00:00,200,107909.72,
2026-09-12T13:01:27.547556+00:00,200,118666.88,
2026-09-12T13:00:42.471628+00:00,200,163748.13,
2026-09-12T13:01:24.452553+00:00,200,121785.15,
2026-09-12T13:03:25.471275+00:00,200,778.92,
2026-09-12T13:02:15.146875+00:00,200,71111.25,
2026-09-12T13:01:21.006369+00:00,200,125288.87,
2026-09-12T13:02:15.712260+00:00,200,70606.17,
2026-09-12T13:01:15.068488+00:00,200,131285.06,
2026-09-12T13:01:47.378940+00:00,200,98998.17,
2026-09-12T13:02:26.113736+00:00,200,60278.64,
2026-09-12T13:02:19.119567+00:00,200,67283.95,
2026-09-12T13:01:28.115838+00:00,200,118293.41,
2026-09-12T13:01:20.230698+00:00,200,126205.5,
2026-09-12T13:02:30.089451+00:00,200,56357.93,
2026-09-12T13:01:27.848258+00:00,200,118604.62,
2026-09-12T13:02:38.270401+00:00,200,48199.77,
2026-09-12T13:02:26.790180+00:00,200,59683.1,
2026-09-12T13:02:28.275545+00:00,200,58207.54,
2026-09-12T13:02:50.410126+00:00,200,36087.7,
2026-09-12T13:02:55.250983+00:00,200,31268.8,
2026-09-12T13:01:18.119924+00:00,200,128411.15,
2026-09-12T13:03:05.273810+00:00,200,21290.02,
2026-09-12T13:01:53.584632+00:00,200,92984.79,
2026-09-12T13:03:09.332023+00:00,200,17252.12,
2026-09-12T13:01:41.896685+00:00,200,104708.77,
2026-09-12T13:01:58.537194+00:00,200,88126.95,
2026-09-12T13:02:42.563839+00:00,200,44112.73,
2026-09-12T13:02:27.695656+00:00,200,58994.89,
2026-09-12T13:02:03.770937+00:00,200,82938.16,
2026-09-12T13:02:38.886121+00:00,200,47828.77,
2026-09-12T13:01:50.535397+00:00,200,96216.59,
2026-09-12T13:02:35.068490+00:00,200,51699.94,
2026-09-12T13:01:39.529378+00:00,200,107305.83,
2026-09-12T13:02:36.096429+00:00,200,50799.55,
2026-09-12T13:02:43.421204+00:00,200,43478.61,
2026-09-12T13:03:25.012725+00:00,200,1905.92,
2026-09-12T13:02:28.037107+00:00,200,58886.67,
2026-09-12T13:01:42.623853+00:00,200,104363.89,
2026-09-12T13:00:49.397459+00:00,200,157599.7,
2026-09-12T13:01:53.472085+00:00,200,93529.03,
2026-09-12T13:01:18.401811+00:00,200,128603.15,
2026-09-12T13:02:07.315215+00:00,200,79702.83,
2026-09-12T13:01:29.703370+00:00,200,117342.98,
2026-09-12T13:01:48.129395+00:00,200,98927.3,
2026-09-12T13:01:43.661669+00:00,200,103409.82,
2026-09-12T13:01:21.286112+00:00,200,125788.91,
2026-09-12T13:01:07.730227+00:00,200,139410.29,
2026-09-12T13:02:12.881198+00:00,200,74279.8,
2026-09-12T13:01:10.398433+00:00,200,136784.87,
2026-09-12T13:00:51.189647+00:00,200,155995.61,
2026-09-12T13:02:59.876499+00:00,200,27348.98,
2026-09-12T13:02:29.164346+00:00,200,58063.17,
2026-09-12T13:02:55.552967+00:00,200,31713.89,
2026-09-12T13:02:35.526917+00:00,200,51744.51,
2026-09-12T13:02:24.788103+00:00,200,62504.12,
2026-09-12T13:02:24.036129+00:00,200,63270.77,
2026-09-12T13:01:05.148794+00:00,200,142176.85,
2026-09-12T13:02:59.340442+00:00,200,27988.69,
2026-09-12T13:01:14.739621+00:00,200,132612.32,
2026-09-12T13:01:07.656502+00:00,200,139717.39,
2026-09-12T13:02:23.199663+00:00,200,64257.55,
2026-09-12T13:02:31.487886+00:00,200,55988.29,
2026-09-12T13:03:17.010839+00:00,200,10495.98,
2026-09-12T13:01:24.569694+00:00,200,122942.45,
2026-09-12T13:01:57.704513+00:00,200,89822.94,
2026-09-12T13:03:18.690950+00:00,200,8845.53,
2026-09-12T13:02:02.095582+00:00,200,85442.8,
2026-09-12T13:02:53.253077+00:00,200,34287.16,
2026-09-12T13:01:57.102122+00:00,200,90545.05,
2026-09-12T13:01:51.863892+00:00,200,95788.9,
2026-09-12T13:00:50.031520+00:00,200,157643.84,
2026-09-12T13:01:33.194475+00:00,200,114503.15,
2026-09-12T13:02:27.696791+00:00,200,60004.35,
2026-09-12T13:02:14.489392+00:00,200,73217.67,
2026-09-12T13:00:56.746807+00:00,200,150974.69,
2026-09-12T13:02:34.948796+00:00,200,52856.31,
2026-09-12T13:01:00.018046+00:00,200,147823.91,
2026-09-12T13:02:23.919052+00:00,200,63943.37,
2026-09-12T13:02:02.158411+00:00,200,85709.39,
2026-09-12T13:02:46.916127+00:00,200,40985.82,
2026-09-12T13:01:43.322143+00:00,200,104611.62,
2026-09-12T13:02:57.379154+00:00,200,30614.23,
2026-09-12T13:02:33.437914+00:00,200,54563.52,
2026-09-12T13:02:56.156282+00:00,200,31867.52,
2026-09-12T13:02:52.379930+00:00,200,35652.79,
2026-09-12T13:01:31.831771+00:00,200,116210.34,
2026-09-12T13:02:34.893684+00:00,200,53158.03,
2026-09-12T13:00:46.861756+00:00,200,161206.18,
2026-09-12T13:01:53.755937+00:00,200,94317.31,
2026-09-12T13:03:27.647190+00:00,200,449.63,
2026-09-12T13:02:20.484591+00:00,200,67635.45,
2026-09-12T13:03:07.134017+00:00,200,21010.15,
2026-09-12T13:02:01.342661+00:00,200,86820.92,
2026-09-12T13:02:56.891740+00:00,200,31283.75,
2026-09-12T13:03:16.548473+00:00,200,11657.78,
2026-09-12T13:01:46.041150+00:00,200,102182.42,
2026-09-12T13:03:12.843508+00:00,200,15417.67,
2026-09-12T13:02:39.248678+00:00,200,49016.39,
2026-09-12T13:00:53.532547+00:00,200,154765.12,
2026-09-12T13:02:23.979759+00:00,200,64333.62,
2026-09-12T13:02:09.761546+00:00,200,78561.53,
2026-09-12T13:01:53.883659+00:00,200,94449.37,
2026-09-12T13:02:07.373149+00:00,200,81022.58,
2026-09-12T13:02:26.607001+00:00,200,61851.01,
2026-09-12T13:03:23.721568+00:00,200,4751.3,
2026-09-12T13:01:53.217781+00:00,200,95257.59,
2026-09-12T13:01:44.954050+00:00,200,103526.64,
2026-09-12T13:01:25.853247+00:00,200,122723.27,
2026-09-12T13:02:00.247928+00:00,200,88371.73,
2026-09-12T13:02:03.011206+00:00,200,85612.12,
2026-09-12T13:00:33.612392+00:00,200,175058.32,
2026-09-12T13:02:17.901944+00:00,200,70776.99,
2026-09-12T13:01:34.638235+00:00,200,114051.42,
2026-09-12T13:02:26.805436+00:00,200,61907.84,
2026-09-12T13:02:36.561334+00:00,200,52156.58,
2026-09-12T13:02:41.659895+00:00,200,47061.11,
2026-09-12T13:01:08.031901+00:00,200,140691.41,
2026-09-12T13:01:31.865741+00:00,200,116859.87,
2026-09-12T13:02:18.940874+00:00,200,69788.06,
2026-09-12T13:01:14.766515+00:00,200,133966.37,
2026-09-12T13:02:29.085602+00:00,200,59649.81,
2026-09-12T13:02:04.037146+00:00,200,84701.62,
2026-09-12T13:01:56.650133+00:00,200,92091.26,
2026-09-12T13:02:48.946188+00:00,200,39798.21,
2026-09-12T13:01:28.933660+00:00,200,119813.31,
2026-09-12T13:02:19.132629+00:00,200,69616.91,
2026-09-12T13:02:13.572347+00:00,200,75180.21,
2026-09-12T13:02:15.226150+00:00,200,73529.17,
2026-09-12T13:02:31.534678+00:00,200,57223.41,
2026-09-12T13:02:45.689585+00:00,200,43071.41,
2026-09-12T13:02:22.782746+00:00,200,65984.78,
2026-09-12T13:01:38.324249+00:00,200,110450.5,
2026-09-12T13:01:57.336974+00:00,200,91442.29,
2026-09-12T13:02:39.388684+00:00,200,49394.1,
2026-09-12T13:01:31.773245+00:00,200,117017.28,
2026-09-12T13:01:18.913393+00:00,200,129881.6,
2026-09-12T13:02:10.420988+00:00,200,78377.43,
2026-09-12T13:01:00.519112+00:00,200,148282.58,
2026-09-12T13:03:03.848494+00:00,200,24957.06,
2026-09-12T13:01:33.144279+00:00,200,115664.62,
2026-09-12T13:01:56.976956+00:00,200,91835.37,
2026-09-12T13:01:36.179753+00:00,200,112636.03,
2026-09-12T13:02:29.502041+00:00,200,59317.29,
2026-09-12T13:01:41.319944+00:00,200,107502.71,
2026-09-12T13:01:44.401908+00:00,200,104424.1,
2026-09-12T13:02:06.120617+00:00,200,82708.91,
2026-09-12T13:02:20.442297+00:00,200,68390.92,
2026-09-12T13:01:44.835047+00:00,200,104002.27,
2026-09-12T13:01:22.340847+00:00,200,126534.54,
2026-09-12T13:01:12.408702+00:00,200,136488.57,
2026-09-12T13:03:07.006696+00:00,200,22015.83,
2026-09-12T13:02:12.273328+00:00,200,76780.44,
2026-09-12T13:03:11.285673+00:00,200,17772.14,
2026-09-12T13:02:27.056302+00:00,200,62005.33,
2026-09-12T13:02:11.879015+00:00,200,77186.21,
2026-09-12T13:02:25.692053+00:00,200,63377.21,
2026-09-12T13:00:40.642207+00:00,200,168431.19,
2026-09-12T13:02:00.777623+00:00,200,88299.68,
2026-09-12T13:02:28.439529+00:00,200,60641.81,
2026-09-12T13:01:55.388122+00:00,200,93697.1,
2026-09-12T13:01:56.009617+00:00,200,93079.53,
2026-09-12T13:02:40.189279+00:00,200,48903.98,
2026-09-12T13:00:53.527154+00:00,200,155570.14,
2026-09-12T13:02:29.296311+00:00,200,59805.0,
2026-09-12T13:01:40.490271+00:00,200,108615.09,
2026-09-12T13:02:20.695474+00:00,200,68413.91,
2026-09-12T13:00:48.791019+00:00,200,160322.47,
2026-09-12T13:01:56.821829+00:00,200,92295.74,
2026-09-12T13:00:29.355071+00:00,200,179811.81,
2026-09-12T13:02:34.841067+00:00,200,54367.9,
2026-09-12T13:01:57.609379+00:00,200,91634.0,
2026-09-12T13:02:37.188244+00:00,200,52060.25,
2026-09-12T13:02:08.589833+00:00,200,80664.97,
2026-09-12T13:01:14.206635+00:00,200,135053.68,
2026-09-12T13:02:45.459268+00:00,200,43806.55,
2026-09-12T13:02:21.109764+00:00,200,68161.65,
2026-09-12T13:02:43.154025+00:00,200,46122.34,
2026-09-12T13:03:25.783927+00:00,200,3496.98,
2026-09-12T13:01:45.005853+00:00,200,104279.66,
2026-09-12T13:03:19.931015+00:00,200,9359.26,
2026-09-12T13:02:21.392710+00:00,200,67902.24,
2026-09-12T13:00:45.461242+00:00,200,163898.48,
2026-09-12T13:01:50.316272+00:00,200,99084.5,
2026-09-12T13:02:36.569926+00:00,200,52902.86,
2026-09-12T13:01:27.198045+00:00,200,122283.29,
2026-09-12T13:02:22.453958+00:00,200,67074.45,
2026-09-12T13:01:48.414344+00:00,200,101133.14,
2026-09-12T13:01:18.230512+00:00,200,131322.37,
2026-09-12T13:02:49.486591+00:00,200,40074.14,
2026-09-12T13:02:32.742779+00:00,200,57040.15,
2026-09-12T13:03:18.077452+00:00,200,11790.55,
2026-09-12T13:01:43.802073+00:00,200,106086.46,
2026-09-12T13:02:44.530936+00:00,200,45369.85,
2026-09-12T13:03:19.246737+00:00,200,10702.04,
2026-09-12T13:01:18.881735+00:00,200,131131.97,
2026-09-12T13:01:52.230412+00:00,200,97825.11,
2026-09-12T13:02:05.679853+00:00,200,84407.7,
2026-09-12T13:01:48.895620+00:00,200,101277.23,
2026-09-12T13:01:50.766116+00:00,200,99413.36,
2026-09-12T13:01:15.503677+00:00,200,134701.62,
2026-09-12T13:01:39.982514+00:00,200,110297.96,
2026-09-12T13:02:11.641596+00:00,200,78648.05,
2026-09-12T13:01:20.779535+00:00,200,129517.87,
2026-09-12T13:02:10.718469+00:00,200,79592.04,
2026-09-12T13:02:32.474799+00:00,200,57881.86,
2026-09-12T13:01:01.673092+00:00,200,148766.17,
2026-09-12T13:01:07.128241+00:00,200,143336.79,
2026-09-12T13:03:05.200065+00:00,200,25308.22,
2026-09-12T13:01:50.593476+00:00,200,100039.73,
2026-09-12T13:01:45.434486+00:00,200,105301.04,
2026-09-12T13:01:22.119019+00:00,200,128772.28,
2026-09-12T13:02:14.519894+00:00,200,76418.4,
2026-09-12T13:02:24.086054+00:00,200,66880.6,
2026-09-12T13:01:58.070234+00:00,200,93062.5,
2026-09-12T13:02:22.471691+00:00,200,68681.82,
2026-09-12T13:02:17.550037+00:00,200,73626.05,
2026-09-12T13:01:58.656369+00:00,200,92585.36,
2026-09-12T13:02:29.525658+00:00,200,61750.65,
2026-09-12T13:00:48.684397+00:00,200,162670.11,
2026-09-12T13:01:54.710259+00:00,200,96753.69,
2026-09-12T13:03:16.347139+00:00,200,15133.05,
2026-09-12T13:02:25.668602+00:00,200,65816.72,
2026-09-12T13:01:41.484053+00:00,200,110078.5,
2026-09-12T13:03:01.518469+00:00,200,30053.4,
2026-09-12T13:02:30.039240+00:00,200,61589.85,
2026-09-12T13:02:00.005907+00:00,200,91762.45,
2026-09-12T13:00:55.922417+00:00,200,155905.92,
2026-09-12T13:00:59.336721+00:00,200,152607.69,
2026-09-12T13:02:06.697125+00:00,200,85341.95,
2026-09-12T13:01:29.337134+00:00,200,122730.82,
2026-09-12T13:03:17.189271+00:00,200,14916.23,
2026-09-12T13:01:05.474714+00:00,200,146696.11,
2026-09-12T13:01:11.886564+00:00,200,140328.68,
2026-09-12T13:02:58.458867+00:00,200,33788.05,
2026-09-12T13:03:03.914309+00:00,200,28345.92,
2026-09-12T13:00:29.827288+00:00,200,182540.86,
2026-09-12T13:02:52.018053+00:00,200,40391.79,
2026-09-12T13:02:00.691244+00:00,200,91852.35,
2026-09-12T13:03:18.121752+00:00,200,14528.3,
2026-09-12T13:02:07.546359+00:00,200,85135.05,
2026-09-12T13:02:03.326963+00:00,200,89363.85,
2026-09-12T13:02:43.532050+00:00,200,49164.12,
2026-09-12T13:01:33.530638+00:00,200,119326.6,
2026-09-12T13:02:44.427188+00:00,200,48521.28,
2026-09-12T13:02:44.423526+00:00,200,48560.96,
2026-09-12T13:03:00.488770+00:00,200,32500.89,
2026-09-12T13:03:27.805125+00:00,200,5199.08,
2026-09-12T13:02:18.344014+00:00,200,74700.81,
2026-09-12T13:01:44.242058+00:00,200,108830.09,
2026-09-12T13:02:19.414602+00:00,200,73661.95,
2026-09-12T13:02:02.337586+00:00,200,90895.08,
2026-09-12T13:01:48.337578+00:00,200,104911.28,
2026-09-12T13:03:10.197561+00:00,200,23105.75,
2026-09-12T13:01:20.320188+00:00,200,133027.24,
2026-09-12T13:01:24.075772+00:00,200,129393.57,
2026-09-12T13:01:12.713164+00:00,200,140773.73,
2026-09-12T13:01:46.088720+00:00,200,107522.68,
2026-09-12T13:01:43.477637+00:00,200,110144.59,
2026-09-12T13:02:18.053294+00:00,200,75614.19,
2026-09-12T13:03:07.880783+00:00,200,25988.38,
2026-09-12T13:01:17.996207+00:00,200,135875.21,
2026-09-12T13:02:58.360066+00:00,200,35589.43,
2026-09-12T13:00:49.681910+00:00,200,164285.66,
2026-09-12T13:02:38.974266+00:00,200,55025.25,
2026-09-12T13:01:52.604631+00:00,200,101410.84,
2026-09-12T13:02:43.307462+00:00,200,50726.82,
2026-09-12T13:01:52.711113+00:00,200,101340.8,
2026-09-12T13:02:45.297773+00:00,200,48793.69,
2026-09-12T13:01:46.850230+00:00,200,107281.91,
2026-09-12T13:02:41.889941+00:00,200,52264.84,
2026-09-12T13:02:53.102942+00:00,200,41055.83,
2026-09-12T13:00:45.740786+00:00,200,168456.27,
2026-09-12T13:01:08.190703+00:00,200,146008.75,
2026-09-12T13:02:13.630684+00:00,200,80573.77,
2026-09-12T13:02:53.598685+00:00,200,40608.55,
2026-09-12T13:02:37.505034+00:00,200,56712.12,
2026-09-12T13:01:27.554050+00:00,200,126692.59,
2026-09-12T13:03:29.057828+00:00,200,5213.39,
2026-09-12T13:01:24.016233+00:00,200,130274.73,
2026-09-12T13:01:17.179105+00:00,200,137127.83,
2026-09-12T13:02:45.578098+00:00,200,48744.64,
2026-09-12T13:02:16.870914+00:00,200,77457.04,
2026-09-12T13:01:48.417375+00:00,200,105931.53,
2026-09-12T13:01:51.376090+00:00,200,103020.58,
2026-09-12T13:02:48.862395+00:00,200,45539.78,
2026-09-12T13:03:04.919110+00:00,200,29523.18,
2026-09-12T13:01:28.579472+00:00,200,125910.73,
2026-09-12T13:03:04.907496+00:00,200,29608.34,
2026-09-12T13:02:32.780261+00:00,200,61760.17,
2026-09-12T13:01:32.102516+00:00,200,122455.69,
2026-09-12T13:02:37.452243+00:00,200,57113.57,
2026-09-12T13:02:25.670734+00:00,200,68898.72,
2026-09-12T13:02:06.546283+00:00,200,88027.17,
2026-09-12T13:02:22.446693+00:00,200,72131.48,
2026-09-12T13:03:09.163608+00:00,200,25423.67,
2026-09-12T13:01:14.551058+00:00,200,140054.22,
2026-09-12T13:01:33.331223+00:00,200,121294.95,
2026-09-12T13:01:37.034235+00:00,200,117621.09,
2026-09-12T13:02:33.621305+00:00,200,61041.69,
2026-09-12T13:02:29.933480+00:00,200,64759.26,
2026-09-12T13:03:03.431466+00:00,200,31265.69,
2026-09-12T13:02:34.161394+00:00,200,60571.28,
2026-09-12T13:03:08.744822+00:00,200,26002.08,
2026-09-12T13:01:30.622731+00:00,200,124153.73,
2026-09-12T13:02:41.523897+00:00,200,53284.28,
2026-09-12T13:01:35.884954+00:00,200,118925.18,
2026-09-12T13:03:26.987761+00:00,200,7846.85,
2026-09-12T13:02:33.845646+00:00,200,61007.33,
2026-09-12T13:00:50.920047+00:00,200,163934.82,
2026-09-12T13:02:47.492583+00:00,200,47381.36,
2026-09-12T13:03:29.097302+00:00,200,5788.66,
2026-09-12T13:02:54.742213+00:00,200,40152.27,
2026-09-12T13:01:51.534959+00:00,200,103361.46,
2026-09-12T13:03:09.390515+00:00,200,25540.37,
2026-09-12T13:02:52.015430+00:00,200,42947.89,
2026-09-12T13:02:22.610535+00:00,200,72360.16,
2026-09-12T13:02:38.975442+00:00,200,56014.5,
2026-09-12T13:02:08.181257+00:00,200,86843.3,
2026-09-12T13:01:56.006776+00:00,200,99032.09,
2026-09-12T13:01:31.002436+00:00,200,124045.18,
2026-09-12T13:03:10.379372+00:00,200,24731.43,
2026-09-12T13:03:27.306914+00:00,200,7826.85,
2026-09-12T13:03:34.402183+00:00,200,778.63,
2026-09-12T13:01:29.765871+00:00,200,125416.85,
2026-09-12T13:02:32.869449+00:00,200,62338.55,
2026-09-12T13:01:12.818730+00:00,200,142400.02,
2026-09-12T13:03:34.854880+00:00,200,367.74,
2026-09-12T13:02:45.796385+00:00,200,49461.99,
2026-09-12T13:01:59.909006+00:00,200,95351.83,
2026-09-12T13:01:34.566414+00:00,200,120720.54,
2026-09-12T13:01:45.116298+00:00,200,110174.48,
2026-09-12T13:01:33.125261+00:00,200,122197.46,
2026-09-12T13:03:23.185340+00:00,200,12232.56,
2026-09-12T13:03:35.110816+00:00,200,325.89,
2026-09-12T13:03:33.871429+00:00,200,1567.58,
2026-09-12T13:01:48.908074+00:00,200,106546.85,
2026-09-12T13:03:25.136392+00:00,200,10345.89,
2026-09-12T13:01:40.575546+00:00,200,115001.35,
2026-09-12T13:03:28.738769+00:00,200,6847.47,
2026-09-12T13:02:29.631732+00:00,200,65956.85,
2026-09-12T13:03:12.873071+00:00,200,22746.72,
2026-09-12T13:03:06.339667+00:00,200,29290.75,
2026-09-12T13:01:58.103051+00:00,200,97546.57,
2026-09-12T13:01:34.107411+00:00,200,121567.83,
2026-09-12T13:01:12.808925+00:00,200,142928.65,
2026-09-12T13:02:14.341129+00:00,200,81419.09,
2026-09-12T13:02:13.345941+00:00,200,82422.37,
2026-09-12T13:03:20.377744+00:00,200,15399.07,
2026-09-12T13:01:18.384666+00:00,200,137407.17,
2026-09-12T13:02:30.276417+00:00,200,65589.1,
2026-09-12T13:02:38.695733+00:00,200,57183.16,
2026-09-12T13:00:21.141834+00:00,200,194770.5,
2026-09-12T13:01:17.373783+00:00,200,138544.64,
2026-09-12T13:01:34.498517+00:00,200,121425.04,
2026-09-12T13:02:37.672175+00:00,200,58265.43,
2026-09-12T13:03:19.020472+00:00,200,16919.92,
2026-09-12T13:02:38.861858+00:00,200,57080.54,
2026-09-12T13:01:11.192469+00:00,200,144776.7,
2026-09-12T13:02:15.995943+00:00,200,80187.91,
2026-09-12T13:01:57.421115+00:00,200,98802.41,
2026-09-12T13:03:02.833231+00:00,200,33411.58,
2026-09-12T13:02:37.013325+00:00,200,59236.44,
2026-09-12T13:02:00.389477+00:00,200,95882.63,
2026-09-12T13:01:12.936853+00:00,200,143352.11,
2026-09-12T13:00:30.912299+00:00,200,185464.25,
2026-09-12T13:02:21.321569+00:00,200,75084.45,
2026-09-12T13:02:50.671507+00:00,200,45743.83,
2026-09-12T13:02:33.945041+00:00,200,62505.76,
2026-09-12T13:01:25.849328+00:00,200,130624.56,
2026-09-12T13:02:09.950812+00:00,200,86533.63,
2026-09-12T13:00:51.459323+00:00,200,165096.44,
2026-09-12T13:03:29.109387+00:00,200,7522.52,
2026-09-12T13:00:32.688055+00:00,200,183954.26,
2026-09-12T13:03:28.795002+00:00,200,7851.92,
2026-09-12T13:01:58.621272+00:00,200,98030.59,
2026-09-12T13:03:36.183869+00:00,200,496.2,
2026-09-12T13:01:28.601769+00:00,200,128117.2,
2026-09-12T13:00:43.660364+00:00,200,173083.78,
2026-09-12T13:02:10.532690+00:00,200,86260.11,
2026-09-12T13:01:29.416891+00:00,200,127385.08,
2026-09-12T13:02:44.744960+00:00,200,52071.7,
2026-09-12T13:02:40.891842+00:00,200,55929.65,
2026-09-12T13:02:39.961215+00:00,200,56882.36,
2026-09-12T13:01:58.763782+00:00,200,98100.77,
2026-09-12T13:02:36.941559+00:00,200,59925.15,
2026-09-12T13:02:24.746462+00:00,200,72122.61,
2026-09-12T13:03:26.709117+00:00,200,10162.25,
2026-09-12T13:03:29.093262+00:00,200,7780.39,
2026-09-12T13:01:20.308066+00:00,200,136609.9,
2026-09-12T13:01:15.199887+00:00,200,141806.0,
2026-09-12T13:02:30.638491+00:00,200,66385.25,
2026-09-12T13:03:04.170004+00:00,200,32856.12,
2026-09-12T13:02:12.890116+00:00,200,84138.18,
2026-09-12T13:02:32.636610+00:00,200,64393.88,
2026-09-12T13:02:56.353209+00:00,200,40679.58,
2026-09-12T13:02:46.646848+00:00,200,50388.22,
2026-09-12T13:02:05.989951+00:00,200,91047.4,
2026-09-12T13:01:00.812717+00:00,200,156226.92,
2026-09-12T13:03:10.497660+00:00,200,26544.36,
2026-09-12T13:02:22.780895+00:00,200,74263.5,
2026-09-12T13:01:31.007120+00:00,200,126039.71,
2026-09-12T13:01:59.068499+00:00,200,97980.77,
2026-09-12T13:02:06.506568+00:00,200,90545.19,
2026-09-12T13:02:17.623028+00:00,200,79431.41,
2026-09-12T13:01:47.468127+00:00,200,109588.91,
2026-09-12T13:02:27.999655+00:00,200,69060.0,
2026-09-12T13:00:48.542238+00:00,200,168520.25,
2026-09-12T13:01:03.705419+00:00,200,153359.75,
2026-09-12T13:01:36.655537+00:00,200,120412.3,
2026-09-12T13:01:32.540685+00:00,,124558.25,Server disconnected without sending a response.
2026-09-12T13:01:20.901394+00:00,200,136208.26,
2026-09-12T13:02:36.554698+00:00,200,60564.99,
2026-09-12T13:01:25.485347+00:00,200,131653.18,
2026-09-12T13:01:43.855882+00:00,200,113338.85,
2026-09-12T13:02:37.788110+00:00,200,59444.24,
2026-09-12T13:02:41.861860+00:00,200,55373.64,
2026-09-12T13:02:22.871300+00:00,200,74368.16,
2026-09-12T13:02:15.475446+00:00,200,81767.01,
2026-09-12T13:00:58.412765+00:00,200,158923.7,
2026-09-12T13:00:48.914731+00:00,200,168424.79,
2026-09-12T13:02:21.969459+00:00,200,75373.1,
2026-09-12T13:02:07.799572+00:00,200,89546.23,
2026-09-12T13:01:50.150437+00:00,200,107198.61,
2026-09-12T13:03:07.976329+00:00,200,29375.88,
2026-09-12T13:01:07.903849+00:00,200,149451.54,
2026-09-12T13:02:35.423797+00:00,200,61934.8,
2026-09-12T13:02:22.197056+00:00,200,75164.75,
2026-09-12T13:02:38.213261+00:00,200,59151.83,
2026-09-12T13:02:13.080509+00:00,200,84289.1,
2026-09-12T13:01:22.289740+00:00,200,135083.95,
2026-09-12T13:03:25.025460+00:00,200,12351.72,
2026-09-12T13:01:46.932668+00:00,200,110447.94,
2026-09-12T13:01:39.259966+00:00,200,118124.26,
2026-09-12T13:01:21.500355+00:00,200,135887.86,
2026-09-12T13:00:44.538254+00:00,200,172947.69,
2026-09-12T13:02:42.571526+00:00,200,54923.38,
2026-09-12T13:00:56.673706+00:00,200,160848.25,
2026-09-12T13:01:59.221864+00:00,200,98327.63,
2026-09-12T13:03:19.850639+00:00,200,17842.06,
2026-09-12T13:01:56.940498+00:00,200,100762.61,
2026-09-12T13:02:50.237336+00:00,200,47490.49,
2026-09-12T13:02:29.039438+00:00,200,68708.48,
2026-09-12T13:01:25.246104+00:00,200,132543.09,
2026-09-12T13:03:24.592062+00:00,200,13420.11,
2026-09-12T13:01:43.722514+00:00,200,114304.67,
2026-09-12T13:02:16.858871+00:00,200,81172.13,
2026-09-12T13:00:52.898381+00:00,200,165136.42,
2026-09-12T13:02:13.456534+00:00,200,84582.16,
2026-09-12T13:03:14.321781+00:00,200,23720.76,
2026-09-12T13:01:44.724891+00:00,200,113321.65,
2026-09-12T13:01:20.708125+00:00,200,137342.12,
2026-09-12T13:01:22.166904+00:00,200,135887.1,
2026-09-12T13:00:54.328373+00:00,200,163729.4,
2026-09-12T13:01:42.764937+00:00,200,115296.62,
2026-09-12T13:03:13.512956+00:00,200,24552.48,
2026-09-12T13:03:17.974469+00:00,200,20095.89,
2026-09-12T13:00:57.862222+00:00,200,160220.67,
2026-09-12T13:02:27.156636+00:00,200,70998.24,
2026-09-12T13:02:35.177182+00:00,200,62990.28,
2026-09-12T13:03:10.936723+00:00,200,27238.43,
2026-09-12T13:02:19.614695+00:00,200,78570.94,
2026-09-12T13:01:49.333743+00:00,200,108888.2,
2026-09-12T13:03:11.131757+00:00,200,27097.12,
2026-09-12T13:01:18.125416+00:00,200,140108.05,
2026-09-12T13:02:28.781837+00:00,200,69456.5,
2026-09-12T13:02:27.445828+00:00,200,70814.01,
2026-09-12T13:03:35.436721+00:00,200,2860.19,
2026-09-12T13:03:20.057671+00:00,200,18309.33,
2026-09-12T13:02:07.952553+00:00,200,90438.21,
2026-09-12T13:02:42.039945+00:00,200,56378.39,
2026-09-12T13:02:32.459330+00:00,200,66015.98,
2026-09-12T13:03:01.708569+00:00,200,36838.96,
2026-09-12T13:01:45.044443+00:00,200,113522.18,
2026-09-12T13:03:23.882459+00:00,200,14691.19,
2026-09-12T13:00:57.867040+00:00,200,160713.13,
2026-09-12T13:02:04.833804+00:00,200,93779.94,
2026-09-12T13:01:52.409495+00:00,200,106225.34,
2026-09-12T13:02:40.482719+00:00,200,58156.96,
2026-09-12T13:02:06.674379+00:00,200,92015.41,
2026-09-12T13:03:07.620802+00:00,200,31099.4,
2026-09-12T13:02:07.897964+00:00,200,90842.54,
2026-09-12T13:01:51.991882+00:00,200,106860.99,
2026-09-12T13:02:28.892796+00:00,200,69985.92,
2026-09-12T13:01:21.533572+00:00,200,137441.29,
2026-09-12T13:03:18.006094+00:00,200,21000.3,
2026-09-12T13:02:56.747540+00:00,200,42301.44,
2026-09-12T13:01:55.375549+00:00,200,103715.15,
2026-09-12T13:02:55.177041+00:00,200,43992.36,
2026-09-12T13:01:42.728672+00:00,200,116571.51,
2026-09-12T13:01:29.310682+00:00,200,130010.46,
2026-09-12T13:02:04.706370+00:00,200,94762.7,
2026-09-12T13:02:10.742205+00:00,200,88789.7,
2026-09-12T13:02:23.836748+00:00,200,75712.85,
2026-09-12T13:01:54.797552+00:00,200,104852.4,
2026-09-12T13:02:44.098985+00:00,200,55589.01,
2026-09-12T13:02:55.992839+00:00,200,43713.23,
2026-09-12T13:01:35.004816+00:00,200,124705.51,
2026-09-12T13:01:11.902315+00:00,200,147829.78,
2026-09-12T13:03:16.658604+00:00,200,23092.45,
2026-09-12T13:01:41.321575+00:00,200,118481.98,
2026-09-12T13:02:36.936528+00:00,200,62887.54,
2026-09-12T13:03:14.149309+00:00,200,25706.31,
2026-09-12T13:02:04.999358+00:00,200,94872.41,
2026-09-12T13:02:56.117896+00:00,200,43788.73,
2026-09-12T13:02:28.465168+00:00,200,71627.28,
2026-09-12T13:00:59.230364+00:00,200,160912.39,
2026-09-12T13:01:45.577088+00:00,200,114587.98,
2026-09-12T13:01:05.428496+00:00,200,154847.32,
2026-09-12T13:01:54.515666+00:00,200,105833.19,
2026-09-12T13:03:26.714909+00:00,200,13638.37,
2026-09-12T13:01:58.569203+00:00,200,101909.4,
2026-09-12T13:02:22.575424+00:00,200,77915.27,
2026-09-12T13:02:39.031230+00:00,200,61538.97,
2026-09-12T13:01:26.439427+00:00,200,134244.45,
2026-09-12T13:02:44.223264+00:00,200,56547.1,
2026-09-12T13:03:11.476224+00:00,200,29305.95,
2026-09-12T13:01:49.398855+00:00,200,111454.55,
2026-09-12T13:02:48.098581+00:00,200,52767.44,
2026-09-12T13:02:39.943547+00:00,200,60936.67,
2026-09-12T13:01:57.302547+00:00,200,103612.19,
2026-09-12T13:01:03.393676+00:00,200,157574.68,
2026-09-12T13:02:41.279681+00:00,200,59740.13,
2026-09-12T13:02:18.947809+00:00,200,82114.36,
2026-09-12T13:02:19.732979+00:00,200,81337.39,
2026-09-12T13:02:02.878295+00:00,200,98221.08,
2026-09-12T13:02:56.177902+00:00,200,44939.77,
2026-09-12T13:03:04.175378+00:00,200,36974.49,
2026-09-12T13:00:53.987393+00:00,200,167201.32,
2026-09-12T13:02:30.765285+00:00,200,70511.64,
2026-09-12T13:01:28.007080+00:00,200,133479.05,
2026-09-12T13:01:52.032121+00:00,200,109475.43,
2026-09-12T13:03:02.790938+00:00,200,38807.23,
2026-09-12T13:01:36.058988+00:00,200,125560.78,
2026-09-12T13:02:38.515357+00:00,200,63127.25,
2026-09-12T13:02:09.682961+00:00,200,91964.31,
2026-09-12T13:02:22.279272+00:00,200,79468.21,
2026-09-12T13:02:08.156534+00:00,200,93609.48,
2026-09-12T13:02:56.290913+00:00,200,45492.95,
2026-09-12T13:01:45.463081+00:00,200,116345.95,
2026-09-12T13:03:08.304719+00:00,200,33541.77,
2026-09-12T13:03:41.019825+00:00,200,874.38,
2026-09-12T13:03:33.248869+00:00,200,8662.53,
2026-09-12T13:02:17.402263+00:00,200,84514.16,
2026-09-12T13:02:03.586394+00:00,200,98364.02,
2026-09-12T13:01:51.091699+00:00,200,110872.34,
2026-09-12T13:01:21.494707+00:00,200,140593.23,
2026-09-12T13:03:39.469088+00:00,200,2628.83,
2026-09-12T13:02:55.345764+00:00,200,46767.61,
2026-09-12T13:01:19.658499+00:00,200,142534.07,
2026-09-12T13:03:00.698027+00:00,200,41518.26,
2026-09-12T13:01:40.789059+00:00,200,121501.87,
2026-09-12T13:03:37.355398+00:00,200,4974.04,
2026-09-12T13:02:22.542689+00:00,200,79812.27,
2026-09-12T13:03:37.032792+00:00,200,5389.33,
2026-09-12T13:01:21.329483+00:00,200,141095.91,
2026-09-12T13:02:52.122597+00:00,200,50319.75,
2026-09-12T13:02:32.911239+00:00,200,69540.52,
2026-09-12T13:03:31.571873+00:00,200,10944.69,
2026-09-12T13:03:25.835104+00:00,200,16699.89,
2026-09-12T13:03:37.352220+00:00,200,5208.72,
2026-09-12T13:02:43.155758+00:00,200,59521.84,
2026-09-12T13:01:37.284378+00:00,200,125438.19,
2026-09-12T13:02:10.315920+00:00,200,92415.52,
2026-09-12T13:02:31.319663+00:00,200,71416.52,
2026-09-12T13:02:00.766735+00:00,200,101976.32,
2026-09-12T13:03:11.610926+00:00,200,31152.98,
2026-09-12T13:02:16.703147+00:00,200,86083.07,
2026-09-12T13:02:23.369422+00:00,200,79454.58,
2026-09-12T13:02:53.971946+00:00,200,48915.42,
2026-09-12T13:02:32.381196+00:00,200,70539.24,
2026-09-12T13:03:35.454926+00:00,200,7480.95,
2026-09-12T13:03:33.999531+00:00,200,8950.25,
2026-09-12T13:03:35.649629+00:00,200,7314.39,
2026-09-12T13:01:27.491414+00:00,200,135519.92,
2026-09-12T13:02:46.240495+00:00,200,56823.86,
2026-09-12T13:02:32.377816+00:00,200,70688.72,
2026-09-12T13:02:09.236901+00:00,200,93876.29,
2026-09-12T13:01:02.746268+00:00,200,160405.4,
2026-09-12T13:02:57.842600+00:00,200,45311.52,
2026-09-12T13:03:37.388226+00:00,200,5772.15,
2026-09-12T13:02:41.156108+00:00,200,62013.62,
2026-09-12T13:03:06.075886+00:00,200,37115.4,
2026-09-12T13:01:06.025227+00:00,200,157217.93,
2026-09-12T13:02:57.005901+00:00,200,46253.55,
2026-09-12T13:01:54.859375+00:00,200,108480.44,
2026-09-12T13:01:27.390311+00:00,200,135974.72,
2026-09-12T13:01:51.751999+00:00,200,111627.03,
2026-09-12T13:03:24.493271+00:00,200,18931.71,
2026-09-12T13:01:16.191850+00:00,200,147247.55,
2026-09-12T13:02:54.725580+00:00,200,48739.42,
2026-09-12T13:03:25.299293+00:00,200,18198.17,
2026-09-12T13:02:11.221945+00:00,200,92294.39,
2026-09-12T13:02:12.519707+00:00,200,91000.94,
2026-09-12T13:03:19.098838+00:00,200,24431.99,
2026-09-12T13:01:24.820037+00:00,200,138716.25,
2026-09-12T13:01:31.087309+00:00,200,132493.81,
2026-09-12T13:02:57.449540+00:00,200,46136.95,
2026-09-12T13:01:46.708444+00:00,200,116880.17,
2026-09-12T13:01:52.982126+00:00,200,110614.52,
2026-09-12T13:00:44.252065+00:00,200,179358.65,
2026-09-12T13:03:28.798422+00:00,200,14816.3,
2026-09-12T13:03:05.149440+00:00,200,38489.32,
2026-09-12T13:01:59.212231+00:00,200,104465.09,
2026-09-12T13:02:49.024521+00:00,200,54660.66,
2026-09-12T13:02:20.331774+00:00,200,83391.34,
2026-09-12T13:02:58.918275+00:00,200,44816.5,
2026-09-12T13:03:04.651354+00:00,200,39150.57,
2026-09-12T13:02:05.604330+00:00,200,98224.71,
2026-09-12T13:03:04.564983+00:00,200,39274.24,
2026-09-12T13:01:42.709414+00:00,200,121135.37,
2026-09-12T13:02:15.971541+00:00,200,87888.98,
2026-09-12T13:02:20.326124+00:00,200,83550.56,
2026-09-12T13:01:54.950381+00:00,200,108938.13,
2026-09-12T13:03:34.217173+00:00,200,9674.17,
2026-09-12T13:02:40.507124+00:00,200,63386.29,
2026-09-12T13:03:28.475379+00:00,200,15426.2,
2026-09-12T13:00:43.020931+00:00,200,180956.64,
2026-09-12T13:02:47.640356+00:00,200,56360.54,
2026-09-12T13:01:32.301528+00:00,200,131715.75,
2026-09-12T13:02:41.781686+00:00,200,62256.43,
2026-09-12T13:02:38.759579+00:00,200,65318.48,
2026-09-12T13:00:54.546319+00:00,200,169540.48,
2026-09-12T13:02:04.925861+00:00,200,99178.73,
2026-09-12T13:01:36.968466+00:00,200,127138.02,
2026-09-12T13:02:36.568113+00:00,200,67577.75,
2026-09-12T13:01:44.945416+00:00,200,119224.26,
2026-09-12T13:03:17.098536+00:00,200,27081.07,
2026-09-12T13:00:48.052148+00:00,200,176144.83,
2026-09-12T13:00:38.054670+00:00,200,186167.21,
2026-09-12T13:00:47.872874+00:00,200,176350.97,
2026-09-12T13:02:53.531049+00:00,200,50737.79,
2026-09-12T13:01:27.610942+00:00,200,136659.94,
2026-09-12T13:01:42.543459+00:00,200,121774.1,
2026-09-12T13:01:42.339239+00:00,200,122000.83,
2026-09-12T13:02:38.160527+00:00,200,66181.47,
2026-09-12T13:01:25.062858+00:00,200,139299.12,
2026-09-12T13:01:32.405046+00:00,200,131998.48,
2026-09-12T13:01:49.042081+00:00,200,115364.52,
2026-09-12T13:01:40.703981+00:00,200,123765.04,
2026-09-12T13:01:55.420064+00:00,200,109051.08,
2026-09-12T13:01:29.685788+00:00,200,134793.45,
2026-09-12T13:00:55.305160+00:00,200,169183.91,
2026-09-12T13:03:31.562563+00:00,200,12941.62,
2026-09-12T13:02:25.461663+00:00,200,79048.0,
2026-09-12T13:01:46.756199+00:00,200,117762.04,
2026-09-12T13:03:06.307145+00:00,200,38228.69,
2026-09-12T13:02:00.564792+00:00,200,104020.32,
2026-09-12T13:01:41.612405+00:00,200,122998.21,
2026-09-12T13:02:00.089532+00:00,200,104539.34,
2026-09-12T13:01:41.661800+00:00,200,123069.52,
2026-09-12T13:01:07.969969+00:00,200,156791.73,
2026-09-12T13:03:09.557026+00:00,200,35242.84,
2026-09-12T13:02:39.037329+00:00,200,65777.76,
2026-09-12T13:02:43.061476+00:00,200,61815.46,
2026-09-12T13:02:37.130942+00:00,200,67756.38,
2026-09-12T13:02:59.326733+00:00,200,45641.34,
2026-09-12T13:03:28.782794+00:00,200,16214.63,
2026-09-12T13:02:42.035957+00:00,200,63018.41,
2026-09-12T13:01:29.915360+00:00,200,135189.68,
2026-09-12T13:02:38.356157+00:00,200,66837.24,
2026-09-12T13:01:15.624962+00:00,200,149594.29,
2026-09-12T13:02:38.673011+00:00,200,66572.9,
2026-09-12T13:00:43.164223+00:00,200,182092.95,
2026-09-12T13:01:43.221699+00:00,200,122038.08,
2026-09-12T13:02:30.053675+00:00,200,75223.53,
2026-09-12T13:02:29.932368+00:00,200,75372.1,
2026-09-12T13:03:37.521962+00:00,200,7869.85,
2026-09-12T13:03:43.011353+00:00,200,2429.64,
2026-09-12T13:03:44.731348+00:00,200,732.76,
2026-09-12T13:02:10.536147+00:00,200,94933.57,
2026-09-12T13:03:16.781140+00:00,200,28701.16,
2026-09-12T13:03:32.857256+00:00,200,12658.38,
2026-09-12T13:01:49.201050+00:00,200,116347.8,
2026-09-12T13:01:40.322492+00:00,200,125242.37,
2026-09-12T13:01:13.796367+00:00,200,151793.22,
2026-09-12T13:01:32.500582+00:00,200,133220.74,
2026-09-12T13:02:49.949490+00:00,200,55791.29,
2026-09-12T13:02:25.448386+00:00,200,80309.51,
2026-09-12T13:02:21.913427+00:00,200,83848.56,
2026-09-12T13:03:10.146352+00:00,200,35635.75,
2026-09-12T13:01:44.454838+00:00,200,121331.12,
2026-09-12T13:01:32.000818+00:00,200,133792.3,
2026-09-12T13:02:48.955192+00:00,200,56839.03,
2026-09-12T13:01:59.451222+00:00,200,106344.1,
2026-09-12T13:01:32.447793+00:00,200,133348.6,
2026-09-12T13:01:02.410531+00:00,200,163387.86,
2026-09-12T13:02:57.222216+00:00,200,48624.11,
2026-09-12T13:01:28.934653+00:00,200,136949.27,
2026-09-12T13:02:25.276620+00:00,200,80644.99,
2026-09-12T13:00:54.815210+00:00,200,171126.22,
2026-09-12T13:02:32.740907+00:00,200,73213.05,
2026-09-12T13:02:15.003377+00:00,200,90958.76,
2026-09-12T13:01:14.983094+00:00,200,150998.25,
2026-09-12T13:01:30.927662+00:00,200,135067.8,
2026-09-12T13:03:34.290990+00:00,200,11718.39,
2026-09-12T13:02:16.765778+00:00,200,89245.23,
2026-09-12T13:00:54.697242+00:00,200,171348.72,
2026-09-12T13:01:50.370993+00:00,200,115704.36,
2026-09-12T13:02:36.917627+00:00,200,69186.02,
2026-09-12T13:03:16.817201+00:00,200,29315.51,
2026-09-12T13:02:09.260985+00:00,200,96908.26,
2026-09-12T13:00:47.670908+00:00,200,178555.16,
2026-09-12T13:02:24.297607+00:00,200,81945.5,
2026-09-12T13:01:29.355647+00:00,200,136911.04,
2026-09-12T13:03:38.221964+00:00,200,8050.36,
2026-09-12T13:03:45.193416+00:00,200,1126.35,
2026-09-12T13:03:37.747937+00:00,200,8622.91,
2026-09-12T13:02:19.419707+00:00,200,87004.03,
2026-09-12T13:02:32.879590+00:00,200,73550.01,
2026-09-12T13:01:15.532781+00:00,200,151007.97,
2026-09-12T13:03:06.019251+00:00,200,40537.68,
2026-09-12T13:03:41.486150+00:00,200,5079.45,
2026-09-12T13:02:43.276735+00:00,200,63321.4,
2026-09-12T13:01:10.824235+00:00,200,155841.52,
2026-09-12T13:03:28.051723+00:00,200,18672.46,
2026-09-12T13:02:30.924406+00:00,200,75818.38,
2026-09-12T13:01:22.681162+00:00,200,144067.07,
2026-09-12T13:01:43.803616+00:00,200,122969.59,
2026-09-12T13:00:39.652832+00:00,200,187131.43,
2026-09-12T13:01:42.972884+00:00,200,123832.74,
2026-09-12T13:02:17.965414+00:00,200,88889.86,
2026-09-12T13:03:25.430708+00:00,200,21479.12,
2026-09-12T13:02:24.756319+00:00,200,82155.72,
2026-09-12T13:02:53.820594+00:00,200,53141.81,
2026-09-12T13:02:32.196893+00:00,200,74804.57,
2026-09-12T13:00:44.653886+00:00,200,182373.82,
2026-09-12T13:02:10.982251+00:00,200,96061.73,
2026-09-12T13:01:01.237360+00:00,200,165807.47,
2026-09-12T13:03:02.072856+00:00,200,45029.91,
2026-09-12T13:01:25.673245+00:00,200,141443.76,
2026-09-12T13:01:56.183984+00:00,200,110983.75,
2026-09-12T13:02:28.218537+00:00,200,78951.1,
2026-09-12T13:02:15.726887+00:00,200,91473.85,
2026-09-12T13:01:38.419028+00:00,200,128813.26,
2026-09-12T13:03:05.325549+00:00,200,41945.31,
2026-09-12T13:03:13.274457+00:00,200,34018.6,
2026-09-12T13:01:59.013833+00:00,200,108286.35,
2026-09-12T13:03:22.336172+00:00,200,24986.58,
2026-09-12T13:01:46.849226+00:00,200,120494.82,
2026-09-12T13:02:44.701448+00:00,200,62660.92,
2026-09-12T13:03:39.006418+00:00,200,8386.61,
2026-09-12T13:02:33.615354+00:00,200,73781.44,
2026-09-12T13:02:16.180395+00:00,200,91235.47,
2026-09-12T13:01:21.992738+00:00,200,145436.32,
2026-09-12T13:02:05.381486+00:00,200,102093.54,
2026-09-12T13:01:20.975304+00:00,200,146503.99,
2026-09-12T13:01:51.948864+00:00,200,115549.97,
2026-09-12T13:02:40.358972+00:00,200,67151.8,
2026-09-12T13:00:51.786940+00:00,200,175740.35,
2026-09-12T13:02:00.553326+00:00,200,106994.4,
2026-09-12T13:01:21.603154+00:00,200,145969.74,
2026-09-12T13:02:36.433831+00:00,200,71141.99,
2026-09-12T13:01:52.118479+00:00,200,115459.27,
2026-09-12T13:03:34.810145+00:00,200,12771.8,
2026-09-12T13:02:52.391003+00:00,200,55212.18,
2026-09-12T13:00:39.705148+00:00,200,187932.27,
2026-09-12T13:01:57.858791+00:00,200,109783.98,
2026-09-12T13:03:02.163376+00:00,200,45517.96,
2026-09-12T13:02:21.863226+00:00,200,85878.2,
2026-09-12T13:01:37.923848+00:00,200,129818.62,
2026-09-12T13:02:57.543166+00:00,200,50208.32,
2026-09-12T13:00:47.613037+00:00,200,180175.61,
2026-09-12T13:03:19.486511+00:00,200,28315.53,
2026-09-12T13:03:40.142771+00:00,200,7662.66,
2026-09-12T13:01:16.861270+00:00,200,150984.79,
2026-09-12T13:01:05.651780+00:00,200,162222.38,
2026-09-12T13:01:01.495580+00:00,200,166403.87,
2026-09-12T13:02:04.639653+00:00,200,103266.4,
2026-09-12T13:01:12.979599+00:00,200,154970.62,
2026-09-12T13:01:58.966229+00:00,200,108987.25,
2026-09-12T13:01:42.537215+00:00,200,125438.68,
2026-09-12T13:02:50.231267+00:00,200,57747.8,
2026-09-12T13:02:06.743800+00:00,200,101320.95,
2026-09-12T13:03:12.175378+00:00,200,35946.16,
2026-09-12T13:03:19.580809+00:00,200,28546.95,
2026-09-12T13:03:26.676580+00:00,200,21477.8,
2026-09-12T13:03:26.895999+00:00,200,21331.58,
2026-09-12T13:01:54.256170+00:00,200,114027.71,
2026-09-12T13:02:59.745817+00:00,200,48551.5,
2026-09-12T13:02:02.611862+00:00,200,105700.36,
2026-09-12T13:02:45.247380+00:00,200,63082.78,
2026-09-12T13:03:08.908874+00:00,200,39444.55,
2026-09-12T13:02:33.754814+00:00,200,74615.71,
2026-09-12T13:02:56.125860+00:00,200,52274.19,
2026-09-12T13:02:31.927953+00:00,200,76486.43,
2026-09-12T13:01:55.292024+00:00,200,113139.7,
2026-09-12T13:02:38.714372+00:00,200,69745.47,
2026-09-12T13:01:25.170874+00:00,200,143289.82,
2026-09-12T13:01:44.230072+00:00,200,124267.77,
2026-09-12T13:01:08.533739+00:00,200,160005.54,
2026-09-12T13:01:01.389551+00:00,200,167158.12,
2026-09-12T13:01:07.948008+00:00,200,160646.91,
2026-09-12T13:00:50.394203+00:00,200,178203.6,
2026-09-12T13:02:41.582619+00:00,200,67033.05,
2026-09-12T13:02:38.514117+00:00,200,70103.84,
2026-09-12T13:02:12.653667+00:00,200,95965.37,
2026-09-12T13:03:37.059657+00:00,200,11560.34,
2026-09-12T13:02:49.316823+00:00,200,59304.12,
2026-09-12T13:02:02.139460+00:00,200,106509.54,
2026-09-12T13:02:54.664639+00:00,200,53991.47,
2026-09-12T13:02:13.984807+00:00,200,94672.5,
2026-09-12T13:02:57.756022+00:00,200,50946.21,
2026-09-12T13:02:00.230731+00:00,200,108489.64,
2026-09-12T13:02:12.535278+00:00,200,96187.96,
2026-09-12T13:02:17.192069+00:00,200,91542.76,
2026-09-12T13:02:18.032120+00:00,200,90722.15,
2026-09-12T13:03:18.477814+00:00,200,30285.25,
2026-09-12T13:00:50.676831+00:00,200,178142.37,
2026-09-12T13:01:01.632341+00:00,200,167193.59,
2026-09-12T13:01:12.123380+00:00,200,156908.28,
2026-09-12T13:02:44.329525+00:00,200,64737.85,
2026-09-12T13:00:39.918823+00:00,200,189215.12,
2026-09-12T13:02:44.529128+00:00,200,64616.17,
2026-09-12T13:02:03.535027+00:00,200,105643.8,
2026-09-12T13:03:18.115546+00:00,200,31069.3,
2026-09-12T13:02:43.772241+00:00,200,65424.49,
2026-09-12T13:01:29.731687+00:00,200,139509.23,
2026-09-12T13:01:28.450042+00:00,200,140800.91,
2026-09-12T13:01:34.233198+00:00,200,135050.6,
2026-09-12T13:03:17.793337+00:00,200,31499.21,
2026-09-12T13:01:11.626565+00:00,200,157678.8,
2026-09-12T13:02:41.399295+00:00,200,67915.46,
2026-09-12T13:02:56.193783+00:00,200,53129.18,
2026-09-12T13:03:19.417967+00:00,200,29906.14,
2026-09-12T13:01:26.216499+00:00,200,143111.99,
2026-09-12T13:01:57.778629+00:00,200,111588.94,
2026-09-12T13:02:36.015504+00:00,200,73407.36,
2026-09-12T13:02:07.454765+00:00,200,102020.39,
2026-09-12T13:02:48.812401+00:00,200,60702.47,
2026-09-12T13:01:24.462358+00:00,200,145084.76,
2026-09-12T13:03:37.692717+00:00,200,11856.27,
2026-09-12T13:02:28.670612+00:00,200,80906.43,
2026-09-12T13:01:23.124286+00:00,200,146468.85,
2026-09-12T13:01:05.695043+00:00,200,163917.4,
2026-09-12T13:03:23.752756+00:00,200,25867.71,
2026-09-12T13:03:12.048534+00:00,200,37622.7,
2026-09-12T13:01:58.313760+00:00,200,111366.67,
2026-09-12T13:02:39.990832+00:00,200,69708.65,
2026-09-12T13:01:17.954984+00:00,200,151774.85,
2026-09-12T13:03:03.904617+00:00,200,45842.82,
2026-09-12T13:00:51.180831+00:00,200,178599.71,
2026-09-12T13:02:43.309625+00:00,200,66500.0,
2026-09-12T13:00:53.613917+00:00,200,176198.79,
2026-09-12T13:01:24.523201+00:00,200,145306.46,
2026-09-12T13:01:47.879048+00:00,200,121997.33,
2026-09-12T13:02:43.882580+00:00,200,66013.55,
2026-09-12T13:02:20.038213+00:00,200,89869.39,
2026-09-12T13:01:50.072642+00:00,200,119840.62,
2026-09-12T13:02:06.801364+00:00,200,103114.39,
2026-09-12T13:01:54.584010+00:00,200,115375.95,
2026-09-12T13:01:25.764288+00:00,200,144197.69,
2026-09-12T13:00:57.729975+00:00,200,172239.83,
2026-09-12T13:02:42.722782+00:00,200,67253.44,
2026-09-12T13:02:58.271999+00:00,200,51705.08,
2026-09-12T13:03:00.275177+00:00,200,49713.67,
2026-09-12T13:03:12.481352+00:00,200,37514.61,
2026-09-12T13:01:07.152513+00:00,200,162852.67,
2026-09-12T13:01:07.663591+00:00,200,162421.73,
2026-09-12T13:01:25.633463+00:00,200,144466.8,
2026-09-12T13:02:21.620954+00:00,200,88493.9,
2026-09-12T13:03:36.917978+00:00,200,13204.71,
2026-09-12T13:02:32.498030+00:00,200,77740.48,
2026-09-12T13:03:25.044755+00:00,200,25217.06,
2026-09-12T13:02:35.687861+00:00,200,74591.84,
2026-09-12T13:01:49.004592+00:00,200,121285.7,
2026-09-12T13:03:29.089154+00:00,200,21213.48,
2026-09-12T13:02:41.824969+00:00,200,68507.62,
2026-09-12T13:02:11.511302+00:00,200,98852.32,
2026-09-12T13:02:26.884767+00:00,200,83509.62,
2026-09-12T13:02:38.095166+00:00,200,72351.64,
2026-09-12T13:02:45.015855+00:00,200,65457.71,
2026-09-12T13:02:02.682132+00:00,200,107801.19,
2026-09-12T13:01:53.508803+00:00,200,116987.02,
2026-09-12T13:01:47.999790+00:00,200,122525.22,
2026-09-12T13:02:34.718668+00:00,200,75864.58,
2026-09-12T13:02:42.242057+00:00,200,68344.49,
2026-09-12T13:02:34.384527+00:00,200,76224.89,
2026-09-12T13:02:02.833794+00:00,200,107834.35,
2026-09-12T13:02:15.960358+00:00,200,94721.85,
2026-09-12T13:01:00.682305+00:00,200,170018.85,
2026-09-12T13:01:12.629644+00:00,200,158087.84,
2026-09-12T13:01:20.482122+00:00,200,150258.77,
2026-09-12T13:00:54.980398+00:00,200,175780.03,
2026-09-12T13:01:49.292044+00:00,200,121470.41,
2026-09-12T13:02:51.303609+00:00,200,59495.96,
2026-09-12T13:01:54.550422+00:00,200,116261.98,
2026-09-12T13:02:41.525050+00:00,200,69290.71,
2026-09-12T13:02:19.157167+00:00,200,91682.36,
2026-09-12T13:03:02.892387+00:00,200,47948.04,
2026-09-12T13:01:40.264165+00:00,200,130584.49,
2026-09-12T13:03:20.015910+00:00,200,30840.77,
2026-09-12T13:01:52.311820+00:00,200,118555.52,
2026-09-12T13:03:06.383658+00:00,200,44522.99,
2026-09-12T13:01:12.217505+00:00,200,158704.81,
2026-09-12T13:01:23.808276+00:00,200,147116.7,
2026-09-12T13:02:31.848318+00:00,200,79086.36,
2026-09-12T13:01:01.056700+00:00,200,169902.31,
2026-09-12T13:02:03.559237+00:00,200,107427.89,
2026-09-12T13:01:06.323735+00:00,200,164689.86,
2026-09-12T13:00:46.680326+00:00,200,184337.43,
2026-09-12T13:00:35.748386+00:00,200,195274.36,
2026-09-12T13:03:34.442307+00:00,200,16598.0,
2026-09-12T13:01:51.223099+00:00,200,119824.02,
2026-09-12T13:01:13.710418+00:00,200,157344.79,
2026-09-12T13:01:14.390143+00:00,200,156688.4,
2026-09-12T13:02:10.729428+00:00,200,100370.44,
2026-09-12T13:02:25.584593+00:00,200,85527.13,
2026-09-12T13:02:38.813144+00:00,200,72344.19,
2026-09-12T13:02:25.374198+00:00,200,85785.21,
2026-09-12T13:02:36.203940+00:00,200,74961.44,
2026-09-12T13:01:21.946376+00:00,200,149236.07,
2026-09-12T13:03:06.225523+00:00,200,44984.04,
2026-09-12T13:02:39.783684+00:00,200,71433.04,
2026-09-12T13:03:25.559236+00:00,200,25698.2,
2026-09-12T13:01:11.939155+00:00,200,159351.23,
2026-09-12T13:01:29.169309+00:00,200,142127.48,
2026-09-12T13:02:31.195084+00:00,200,80124.46,
2026-09-12T13:02:39.191679+00:00,200,72128.74,
2026-09-12T13:03:04.618048+00:00,200,46715.73,
2026-09-12T13:01:14.885986+00:00,200,156474.4,
2026-09-12T13:01:51.063440+00:00,200,120322.42,
2026-09-12T13:01:58.993072+00:00,200,112398.3,
2026-09-12T13:01:08.562238+00:00,200,162846.18,
2026-09-12T13:02:05.293119+00:00,200,106130.4,
2026-09-12T13:02:30.033618+00:00,200,81392.98,
2026-09-12T13:01:32.574962+00:00,200,138960.52,
2026-09-12T13:02:55.780963+00:00,200,55791.67,
2026-09-12T13:02:46.192522+00:00,200,65396.3,
2026-09-12T13:03:08.734499+00:00,200,42859.71,
2026-09-12T13:01:21.913032+00:00,200,149687.58,
2026-09-12T13:01:20.471485+00:00,200,151173.38,
2026-09-12T13:02:20.660927+00:00,200,91033.76,
2026-09-12T13:03:37.039636+00:00,200,14656.5,
2026-09-12T13:02:38.267600+00:00,200,73472.93,
2026-09-12T13:01:28.684198+00:00,200,143080.89,
2026-09-12T13:03:38.061559+00:00,200,13749.41,
2026-09-12T13:02:15.218488+00:00,200,96609.13,
2026-09-12T13:02:40.416084+00:00,200,71416.63,
2026-09-12T13:03:03.647957+00:00,200,48192.5,
2026-09-12T13:00:56.401094+00:00,200,175471.28,
2026-09-12T13:01:01.992672+00:00,200,169892.33,
2026-09-12T13:03:29.073405+00:00,200,22846.41,
2026-09-12T13:03:33.622231+00:00,200,18313.36,
2026-09-12T13:03:35.768321+00:00,200,16172.39,
2026-09-12T13:02:07.421334+00:00,200,104540.92,
2026-09-12T13:00:41.610147+00:00,200,190356.79,
2026-09-12T13:02:38.457917+00:00,200,73512.61,
2026-09-12T13:02:26.880168+00:00,200,85092.55,
2026-09-12T13:03:30.439281+00:00,200,21545.39,
2026-09-12T13:02:04.728500+00:00,200,107257.09,
2026-09-12T13:03:44.145878+00:00,200,7890.65,
2026-09-12T13:02:31.362397+00:00,200,80682.82,
2026-09-12T13:01:57.397560+00:00,200,114658.97,
2026-09-12T13:00:31.677264+00:00,200,200436.32,
2026-09-12T13:03:28.779276+00:00,200,23353.57,
2026-09-12T13:01:53.513761+00:00,200,118680.0,
2026-09-12T13:03:44.106492+00:00,200,8094.93,
2026-09-12T13:01:06.138179+00:00,200,166080.89,
2026-09-12T13:01:08.064295+00:00,200,164180.03,
2026-09-12T13:02:04.830998+00:00,200,107427.19,
2026-09-12T13:03:02.780398+00:00,200,49489.29,
2026-09-12T13:02:21.989938+00:00,200,90282.27,
2026-09-12T13:02:40.607794+00:00,200,71686.34,
2026-09-12T13:02:37.974467+00:00,200,74320.75,
2026-09-12T13:02:50.658197+00:00,200,61638.13,
2026-09-12T13:01:30.165234+00:00,200,142160.26,
2026-09-12T13:01:38.560190+00:00,200,133780.74,
2026-09-12T13:02:22.086510+00:00,200,90277.62,
2026-09-12T13:02:15.214046+00:00,200,97154.17,
2026-09-12T13:01:08.810212+00:00,200,163562.5,
2026-09-12T13:01:56.521109+00:00,200,115853.68,
2026-09-12T13:02:01.030250+00:00,200,111362.69,
2026-09-12T13:01:46.407199+00:00,200,125991.31,
2026-09-12T13:03:38.154897+00:00,200,14253.34,
2026-09-12T13:03:44.038142+00:00,200,8376.97,
2026-09-12T13:03:30.310513+00:00,200,22114.61,
2026-09-12T13:01:30.418905+00:00,200,142039.6,
2026-09-12T13:01:14.002279+00:00,200,158497.18,
2026-09-12T13:01:54.389127+00:00,200,118142.01,
2026-09-12T13:02:08.445670+00:00,200,104143.29,
2026-09-12T13:02:54.979150+00:00,200,57616.58,
2026-09-12T13:02:10.672924+00:00,200,101937.3,
2026-09-12T13:02:29.855809+00:00,200,82788.77,
2026-09-12T13:01:44.312010+00:00,200,128342.69,
2026-09-12T13:02:22.952489+00:00,200,89722.34,
2026-09-12T13:02:10.128446+00:00,200,102556.28,
2026-09-12T13:03:11.073082+00:00,200,41654.56,
2026-09-12T13:01:51.866711+00:00,200,120871.49,
2026-09-12T13:02:15.872700+00:00,200,96871.39,
2026-09-12T13:01:24.642032+00:00,200,148124.61,
2026-09-12T13:01:35.693470+00:00,200,137142.68,
2026-09-12T13:02:31.707451+00:00,200,81143.9,
2026-09-12T13:02:20.946051+00:00,200,91927.83,
2026-09-12T13:03:21.633388+00:00,200,31275.8,
2026-09-12T13:02:41.450304+00:00,200,71477.98,
2026-09-12T13:03:04.101992+00:00,200,48833.08,
2026-09-12T13:02:36.101327+00:00,200,76834.76,
2026-09-12T13:01:03.559966+00:00,200,169403.12,
2026-09-12T13:02:10.028515+00:00,200,102946.12,
2026-09-12T13:01:25.999155+00:00,200,146989.25,
2026-09-12T13:01:38.423133+00:00,200,134623.2,
2026-09-12T13:02:43.185500+00:00,200,69863.77,
2026-09-12T13:03:44.997449+00:00,200,8108.99,
2026-09-12T13:01:32.213911+00:00,200,140914.5,
2026-09-12T13:02:19.343628+00:00,200,93790.69,
2026-09-12T13:01:43.692056+00:00,200,129456.61,
2026-09-12T13:02:37.216719+00:00,200,75975.96,
2026-09-12T13:02:22.130889+00:00,200,91065.94,
2026-09-12T13:01:36.096292+00:00,200,137120.17,
2026-09-12T13:00:56.247302+00:00,200,176979.29,
2026-09-12T13:02:24.834095+00:00,200,88393.57,
2026-09-12T13:02:42.253039+00:00,200,70994.72,
2026-09-12T13:03:27.841983+00:00,200,25442.19,
2026-09-12T13:01:39.916018+00:00,200,133385.36,
2026-09-12T13:01:54.343025+00:00,200,118962.15,
2026-09-12T13:01:51.798149+00:00,200,121511.06,
2026-09-12T13:02:44.097130+00:00,200,69311.13,
2026-09-12T13:01:12.745948+00:00,200,160670.66,
2026-09-12T13:03:34.207246+00:00,200,19211.75,
2026-09-12T13:01:11.314780+00:00,200,162129.93,
2026-09-12T13:01:47.076864+00:00,200,126413.09,
2026-09-12T13:03:44.361990+00:00,200,9151.35,
2026-09-12T13:02:17.924151+00:00,200,95609.12,
2026-09-12T13:02:00.036021+00:00,200,113504.41,
2026-09-12T13:02:10.596465+00:00,200,102960.14,
2026-09-12T13:02:41.826491+00:00,200,71749.91,
2026-09-12T13:02:29.368430+00:00,200,84215.12,
2026-09-12T13:03:40.683897+00:00,200,12902.45,
2026-09-12T13:02:49.493152+00:00,200,64108.09,
2026-09-12T13:01:39.562617+00:00,200,134077.87,
2026-09-12T13:03:15.991667+00:00,200,37653.99,
2026-09-12T13:02:36.563159+00:00,200,77092.88,
2026-09-12T13:02:35.646213+00:00,200,78011.69,
2026-09-12T13:02:26.591376+00:00,200,87084.45,
2026-09-12T13:00:57.090026+00:00,200,176608.0,
2026-09-12T13:01:35.580130+00:00,200,138143.0,
2026-09-12T13:02:18.136094+00:00,200,95619.14,
2026-09-12T13:01:35.431703+00:00,200,138341.73,
2026-09-12T13:01:05.543483+00:00,200,168248.43,
2026-09-12T13:02:23.653919+00:00,200,90142.13,
2026-09-12T13:01:38.889833+00:00,200,134916.86,
2026-09-12T13:02:41.157386+00:00,200,72674.24,
2026-09-12T13:02:28.650152+00:00,200,85184.81,
2026-09-12T13:01:14.697425+00:00,200,159161.13,
2026-09-12T13:02:18.337072+00:00,200,95570.65,
2026-09-12T13:01:54.172741+00:00,200,119735.78,
2026-09-12T13:02:31.289781+00:00,200,82627.28,
2026-09-12T13:02:52.342077+00:00,200,61576.77,
2026-09-12T13:03:24.633937+00:00,200,29287.68,
2026-09-12T13:03:26.563847+00:00,200,27381.43,
2026-09-12T13:00:45.358902+00:00,200,188598.08,
2026-09-12T13:03:45.219272+00:00,200,8768.06,
2026-09-12T13:02:27.764103+00:00,200,86245.84,
2026-09-12T13:02:47.690270+00:00,200,66368.23,
2026-09-12T13:02:45.687617+00:00,200,68381.74,
2026-09-12T13:03:26.918652+00:00,200,27153.43,
2026-09-12T13:01:25.971021+00:00,200,148102.08,
2026-09-12T13:03:10.788339+00:00,200,43303.26,
2026-09-12T13:02:23.814737+00:00,200,90353.84,
2026-09-12T13:02:56.759930+00:00,200,57440.03,
2026-09-12T13:03:27.046363+00:00,200,27191.61,
2026-09-12T13:01:18.791043+00:00,200,155447.74,
2026-09-12T13:02:42.797351+00:00,200,71508.87,
2026-09-12T13:03:28.717927+00:00,200,25614.64,
2026-09-12T13:01:18.078784+00:00,200,156261.39,
2026-09-12T13:01:30.968300+00:00,200,143385.85,
2026-09-12T13:00:51.362472+00:00,200,182999.65,
2026-09-12T13:02:43.646714+00:00,200,70718.33,
2026-09-12T13:03:03.656332+00:00,200,50720.32,
2026-09-12T13:02:22.573609+00:00,200,91818.91,
2026-09-12T13:01:19.704285+00:00,200,154746.73,
2026-09-12T13:03:23.286295+00:00,200,31166.64,
2026-09-12T13:02:27.887223+00:00,200,86593.23,
2026-09-12T13:03:12.057186+00:00,200,42439.09,
2026-09-12T13:03:44.406603+00:00,200,10094.52,
2026-09-12T13:01:54.193040+00:00,200,120331.29,
2026-09-12T13:01:12.193144+00:00,200,162405.95,
2026-09-12T13:01:57.358332+00:00,200,117302.24,
2026-09-12T13:01:39.295186+00:00,200,135375.99,
2026-09-12T13:00:34.223811+00:00,200,200474.37,
2026-09-12T13:01:46.314051+00:00,200,128388.01,
2026-09-12T13:02:06.437734+00:00,200,108268.51,
2026-09-12T13:01:21.119915+00:00,200,153609.9,
2026-09-12T13:01:18.636433+00:00,200,156108.79,
2026-09-12T13:02:55.273846+00:00,200,59481.95,
2026-09-12T13:02:36.114355+00:00,200,78652.63,
2026-09-12T13:02:32.739082+00:00,200,82081.07,
2026-09-12T13:02:11.360256+00:00,200,103480.03,
2026-09-12T13:03:08.378266+00:00,200,46503.64,
2026-09-12T13:01:41.658867+00:00,200,133242.14,
2026-09-12T13:02:36.107462+00:00,200,78807.75,
2026-09-12T13:01:47.113964+00:00,200,127822.88,
2026-09-12T13:02:33.686594+00:00,200,81262.74,
2026-09-12T13:03:40.165079+00:00,200,14785.52,
2026-09-12T13:02:39.441160+00:00,200,75511.56,
2026-09-12T13:02:26.040030+00:00,200,88924.11,
2026-09-12T13:02:35.421449+00:00,200,79569.33,
2026-09-12T13:03:17.356579+00:00,200,37648.43,
2026-09-12T13:00:42.747044+00:00,200,192264.79,
2026-09-12T13:03:10.222084+00:00,200,44796.7,
2026-09-12T13:00:44.808317+00:00,200,190255.81,
2026-09-12T13:02:13.114022+00:00,200,101961.02,
2026-09-12T13:01:19.172439+00:00,200,155903.62,
2026-09-12T13:02:59.281277+00:00,200,55848.3,
2026-09-12T13:00:58.977833+00:00,200,176160.4,
2026-09-12T13:01:24.410064+00:00,200,150802.15,
2026-09-12T13:01:34.348477+00:00,200,140869.23,
2026-09-12T13:02:40.710455+00:00,200,74537.21,
2026-09-12T13:03:23.765933+00:00,200,31498.68,
2026-09-12T13:00:45.525371+00:00,200,189749.86,
2026-09-12T13:02:15.615069+00:00,200,99661.9,
2026-09-12T13:01:40.495375+00:00,200,134784.25,
2026-09-12T13:01:02.806432+00:00,200,172512.8,
2026-09-12T13:01:11.043020+00:00,200,164298.19,
2026-09-12T13:01:54.342009+00:00,200,121000.01,
2026-09-12T13:03:28.746977+00:00,200,26622.7,
2026-09-12T13:01:14.895836+00:00,200,160480.11,
2026-09-12T13:03:28.752566+00:00,200,26640.1,
2026-09-12T13:01:10.500139+00:00,200,164916.06,
2026-09-12T13:03:07.933454+00:00,200,47493.73,
2026-09-12T13:01:40.512958+00:00,200,134918.79,
2026-09-12T13:01:01.260553+00:00,200,174185.54,
2026-09-12T13:01:52.485537+00:00,200,122970.63,
2026-09-12T13:03:26.211547+00:00,200,29259.24,
2026-09-12T13:03:20.340260+00:00,200,35150.79,
2026-09-12T13:03:17.564747+00:00,200,37957.63,
2026-09-12T13:02:47.768084+00:00,200,67791.11,
2026-09-12T13:02:58.637185+00:00,200,56941.9,
2026-09-12T13:01:08.889269+00:00,200,166700.6,
2026-09-12T13:01:42.942778+00:00,200,132719.16,
2026-09-12T13:02:02.744753+00:00,200,112933.8,
2026-09-12T13:01:46.070500+00:00,200,129641.97,
2026-09-12T13:03:24.884447+00:00,200,30848.89,
2026-09-12T13:02:09.269312+00:00,200,106518.66,
2026-09-12T13:03:19.687884+00:00,200,36105.99,
2026-09-12T13:02:07.228287+00:00,200,108614.33,
2026-09-12T13:03:23.839573+00:00,200,32033.45,
2026-09-12T13:03:00.345684+00:00,200,55530.78,
2026-09-12T13:01:33.709984+00:00,200,142177.12,
2026-09-12T13:00:32.577931+00:00,200,203312.03,
2026-09-12T13:00:40.285486+00:00,200,195605.28,
2026-09-12T13:02:38.864036+00:00,200,77041.15,
2026-09-12T13:01:17.103232+00:00,200,158817.09,
2026-09-12T13:01:43.211254+00:00,200,132746.33,
2026-09-12T13:02:12.386775+00:00,200,103589.86,
2026-09-12T13:02:39.032388+00:00,200,76957.25,
2026-09-12T13:03:34.199466+00:00,200,21800.08,
2026-09-12T13:02:42.992954+00:00,200,73012.43,
2026-09-12T13:01:09.932214+00:00,200,166084.43,
2026-09-12T13:01:51.556970+00:00,200,124462.6,
2026-09-12T13:01:57.857753+00:00,200,118177.14,
2026-09-12T13:02:28.907788+00:00,200,87170.59,
2026-09-12T13:01:11.098845+00:00,200,165033.62,
2026-09-12T13:01:06.584249+00:00,200,169550.64,
2026-09-12T13:01:59.842040+00:00,200,116299.74,
2026-09-12T13:02:57.424935+00:00,200,58728.99,
2026-09-12T13:01:10.317884+00:00,200,165851.17,
2026-09-12T13:01:07.989889+00:00,200,168196.35,
2026-09-12T13:03:12.444832+00:00,200,43802.42,
2026-09-12T13:02:19.122480+00:00,200,97134.59,
2026-09-12T13:01:58.457553+00:00,200,117814.97,
2026-09-12T13:02:49.309420+00:00,200,66972.33,
2026-09-12T13:01:01.352374+00:00,200,174963.03,
2026-09-12T13:01:32.706911+00:00,200,143623.09,
2026-09-12T13:01:13.402720+00:00,200,162932.31,
2026-09-12T13:01:19.774706+00:00,200,156578.19,
2026-09-12T13:01:32.168348+00:00,200,144241.5,
2026-09-12T13:02:26.467134+00:00,200,89951.51,
2026-09-12T13:02:48.420885+00:00,200,68000.35,
2026-09-12T13:01:29.072600+00:00,200,147351.83,
2026-09-12T13:02:45.862747+00:00,200,70608.77,
2026-09-12T13:02:20.526097+00:00,200,95949.03,
2026-09-12T13:03:28.001483+00:00,200,28484.76,
2026-09-12T13:01:51.585142+00:00,200,124921.42,
2026-09-12T13:02:25.365522+00:00,200,91171.46,
2026-09-12T13:03:15.027211+00:00,200,41516.9,
2026-09-12T13:01:11.046175+00:00,200,165501.7,
2026-09-12T13:02:40.305343+00:00,200,76245.11,
2026-09-12T13:01:29.092198+00:00,200,147473.8,
2026-09-12T13:02:42.028954+00:00,200,74594.27,
2026-09-12T13:02:19.821089+00:00,200,96804.73,
2026-09-12T13:02:31.586115+00:00,200,85095.35,
2026-09-12T13:01:49.595576+00:00,200,127100.44,
2026-09-12T13:02:03.495713+00:00,200,113223.54,
2026-09-12T13:03:27.538389+00:00,200,29185.97,
2026-09-12T13:02:39.840730+00:00,200,76898.52,
2026-09-12T13:02:06.131135+00:00,200,110611.79,
2026-09-12T13:03:05.976793+00:00,200,50808.32,
2026-09-12T13:01:41.426834+00:00,200,135464.21,
2026-09-12T13:01:59.764747+00:00,200,117134.69,
2026-09-12T13:02:09.288960+00:00,200,107611.34,
2026-09-12T13:03:44.196992+00:00,200,12721.95,
2026-09-12T13:01:09.198604+00:00,200,167734.32,
2026-09-12T13:01:26.848883+00:00,200,150098.71,
2026-09-12T13:03:18.428478+00:00,200,38541.07,
2026-09-12T13:02:02.036381+00:00,200,114967.44,
2026-09-12T13:02:58.973955+00:00,200,58038.09,
2026-09-12T13:02:24.280552+00:00,200,92816.02,
2026-09-12T13:02:28.790943+00:00,200,88327.46,
2026-09-12T13:03:23.267544+00:00,200,33896.11,
2026-09-12T13:02:59.991503+00:00,200,57179.0,
2026-09-12T13:03:39.321161+00:00,200,17852.85,
2026-09-12T13:02:41.101008+00:00,200,76075.59,
2026-09-12T13:00:49.474166+00:00,200,187748.53,
2026-09-12T13:01:22.417184+00:00,200,154828.35,
2026-09-12T13:03:28.678946+00:00,200,28581.06,
2026-09-12T13:01:21.532523+00:00,200,155773.19,
2026-09-12T13:01:55.993605+00:00,200,121326.92,
2026-09-12T13:02:20.181525+00:00,200,97160.57,
2026-09-12T13:01:20.908764+00:00,200,156435.55,
2026-09-12T13:02:42.508629+00:00,200,74841.53,
2026-09-12T13:02:22.461376+00:00,200,94905.65,
2026-09-12T13:03:14.544120+00:00,200,42827.76,
2026-09-12T13:02:49.012808+00:00,200,68392.56,
2026-09-12T13:02:11.803296+00:00,200,105630.26,
2026-09-12T13:01:21.303367+00:00,200,156177.21,
2026-09-12T13:01:53.043024+00:00,200,124471.66,
2026-09-12T13:02:07.171645+00:00,200,110346.31,
2026-09-12T13:02:03.120435+00:00,200,114403.71,
2026-09-12T13:02:15.298617+00:00,200,102240.25,
2026-09-12T13:03:37.703121+00:00,200,19862.39,
2026-09-12T13:01:34.600261+00:00,200,142978.07,
2026-09-12T13:01:46.759302+00:00,200,130822.49,
2026-09-12T13:01:40.837200+00:00,200,136771.31,
2026-09-12T13:01:12.504119+00:00,200,165112.32,
2026-09-12T13:03:00.983412+00:00,200,56642.33,
2026-09-12T13:01:36.228893+00:00,200,141413.5,
2026-09-12T13:03:41.070379+00:00,200,16582.66,
2026-09-12T13:02:24.675141+00:00,200,93014.34,
2026-09-12T13:01:54.798881+00:00,200,122893.29,
2026-09-12T13:01:13.712232+00:00,200,163995.19,
2026-09-12T13:01:12.811212+00:00,200,164909.55,
2026-09-12T13:02:28.469360+00:00,200,89259.72,
2026-09-12T13:03:03.113762+00:00,200,54617.3,
2026-09-12T13:03:09.797420+00:00,200,47953.0,
2026-09-12T13:03:15.928465+00:00,200,41852.02,
2026-09-12T13:01:09.024737+00:00,200,168778.22,
2026-09-12T13:02:58.148008+00:00,200,59684.44,
2026-09-12T13:02:42.145558+00:00,200,75693.04,
2026-09-12T13:03:37.727852+00:00,200,20169.11,
2026-09-12T13:01:50.200959+00:00,200,127709.22,
2026-09-12T13:01:59.868973+00:00,200,118058.95,
2026-09-12T13:03:01.067150+00:00,200,56901.9,
2026-09-12T13:02:44.641234+00:00,200,73337.62,
2026-09-12T13:02:04.169014+00:00,200,113832.24,
2026-09-12T13:01:20.066124+00:00,200,157936.23,
2026-09-12T13:02:34.500269+00:00,200,83531.89,
2026-09-12T13:02:32.183407+00:00,200,85857.31,
2026-09-12T13:03:21.303439+00:00,200,36772.88,
2026-09-12T13:02:09.691844+00:00,200,108388.04,
2026-09-12T13:01:42.232712+00:00,200,135853.55,
2026-09-12T13:03:12.417756+00:00,200,45681.66,
2026-09-12T13:00:54.873783+00:00,200,183254.14,
2026-09-12T13:02:23.357144+00:00,200,94781.49,
2026-09-12T13:02:55.179933+00:00,200,62990.79,
2026-09-12T13:02:17.985183+00:00,200,100218.38,
2026-09-12T13:03:25.168068+00:00,200,33046.29,
2026-09-12T13:03:29.888546+00:00,200,28328.36,
2026-09-12T13:00:49.281306+00:00,200,188950.26,
2026-09-12T13:02:50.180865+00:00,200,68057.55,
2026-09-12T13:02:19.558705+00:00,200,98767.68,
2026-09-12T13:02:04.530273+00:00,200,113797.26,
2026-09-12T13:03:15.035846+00:00,200,43302.69,
2026-09-12T13:02:43.110720+00:00,200,75271.85,
2026-09-12T13:02:02.493891+00:00,200,115894.7,
2026-09-12T13:03:09.234869+00:00,200,49179.29,
2026-09-12T13:01:55.752419+00:00,200,122703.1,
2026-09-12T13:02:03.253181+00:00,200,115216.85,
2026-09-12T13:02:22.280928+00:00,200,96247.32,
2026-09-12T13:03:04.031836+00:00,200,54500.87,
2026-09-12T13:01:21.495768+00:00,200,157049.89,
2026-09-12T13:03:28.313398+00:00,200,30262.8,
2026-09-12T13:02:49.611612+00:00,200,68983.45,
2026-09-12T13:02:49.807606+00:00,200,68811.89,
2026-09-12T13:03:38.418359+00:00,200,20210.75,
2026-09-12T13:02:43.709092+00:00,200,74928.04,
2026-09-12T13:02:47.733283+00:00,200,70962.24,
2026-09-12T13:03:37.028301+00:00,200,21696.36,
2026-09-12T13:02:10.740129+00:00,200,108032.79,
2026-09-12T13:02:00.968572+00:00,200,117811.14,
2026-09-12T13:03:35.218766+00:00,200,23580.14,
2026-09-12T13:02:41.891110+00:00,200,76938.35,
2026-09-12T13:03:15.841918+00:00,200,42989.29,
2026-09-12T13:02:24.458326+00:00,200,94386.61,
2026-09-12T13:03:09.972454+00:00,200,48877.02,
2026-09-12T13:03:10.613016+00:00,200,48240.57,
2026-09-12T13:02:24.200271+00:00,200,94699.94,
2026-09-12T13:02:33.850891+00:00,200,85091.61,
2026-09-12T13:03:04.993104+00:00,200,53959.91,
2026-09-12T13:02:04.654873+00:00,200,114319.03,
2026-09-12T13:00:56.753429+00:00,200,182222.91,
2026-09-12T13:01:59.014733+00:00,200,119972.5,
2026-09-12T13:02:19.930084+00:00,200,99060.26,
2026-09-12T13:02:20.764840+00:00,200,98231.44,
2026-09-12T13:00:59.853404+00:00,200,179148.87,
2026-09-12T13:03:37.358600+00:00,200,21645.39,
2026-09-12T13:02:24.299679+00:00,200,94710.51,
2026-09-12T13:01:35.954753+00:00,200,143077.84,
2026-09-12T13:01:39.184026+00:00,200,139884.14,
2026-09-12T13:01:39.597862+00:00,200,139490.69,
2026-09-12T13:03:34.894485+00:00,200,24224.88,
2026-09-12T13:03:21.050789+00:00,200,38076.15,
2026-09-12T13:01:53.175574+00:00,200,125971.6,
2026-09-12T13:03:22.019378+00:00,200,37159.93,
2026-09-12T13:01:07.484665+00:00,200,171721.09,
2026-09-12T13:03:37.549514+00:00,200,21677.41,
2026-09-12T13:01:53.967984+00:00,200,125288.51,
2026-09-12T13:02:41.755365+00:00,200,77515.58,
2026-09-12T13:01:09.733415+00:00,200,169551.54,
2026-09-12T13:01:51.828088+00:00,200,127476.71,
2026-09-12T13:03:23.148250+00:00,200,36164.7,
2026-09-12T13:02:28.307581+00:00,200,91050.85,
2026-09-12T13:02:20.217704+00:00,200,99145.7,
2026-09-12T13:01:40.953842+00:00,200,138410.45,
2026-09-12T13:02:31.869809+00:00,200,87495.46,
2026-09-12T13:02:18.020323+00:00,200,101345.89,
2026-09-12T13:02:06.533154+00:00,200,112833.92,
2026-09-12T13:02:05.743954+00:00,200,113624.18,
2026-09-12T13:02:22.565731+00:00,200,96803.39,
2026-09-12T13:03:00.949855+00:00,200,58441.95,
2026-09-12T13:02:25.430590+00:00,200,93970.63,
2026-09-12T13:02:54.699130+00:00,200,64713.74,
2026-09-12T13:03:15.914991+00:00,200,43513.06,
2026-09-12T13:01:24.674493+00:00,200,154764.22,
2026-09-12T13:02:19.892555+00:00,200,99554.4,
2026-09-12T13:03:43.169736+00:00,200,16325.27,
2026-09-12T13:02:10.013342+00:00,200,109555.03,
2026-09-12T13:02:43.992160+00:00,200,75596.42,
2026-09-12T13:02:43.160009+00:00,200,76435.74,
2026-09-12T13:02:26.280876+00:00,200,93324.74,
2026-09-12T13:02:16.204835+00:00,200,103429.27,
2026-09-12T13:01:02.658918+00:00,200,176983.09,
2026-09-12T13:03:01.652381+00:00,200,58034.26,
2026-09-12T13:01:08.876021+00:00,200,170855.35,
2026-09-12T13:01:09.422611+00:00,200,170319.0,
2026-09-12T13:02:48.309706+00:00,200,71442.3,
2026-09-12T13:02:21.745661+00:00,200,98025.83,
2026-09-12T13:00:55.358744+00:00,200,184425.86,
2026-09-12T13:02:18.540013+00:00,200,101248.56,
2026-09-12T13:02:34.584587+00:00,200,85240.0,
2026-09-12T13:02:04.648481+00:00,200,115191.25,
2026-09-12T13:02:03.768436+00:00,200,116084.75,
2026-09-12T13:02:20.043012+00:00,200,99818.35,
2026-09-12T13:00:45.294496+00:00,200,194608.69,
2026-09-12T13:01:32.089613+00:00,200,147817.05,
2026-09-12T13:03:22.236731+00:00,200,37707.76,
2026-09-12T13:02:26.269378+00:00,200,93727.51,
2026-09-12T13:01:19.176517+00:00,200,160903.73,
2026-09-12T13:01:41.158720+00:00,200,138954.59,
2026-09-12T13:01:48.428909+00:00,200,131753.87,
2026-09-12T13:02:17.499630+00:00,200,102686.22,
2026-09-12T13:01:32.294192+00:00,200,147928.44,
2026-09-12T13:01:45.731766+00:00,200,134498.84,
2026-09-12T13:01:59.209475+00:00,200,121022.1,
2026-09-12T13:02:18.888654+00:00,200,101367.69,
2026-09-12T13:02:20.844561+00:00,200,99428.37,
2026-09-12T13:03:12.624839+00:00,200,47653.75,
2026-09-12T13:02:27.992640+00:00,200,92334.34,
2026-09-12T13:01:46.356884+00:00,200,134012.94,
2026-09-12T13:01:38.735706+00:00,200,141636.02,
2026-09-12T13:00:30.302396+00:00,200,210097.9,
2026-09-12T13:01:47.330054+00:00,200,133093.76,
2026-09-12T13:02:01.295239+00:00,200,119129.59,
2026-09-12T13:03:25.389334+00:00,200,35040.48,
2026-09-12T13:02:43.876610+00:00,200,76560.68,
2026-09-12T13:03:10.638579+00:00,200,49844.61,
2026-09-12T13:03:34.154801+00:00,200,26389.9,
2026-09-12T13:03:10.166863+00:00,200,50385.86,
2026-09-12T13:02:31.616883+00:00,200,88958.28,
2026-09-12T13:02:20.854034+00:00,200,99722.02,
2026-09-12T13:01:22.630592+00:00,200,157995.36,
2026-09-12T13:02:41.099457+00:00,200,79536.15,
2026-09-12T13:00:41.945628+00:00,200,198723.23,
2026-09-12T13:02:15.918302+00:00,200,104751.64,
2026-09-12T13:02:06.034153+00:00,200,114650.93,
2026-09-12T13:01:06.388326+00:00,200,174306.11,
2026-09-12T13:02:41.253641+00:00,200,79483.28,
2026-09-12T13:01:04.496701+00:00,200,176273.93,
2026-09-12T13:02:57.606435+00:00,200,63167.42,
2026-09-12T13:01:18.937170+00:00,200,161857.94,
2026-09-12T13:02:27.103976+00:00,200,93733.68,
2026-09-12T13:00:35.488844+00:00,200,205373.67,
2026-09-12T13:02:59.258415+00:00,200,61611.99,
2026-09-12T13:03:12.080387+00:00,200,48818.14,
2026-09-12T13:02:37.951379+00:00,200,82949.07,
2026-09-12T13:01:20.391230+00:00,200,160517.58,
2026-09-12T13:02:34.159331+00:00,200,86804.03,
2026-09-12T13:02:12.723845+00:00,200,108258.99,
2026-09-12T13:01:52.703076+00:00,200,128299.32,
2026-09-12T13:02:18.949487+00:00,200,102079.16,
2026-09-12T13:01:33.548772+00:00,200,147516.94,
2026-09-12T13:00:40.737100+00:00,200,200367.37,
2026-09-12T13:02:17.543407+00:00,200,103565.16,
2026-09-12T13:01:23.212081+00:00,200,157903.18,
2026-09-12T13:01:19.783339+00:00,200,161365.53,
2026-09-12T13:03:14.790297+00:00,200,46379.41,
2026-09-12T13:03:02.768572+00:00,200,58406.12,
2026-09-12T13:02:14.770780+00:00,200,106413.3,
2026-09-12T13:02:46.847759+00:00,200,74345.22,
2026-09-12T13:01:30.272120+00:00,200,150952.58,
2026-09-12T13:03:33.004215+00:00,200,28257.98,
2026-09-12T13:00:47.249180+00:00,200,194049.22,
2026-09-12T13:03:42.763916+00:00,200,18539.83,
2026-09-12T13:03:22.369361+00:00,200,38946.85,
2026-09-12T13:03:08.868365+00:00,200,52449.53,
2026-09-12T13:02:43.267234+00:00,200,78059.63,
2026-09-12T13:03:00.830621+00:00,200,60516.34,
2026-09-12T13:01:52.795938+00:00,200,128559.71,
2026-09-12T13:02:11.247170+00:00,200,110135.09,
2026-09-12T13:03:07.538917+00:00,200,53848.95,
2026-09-12T13:02:36.853512+00:00,200,84559.85,
2026-09-12T13:02:34.509139+00:00,200,86923.63,
2026-09-12T13:02:27.664503+00:00,200,93822.51,
2026-09-12T13:02:08.450030+00:00,200,113173.2,
2026-09-12T13:00:58.428908+00:00,200,183213.61,
2026-09-12T13:02:15.472249+00:00,200,106208.47,
2026-09-12T13:02:51.387468+00:00,200,70297.45,
2026-09-12T13:02:14.858477+00:00,200,106827.53,
2026-09-12T13:02:34.604554+00:00,200,87087.19,
2026-09-12T13:03:45.469735+00:00,200,16285.88,
2026-09-12T13:01:28.525576+00:00,200,153238.3,
2026-09-12T13:02:27.253580+00:00,200,94521.72,
2026-09-12T13:02:06.820527+00:00,200,115072.67,
2026-09-12T13:02:50.227842+00:00,200,71669.76,
2026-09-12T13:00:27.906560+00:00,200,213991.99,
2026-09-12T13:00:47.022664+00:00,200,194904.17,
2026-09-12T13:02:28.980121+00:00,200,92950.33,
2026-09-12T13:01:31.150015+00:00,200,150810.92,
2026-09-12T13:01:59.251009+00:00,200,122725.25,
2026-09-12T13:01:08.857764+00:00,200,173144.86,
2026-09-12T13:03:05.452522+00:00,200,56626.86,
2026-09-12T13:02:30.223373+00:00,200,91874.01,
2026-09-12T13:01:52.729510+00:00,200,129387.59,
2026-09-12T13:01:53.128765+00:00,200,128996.18,
2026-09-12T13:01:31.456969+00:00,200,150696.78,
2026-09-12T13:02:30.462105+00:00,200,91752.35,
2026-09-12T13:02:42.219207+00:00,200,80032.35,
2026-09-12T13:02:04.232006+00:00,200,118025.63,
2026-09-12T13:03:36.816684+00:00,200,25448.61,
2026-09-12T13:02:11.998034+00:00,200,110282.12,
2026-09-12T13:01:31.444722+00:00,200,150850.69,
2026-09-12T13:01:24.483342+00:00,200,157829.11,
2026-09-12T13:01:21.718638+00:00,200,160606.47,
2026-09-12T13:02:37.895514+00:00,200,84520.83,
2026-09-12T13:00:36.985220+00:00,200,205437.71,
2026-09-12T13:03:17.312977+00:00,200,45120.31,
2026-09-12T13:01:37.632053+00:00,200,144833.56,
2026-09-12T13:03:38.634848+00:00,200,23846.35,
2026-09-12T13:01:47.595960+00:00,200,134900.97,
2026-09-12T13:01:52.151687+00:00,200,130403.98,
2026-09-12T13:03:28.897288+00:00,200,33679.86,
2026-09-12T13:00:58.776906+00:00,200,183820.73,
2026-09-12T13:02:27.619704+00:00,200,94986.12,
2026-09-12T13:03:44.761724+00:00,200,17857.91,
2026-09-12T13:02:49.144346+00:00,200,73482.83,
2026-09-12T13:03:25.196458+00:00,200,37451.92,
2026-09-12T13:02:45.474027+00:00,200,77213.47,
2026-09-12T13:03:25.992930+00:00,200,36708.24,
2026-09-12T13:02:46.204842+00:00,200,76498.27,
2026-09-12T13:02:32.609358+00:00,200,90140.47,
2026-09-12T13:01:29.468924+00:00,200,153292.78,
2026-09-12T13:03:08.356152+00:00,200,54418.82,
2026-09-12T13:02:31.558451+00:00,200,91218.58,
2026-09-12T13:03:07.463865+00:00,200,55324.43,
2026-09-12T13:01:50.742722+00:00,200,132070.55,
2026-09-12T13:03:34.034296+00:00,200,28795.07,
2026-09-12T13:03:35.576907+00:00,200,27254.75,
2026-09-12T13:03:34.989969+00:00,200,27895.38,
2026-09-12T13:02:18.340558+00:00,200,104550.38,
2026-09-12T13:01:41.542377+00:00,200,141355.58,
2026-09-12T13:02:30.460484+00:00,200,92452.76,
2026-09-12T13:01:00.271132+00:00,200,182643.02,
2026-09-12T13:03:28.774754+00:00,200,34146.73,
2026-09-12T13:03:08.266702+00:00,200,54667.44,
2026-09-12T13:03:28.163601+00:00,200,34791.75,
2026-09-12T13:03:00.440700+00:00,200,62609.42,
2026-09-12T13:01:40.223275+00:00,200,142835.78,
2026-09-12T13:03:14.353780+00:00,200,48739.26,
2026-09-12T13:01:27.508270+00:00,200,155600.3,
2026-09-12T13:02:18.345635+00:00,200,104776.63,
2026-09-12T13:01:52.201466+00:00,200,130939.32,
2026-09-12T13:01:09.512426+00:00,200,173629.7,
2026-09-12T13:02:02.927432+00:00,200,120218.61,
2026-09-12T13:02:15.713573+00:00,200,107469.06,
2026-09-12T13:02:12.525128+00:00,200,110698.62,
2026-09-12T13:02:53.079174+00:00,200,70151.89,
2026-09-12T13:02:52.501458+00:00,200,70740.51,
2026-09-12T13:02:01.859523+00:00,200,121405.39,
2026-09-12T13:02:24.764308+00:00,200,98547.68,
2026-09-12T13:01:43.805280+00:00,200,139548.88,
2026-09-12T13:02:08.907700+00:00,200,114485.9,
2026-09-12T13:02:33.477079+00:00,200,89938.56,
2026-09-12T13:02:43.423441+00:00,200,80008.43,
2026-09-12T13:02:21.742365+00:00,200,101708.58,
2026-09-12T13:01:54.979835+00:00,200,128531.27,
2026-09-12T13:01:05.768049+00:00,200,177752.95,
2026-09-12T13:02:53.867896+00:00,200,69669.03,
2026-09-12T13:01:24.451536+00:00,200,159101.82,
2026-09-12T13:01:24.130859+00:00,200,159457.01,
2026-09-12T13:01:11.612337+00:00,200,171984.83,
2026-09-12T13:01:56.941601+00:00,200,126674.05,
2026-09-12T13:02:09.597384+00:00,200,114085.97,
2026-09-12T13:02:40.395703+00:00,200,83289.98,
2026-09-12T13:01:30.105356+00:00,200,153614.35,
2026-09-12T13:01:42.778464+00:00,200,140956.26,
2026-09-12T13:00:48.810235+00:00,200,194955.15,
2026-09-12T13:01:32.792607+00:00,200,150974.65,
2026-09-12T13:02:41.538562+00:00,200,82233.08,
2026-09-12T13:02:24.296604+00:00,200,99488.11,
2026-09-12T13:02:04.040047+00:00,200,119747.09,
2026-09-12T13:02:19.464635+00:00,200,104340.81,
2026-09-12T13:02:14.700646+00:00,200,109121.89,
2026-09-12T13:03:35.586244+00:00,200,28247.12,
2026-09-12T13:01:43.075758+00:00,200,140758.99,
2026-09-12T13:00:40.539958+00:00,200,203308.0,
2026-09-12T13:01:29.335935+00:00,200,154545.33,
2026-09-12T13:02:43.249059+00:00,200,80633.31,
2026-09-12T13:03:20.744191+00:00,200,43153.46,
2026-09-12T13:03:19.127779+00:00,200,44791.29,
2026-09-12T13:03:20.665818+00:00,200,43278.65,
2026-09-12T13:01:17.521129+00:00,200,166444.49,
2026-09-12T13:02:54.524658+00:00,200,69449.65,
2026-09-12T13:03:42.516595+00:00,200,21529.16,
2026-09-12T13:02:52.063841+00:00,200,71983.81,
2026-09-12T13:01:22.071211+00:00,200,161978.31,
2026-09-12T13:02:32.593881+00:00,200,91462.55,
2026-09-12T13:03:17.832846+00:00,200,46228.68,
2026-09-12T13:01:53.621569+00:00,200,130459.15,
2026-09-12T13:02:30.351064+00:00,200,93768.53,
2026-09-12T13:01:49.820287+00:00,200,134393.31,
2026-09-12T13:03:07.179493+00:00,200,57036.08,
2026-09-12T13:01:14.877238+00:00,200,169340.47,
2026-09-12T13:01:37.663313+00:00,200,146563.69,
2026-09-12T13:02:11.326521+00:00,200,112928.65,
2026-09-12T13:02:08.109849+00:00,200,116169.25,
2026-09-12T13:02:24.378704+00:00,200,99911.6,
2026-09-12T13:02:41.027075+00:00,200,83359.13,
2026-09-12T13:01:22.920218+00:00,200,161477.51,
2026-09-12T13:01:04.184393+00:00,200,180220.98,
2026-09-12T13:02:17.824338+00:00,200,106599.85,
2026-09-12T13:02:22.469725+00:00,200,101955.26,
2026-09-12T13:01:59.164421+00:00,200,125281.17,
2026-09-12T13:02:19.784680+00:00,200,104661.74,
2026-09-12T13:01:56.771726+00:00,200,127678.28,
2026-09-12T13:02:25.507641+00:00,200,98949.26,
2026-09-12T13:01:52.320347+00:00,200,132149.17,
2026-09-12T13:02:13.007719+00:00,200,111487.48,
2026-09-12T13:02:10.577190+00:00,200,114017.23,
2026-09-12T13:02:10.600546+00:00,200,113996.28,
2026-09-12T13:01:33.145340+00:00,200,151457.91,
2026-09-12T13:03:28.875397+00:00,200,35732.96,
2026-09-12T13:02:22.956995+00:00,200,101652.99,
2026-09-12T13:03:44.086813+00:00,200,20545.17,
2026-09-12T13:02:14.434882+00:00,200,110201.76,
2026-09-12T13:03:16.755377+00:00,200,47905.92,
2026-09-12T13:02:46.526170+00:00,200,78153.56,
2026-09-12T13:01:45.609248+00:00,200,139088.99,
2026-09-12T13:03:21.688567+00:00,200,43018.36,
2026-09-12T13:00:42.085862+00:00,200,202635.49,
2026-09-12T13:00:57.500635+00:00,200,187227.74,
2026-09-12T13:02:07.853751+00:00,200,116885.98,
2026-09-12T13:00:32.044108+00:00,200,212715.84,
2026-09-12T13:01:55.792416+00:00,200,128992.61,
2026-09-12T13:02:09.679383+00:00,200,115119.7,
2026-09-12T13:01:35.127960+00:00,200,149709.49,
2026-09-12T13:03:42.677617+00:00,200,22161.6,
2026-09-12T13:02:32.379590+00:00,200,92465.07,
2026-09-12T13:02:55.086993+00:00,200,69765.92,
2026-09-12T13:03:19.650041+00:00,200,45208.69,
2026-09-12T13:01:24.488979+00:00,200,160376.03,
2026-09-12T13:02:44.226018+00:00,200,80645.34,
2026-09-12T13:03:02.538826+00:00,200,62344.92,
2026-09-12T13:01:52.746245+00:00,200,132151.4,
2026-09-12T13:02:35.858562+00:00,200,89045.87,
2026-09-12T13:01:51.019894+00:00,200,133940.79,
2026-09-12T13:02:45.123458+00:00,200,79857.02,
2026-09-12T13:03:35.047631+00:00,200,29948.66,
2026-09-12T13:02:07.353626+00:00,200,117644.62,
2026-09-12T13:02:09.760112+00:00,200,115292.39,
2026-09-12T13:02:04.107493+00:00,200,120951.51,
2026-09-12T13:02:35.151007+00:00,200,89924.24,
2026-09-12T13:02:40.940981+00:00,200,84140.3,
2026-09-12T13:03:37.339529+00:00,200,27742.65,
2026-09-12T13:00:52.099196+00:00,200,193028.96,
2026-09-12T13:01:59.864713+00:00,200,125271.19,
2026-09-12T13:02:04.770471+00:00,200,120384.74,
2026-09-12T13:03:25.189855+00:00,200,39978.38,
2026-09-12T13:02:27.546707+00:00,200,97646.6,
2026-09-12T13:02:17.311702+00:00,200,107884.16,
2026-09-12T13:02:45.303445+00:00,200,79905.5,
2026-09-12T13:01:58.974036+00:00,200,126245.52,
2026-09-12T13:03:23.416601+00:00,200,41808.36,
2026-09-12T13:00:59.928966+00:00,200,185298.21,
2026-09-12T13:03:09.434530+00:00,200,55817.65,
2026-09-12T13:02:07.887097+00:00,200,117376.09,
2026-09-12T13:01:54.133720+00:00,200,131157.92,
2026-09-12T13:01:16.694443+00:00,200,168600.7,
2026-09-12T13:02:01.299687+00:00,200,124004.6,
2026-09-12T13:02:26.428072+00:00,200,98880.15,
2026-09-12T13:03:05.427344+00:00,200,59906.98,
2026-09-12T13:01:58.642112+00:00,200,126693.91,
2026-09-12T13:02:45.693753+00:00,200,79676.72,
2026-09-12T13:02:30.879226+00:00,200,94511.38,
2026-09-12T13:02:28.054085+00:00,200,97384.16,
2026-09-12T13:02:39.438086+00:00,200,86003.8,
2026-09-12T13:01:56.549123+00:00,200,128933.78,
2026-09-12T13:03:40.348875+00:00,200,25159.13,
2026-09-12T13:03:23.116129+00:00,200,42418.43,
2026-09-12T13:03:22.713735+00:00,200,42848.38,
2026-09-12T13:03:19.233236+00:00,200,46342.59,
2026-09-12T13:02:16.188284+00:00,200,109439.41,
2026-09-12T13:03:03.089074+00:00,200,62545.36,
2026-09-12T13:02:06.522945+00:00,200,119113.89,
2026-09-12T13:03:05.879057+00:00,200,59794.77,
2026-09-12T13:02:39.277708+00:00,200,86398.05,
2026-09-12T13:02:22.841047+00:00,200,102873.28,
2026-09-12T13:02:24.400760+00:00,200,101332.57,
2026-09-12T13:01:57.219631+00:00,200,128526.44,
2026-09-12T13:03:34.746915+00:00,200,31007.64,
2026-09-12T13:02:27.544461+00:00,200,98219.5,
2026-09-12T13:01:57.479388+00:00,200,128290.57,
2026-09-12T13:02:27.817310+00:00,200,97963.09,
2026-09-12T13:02:34.266345+00:00,200,91521.43,
2026-09-12T13:02:49.182297+00:00,200,76632.67,
2026-09-12T13:03:03.965157+00:00,200,61903.06,
2026-09-12T13:01:55.502324+00:00,200,130381.03,
2026-09-12T13:03:38.547550+00:00,200,27346.09,
2026-09-12T13:01:02.888934+00:00,200,183014.85,
2026-09-12T13:02:35.244727+00:00,200,90668.05,
2026-09-12T13:02:40.700520+00:00,200,85285.97,
2026-09-12T13:02:45.288650+00:00,200,80718.87,
2026-09-12T13:01:36.864834+00:00,200,149151.22,
2026-09-12T13:02:31.523441+00:00,200,94525.18,
2026-09-12T13:02:28.789481+00:00,200,97266.9,
2026-09-12T13:02:44.866400+00:00,200,81194.31,
2026-09-12T13:02:19.401263+00:00,200,106664.75,
2026-09-12T13:02:54.147271+00:00,200,71948.83,
2026-09-12T13:00:51.501976+00:00,200,194624.46,
2026-09-12T13:01:10.841251+00:00,200,175289.82,
2026-09-12T13:02:29.845311+00:00,200,96295.84,
2026-09-12T13:02:05.786453+00:00,200,120375.14,
2026-09-12T13:01:26.069628+00:00,200,160108.46,
2026-09-12T13:01:29.574508+00:00,200,156628.1,
2026-09-12T13:01:08.979761+00:00,200,177229.2,
2026-09-12T13:01:48.178902+00:00,200,138052.09,
2026-09-12T13:02:09.676352+00:00,200,116556.32,
2026-09-12T13:02:41.453504+00:00,200,84780.34,
2026-09-12T13:02:07.466106+00:00,200,118789.07,
2026-09-12T13:02:45.820254+00:00,200,80438.64,
2026-09-12T13:03:03.660800+00:00,200,62615.38,
2026-09-12T13:02:44.738953+00:00,200,81549.58,
2026-09-12T13:02:37.647910+00:00,200,88648.39,
2026-09-12T13:01:40.615865+00:00,200,145736.23,
2026-09-12T13:02:39.763202+00:00,200,86626.45,
2026-09-12T13:01:59.944839+00:00,200,126452.61,
2026-09-12T13:03:35.937622+00:00,200,30505.43,
2026-09-12T13:03:28.073255+00:00,200,38372.55,
2026-09-12T13:02:31.421228+00:00,200,95054.22,
2026-09-12T13:02:41.212647+00:00,200,85293.16,
2026-09-12T13:02:55.353964+00:00,200,71152.69,
2026-09-12T13:02:25.004562+00:00,200,101523.71,
2026-09-12T13:03:28.767533+00:00,200,37771.04,
2026-09-12T13:00:56.363607+00:00,200,190183.39,
2026-09-12T13:03:24.357971+00:00,200,42198.3,
2026-09-12T13:02:35.518756+00:00,200,91042.55,
2026-09-12T13:01:19.398237+00:00,200,167173.68,
2026-09-12T13:01:09.717037+00:00,200,176862.65,
2026-09-12T13:02:07.742189+00:00,200,118853.01,
2026-09-12T13:03:33.072160+00:00,200,33545.5,
2026-09-12T13:03:11.314363+00:00,200,55307.82,
2026-09-12T13:03:35.439028+00:00,200,31190.28,
2026-09-12T13:01:07.256966+00:00,200,179385.29,
2026-09-12T13:02:20.857353+00:00,200,105832.95,
2026-09-12T13:01:12.660398+00:00,200,174050.94,
2026-09-12T13:03:43.685195+00:00,200,23049.14,
2026-09-12T13:00:42.433078+00:00,200,204390.15,
2026-09-12T13:02:29.754363+00:00,200,97111.98,
2026-09-12T13:01:20.906632+00:00,200,165961.33,
2026-09-12T13:00:57.839120+00:00,200,189045.73,
2026-09-12T13:03:01.361342+00:00,200,65565.06,
2026-09-12T13:02:41.370722+00:00,200,85556.47,
2026-09-12T13:02:50.584149+00:00,200,76346.68,
2026-09-12T13:03:38.367031+00:00,200,28582.9,
2026-09-12T13:02:03.719385+00:00,200,123241.93,
2026-09-12T13:02:42.882594+00:00,200,84097.81,
2026-09-12T13:02:36.284115+00:00,200,90699.91,
2026-09-12T13:03:04.901535+00:00,200,62093.64,
2026-09-12T13:02:37.531621+00:00,200,89472.24,
2026-09-12T13:02:47.984145+00:00,200,79026.08,
2026-09-12T13:01:23.357667+00:00,200,163714.73,
2026-09-12T13:02:01.980314+00:00,200,125105.41,
2026-09-12T13:02:45.799874+00:00,200,81320.67,
2026-09-12T13:03:35.878915+00:00,200,31244.68,
2026-09-12T13:01:17.155908+00:00,200,169996.19,
2026-09-12T13:01:53.963042+00:00,200,133209.22,
2026-09-12T13:01:18.789006+00:00,200,168424.38,
2026-09-12T13:02:01.156899+00:00,200,126070.16,
2026-09-12T13:02:03.193141+00:00,200,124057.49,
2026-09-12T13:00:54.991488+00:00,200,192266.32,
2026-09-12T13:03:21.742952+00:00,200,45563.24,
2026-09-12T13:00:55.859192+00:00,200,191495.68,
2026-09-12T13:01:43.420272+00:00,200,144019.95,
2026-09-12T13:03:30.087567+00:00,200,37364.78,
2026-09-12T13:01:27.261788+00:00,200,160196.12,
2026-09-12T13:00:54.548843+00:00,200,192918.94,
2026-09-12T13:00:50.155067+00:00,200,197349.33,
2026-09-12T13:01:37.697430+00:00,200,149870.62,
2026-09-12T13:03:21.893955+00:00,200,45704.1,
2026-09-12T13:02:27.328980+00:00,200,100270.78,
2026-09-12T13:03:18.490464+00:00,200,49112.7,
2026-09-12T13:02:16.017587+00:00,200,111607.12,
2026-09-12T13:03:41.099388+00:00,200,26530.9,
2026-09-12T13:02:39.727006+00:00,200,87928.91,
2026-09-12T13:02:16.228319+00:00,200,111440.54,
2026-09-12T13:01:46.650010+00:00,200,141053.55,
2026-09-12T13:02:30.524438+00:00,200,97191.05,
2026-09-12T13:01:40.702810+00:00,200,147048.9,
2026-09-12T13:00:50.957119+00:00,200,196812.01,
2026-09-12T13:01:52.113742+00:00,200,135658.01,
2026-09-12T13:02:08.779399+00:00,200,119010.69,
2026-09-12T13:01:28.772045+00:00,200,159035.81,
2026-09-12T13:01:32.087959+00:00,200,155723.3,
2026-09-12T13:02:25.116154+00:00,200,102733.51,
2026-09-12T13:02:47.372867+00:00,200,80482.87,
2026-09-12T13:01:16.043428+00:00,200,171841.53,
2026-09-12T13:03:14.662361+00:00,200,53223.55,
2026-09-12T13:01:00.974912+00:00,200,186919.9,
2026-09-12T13:02:14.438478+00:00,200,113457.13,
2026-09-12T13:03:21.746362+00:00,200,46180.1,
2026-09-12T13:01:26.514003+00:00,200,161423.23,
2026-09-12T13:02:27.998134+00:00,200,99990.62,
2026-09-12T13:01:57.483350+00:00,200,130536.52,
2026-09-12T13:02:32.027693+00:00,200,96002.74,
2026-09-12T13:01:02.372663+00:00,200,185659.98,
2026-09-12T13:02:40.574029+00:00,200,87461.13,
2026-09-12T13:01:05.562636+00:00,200,182485.18,
2026-09-12T13:02:28.684665+00:00,200,99417.13,
2026-09-12T13:03:00.513363+00:00,200,67626.27,
2026-09-12T13:03:22.648110+00:00,200,45501.01,
2026-09-12T13:03:37.005903+00:00,200,31153.69,
2026-09-12T13:01:48.101247+00:00,200,140069.59,
2026-09-12T13:01:38.652475+00:00,200,149538.77,
2026-09-12T13:01:04.956689+00:00,200,183238.03,
2026-09-12T13:01:55.535245+00:00,200,132716.44,
2026-09-12T13:01:41.583786+00:00,200,146675.92,
2026-09-12T13:03:01.235813+00:00,200,67036.91,
2026-09-12T13:02:25.615809+00:00,200,102677.24,
2026-09-12T13:02:23.553232+00:00,200,104742.72,
2026-09-12T13:01:04.837702+00:00,200,183469.5,
2026-09-12T13:03:43.829051+00:00,200,24492.45,
2026-09-12T13:03:22.432518+00:00,200,45914.77,
2026-09-12T13:02:11.266389+00:00,200,117088.23,
2026-09-12T13:03:17.814539+00:00,200,50556.92,
2026-09-12T13:03:14.288069+00:00,200,54108.54,
2026-09-12T13:02:43.973391+00:00,200,84435.22,
2026-09-12T13:01:49.438468+00:00,200,138998.41,
2026-09-12T13:01:56.502575+00:00,200,131942.28,
2026-09-12T13:03:01.246407+00:00,200,67210.55,
2026-09-12T13:03:22.957339+00:00,200,45509.81,
2026-09-12T13:02:27.517907+00:00,200,100996.71,
2026-09-12T13:02:24.087399+00:00,200,104461.84,
2026-09-12T13:01:14.356505+00:00,200,174201.68,
2026-09-12T13:02:42.353402+00:00,200,86242.42,
2026-09-12T13:03:31.132762+00:00,200,37494.64,
2026-09-12T13:01:48.262909+00:00,200,140390.58,
2026-09-12T13:02:47.741117+00:00,200,80956.41,
2026-09-12T13:02:10.317575+00:00,200,118431.66,
2026-09-12T13:02:56.434839+00:00,200,72333.43,
2026-09-12T13:01:22.556062+00:00,200,166217.95,
2026-09-12T13:03:35.737597+00:00,200,33037.42,
2026-09-12T13:02:27.906965+00:00,200,100881.31,
2026-09-12T13:02:51.930661+00:00,200,76859.61,
2026-09-12T13:01:14.545358+00:00,200,174248.66,
2026-09-12T13:02:57.418028+00:00,200,71378.64,
2026-09-12T13:02:13.116242+00:00,200,115681.2,
2026-09-12T13:01:55.359929+00:00,200,133442.62,
2026-09-12T13:01:50.715660+00:00,200,138139.01,
2026-09-12T13:03:04.928738+00:00,200,63931.91,
2026-09-12T13:03:27.225494+00:00,200,41638.9,
2026-09-12T13:02:56.820127+00:00,200,72056.83,
2026-09-12T13:03:22.132637+00:00,200,46789.53,
2026-09-12T13:03:08.911090+00:00,200,60015.16,
2026-09-12T13:03:25.942801+00:00,200,42991.77,
2026-09-12T13:02:10.125686+00:00,200,118852.9,
2026-09-12T13:01:38.365774+00:00,200,150632.62,
2026-09-12T13:01:55.624311+00:00,200,133380.8,
2026-09-12T13:01:41.867470+00:00,200,147152.08,
2026-09-12T13:01:37.382622+00:00,200,151645.84,
2026-09-12T13:01:41.202924+00:00,200,147828.56,
2026-09-12T13:02:26.806741+00:00,200,102230.53,
2026-09-12T13:02:39.608241+00:00,200,89448.85,
2026-09-12T13:01:12.759080+00:00,200,176306.45,
2026-09-12T13:03:36.288982+00:00,200,32781.83,
2026-09-12T13:01:20.061561+00:00,200,169027.65,
2026-09-12T13:02:25.075558+00:00,200,104019.14,
2026-09-12T13:01:32.175870+00:00,200,156925.63,
2026-09-12T13:02:40.254133+00:00,200,88851.77,
2026-09-12T13:03:12.750279+00:00,200,56397.53,
2026-09-12T13:01:36.642989+00:00,200,152515.71,
2026-09-12T13:01:52.327386+00:00,200,136837.33,
2026-09-12T13:02:36.755696+00:00,200,92472.29,
2026-09-12T13:03:10.042891+00:00,200,59193.57,
2026-09-12T13:01:14.670136+00:00,200,174595.13,
2026-09-12T13:02:38.441456+00:00,200,90869.25,
2026-09-12T13:01:41.196541+00:00,200,148151.37,
2026-09-12T13:01:56.937505+00:00,200,132412.48,
2026-09-12T13:01:04.821777+00:00,200,184532.85,
2026-09-12T13:03:29.276372+00:00,200,40109.18,
2026-09-12T13:02:57.572881+00:00,200,71830.04,
2026-09-12T13:03:11.904575+00:00,200,57502.46,
2026-09-12T13:01:16.489085+00:00,200,172924.52,
2026-09-12T13:02:05.691772+00:00,200,123739.5,
2026-09-12T13:00:58.172791+00:00,200,191293.26,
2026-09-12T13:00:56.545124+00:00,200,192922.48,
2026-09-12T13:03:29.294959+00:00,200,40218.58,
2026-09-12T13:02:06.094074+00:00,200,123423.88,
2026-09-12T13:03:02.197741+00:00,200,67328.05,
2026-09-12T13:02:38.860630+00:00,200,90666.05,
2026-09-12T13:03:15.359848+00:00,200,54188.32,
2026-09-12T13:01:51.477063+00:00,200,138116.51,
2026-09-12T13:02:38.512819+00:00,200,91092.95,
2026-09-12T13:02:03.655319+00:00,200,125953.89,
2026-09-12T13:03:02.717598+00:00,200,66917.05,
2026-09-12T13:02:16.576668+00:00,200,113065.26,
2026-09-12T13:01:37.048892+00:00,200,152642.35,
2026-09-12T13:01:32.617249+00:00,200,157094.87,
2026-09-12T13:03:39.169420+00:00,200,30602.6,
2026-09-12T13:00:38.693147+00:00,200,211118.15,
2026-09-12T13:02:26.279813+00:00,200,103538.5,
2026-09-12T13:01:39.374780+00:00,200,150458.79,
2026-09-12T13:00:55.696203+00:00,200,194146.01,
2026-09-12T13:01:52.961722+00:00,200,136930.72,
2026-09-12T13:03:11.098395+00:00,200,58818.7,
2026-09-12T13:02:32.483134+00:00,200,97443.07,
2026-09-12T13:02:13.458881+00:00,200,116475.73,
2026-09-12T13:03:38.390782+00:00,200,31549.35,
2026-09-12T13:03:41.894224+00:00,200,28063.28,
2026-09-12T13:02:17.686748+00:00,200,112276.28,
2026-09-12T13:03:29.117573+00:00,200,40847.18,
2026-09-12T13:03:29.271423+00:00,200,40706.94,
2026-09-12T13:03:02.599081+00:00,200,67387.59,
2026-09-12T13:02:04.786905+00:00,200,125203.99,
2026-09-12T13:02:14.006809+00:00,200,116053.77,
2026-09-12T13:02:38.926555+00:00,200,91140.32,
2026-09-12T13:02:25.224697+00:00,200,104842.9,
2026-09-12T13:00:55.770161+00:00,200,194301.48,
2026-09-12T13:02:53.263627+00:00,200,76814.97,
2026-09-12T13:03:24.990918+00:00,200,45124.05,
2026-09-12T13:03:41.276938+00:00,200,28841.74,
2026-09-12T13:02:51.807187+00:00,200,78335.66,
2026-09-12T13:00:38.090022+00:00,200,212062.41,
2026-09-12T13:02:32.453569+00:00,200,97734.41,
2026-09-12T13:02:42.228948+00:00,200,87980.14,
2026-09-12T13:01:23.973010+00:00,200,166241.59,
2026-09-12T13:01:56.520139+00:00,200,133702.5,
2026-09-12T13:02:53.518827+00:00,200,76747.45,
2026-09-12T13:02:13.003079+00:00,200,117268.61,
2026-09-12T13:02:21.744068+00:00,200,108547.49,
2026-09-12T13:03:04.594943+00:00,200,65742.81,
2026-09-12T13:01:56.181390+00:00,200,134157.16,
2026-09-12T13:02:16.187197+00:00,200,114156.3,
2026-09-12T13:03:10.679325+00:00,200,59667.15,
2026-09-12T13:02:18.154682+00:00,200,112205.96,
2026-09-12T13:02:00.789408+00:00,200,129573.16,
2026-09-12T13:02:29.228529+00:00,200,101195.88,
2026-09-12T13:03:05.693169+00:00,200,64747.38,
2026-09-12T13:01:39.623297+00:00,200,150836.21,
2026-09-12T13:01:58.605967+00:00,200,131864.56,
2026-09-12T13:02:30.827264+00:00,200,99705.28,
2026-09-12T13:03:30.633225+00:00,200,39906.63,
2026-09-12T13:01:08.692435+00:00,200,181864.45,
2026-09-12T13:02:48.444112+00:00,200,82209.45,
2026-09-12T13:02:22.036257+00:00,200,108661.74,
2026-09-12T13:02:14.226821+00:00,200,116495.05,
2026-09-12T13:02:42.107693+00:00,200,88629.93,
2026-09-12T13:01:41.005829+00:00,200,149744.4,
2026-09-12T13:02:11.211943+00:00,200,119548.16,
2026-09-12T13:02:04.769158+00:00,200,125999.46,
2026-09-12T13:00:58.789043+00:00,200,191996.72,
2026-09-12T13:01:50.456165+00:00,200,140359.48,
2026-09-12T13:02:15.958352+00:00,200,114866.7,
2026-09-12T13:02:37.291574+00:00,200,93564.12,
2026-09-12T13:01:01.099004+00:00,200,189766.21,
2026-09-12T13:03:01.025631+00:00,200,69840.53,
2026-09-12T13:01:22.086813+00:00,200,168780.37,
2026-09-12T13:02:00.391306+00:00,200,130476.74,
2026-09-12T13:01:56.144442+00:00,200,134724.52,
2026-09-12T13:01:37.067845+00:00,200,153802.1,
2026-09-12T13:02:25.459491+00:00,200,105411.53,
2026-09-12T13:03:09.868588+00:00,200,61003.35,
2026-09-12T13:02:21.244035+00:00,200,109629.01,
2026-09-12T13:00:49.623214+00:00,200,201250.87,
2026-09-12T13:01:28.522820+00:00,200,162352.39,
2026-09-12T13:01:32.981103+00:00,200,157895.5,
2026-09-12T13:02:23.198681+00:00,200,107679.02,
2026-09-12T13:02:30.632438+00:00,200,100246.58,
2026-09-12T13:02:03.317206+00:00,200,127563.05,
2026-09-12T13:02:04.088610+00:00,200,126792.83,
2026-09-12T13:01:29.907753+00:00,200,161038.1,
2026-09-12T13:00:32.842243+00:00,200,218111.38,
2026-09-12T13:01:15.896562+00:00,200,175060.37,
2026-09-12T13:03:30.891313+00:00,200,40092.4,
2026-09-12T13:02:40.660487+00:00,200,90327.47,
2026-09-12T13:00:56.873001+00:00,200,194147.17,
2026-09-12T13:01:54.326510+00:00,200,136699.16,
2026-09-12T13:02:37.237799+00:00,200,93828.23,
2026-09-12T13:02:11.741427+00:00,200,119368.71,
2026-09-12T13:01:52.696959+00:00,200,138415.81,
2026-09-12T13:03:30.013726+00:00,200,41113.39,
2026-09-12T13:02:09.550704+00:00,200,121645.29,
2026-09-12T13:01:10.961284+00:00,200,180240.88,
2026-09-12T13:02:32.589181+00:00,200,98622.18,
2026-09-12T13:03:41.846504+00:00,200,29391.69,
2026-09-12T13:02:35.312926+00:00,200,95935.32,
2026-09-12T13:01:39.530263+00:00,200,151736.45,
2026-09-12T13:02:00.775630+00:00,200,130729.01,
2026-09-12T13:02:00.938767+00:00,200,130571.82,
2026-09-12T13:02:32.115954+00:00,200,99409.57,
2026-09-12T13:02:05.243305+00:00,200,126399.41,
2026-09-12T13:03:00.877879+00:00,200,70771.08,
2026-09-12T13:02:26.344981+00:00,200,105351.84,
2026-09-12T13:00:57.284367+00:00,200,194431.99,
2026-09-12T13:01:31.710835+00:00,200,160008.34,
2026-09-12T13:01:45.566247+00:00,200,146186.4,
2026-09-12T13:03:08.279350+00:00,200,63485.64,
2026-09-12T13:02:26.984345+00:00,200,104842.32,
2026-09-12T13:02:40.538987+00:00,200,91296.67,
2026-09-12T13:03:16.284360+00:00,200,55557.81,
2026-09-12T13:02:36.939950+00:00,200,94903.31,
2026-09-12T13:02:19.335452+00:00,200,112508.92,
2026-09-12T13:02:32.562447+00:00,200,99283.06,
2026-09-12T13:03:15.852098+00:00,200,55994.56,
2026-09-12T13:02:24.573749+00:00,200,107274.07,
2026-09-12T13:03:31.276319+00:00,200,40572.74,
2026-09-12T13:01:12.981302+00:00,200,178868.94,
2026-09-12T13:01:04.523399+00:00,200,187328.05,
2026-09-12T13:01:49.166065+00:00,200,142686.73,
2026-09-12T13:02:23.703142+00:00,200,108151.06,
2026-09-12T13:01:00.234893+00:00,200,191620.57,
2026-09-12T13:01:27.668094+00:00,200,164188.67,
2026-09-12T13:02:43.648899+00:00,200,88209.17,
2026-09-12T13:01:29.572091+00:00,200,162287.28,
2026-09-12T13:01:43.760644+00:00,200,148112.47,
2026-09-12T13:02:23.765618+00:00,200,108136.14,
2026-09-12T13:01:36.178033+00:00,200,155768.05,
2026-09-12T13:00:40.899037+00:00,200,211087.59,
2026-09-12T13:00:49.445963+00:00,200,202599.62,
2026-09-12T13:02:43.999272+00:00,200,88048.09,
2026-09-12T13:02:26.851474+00:00,200,105207.84,
2026-09-12T13:02:54.427883+00:00,200,77639.93,
2026-09-12T13:00:39.104276+00:00,200,213041.34,
2026-09-12T13:01:40.173492+00:00,200,152004.14,
2026-09-12T13:00:54.011239+00:00,200,198197.96,
2026-09-12T13:02:43.157277+00:00,200,89064.73,
2026-09-12T13:01:25.025417+00:00,200,167202.78,
2026-09-12T13:03:44.489080+00:00,200,27763.02,
2026-09-12T13:01:19.480300+00:00,200,172785.83,
2026-09-12T13:02:37.280771+00:00,200,94987.06,
2026-09-12T13:01:43.588119+00:00,200,148688.63,
2026-09-12T13:02:41.662202+00:00,200,90647.8,
2026-09-12T13:02:04.553690+00:00,200,127794.66,
2026-09-12T13:01:04.475330+00:00,200,187905.85,
2026-09-12T13:01:35.376547+00:00,200,157016.61,
2026-09-12T13:00:50.128077+00:00,200,202293.13,
2026-09-12T13:01:56.111675+00:00,200,136313.52,
2026-09-12T13:03:18.956720+00:00,200,53482.98,
2026-09-12T13:02:32.484794+00:00,200,99979.26,
2026-09-12T13:01:34.561548+00:00,200,158009.61,
2026-09-12T13:01:44.622601+00:00,200,147965.01,
2026-09-12T13:01:04.881987+00:00,200,187807.88,
2026-09-12T13:01:43.104857+00:00,200,149589.84,
2026-09-12T13:00:52.180192+00:00,200,200540.32,
2026-09-12T13:01:53.602444+00:00,200,139133.49,
2026-09-12T13:01:00.281574+00:00,200,192488.72,
2026-09-12T13:01:12.862624+00:00,200,179974.95,
2026-09-12T13:03:18.191613+00:00,200,54758.93,
2026-09-12T13:02:56.866006+00:00,200,76140.56,
2026-09-12T13:01:54.188783+00:00,200,138826.9,
2026-09-12T13:03:03.591057+00:00,200,69435.12,
2026-09-12T13:02:39.962396+00:00,200,93082.39,
2026-09-12T13:01:59.323864+00:00,200,133750.11,
2026-09-12T13:03:12.010105+00:00,200,61076.63,
2026-09-12T13:01:18.589050+00:00,200,174500.84,
2026-09-12T13:01:44.785755+00:00,200,148307.46,
2026-09-12T13:03:27.901962+00:00,200,45229.59,
2026-09-12T13:01:20.687939+00:00,200,172448.05,
2026-09-12T13:02:34.608266+00:00,200,98546.72,
2026-09-12T13:00:40.738127+00:00,200,212419.78,
2026-09-12T13:01:41.815568+00:00,200,151372.54,
2026-09-12T13:02:05.831688+00:00,200,127380.17,
2026-09-12T13:02:43.281116+00:00,200,89973.23,
2026-09-12T13:02:22.390122+00:00,200,110881.42,
2026-09-12T13:02:19.369721+00:00,200,113911.89,
2026-09-12T13:02:35.216623+00:00,200,98077.4,
2026-09-12T13:02:26.317854+00:00,200,106980.87,
2026-09-12T13:02:47.386779+00:00,200,85932.45,
2026-09-12T13:02:45.985437+00:00,200,87476.26,
2026-09-12T13:03:30.179500+00:00,200,43316.99,
2026-09-12T13:02:25.657891+00:00,200,107846.63,
2026-09-12T13:01:32.064125+00:00,200,161573.35,
2026-09-12T13:01:00.227848+00:00,200,193451.85,
2026-09-12T13:01:50.569933+00:00,200,143143.36,
2026-09-12T13:01:58.631570+00:00,200,135106.27,
2026-09-12T13:01:20.563460+00:00,200,173186.3,
2026-09-12T13:02:35.308684+00:00,200,98444.82,
2026-09-12T13:03:26.436218+00:00,200,47333.77,
2026-09-12T13:03:11.919208+00:00,200,61889.27,
2026-09-12T13:01:58.814012+00:00,200,135022.2,
2026-09-12T13:02:32.417743+00:00,200,101423.36,
2026-09-12T13:02:53.461405+00:00,200,80424.7,
2026-09-12T13:01:46.506529+00:00,200,147415.95,
2026-09-12T13:03:04.192337+00:00,200,69775.64,
2026-09-12T13:03:41.598183+00:00,200,32388.03,
2026-09-12T13:00:54.643525+00:00,200,199346.08,
2026-09-12T13:01:43.369057+00:00,200,150622.08,
2026-09-12T13:01:17.804383+00:00,200,176196.59,
2026-09-12T13:02:05.460415+00:00,200,128617.26,
2026-09-12T13:02:04.433492+00:00,200,129673.55,
2026-09-12T13:01:21.835604+00:00,200,172279.96,
2026-09-12T13:01:16.781092+00:00,200,177354.06,
2026-09-12T13:01:56.284173+00:00,200,137909.96,
2026-09-12T13:02:33.948839+00:00,200,100252.22,
2026-09-12T13:02:44.380083+00:00,200,89824.11,
2026-09-12T13:01:31.739176+00:00,200,162507.9,
2026-09-12T13:02:02.613114+00:00,200,131670.05,
2026-09-12T13:03:27.001125+00:00,200,47358.68,
2026-09-12T13:02:26.576847+00:00,200,107833.02,
2026-09-12T13:03:35.940399+00:00,200,38472.64,
2026-09-12T13:02:15.557843+00:00,200,118867.66,
2026-09-12T13:02:38.918404+00:00,200,95516.08,
2026-09-12T13:02:40.417368+00:00,200,94047.93,
2026-09-12T13:02:38.322695+00:00,200,96289.09,
2026-09-12T13:03:15.349919+00:00,200,59270.72,
2026-09-12T13:03:02.886755+00:00,200,71738.9,
2026-09-12T13:01:27.037930+00:00,200,167628.04,
2026-09-12T13:01:18.761318+00:00,200,175924.62,
2026-09-12T13:03:06.771810+00:00,200,67955.33,
2026-09-12T13:03:38.296928+00:00,200,36441.14,
2026-09-12T13:03:20.615512+00:00,200,54133.72,
2026-09-12T13:01:45.113872+00:00,200,149660.86,
2026-09-12T13:00:55.325886+00:00,200,199462.63,
2026-09-12T13:01:32.071459+00:00,200,162742.68,
2026-09-12T13:02:21.317922+00:00,200,113567.56,
2026-09-12T13:02:16.761109+00:00,200,118151.8,
2026-09-12T13:02:18.317659+00:00,200,116740.31,
2026-09-12T13:02:08.601301+00:00,200,126470.53,
2026-09-12T13:02:00.442792+00:00,200,134737.84,
2026-09-12T13:02:37.387506+00:00,200,97817.71,
2026-09-12T13:01:32.302543+00:00,200,162905.25,
2026-09-12T13:03:03.761380+00:00,200,71448.28,
2026-09-12T13:03:21.802790+00:00,200,53418.28,
2026-09-12T13:01:02.962163+00:00,200,192286.75,
2026-09-12T13:01:57.654581+00:00,200,137604.17,
2026-09-12T13:02:28.113707+00:00,200,107171.61,
2026-09-12T13:03:12.747333+00:00,200,62566.54,
2026-09-12T13:00:58.276413+00:00,200,197043.94,
2026-09-12T13:01:52.074257+00:00,200,143255.42,
2026-09-12T13:02:06.345686+00:00,200,129033.22,
2026-09-12T13:01:33.632596+00:00,200,161800.48,
2026-09-12T13:03:07.970934+00:00,200,67493.78,
2026-09-12T13:02:20.740408+00:00,200,114725.62,
2026-09-12T13:00:50.795850+00:00,200,204674.25,
2026-09-12T13:02:09.991488+00:00,200,125510.18,
2026-09-12T13:01:46.445196+00:00,200,149062.38,
2026-09-12T13:02:36.871659+00:00,200,98668.23,
2026-09-12T13:03:34.565816+00:00,200,41032.56,
2026-09-12T13:01:49.681462+00:00,200,145932.83,
2026-09-12T13:00:48.229320+00:00,200,207404.24,
2026-09-12T13:03:37.065169+00:00,200,38612.73,
2026-09-12T13:02:05.972028+00:00,200,129719.43,
2026-09-12T13:01:53.735013+00:00,200,141983.83,
2026-09-12T13:00:51.536032+00:00,200,204230.63,
2026-09-12T13:03:10.707310+00:00,200,65088.29,
2026-09-12T13:02:44.102852+00:00,200,91736.16,
2026-09-12T13:03:19.873857+00:00,200,55986.99,
2026-09-12T13:02:26.112553+00:00,200,109749.7,
2026-09-12T13:01:54.978904+00:00,200,140951.01,
2026-09-12T13:01:23.913051+00:00,200,172072.38,
2026-09-12T13:01:53.256239+00:00,200,142736.78,
2026-09-12T13:00:37.599624+00:00,200,218410.47,
2026-09-12T13:02:16.631397+00:00,200,119384.14,
2026-09-12T13:02:35.559294+00:00,200,100470.24,
2026-09-12T13:02:18.131754+00:00,200,117900.57,
2026-09-12T13:02:24.371735+00:00,200,111669.36,
2026-09-12T13:03:29.101318+00:00,200,46968.86,
2026-09-12T13:01:43.271516+00:00,200,152877.92,
2026-09-12T13:02:45.699978+00:00,200,90533.54,
2026-09-12T13:02:01.485646+00:00,200,134762.97,
2026-09-12T13:01:50.252751+00:00,200,146004.08,
2026-09-12T13:01:40.459485+00:00,200,155814.01,
2026-09-12T13:02:25.534376+00:00,200,110765.13,
2026-09-12T13:01:56.770720+00:00,200,139536.41,
2026-09-12T13:02:27.813293+00:00,200,108523.27,
2026-09-12T13:02:32.364427+00:00,200,103982.04,
2026-09-12T13:03:37.049279+00:00,200,39304.5,
2026-09-12T13:02:47.808412+00:00,200,88579.58,
2026-09-12T13:03:36.272120+00:00,200,40131.0,
2026-09-12T13:02:08.977038+00:00,200,127431.17,
2026-09-12T13:02:52.230952+00:00,200,84184.63,
2026-09-12T13:01:45.035513+00:00,200,151386.34,
2026-09-12T13:01:32.897801+00:00,200,163536.75,
2026-09-12T13:03:06.301630+00:00,200,70135.66,
2026-09-12T13:03:36.869080+00:00,200,39571.24,
2026-09-12T13:02:58.219565+00:00,200,78231.82,
2026-09-12T13:02:27.265281+00:00,200,109247.6,
2026-09-12T13:02:28.410996+00:00,200,108127.7,
2026-09-12T13:01:30.234917+00:00,200,166325.83,
2026-09-12T13:02:53.293004+00:00,200,83282.58,
2026-09-12T13:01:49.073173+00:00,200,147506.3,
2026-09-12T13:02:37.557427+00:00,200,99038.56,
2026-09-12T13:03:20.492851+00:00,200,56130.64,
2026-09-12T13:02:44.520947+00:00,200,92120.49,
2026-09-12T13:00:49.155364+00:00,200,207488.21,
2026-09-12T13:01:45.873546+00:00,200,150847.32,
2026-09-12T13:01:48.791434+00:00,200,147937.6,
2026-09-12T13:02:42.248952+00:00,200,94509.22,
2026-09-12T13:02:52.560409+00:00,200,84208.86,
2026-09-12T13:03:14.248604+00:00,200,62557.79,
2026-09-12T13:01:52.152910+00:00,200,144711.81,
2026-09-12T13:01:14.761826+00:00,200,182180.93,
2026-09-12T13:03:08.861196+00:00,200,68140.0,
2026-09-12T13:01:22.543200+00:00,200,174466.96,
2026-09-12T13:02:41.893416+00:00,200,95124.44,
2026-09-12T13:03:23.010334+00:00,200,54066.35,
2026-09-12T13:03:09.684903+00:00,200,67400.79,
2026-09-12T13:02:21.749625+00:00,200,115339.92,
2026-09-12T13:01:47.377483+00:00,200,149717.22,
2026-09-12T13:01:43.002896+00:00,200,154150.33,
2026-09-12T13:02:17.572508+00:00,200,119595.87,
2026-09-12T13:01:03.525987+00:00,200,193649.18,
2026-09-12T13:02:40.658818+00:00,200,96525.41,
2026-09-12T13:02:01.154193+00:00,200,136038.09,
2026-09-12T13:02:43.803979+00:00,200,93423.86,
2026-09-12T13:01:51.191838+00:00,200,146073.58,
2026-09-12T13:01:08.582305+00:00,200,188691.84,
2026-09-12T13:01:07.906679+00:00,200,189369.07,
2026-09-12T13:02:45.927191+00:00,200,91374.0,
2026-09-12T13:02:35.970249+00:00,200,101339.67,
2026-09-12T13:03:29.254807+00:00,200,48063.22,
2026-09-12T13:02:54.099067+00:00,200,83228.59,
2026-09-12T13:03:35.619808+00:00,200,41733.61,
2026-09-12T13:02:38.088438+00:00,200,99284.2,
2026-09-12T13:02:45.374208+00:00,200,92002.0,
2026-09-12T13:03:25.327631+00:00,200,52054.13,
2026-09-12T13:02:44.327732+00:00,200,93062.44,
2026-09-12T13:01:50.983302+00:00,200,146471.21,
2026-09-12T13:02:49.077235+00:00,200,88383.92,
2026-09-12T13:01:50.741725+00:00,200,146760.42,
2026-09-12T13:01:56.367062+00:00,200,141173.43,
2026-09-12T13:03:28.728951+00:00,200,48832.31,
2026-09-12T13:02:29.123566+00:00,200,108450.75,
2026-09-12T13:02:39.048905+00:00,200,98565.72,
2026-09-12T13:03:13.016646+00:00,200,64599.45,
2026-09-12T13:02:58.013485+00:00,200,79688.4,
2026-09-12T13:02:26.407323+00:00,200,111303.12,
2026-09-12T13:03:20.579009+00:00,200,57136.96,
2026-09-12T13:03:18.439067+00:00,200,59323.11,
2026-09-12T13:01:02.857995+00:00,200,194914.62,
2026-09-12T13:03:31.354524+00:00,200,46443.92,
2026-09-12T13:02:08.848832+00:00,200,128981.61,
2026-09-12T13:01:17.272597+00:00,200,180581.85,
2026-09-12T13:02:18.113856+00:00,200,119742.17,
2026-09-12T13:02:41.459927+00:00,200,96397.55,
2026-09-12T13:03:20.852758+00:00,200,57006.3,
2026-09-12T13:03:24.393281+00:00,200,53495.48,
2026-09-12T13:01:25.907433+00:00,200,171992.41,
2026-09-12T13:02:59.926516+00:00,200,77976.19,
2026-09-12T13:03:17.430923+00:00,200,60478.21,
2026-09-12T13:03:14.408219+00:00,200,63513.39,
2026-09-12T13:03:23.588962+00:00,200,54333.59,
2026-09-12T13:02:04.438853+00:00,200,133486.8,
2026-09-12T13:02:40.366665+00:00,200,97562.48,
2026-09-12T13:01:50.417918+00:00,200,147512.08,
2026-09-12T13:03:08.484704+00:00,200,69446.19,
2026-09-12T13:01:39.090590+00:00,200,158841.47,
2026-09-12T13:01:50.967747+00:00,200,146989.04,
2026-09-12T13:02:54.692722+00:00,200,83291.28,
2026-09-12T13:01:43.416152+00:00,200,154568.83,
2026-09-12T13:03:17.079436+00:00,200,60906.48,
2026-09-12T13:02:40.127893+00:00,200,97858.93,
2026-09-12T13:01:36.108359+00:00,200,161879.68,
2026-09-12T13:00:47.591892+00:00,200,210397.1,
2026-09-12T13:01:44.406062+00:00,200,153583.98,
2026-09-12T13:01:09.268282+00:00,200,188722.74,
2026-09-12T13:01:44.913463+00:00,200,153079.09,
2026-09-12T13:02:48.290552+00:00,200,89745.3,
2026-09-12T13:03:24.055969+00:00,200,54004.43,
2026-09-12T13:01:34.421023+00:00,200,163645.68,
2026-09-12T13:02:28.951873+00:00,200,109116.46,
2026-09-12T13:01:17.180743+00:00,200,180905.86,
2026-09-12T13:01:24.291418+00:00,200,173852.72,
2026-09-12T13:01:53.473030+00:00,200,144678.66,
2026-09-12T13:02:33.602834+00:00,200,104562.84,
2026-09-12T13:02:33.639510+00:00,200,104541.74,
2026-09-12T13:01:15.976705+00:00,200,182212.81,
2026-09-12T13:03:43.516350+00:00,200,34725.08,
2026-09-12T13:02:54.905831+00:00,200,83423.58,
2026-09-12T13:02:14.339221+00:00,200,124005.76,
2026-09-12T13:02:27.862402+00:00,200,110515.15,
2026-09-12T13:02:43.537582+00:00,200,94854.56,
2026-09-12T13:02:09.903487+00:00,200,128538.97,
2026-09-12T13:01:57.621939+00:00,200,140821.6,
2026-09-12T13:02:02.276518+00:00,200,136168.06,
2026-09-12T13:02:19.354430+00:00,200,119091.32,
2026-09-12T13:03:37.336485+00:00,200,41110.37,
2026-09-12T13:02:16.916055+00:00,200,121531.93,
2026-09-12T13:01:27.109080+00:00,200,171339.99,
2026-09-12T13:02:15.908610+00:00,200,122541.65,
2026-09-12T13:02:18.101246+00:00,200,120350.25,
2026-09-12T13:00:56.730678+00:00,200,201722.09,
2026-09-12T13:01:41.270160+00:00,200,157183.9,
2026-09-12T13:00:28.405582+00:00,200,230049.69,
2026-09-12T13:01:55.882720+00:00,200,142658.27,
2026-09-12T13:02:16.304001+00:00,200,122272.31,
2026-09-12T13:02:09.042296+00:00,200,129585.93,
2026-09-12T13:01:50.898801+00:00,200,147744.43,
2026-09-12T13:01:03.816336+00:00,200,194872.33,
2026-09-12T13:02:26.928800+00:00,200,111791.21,
2026-09-12T13:01:51.350475+00:00,200,147393.01,
2026-09-12T13:03:41.642621+00:00,200,37158.94,
2026-09-12T13:02:55.499281+00:00,200,83315.04,
2026-09-12T13:03:39.710337+00:00,200,39135.94,
2026-09-12T13:03:03.363008+00:00,200,75497.87,
2026-09-12T13:03:37.067842+00:00,200,41860.36,
2026-09-12T13:01:23.593429+00:00,200,175415.25,
2026-09-12T13:01:23.220142+00:00,200,175834.75,
2026-09-12T13:02:47.319327+00:00,200,91765.27,
2026-09-12T13:02:17.620921+00:00,200,121464.96,
2026-09-12T13:03:30.966678+00:00,200,48121.85,
2026-09-12T13:02:36.672198+00:00,200,102432.9,
2026-09-12T13:03:40.353282+00:00,200,38758.8,
2026-09-12T13:02:34.602642+00:00,200,104517.17,
2026-09-12T13:01:27.185770+00:00,200,171984.25,
2026-09-12T13:01:58.114059+00:00,200,141062.78,
2026-09-12T13:01:05.684976+00:00,200,193505.61,
2026-09-12T13:02:45.305923+00:00,200,93900.51,
2026-09-12T13:00:48.307154+00:00,200,210910.1,
2026-09-12T13:03:17.339990+00:00,200,61891.44,
2026-09-12T13:02:02.938058+00:00,200,136305.98,
2026-09-12T13:01:30.966159+00:00,200,168305.28,
2026-09-12T13:01:29.551108+00:00,200,169761.44,
2026-09-12T13:01:52.790379+00:00,200,146561.71,
2026-09-12T13:02:37.076359+00:00,200,102354.15,
2026-09-12T13:01:35.430130+00:00,200,164017.79,
2026-09-12T13:02:28.950762+00:00,200,110523.69,
2026-09-12T13:01:53.825401+00:00,200,145666.13,
2026-09-12T13:02:16.763275+00:00,200,122735.96,
2026-09-12T13:01:30.549002+00:00,200,168982.47,
2026-09-12T13:02:18.209859+00:00,200,121325.74,
2026-09-12T13:00:42.785028+00:00,200,216762.3,
2026-09-12T13:02:57.202722+00:00,200,82354.6,
2026-09-12T13:02:33.564136+00:00,200,105994.56,
2026-09-12T13:01:49.722063+00:00,200,149878.89,
2026-09-12T13:03:11.143488+00:00,200,68458.85,
2026-09-12T13:03:01.151264+00:00,200,78471.91,
2026-09-12T13:01:58.310329+00:00,200,141352.3,
2026-09-12T13:02:57.473639+00:00,200,82254.51,
2026-09-12T13:02:57.531670+00:00,200,82257.38,
2026-09-12T13:03:44.799886+00:00,200,35015.67,
2026-09-12T13:02:16.241515+00:00,200,123577.12,
2026-09-12T13:02:27.012656+00:00,200,112904.85,
2026-09-12T13:01:24.662538+00:00,200,175264.51,
2026-09-12T13:02:20.855677+00:00,200,119081.28,
2026-09-12T13:03:03.408227+00:00,200,76566.65,
2026-09-12T13:03:33.232689+00:00,200,46745.63,
2026-09-12T13:01:35.576788+00:00,200,164407.8,
2026-09-12T13:01:20.082348+00:00,200,179942.55,
2026-09-12T13:02:36.335089+00:00,200,103726.98,
2026-09-12T13:01:06.200345+00:00,200,193885.5,
2026-09-12T13:03:40.490710+00:00,200,39769.42,
2026-09-12T13:01:20.141811+00:00,200,180135.21,
2026-09-12T13:02:45.696238+00:00,200,94638.51,
2026-09-12T13:03:13.237378+00:00,200,67111.94,
2026-09-12T13:02:40.997306+00:00,200,99373.19,
2026-09-12T13:03:37.051765+00:00,200,43323.39,
2026-09-12T13:02:46.401772+00:00,200,93974.67,
2026-09-12T13:02:32.264746+00:00,200,108162.84,
2026-09-12T13:02:01.648868+00:00,200,138812.11,
2026-09-12T13:02:52.650052+00:00,200,87822.77,
2026-09-12T13:01:31.816869+00:00,200,168695.38,
2026-09-12T13:01:08.054573+00:00,200,192459.37,
2026-09-12T13:02:55.587380+00:00,200,84935.57,
2026-09-12T13:02:11.916520+00:00,200,128618.07,
2026-09-12T13:03:12.035732+00:00,200,68530.22,
2026-09-12T13:02:10.573768+00:00,200,130035.57,
2026-09-12T13:01:53.843579+00:00,200,146778.37,
2026-09-12T13:01:18.979065+00:00,200,181651.98,
2026-09-12T13:02:10.748863+00:00,200,129918.28,
2026-09-12T13:03:09.450800+00:00,200,71236.86,
2026-09-12T13:02:35.621032+00:00,200,105095.69,
2026-09-12T13:02:42.735445+00:00,200,98009.47,
2026-09-12T13:02:27.102939+00:00,200,113681.15,
2026-09-12T13:02:59.210150+00:00,200,81575.47,
2026-09-12T13:01:19.304382+00:00,200,181518.42,
2026-09-12T13:03:24.570261+00:00,200,56290.76,
2026-09-12T13:03:34.885979+00:00,200,46058.4,
2026-09-12T13:03:36.871375+00:00,200,44078.43,
2026-09-12T13:02:04.235059+00:00,200,136755.31,
2026-09-12T13:02:09.263032+00:00,200,131734.46,
2026-09-12T13:03:22.752079+00:00,200,58268.61,
2026-09-12T13:03:26.237725+00:00,200,54810.85,
2026-09-12T13:02:11.353986+00:00,200,129722.27,
2026-09-12T13:00:47.316439+00:00,200,213763.02,
2026-09-12T13:01:44.559755+00:00,200,156583.56,
2026-09-12T13:03:22.553733+00:00,200,58629.27,
2026-09-12T13:00:56.555847+00:00,200,204634.09,
2026-09-12T13:01:32.852391+00:00,200,168369.7,
2026-09-12T13:02:25.747106+00:00,200,115482.31,
2026-09-12T13:00:49.457213+00:00,200,211820.61,
2026-09-12T13:01:58.348357+00:00,200,142956.85,
2026-09-12T13:00:53.610166+00:00,200,207727.5,
2026-09-12T13:02:25.978502+00:00,200,115373.63,
2026-09-12T13:01:33.284663+00:00,200,168149.76,
2026-09-12T13:03:26.219762+00:00,200,55264.02,
2026-09-12T13:01:39.996035+00:00,200,161510.93,
2026-09-12T13:01:38.067648+00:00,200,163446.58,
2026-09-12T13:03:28.808918+00:00,200,52708.1,
2026-09-12T13:02:12.270516+00:00,200,129256.66,
2026-09-12T13:03:45.515676+00:00,200,36020.31,
2026-09-12T13:02:59.687004+00:00,200,81881.81,
2026-09-12T13:01:47.590197+00:00,200,154137.61,
2026-09-12T13:03:21.722460+00:00,200,60045.04,
2026-09-12T13:01:56.516708+00:00,200,145291.44,
2026-09-12T13:02:40.526725+00:00,200,101296.38,
2026-09-12T13:03:36.744178+00:00,200,45090.53,
2026-09-12T13:01:53.216787+00:00,200,148639.75,
2026-09-12T13:02:23.803836+00:00,200,118061.48,
2026-09-12T13:01:13.308951+00:00,200,188581.5,
2026-09-12T13:02:27.493574+00:00,200,114400.82,
2026-09-12T13:01:29.709158+00:00,200,172191.86,
2026-09-12T13:02:40.187673+00:00,200,101744.41,
2026-09-12T13:03:37.380610+00:00,200,44557.33,
2026-09-12T13:01:26.897024+00:00,200,175042.41,
2026-09-12T13:02:32.187291+00:00,200,109763.91,
2026-09-12T13:02:31.742442+00:00,200,110219.24,
2026-09-12T13:00:25.648160+00:00,200,236365.46,
2026-09-12T13:02:30.762663+00:00,200,111336.14,
2026-09-12T13:02:05.823755+00:00,200,136300.28,
2026-09-12T13:02:41.795283+00:00,200,100377.61,
2026-09-12T13:02:47.824288+00:00,200,94406.48,
2026-09-12T13:03:37.232369+00:00,200,45049.63,
2026-09-12T13:02:25.076864+00:00,200,117221.46,
2026-09-12T13:01:45.826761+00:00,200,156501.1,
2026-09-12T13:02:25.902732+00:00,200,116465.13,
2026-09-12T13:01:35.505671+00:00,200,166939.58,
2026-09-12T13:01:44.411535+00:00,200,158040.19,
2026-09-12T13:01:12.689529+00:00,200,189771.14,
2026-09-12T13:01:53.679744+00:00,200,148803.07,
2026-09-12T13:01:25.956852+00:00,200,176557.24,
2026-09-12T13:01:41.378573+00:00,200,161149.59,
2026-09-12T13:03:22.844580+00:00,200,59746.8,
2026-09-12T13:02:42.569827+00:00,200,100069.04,
2026-09-12T13:03:22.099667+00:00,200,60587.34,
2026-09-12T13:01:54.165659+00:00,200,148528.81,
2026-09-12T13:00:25.178555+00:00,200,237520.51,
2026-09-12T13:02:17.905636+00:00,200,124827.72,
2026-09-12T13:02:06.206693+00:00,200,136530.28,
2026-09-12T13:01:31.737084+00:00,200,171051.37,
2026-09-12T13:03:06.542348+00:00,200,76253.61,
2026-09-12T13:02:11.924728+00:00,200,130897.13,
2026-09-12T13:01:52.216347+00:00,200,150621.63,
2026-09-12T13:01:42.690978+00:00,200,160212.23,
2026-09-12T13:01:24.325334+00:00,200,178594.7,
2026-09-12T13:03:06.158676+00:00,200,76781.67,
2026-09-12T13:01:56.443137+00:00,200,146533.35,
2026-09-12T13:01:22.814272+00:00,200,180200.82,
2026-09-12T13:02:14.346755+00:00,200,128733.79,
2026-09-12T13:01:45.335227+00:00,200,157746.23,
2026-09-12T13:01:41.092584+00:00,200,161998.53,
2026-09-12T13:01:44.999916+00:00,200,158126.03,
2026-09-12T13:01:44.942735+00:00,200,158185.21,
2026-09-12T13:03:17.296565+00:00,200,65848.03,
2026-09-12T13:01:11.809295+00:00,200,191358.38,
2026-09-12T13:01:30.650221+00:00,200,172522.98,
2026-09-12T13:03:20.804298+00:00,200,62390.91,
2026-09-12T13:01:44.637906+00:00,200,158559.85,
2026-09-12T13:03:26.470180+00:00,200,56784.24,
2026-09-12T13:03:06.436503+00:00,200,76829.86,
2026-09-12T13:01:43.448088+00:00,200,159862.72,
2026-09-12T13:01:50.819451+00:00,200,152500.86,
2026-09-12T13:03:38.185642+00:00,200,45151.98,
2026-09-12T13:02:38.574352+00:00,200,104769.89,
2026-09-12T13:02:40.827842+00:00,200,102540.24,
2026-09-12T13:02:28.052599+00:00,200,115355.14,
2026-09-12T13:02:36.654214+00:00,200,106756.84,
2026-09-12T13:03:02.252726+00:00,200,81230.46,
2026-09-12T13:02:45.001945+00:00,200,98489.13,
2026-09-12T13:02:53.657241+00:00,200,89834.41,
2026-09-12T13:03:15.838951+00:00,200,67678.53,
2026-09-12T13:01:58.476494+00:00,200,145091.62,
2026-09-12T13:03:01.838447+00:00,200,81730.38,
2026-09-12T13:03:20.637413+00:00,200,62936.17,
2026-09-12T13:03:11.796881+00:00,200,71791.99,
2026-09-12T13:02:27.647002+00:00,200,115966.61,
2026-09-12T13:03:34.626186+00:00,200,49019.26,
2026-09-12T13:02:05.992329+00:00,200,137693.55,
2026-09-12T13:01:47.198327+00:00,200,156521.72,
2026-09-12T13:02:25.804143+00:00,200,117934.8,
2026-09-12T13:01:41.766338+00:00,200,161987.88,
2026-09-12T13:01:42.449221+00:00,200,161308.97,
2026-09-12T13:02:42.076669+00:00,200,101684.03,
2026-09-12T13:02:57.192724+00:00,200,86570.59,
2026-09-12T13:00:29.797668+00:00,200,234017.39,
2026-09-12T13:03:11.369557+00:00,200,72482.05,
2026-09-12T13:03:07.137717+00:00,200,76719.23,
2026-09-12T13:02:07.874760+00:00,200,136011.68,
2026-09-12T13:02:04.568440+00:00,200,139320.9,
2026-09-12T13:02:50.372354+00:00,200,93554.81,
2026-09-12T13:01:08.853980+00:00,200,195094.88,
2026-09-12T13:01:07.728615+00:00,200,196238.83,
2026-09-12T13:02:12.278495+00:00,200,131709.37,
2026-09-12T13:01:58.529147+00:00,200,145465.49,
2026-09-12T13:01:57.097091+00:00,200,146910.16,
2026-09-12T13:03:01.994056+00:00,200,82026.55,
2026-09-12T13:01:11.666686+00:00,200,192354.62,
2026-09-12T13:02:52.155874+00:00,200,91866.22,
2026-09-12T13:03:35.222627+00:00,200,48815.65,
2026-09-12T13:00:54.712943+00:00,200,209326.33,
2026-09-12T13:01:58.743684+00:00,200,145300.91,
2026-09-12T13:03:15.592025+00:00,200,68476.02,
2026-09-12T13:03:20.901468+00:00,200,63176.74,
2026-09-12T13:02:23.746286+00:00,200,120348.58,
2026-09-12T13:02:19.799366+00:00,200,124310.53,
2026-09-12T13:03:18.777968+00:00,200,65367.18,
2026-09-12T13:03:37.057044+00:00,200,47091.83,
2026-09-12T13:02:14.516739+00:00,200,129634.73,
2026-09-12T13:03:29.948808+00:00,200,54222.61,
2026-09-12T13:00:55.573702+00:00,200,208637.53,
2026-09-12T13:02:50.766300+00:00,200,93455.41,
2026-09-12T13:02:18.246625+00:00,200,125994.84,
2026-09-12T13:01:45.218630+00:00,200,159053.74,
2026-09-12T13:03:36.244831+00:00,200,48046.78,
2026-09-12T13:02:06.790962+00:00,200,137530.6,
2026-09-12T13:01:23.960042+00:00,200,180363.36,
2026-09-12T13:01:38.697631+00:00,200,165644.47,
2026-09-12T13:03:03.529866+00:00,200,80815.84,
2026-09-12T13:02:32.860168+00:00,200,111487.16,
2026-09-12T13:01:17.394307+00:00,200,187013.52,
2026-09-12T13:03:28.744399+00:00,200,55725.04,
2026-09-12T13:02:55.441489+00:00,200,89029.58,
2026-09-12T13:02:53.236102+00:00,200,91280.03,
2026-09-12T13:01:58.051119+00:00,200,146483.77,
2026-09-12T13:02:25.227544+00:00,200,119308.57,
2026-09-12T13:02:03.465107+00:00,200,141100.42,
2026-09-12T13:02:16.842472+00:00,200,127740.98,
2026-09-12T13:03:13.396915+00:00,200,71191.54,
2026-09-12T13:00:41.648245+00:00,200,222944.0,
2026-09-12T13:02:00.372141+00:00,200,144243.38,
2026-09-12T13:03:45.304484+00:00,200,39355.98,
2026-09-12T13:02:12.316927+00:00,200,132430.02,
2026-09-12T13:02:23.797645+00:00,200,120955.85,
2026-09-12T13:02:37.011740+00:00,200,107742.42,
2026-09-12T13:03:02.320882+00:00,200,82434.79,
2026-09-12T13:02:30.789723+00:00,200,113978.56,
2026-09-12T13:02:51.360800+00:00,200,93433.48,
2026-09-12T13:02:31.500416+00:00,200,113297.26,
2026-09-12T13:01:27.839970+00:00,200,176992.71,
2026-09-12T13:01:49.258082+00:00,200,155578.26,
2026-09-12T13:01:15.725448+00:00,200,189121.63,
2026-09-12T13:02:14.114259+00:00,200,130745.56,
2026-09-12T13:01:01.294455+00:00,200,203570.48,
2026-09-12T13:02:21.754183+00:00,200,123128.47,
2026-09-12T13:03:37.062499+00:00,200,47832.45,
2026-09-12T13:01:22.711043+00:00,200,182206.72,
2026-09-12T13:02:21.094324+00:00,200,123833.07,
2026-09-12T13:01:08.157666+00:00,200,196771.4,
2026-09-12T13:02:19.286427+00:00,200,125663.03,
2026-09-12T13:02:37.220382+00:00,200,107772.17,
2026-09-12T13:02:34.706912+00:00,200,110299.25,
2026-09-12T13:02:07.926739+00:00,200,137104.33,
2026-09-12T13:02:39.725884+00:00,200,105311.56,
2026-09-12T13:02:05.610064+00:00,200,139450.9,
2026-09-12T13:02:21.390817+00:00,200,123705.89,
2026-09-12T13:03:18.249912+00:00,200,66850.5,
2026-09-12T13:02:30.586050+00:00,200,114526.37,
2026-09-12T13:01:36.745700+00:00,200,168368.55,
2026-09-12T13:02:55.572170+00:00,200,89554.28,
2026-09-12T13:02:29.678625+00:00,200,115466.1,
2026-09-12T13:03:43.977587+00:00,200,41175.61,
2026-09-12T13:00:58.772965+00:00,200,206403.52,
2026-09-12T13:02:37.617872+00:00,200,107588.3,
2026-09-12T13:00:51.435926+00:00,200,213781.78,
2026-09-12T13:02:06.537350+00:00,200,138761.29,
2026-09-12T13:01:46.358829+00:00,200,158963.2,
2026-09-12T13:03:09.841814+00:00,200,75500.04,
2026-09-12T13:02:59.398471+00:00,200,85960.81,
2026-09-12T13:03:12.869993+00:00,200,72575.65,
2026-09-12T13:03:42.425402+00:00,200,43022.9,
2026-09-12T13:01:10.144973+00:00,200,195322.92,
2026-09-12T13:01:59.493475+00:00,200,146030.05,
2026-09-12T13:03:08.103708+00:00,200,77446.2,
2026-09-12T13:02:04.312990+00:00,200,141273.65,
2026-09-12T13:01:28.518500+00:00,200,177068.88,
2026-09-12T13:02:12.774568+00:00,200,132823.7,
2026-09-12T13:01:18.782197+00:00,200,186850.41,
2026-09-12T13:01:57.136378+00:00,200,148505.18,
2026-09-12T13:00:53.401931+00:00,200,212257.72,
2026-09-12T13:03:12.574094+00:00,200,73121.6,
2026-09-12T13:03:24.734511+00:00,200,60989.73,
2026-09-12T13:01:13.446224+00:00,200,192281.0,
2026-09-12T13:02:00.614166+00:00,200,145127.78,
2026-09-12T13:02:14.773142+00:00,200,130972.65,
2026-09-12T13:02:01.802775+00:00,200,143961.75,
2026-09-12T13:01:49.731253+00:00,200,156034.12,
2026-09-12T13:03:01.606828+00:00,200,84203.12,
2026-09-12T13:00:59.844247+00:00,200,205974.75,
2026-09-12T13:02:30.274292+00:00,200,115581.23,
2026-09-12T13:00:40.953019+00:00,200,224921.5,
2026-09-12T13:01:31.552028+00:00,200,174325.34,
2026-09-12T13:02:32.621640+00:00,200,113263.3,
2026-09-12T13:03:18.214582+00:00,200,67694.16,
2026-09-12T13:02:28.255889+00:00,200,117662.81,
2026-09-12T13:01:31.778412+00:00,200,174147.39,
2026-09-12T13:02:38.572855+00:00,200,107361.4,
2026-09-12T13:03:12.045151+00:00,200,73893.43,
2026-09-12T13:02:36.656717+00:00,200,109323.78,
2026-09-12T13:02:37.489788+00:00,200,108538.46,
2026-09-12T13:01:59.070016+00:00,200,146994.23,
2026-09-12T13:00:39.115366+00:00,200,226973.62,
2026-09-12T13:02:22.651212+00:00,200,123454.8,
2026-09-12T13:02:06.073372+00:00,200,140047.56,
2026-09-12T13:02:33.595157+00:00,200,112543.5,
2026-09-12T13:01:38.300525+00:00,200,167838.83,
2026-09-12T13:01:24.053118+00:00,200,182086.94,
2026-09-12T13:01:47.137376+00:00,200,159009.55,
2026-09-12T13:01:16.857855+00:00,200,189289.82,
2026-09-12T13:02:41.521527+00:00,200,104637.29,
2026-09-12T13:01:28.495287+00:00,200,177702.32,
2026-09-12T13:01:20.080803+00:00,200,186118.14,
2026-09-12T13:00:55.449535+00:00,200,210777.29,
2026-09-12T13:01:59.448099+00:00,200,146833.4,
2026-09-12T13:03:17.405442+00:00,200,68983.38,
2026-09-12T13:01:02.368613+00:00,200,204039.94,
2026-09-12T13:02:22.392113+00:00,200,124036.84,
2026-09-12T13:02:51.527570+00:00,200,94904.54,
2026-09-12T13:02:17.292967+00:00,200,129139.99,
2026-09-12T13:01:25.121346+00:00,200,181343.11,
2026-09-12T13:02:35.741214+00:00,200,110724.1,
2026-09-12T13:01:53.920455+00:00,200,152548.31,
2026-09-12T13:02:06.897217+00:00,200,139600.29,
2026-09-12T13:03:10.943574+00:00,200,75596.15,
2026-09-12T13:03:38.238339+00:00,200,48305.22,
2026-09-12T13:02:17.180486+00:00,200,129373.51,
2026-09-12T13:01:38.965671+00:00,200,167618.43,
2026-09-12T13:02:22.101863+00:00,200,124507.21,
2026-09-12T13:02:17.987929+00:00,200,128632.32,
2026-09-12T13:02:15.391827+00:00,200,131257.51,
2026-09-12T13:02:21.319890+00:00,200,125331.46,
2026-09-12T13:01:46.384766+00:00,200,160290.34,
2026-09-12T13:02:01.119827+00:00,200,145588.67,
2026-09-12T13:03:16.899885+00:00,200,69851.76,
2026-09-12T13:03:21.387634+00:00,200,65409.69,
2026-09-12T13:01:40.074991+00:00,200,166745.83,
2026-09-12T13:02:25.123849+00:00,200,121779.42,
2026-09-12T13:02:13.812101+00:00,200,133113.49,
2026-09-12T13:02:15.840857+00:00,200,131085.6,
2026-09-12T13:02:21.467320+00:00,200,125485.83,
2026-09-12T13:02:14.331664+00:00,200,132623.05,
2026-09-12T13:02:34.001841+00:00,200,112961.75,
2026-09-12T13:01:03.199699+00:00,200,203767.24,
2026-09-12T13:02:59.514665+00:00,200,87505.39,
2026-09-12T13:02:52.244000+00:00,200,94796.21,
2026-09-12T13:02:44.425412+00:00,200,102642.91,
2026-09-12T13:01:29.585037+00:00,200,177510.41,
2026-09-12T13:03:21.038037+00:00,200,66073.57,
2026-09-12T13:03:01.591778+00:00,200,85548.23,
2026-09-12T13:02:39.326876+00:00,200,107838.66,
2026-09-12T13:02:20.771646+00:00,200,126410.65,
2026-09-12T13:02:37.128955+00:00,200,110055.98,
2026-09-12T13:01:39.340498+00:00,200,167847.98,
2026-09-12T13:02:27.155491+00:00,200,120040.12,
2026-09-12T13:03:22.128089+00:00,200,65077.5,
2026-09-12T13:01:45.784805+00:00,200,161435.79,
2026-09-12T13:02:14.949797+00:00,200,132273.96,
2026-09-12T13:02:07.266429+00:00,200,139971.48,
2026-09-12T13:01:39.510118+00:00,200,167729.38,
2026-09-12T13:03:38.566636+00:00,200,48713.47,
2026-09-12T13:01:27.802380+00:00,200,179518.43,
2026-09-12T13:02:25.038358+00:00,200,122293.18,
2026-09-12T13:02:17.240939+00:00,200,130116.78,
2026-09-12T13:01:18.869017+00:00,200,188490.17,
2026-09-12T13:01:52.522332+00:00,200,154861.93,
2026-09-12T13:03:28.713290+00:00,200,58673.29,
2026-09-12T13:02:23.606503+00:00,200,123791.07,
2026-09-12T13:02:59.496595+00:00,200,87940.69,
2026-09-12T13:01:30.243999+00:00,200,177196.3,
2026-09-12T13:03:34.655344+00:00,200,52794.11,
2026-09-12T13:01:20.803078+00:00,200,186648.4,
2026-09-12T13:02:30.857680+00:00,200,116614.27,
2026-09-12T13:03:16.046064+00:00,200,71433.16,
2026-09-12T13:02:17.682522+00:00,200,129797.57,
2026-09-12T13:02:40.304145+00:00,200,107205.17,
2026-09-12T13:02:38.091852+00:00,200,109436.85,
2026-09-12T13:01:03.991347+00:00,200,203554.43,
2026-09-12T13:03:07.850544+00:00,200,79741.95,
2026-09-12T13:03:42.216304+00:00,200,45387.2,
2026-09-12T13:00:56.251371+00:00,200,211366.89,
2026-09-12T13:01:26.892527+00:00,200,180796.83,
2026-09-12T13:02:28.643045+00:00,200,119067.9,
2026-09-12T13:01:25.299222+00:00,200,182416.49,
2026-09-12T13:03:10.908984+00:00,200,76848.29,
2026-09-12T13:01:09.810834+00:00,200,197947.12,
2026-09-12T13:02:12.119753+00:00,200,135638.94,
2026-09-12T13:01:14.551995+00:00,200,193216.16,
2026-09-12T13:02:59.314080+00:00,200,88514.55,
2026-09-12T13:02:40.725503+00:00,200,107122.48,
2026-09-12T13:02:15.227795+00:00,200,132631.72,
2026-09-12T13:00:53.234140+00:00,200,214791.13,
2026-09-12T13:01:47.764585+00:00,200,160267.16,
2026-09-12T13:01:50.984339+00:00,200,157060.61,
2026-09-12T13:02:58.802859+00:00,200,89243.61,
2026-09-12T13:03:09.396019+00:00,200,78653.8,
2026-09-12T13:02:20.126911+00:00,200,127930.62,
2026-09-12T13:02:41.090043+00:00,200,106992.84,
2026-09-12T13:02:12.533137+00:00,200,135558.71,
2026-09-12T13:02:11.629883+00:00,200,136500.8,
2026-09-12T13:01:50.818438+00:00,200,157322.55,
2026-09-12T13:02:23.269189+00:00,200,124879.47,
2026-09-12T13:03:38.057780+00:00,200,50181.59,
2026-09-12T13:01:15.003151+00:00,200,193237.64,
2026-09-12T13:02:30.331890+00:00,200,117911.49,
2026-09-12T13:02:39.153117+00:00,200,109107.67,
2026-09-12T13:03:23.892226+00:00,200,64378.39,
2026-09-12T13:00:29.133756+00:00,200,239138.0,
2026-09-12T13:03:20.229378+00:00,200,68049.4,
2026-09-12T13:02:02.743496+00:00,200,145591.88,
2026-09-12T13:02:56.183325+00:00,200,92216.31,
2026-09-12T13:01:05.272483+00:00,200,203129.53,
2026-09-12T13:01:47.926625+00:00,200,160481.68,
2026-09-12T13:00:59.985817+00:00,200,208428.1,
2026-09-12T13:02:27.608306+00:00,200,120908.73,
2026-09-12T13:03:17.088134+00:00,200,71440.23,
2026-09-12T13:03:20.050108+00:00,200,68502.01,
2026-09-12T13:01:55.213643+00:00,200,153346.8,
2026-09-12T13:01:39.837768+00:00,200,168751.34,
2026-09-12T13:01:26.387914+00:00,200,182207.2,
2026-09-12T13:02:18.122532+00:00,200,130490.33,
2026-09-12T13:02:44.003549+00:00,200,104629.7,
2026-09-12T13:01:00.483208+00:00,200,208168.46,
2026-09-12T13:02:42.859534+00:00,200,105822.85,
2026-09-12T13:02:15.554948+00:00,200,133131.52,
2026-09-12T13:01:45.542753+00:00,200,163154.19,
2026-09-12T13:02:13.562892+00:00,200,135134.81,
2026-09-12T13:01:38.117110+00:00,200,170581.46,
2026-09-12T13:00:53.071206+00:00,200,215628.11,
2026-09-12T13:02:34.376793+00:00,200,114323.75,
2026-09-12T13:01:33.738847+00:00,200,174962.54,
2026-09-12T13:00:37.341811+00:00,200,231360.5,
2026-09-12T13:02:26.987056+00:00,200,121716.32,
2026-09-12T13:01:45.545193+00:00,200,163159.07,
2026-09-12T13:01:52.263035+00:00,200,156442.08,
2026-09-12T13:03:02.873975+00:00,200,85832.04,
2026-09-12T13:03:17.856531+00:00,200,70850.38,
2026-09-12T13:03:34.896424+00:00,200,53811.41,
2026-09-12T13:01:28.728604+00:00,200,179980.13,
2026-09-12T13:03:37.035072+00:00,200,51674.73,
2026-09-12T13:01:00.668061+00:00,200,208042.68,
2026-09-12T13:03:23.317426+00:00,200,65394.36,
2026-09-12T13:02:01.225774+00:00,200,147487.03,
2026-09-12T13:01:38.520718+00:00,200,170193.17,
2026-09-12T13:01:55.554411+00:00,200,153160.5,
2026-09-12T13:02:54.014282+00:00,200,94701.68,
2026-09-12T13:03:21.137719+00:00,200,67579.31,
2026-09-12T13:03:11.196422+00:00,200,77521.93,
2026-09-12T13:03:28.819329+00:00,200,59900.23,
2026-09-12T13:02:14.118612+00:00,200,134602.13,
2026-09-12T13:02:12.656907+00:00,200,136133.04,
2026-09-12T13:01:49.434272+00:00,200,159362.64,
2026-09-12T13:03:44.017286+00:00,200,44782.47,
2026-09-12T13:02:31.192367+00:00,200,117614.8,
2026-09-12T13:02:19.356485+00:00,200,129509.27,
2026-09-12T13:02:23.401955+00:00,200,125467.56,
2026-09-12T13:01:02.296777+00:00,200,206599.72,
2026-09-12T13:02:56.012145+00:00,200,92938.31,
2026-09-12T13:01:45.348037+00:00,200,163638.69,
2026-09-12T13:02:11.318181+00:00,200,137691.98,
2026-09-12T13:01:49.998362+00:00,200,159068.12,
2026-09-12T13:02:52.825243+00:00,200,96289.52,
2026-09-12T13:03:21.089907+00:00,200,68031.52,
2026-09-12T13:02:33.643160+00:00,200,115483.64,
2026-09-12T13:01:53.773158+00:00,200,155376.37,
2026-09-12T13:02:11.743586+00:00,200,137434.41,
2026-09-12T13:01:23.274255+00:00,200,185972.02,
2026-09-12T13:01:42.179550+00:00,200,167090.36,
2026-09-12T13:01:30.960233+00:00,200,178342.19,
2026-09-12T13:02:54.662391+00:00,200,94658.39,
2026-09-12T13:02:13.242671+00:00,200,136133.85,
2026-09-12T13:03:28.801700+00:00,200,60589.42,
2026-09-12T13:01:38.156407+00:00,200,171305.89,
2026-09-12T13:02:38.495960+00:00,200,110978.33,
2026-09-12T13:01:39.013398+00:00,200,170495.83,
2026-09-12T13:01:56.326051+00:00,200,153197.64,
2026-09-12T13:03:27.018057+00:00,200,62530.38,
2026-09-12T13:02:28.707489+00:00,200,120886.43,
2026-09-12T13:03:34.587285+00:00,200,55007.84,
2026-09-12T13:01:51.741783+00:00,200,157879.43,
2026-09-12T13:01:10.726869+00:00,200,198899.35,
2026-09-12T13:03:26.690564+00:00,200,63002.55,
2026-09-12T13:02:25.951833+00:00,200,123762.16,
2026-09-12T13:02:45.069143+00:00,200,104661.28,
2026-09-12T13:02:12.275950+00:00,200,137466.1,
2026-09-12T13:03:05.088453+00:00,200,84654.92,
2026-09-12T13:02:26.162178+00:00,200,123615.8,
2026-09-12T13:01:05.947059+00:00,200,203921.25,
2026-09-12T13:02:26.925877+00:00,200,122943.81,
2026-09-12T13:02:01.818529+00:00,200,148061.1,
2026-09-12T13:02:22.653373+00:00,200,127229.32,
2026-09-12T13:00:52.567896+00:00,200,217328.27,
2026-09-12T13:02:13.038259+00:00,200,136883.06,
2026-09-12T13:02:56.519070+00:00,200,93409.89,
2026-09-12T13:03:08.535646+00:00,200,81512.29,
2026-09-12T13:03:34.271232+00:00,200,55795.39,
2026-09-12T13:01:24.840361+00:00,200,185247.43,
2026-09-12T13:02:40.638529+00:00,200,109464.49,
2026-09-12T13:01:40.960229+00:00,200,169148.64,
2026-09-12T13:03:43.064364+00:00,200,47086.56,
2026-09-12T13:03:05.265120+00:00,200,84893.63,
2026-09-12T13:01:57.184877+00:00,200,152985.35,
2026-09-12T13:02:26.588309+00:00,200,123588.78,
2026-09-12T13:02:08.415267+00:00,200,141767.39,
2026-09-12T13:01:54.506056+00:00,200,155686.41,
2026-09-12T13:03:33.469356+00:00,200,56782.53,
2026-09-12T13:02:09.523175+00:00,200,140745.73,
2026-09-12T13:02:30.300189+00:00,200,119977.33,
2026-09-12T13:01:51.654556+00:00,200,158640.03,
2026-09-12T13:01:53.596739+00:00,200,156707.01,
2026-09-12T13:01:10.050845+00:00,200,200310.12,
2026-09-12T13:02:35.065170+00:00,200,115311.28,
2026-09-12T13:03:36.450822+00:00,200,53946.93,
2026-09-12T13:01:33.372555+00:00,200,177078.78,
2026-09-12T13:01:26.386086+00:00,200,184111.44,
2026-09-12T13:01:52.358272+00:00,200,158173.16,
2026-09-12T13:02:56.536845+00:00,200,94000.58,
2026-09-12T13:01:31.900786+00:00,200,178645.47,
2026-09-12T13:01:54.383668+00:00,200,156199.19,
2026-09-12T13:01:15.266233+00:00,200,195329.2,
2026-09-12T13:01:01.600861+00:00,200,209018.48,
2026-09-12T13:01:14.013758+00:00,200,196692.52,
2026-09-12T13:03:42.887387+00:00,200,47837.68,
2026-09-12T13:02:42.798593+00:00,200,108031.9,
2026-09-12T13:00:53.185137+00:00,200,217646.61,
2026-09-12T13:02:32.634251+00:00,200,118218.52,
2026-09-12T13:01:23.311073+00:00,200,187571.0,
2026-09-12T13:01:05.001070+00:00,200,205941.56,
2026-09-12T13:02:48.014252+00:00,200,102939.05,
2026-09-12T13:01:40.068833+00:00,200,170885.83,
2026-09-12T13:02:38.228198+00:00,200,112745.05,
2026-09-12T13:02:18.943023+00:00,200,132068.41,
2026-09-12T13:03:09.015465+00:00,200,82057.23,
2026-09-12T13:01:54.050246+00:00,200,157038.24,
2026-09-12T13:01:47.675793+00:00,200,163415.37,
2026-09-12T13:02:45.582297+00:00,200,105511.66,
2026-09-12T13:02:24.126071+00:00,200,126970.78,
2026-09-12T13:02:42.886032+00:00,200,108239.69,
2026-09-12T13:03:10.820606+00:00,200,80313.76,
2026-09-12T13:01:14.780698+00:00,200,196447.53,
2026-09-12T13:02:19.250582+00:00,200,132011.0,
2026-09-12T13:02:14.010808+00:00,200,137447.63,
2026-09-12T13:01:04.796760+00:00,200,206664.35,
2026-09-12T13:02:07.469463+00:00,200,143997.08,
2026-09-12T13:02:29.472103+00:00,200,121997.55,
2026-09-12T13:00:25.576790+00:00,200,245975.69,
2026-09-12T13:02:26.021108+00:00,200,125599.97,
2026-09-12T13:03:13.789807+00:00,200,77837.37,
2026-09-12T13:02:21.021291+00:00,200,130633.03,
2026-09-12T13:02:20.766461+00:00,200,130893.16,
2026-09-12T13:00:49.809374+00:00,200,221863.9,
2026-09-12T13:02:21.628523+00:00,200,130046.14,
2026-09-12T13:00:38.852232+00:00,200,232844.94,
2026-09-12T13:01:23.677976+00:00,200,188023.99,
2026-09-12T13:02:46.126071+00:00,200,105646.11,
2026-09-12T13:03:28.829532+00:00,200,62969.08,
2026-09-12T13:01:49.868402+00:00,200,161931.51,
2026-09-12T13:03:41.809045+00:00,200,50002.18,
2026-09-12T13:01:45.941585+00:00,200,165920.46,
2026-09-12T13:01:14.051870+00:00,200,197847.61,
2026-09-12T13:01:36.742300+00:00,200,175196.44,
2026-09-12T13:02:14.507907+00:00,200,137437.19,
2026-09-12T13:01:24.035097+00:00,200,187913.17,
2026-09-12T13:01:48.831086+00:00,200,163120.06,
2026-09-12T13:02:40.170896+00:00,200,111827.22,
2026-09-12T13:02:16.130501+00:00,200,135881.24,
2026-09-12T13:03:03.735301+00:00,200,88285.98,
2026-09-12T13:02:11.636257+00:00,200,140414.28,
2026-09-12T13:01:59.843711+00:00,200,152213.16,
2026-09-12T13:01:15.714553+00:00,200,196397.28,
2026-09-12T13:02:42.123321+00:00,200,110001.26,
2026-09-12T13:03:37.109665+00:00,200,55070.04,
2026-09-12T13:02:47.959267+00:00,200,104226.65,
2026-09-12T13:01:12.306248+00:00,200,200037.45,
2026-09-12T13:03:11.906538+00:00,200,80452.84,
2026-09-12T13:03:09.282850+00:00,200,83100.9,
2026-09-12T13:03:00.195605+00:00,200,92256.02,
2026-09-12T13:02:37.583535+00:00,200,114939.11,
2026-09-12T13:01:31.000482+00:00,200,181529.49,
2026-09-12T13:03:12.128156+00:00,200,80409.09,
2026-09-12T13:01:51.020891+00:00,200,161563.29,
2026-09-12T13:02:29.216179+00:00,200,123370.58,
2026-09-12T13:01:03.517904+00:00,200,209108.02,
2026-09-12T13:01:29.749635+00:00,200,182908.57,
2026-09-12T13:02:35.306603+00:00,200,117465.54,
2026-09-12T13:01:33.190564+00:00,200,179592.01,
2026-09-12T13:02:20.434821+00:00,200,132360.92,
2026-09-12T13:01:53.551525+00:00,200,159256.37,
2026-09-12T13:01:31.335307+00:00,200,181474.08,
2026-09-12T13:00:37.347859+00:00,200,235467.58,
2026-09-12T13:03:02.099361+00:00,200,90717.77,
2026-09-12T13:01:41.377440+00:00,200,171458.45,
2026-09-12T13:03:27.993399+00:00,200,64895.55,
2026-09-12T13:02:07.994848+00:00,200,144919.59,
2026-09-12T13:02:54.604866+00:00,200,98324.54,
2026-09-12T13:02:26.139050+00:00,200,126897.81,
2026-09-12T13:03:06.916488+00:00,200,86126.74,
2026-09-12T13:01:49.946325+00:00,200,163114.83,
2026-09-12T13:01:53.218750+00:00,200,159852.14,
2026-09-12T13:01:35.936984+00:00,200,177176.18,
2026-09-12T13:03:38.042549+00:00,200,55133.39,
2026-09-12T13:01:38.602490+00:00,200,174629.34,
2026-09-12T13:02:33.445366+00:00,200,119794.52,
2026-09-12T13:01:36.813744+00:00,200,176479.29,
2026-09-12T13:03:25.714916+00:00,200,67582.0,
2026-09-12T13:01:53.928462+00:00,200,159388.26,
2026-09-12T13:00:41.432402+00:00,200,231916.15,
2026-09-12T13:01:09.284892+00:00,200,204065.16,
2026-09-12T13:01:44.736209+00:00,200,168624.81,
2026-09-12T13:02:33.947062+00:00,200,119462.24,
2026-09-12T13:00:50.020427+00:00,200,223426.33,
2026-09-12T13:01:38.513625+00:00,200,174945.84,
2026-09-12T13:01:09.234992+00:00,200,204300.01,
2026-09-12T13:02:58.357250+00:00,200,95194.94,
2026-09-12T13:03:10.486292+00:00,200,83067.56,
2026-09-12T13:02:32.613284+00:00,200,120944.67,
2026-09-12T13:02:19.237373+00:00,200,134324.59,
2026-09-12T13:02:19.822852+00:00,200,133817.15,
2026-09-12T13:02:24.037160+00:00,200,129631.43,
2026-09-12T13:00:58.214486+00:00,200,215463.91,
2026-09-12T13:02:12.769607+00:00,200,140958.1,
2026-09-12T13:03:09.976321+00:00,200,83783.96,
2026-09-12T13:02:28.157832+00:00,200,125611.22,
2026-09-12T13:03:34.873957+00:00,200,58903.09,
2026-09-12T13:02:09.391197+00:00,200,144386.57,
2026-09-12T13:01:53.779143+00:00,200,160015.29,
2026-09-12T13:03:19.709908+00:00,200,74096.33,
2026-09-12T13:02:22.098452+00:00,200,131722.85,
2026-09-12T13:02:09.181578+00:00,200,144688.32,
2026-09-12T13:03:06.838287+00:00,200,87057.85,
2026-09-12T13:01:59.291496+00:00,200,154610.11,
2026-09-12T13:01:31.723083+00:00,200,182179.29,
2026-09-12T13:03:34.490212+00:00,200,59437.49,
2026-09-12T13:01:21.513784+00:00,200,192419.67,
2026-09-12T13:00:44.863861+00:00,200,229071.29,
2026-09-12T13:00:41.870966+00:00,200,232065.85,
2026-09-12T13:01:20.412838+00:00,200,193529.82,
2026-09-12T13:02:06.157511+00:00,200,147786.71,
2026-09-12T13:02:37.542263+00:00,200,116422.06,
2026-09-12T13:01:42.006189+00:00,200,171984.0,
2026-09-12T13:01:54.694233+00:00,200,159301.88,
2026-09-12T13:01:02.743148+00:00,200,211283.89,
2026-09-12T13:02:08.877769+00:00,200,145208.53,
2026-09-12T13:02:29.791911+00:00,200,124301.16,
2026-09-12T13:02:41.359673+00:00,200,112744.76,
2026-09-12T13:03:44.968098+00:00,200,49138.07,
2026-09-12T13:02:17.507211+00:00,200,136633.63,
2026-09-12T13:01:51.567937+00:00,200,162589.16,
2026-09-12T13:02:02.420538+00:00,200,151797.33,
2026-09-12T13:02:17.404520+00:00,200,136835.58,
2026-09-12T13:02:14.238555+00:00,200,140017.14,
2026-09-12T13:01:26.986511+00:00,200,187300.26,
2026-09-12T13:01:36.570209+00:00,200,177727.37,
2026-09-12T13:03:39.732113+00:00,200,54570.29,
2026-09-12T13:02:27.925383+00:00,200,126377.83,
2026-09-12T13:03:26.198643+00:00,200,68116.41,
2026-09-12T13:02:30.826131+00:00,200,123493.6,
2026-09-12T13:02:21.123603+00:00,200,133205.81,
2026-09-12T13:02:46.893022+00:00,200,107437.39,
2026-09-12T13:01:47.422930+00:00,200,166914.27,
2026-09-12T13:03:24.786595+00:00,200,69559.09,
2026-09-12T13:03:04.000200+00:00,200,90381.95,
2026-09-12T13:02:24.084910+00:00,200,130298.0,
2026-09-12T13:02:14.620559+00:00,200,139776.72,
2026-09-12T13:02:59.004343+00:00,200,95406.45,
2026-09-12T13:00:45.725874+00:00,200,228705.85,
2026-09-12T13:02:10.131131+00:00,200,144302.17,
2026-09-12T13:02:18.146289+00:00,200,136321.78,
2026-09-12T13:01:33.305869+00:00,200,181170.87,
2026-09-12T13:03:45.054391+00:00,200,49428.19,
2026-09-12T13:02:31.957230+00:00,200,122533.52,
2026-09-12T13:02:40.592967+00:00,200,114006.07,
2026-09-12T13:01:40.476743+00:00,200,174128.05,
2026-09-12T13:01:04.212530+00:00,200,210418.3,
2026-09-12T13:02:37.731990+00:00,200,116920.05,
2026-09-12T13:02:40.361531+00:00,200,114310.55,
2026-09-12T13:00:53.396857+00:00,200,221279.46,
2026-09-12T13:01:00.015619+00:00,200,214663.45,
2026-09-12T13:02:55.235566+00:00,200,99466.07,
2026-09-12T13:01:11.060730+00:00,200,203642.49,
2026-09-12T13:03:27.325665+00:00,200,67406.56,
2026-09-12T13:00:55.906990+00:00,200,218840.53,
2026-09-12T13:03:07.336366+00:00,200,87429.77,
2026-09-12T13:01:30.323887+00:00,200,184460.91,
2026-09-12T13:01:49.796681+00:00,200,165038.66,
2026-09-12T13:02:43.872956+00:00,200,110988.33,
2026-09-12T13:03:03.030885+00:00,200,91834.43,
2026-09-12T13:02:59.174751+00:00,200,95703.48,
2026-09-12T13:02:39.681500+00:00,200,115205.56,
2026-09-12T13:03:06.664564+00:00,200,88226.22,
2026-09-12T13:01:14.504686+00:00,200,200404.79,
2026-09-12T13:02:33.376238+00:00,200,121560.03,
2026-09-12T13:02:19.655336+00:00,200,135281.69,
2026-09-12T13:02:03.632295+00:00,200,151318.58,
2026-09-12T13:02:33.628276+00:00,200,121334.6,
2026-09-12T13:01:24.778286+00:00,200,190232.22,
2026-09-12T13:03:17.522688+00:00,200,77499.17,
2026-09-12T13:01:31.221006+00:00,200,183821.39,
2026-09-12T13:03:05.758664+00:00,200,89322.2,
2026-09-12T13:01:49.680486+00:00,200,165411.5,
2026-09-12T13:02:32.616866+00:00,200,122505.87,
2026-09-12T13:03:34.328090+00:00,200,60819.91,
2026-09-12T13:02:16.716042+00:00,200,138432.61,
2026-09-12T13:02:13.639465+00:00,200,141517.08,
2026-09-12T13:02:31.422558+00:00,200,123741.16,
2026-09-12T13:01:04.617947+00:00,200,210559.45,
2026-09-12T13:01:33.269990+00:00,200,181923.54,
2026-09-12T13:02:45.650800+00:00,200,109547.44,
2026-09-12T13:02:07.845746+00:00,200,147361.24,
2026-09-12T13:01:31.257870+00:00,200,183959.2,
2026-09-12T13:01:58.842529+00:00,200,156377.96,
2026-09-12T13:03:13.546994+00:00,200,81689.51,
2026-09-12T13:02:25.636888+00:00,200,129613.76,
2026-09-12T13:00:51.639766+00:00,200,223623.86,
2026-09-12T13:01:14.731397+00:00,200,200538.45,
2026-09-12T13:02:23.820970+00:00,200,131469.43,
2026-09-12T13:01:36.509270+00:00,200,178785.71,
2026-09-12T13:01:58.217422+00:00,200,157078.51,
2026-09-12T13:03:23.400953+00:00,200,71913.7,
2026-09-12T13:01:09.303287+00:00,200,206038.04,
2026-09-12T13:03:14.715672+00:00,200,80670.21,
2026-09-12T13:01:54.942164+00:00,200,160445.62,
2026-09-12T13:01:41.704930+00:00,200,173724.8,
2026-09-12T13:01:57.998585+00:00,200,157458.05,
2026-09-12T13:02:08.197124+00:00,200,147265.14,
2026-09-12T13:01:31.097678+00:00,200,184394.05,
2026-09-12T13:01:39.853497+00:00,200,175647.65,
2026-09-12T13:02:48.996654+00:00,200,106546.69,
2026-09-12T13:01:19.030396+00:00,200,196535.81,
2026-09-12T13:03:17.512481+00:00,200,78060.4,
2026-09-12T13:02:47.199502+00:00,200,108376.79,
2026-09-12T13:01:01.213475+00:00,200,214366.12,
2026-09-12T13:01:25.236325+00:00,200,190366.7,
2026-09-12T13:03:11.260589+00:00,200,84361.3,
2026-09-12T13:01:32.119137+00:00,200,183510.16,
2026-09-12T13:03:25.820759+00:00,200,69828.1,
2026-09-12T13:02:08.563756+00:00,200,147130.56,
2026-09-12T13:03:13.122455+00:00,200,82624.38,
2026-09-12T13:03:16.635431+00:00,200,79123.31,
2026-09-12T13:01:48.878911+00:00,200,166883.87,
2026-09-12T13:03:13.690899+00:00,200,82076.33,
2026-09-12T13:02:58.949363+00:00,200,96820.56,
2026-09-12T13:03:15.092279+00:00,200,80692.7,
2026-09-12T13:01:21.102283+00:00,200,194707.58,
2026-09-12T13:01:47.270168+00:00,200,168544.6,
2026-09-12T13:02:27.611010+00:00,200,128226.88,
2026-09-12T13:01:56.045898+00:00,200,159793.38,
2026-09-12T13:02:27.755113+00:00,200,128113.43,
2026-09-12T13:01:25.119805+00:00,200,190762.75,
2026-09-12T13:00:59.034565+00:00,200,216863.24,
2026-09-12T13:00:33.259461+00:00,200,242668.25,
2026-09-12T13:03:32.696184+00:00,200,63255.28,
2026-09-12T13:02:14.618348+00:00,200,141386.95,
2026-09-12T13:01:42.843442+00:00,200,173165.32,
2026-09-12T13:01:03.693138+00:00,200,212351.16,
2026-09-12T13:02:26.852455+00:00,200,129196.1,
2026-09-12T13:01:26.786666+00:00,200,189278.76,
2026-09-12T13:03:13.195214+00:00,200,82876.97,
2026-09-12T13:01:25.679068+00:00,200,190403.04,
2026-09-12T13:02:12.987786+00:00,200,143109.35,
2026-09-12T13:01:22.832869+00:00,200,193308.4,
2026-09-12T13:03:06.805784+00:00,200,89341.33,
2026-09-12T13:03:28.723314+00:00,200,67448.49,
2026-09-12T13:03:21.735394+00:00,200,74454.94,
2026-09-12T13:00:56.111407+00:00,200,220104.31,
2026-09-12T13:02:29.577124+00:00,200,126649.58,
2026-09-12T13:03:00.772390+00:00,200,95459.1,
2026-09-12T13:01:15.065701+00:00,200,201231.22,
2026-09-12T13:01:33.634493+00:00,200,182672.94,
2026-09-12T13:02:04.106087+00:00,200,152207.1,
2026-09-12T13:01:09.109293+00:00,200,207217.34,
2026-09-12T13:02:31.950614+00:00,200,124394.49,
2026-09-12T13:02:14.852465+00:00,200,141501.46,
2026-09-12T13:01:35.294802+00:00,200,181060.72,
2026-09-12T13:01:44.014872+00:00,200,172347.3,
2026-09-12T13:01:49.821347+00:00,200,166557.98,
2026-09-12T13:01:57.478414+00:00,200,158964.66,
2026-09-12T13:01:56.574364+00:00,200,159902.44,
2026-09-12T13:02:39.155306+00:00,200,117322.43,
2026-09-12T13:02:28.843582+00:00,200,127641.56,
2026-09-12T13:00:34.952868+00:00,200,241547.92,
2026-09-12T13:02:42.568112+00:00,200,113962.81,
2026-09-12T13:01:16.784663+00:00,200,199758.67,
2026-09-12T13:01:03.650175+00:00,200,212908.33,
2026-09-12T13:01:56.904127+00:00,200,159680.05,
2026-09-12T13:02:32.018581+00:00,200,124596.47,
2026-09-12T13:01:41.916019+00:00,200,174715.0,
2026-09-12T13:00:47.641625+00:00,200,229001.15,
2026-09-12T13:01:33.043137+00:00,200,183622.68,
2026-09-12T13:02:33.380443+00:00,200,123330.46,
2026-09-12T13:01:25.544957+00:00,200,191173.03,
2026-09-12T13:03:16.295144+00:00,200,80432.45,
2026-09-12T13:01:33.533682+00:00,200,183213.3,
2026-09-12T13:01:52.566348+00:00,200,164183.83,
2026-09-12T13:03:23.532269+00:00,200,73239.38,
2026-09-12T13:03:32.246930+00:00,200,64540.98,
2026-09-12T13:03:40.782183+00:00,200,56012.54,
2026-09-12T13:03:42.442359+00:00,200,54363.66,
2026-09-12T13:01:40.681097+00:00,200,176126.39,
2026-09-12T13:02:54.510419+00:00,200,102316.62,
2026-09-12T13:02:25.074428+00:00,200,131774.21,
2026-09-12T13:01:55.955163+00:00,200,160894.2,
2026-09-12T13:02:38.318098+00:00,200,118600.78,
2026-09-12T13:01:41.710748+00:00,200,175217.39,
2026-09-12T13:02:17.204229+00:00,200,139731.18,
2026-09-12T13:02:43.227050+00:00,200,113716.76,
2026-09-12T13:01:37.220434+00:00,200,179737.98,
2026-09-12T13:03:26.353568+00:00,200,70605.73,
2026-09-12T13:01:32.249057+00:00,200,184713.78,
2026-09-12T13:02:07.903264+00:00,200,149075.27,
2026-09-12T13:02:52.291076+00:00,200,104695.26,
2026-09-12T13:01:55.116269+00:00,200,161877.65,
2026-09-12T13:02:50.608029+00:00,200,106399.44,
2026-09-12T13:01:46.579608+00:00,200,170440.67,
2026-09-12T13:02:01.133203+00:00,200,155932.66,
2026-09-12T13:01:18.196830+00:00,200,198872.27,
2026-09-12T13:03:01.690224+00:00,200,95405.6,
2026-09-12T13:02:44.643402+00:00,200,112458.44,
2026-09-12T13:02:24.778365+00:00,200,132356.38,
2026-09-12T13:01:00.039897+00:00,200,217104.35,
2026-09-12T13:02:44.921550+00:00,200,112238.47,
2026-09-12T13:00:57.185797+00:00,200,219988.62,
2026-09-12T13:01:35.219106+00:00,200,181977.66,
2026-09-12T13:01:08.715010+00:00,200,208489.89,
2026-09-12T13:02:27.158816+00:00,200,130047.85,
2026-09-12T13:03:00.935499+00:00,200,96277.52,
2026-09-12T13:03:12.867180+00:00,200,84419.52,
2026-09-12T13:02:06.853821+00:00,200,150460.94,
2026-09-12T13:01:59.745321+00:00,200,157616.23,
2026-09-12T13:02:16.276223+00:00,200,141138.34,
2026-09-12T13:01:54.759279+00:00,200,162665.83,
2026-09-12T13:01:16.391210+00:00,200,201119.88,
2026-09-12T13:01:57.457906+00:00,200,160062.31,
2026-09-12T13:02:05.912015+00:00,200,151644.14,
2026-09-12T13:01:22.841202+00:00,200,194720.28,
2026-09-12T13:02:54.891991+00:00,200,102676.64,
2026-09-12T13:03:08.125070+00:00,200,89447.41,
2026-09-12T13:02:21.179451+00:00,200,136430.02,
2026-09-12T13:01:52.881211+00:00,200,164742.74,
2026-09-12T13:02:43.529942+00:00,200,114099.01,
2026-09-12T13:01:01.760525+00:00,200,215883.42,
2026-09-12T13:02:00.321611+00:00,200,157363.41,
2026-09-12T13:03:23.869940+00:00,200,73823.8,
2026-09-12T13:03:14.048723+00:00,200,83648.44,
2026-09-12T13:02:11.747822+00:00,200,145950.18,
2026-09-12T13:01:55.474151+00:00,200,162235.36,
2026-09-12T13:03:29.560736+00:00,200,68158.89,
2026-09-12T13:02:50.577205+00:00,200,107179.58,
2026-09-12T13:00:32.928356+00:00,200,244843.13,
2026-09-12T13:00:51.528552+00:00,200,226251.16,
2026-09-12T13:02:54.778524+00:00,200,103013.72,
2026-09-12T13:02:56.928827+00:00,200,100872.71,
2026-09-12T13:02:10.241982+00:00,200,147573.2,
2026-09-12T13:03:19.718706+00:00,200,78116.91,
2026-09-12T13:01:40.632012+00:00,200,177208.46,
2026-09-12T13:01:39.660880+00:00,200,178181.39,
2026-09-12T13:01:14.667951+00:00,200,203209.86,
2026-09-12T13:02:27.443556+00:00,200,130443.49,
2026-09-12T13:03:33.869180+00:00,200,64021.23,
2026-09-12T13:01:54.297650+00:00,200,163641.85,
2026-09-12T13:02:09.267160+00:00,200,148715.88,
2026-09-12T13:01:13.636666+00:00,200,204350.81,
2026-09-12T13:03:40.275835+00:00,200,57719.0,
2026-09-12T13:02:18.002914+00:00,200,140014.22,
2026-09-12T13:01:57.631790+00:00,200,160403.93,
2026-09-12T13:03:00.804916+00:00,200,97256.13,
2026-09-12T13:01:25.039307+00:00,200,193070.52,
2026-09-12T13:01:57.946820+00:00,200,160172.38,
2026-09-12T13:02:27.132961+00:00,200,130992.39,
2026-09-12T13:01:35.626887+00:00,200,182515.13,
2026-09-12T13:00:41.439913+00:00,200,236710.01,
2026-09-12T13:01:54.856961+00:00,200,163310.8,
2026-09-12T13:00:50.505130+00:00,200,227675.91,
2026-09-12T13:02:24.728690+00:00,200,133486.6,
2026-09-12T13:01:52.231493+00:00,200,165989.41,
2026-09-12T13:03:28.741400+00:00,200,69489.93,
2026-09-12T13:02:13.337095+00:00,200,144897.72,
2026-09-12T13:02:12.382243+00:00,200,145877.24,
2026-09-12T13:01:08.293104+00:00,200,209968.11,
2026-09-12T13:02:07.751413+00:00,200,150534.74,
2026-09-12T13:02:05.639167+00:00,200,152659.11,
2026-09-12T13:00:57.093297+00:00,200,221205.85,
2026-09-12T13:02:46.882160+00:00,200,111478.73,
2026-09-12T13:03:16.324175+00:00,200,82040.34,
2026-09-12T13:03:27.527470+00:00,200,70855.64,
2026-09-12T13:01:49.397469+00:00,200,169002.5,
2026-09-12T13:03:34.852990+00:00,200,63594.42,
2026-09-12T13:01:11.928199+00:00,200,206538.85,
2026-09-12T13:02:03.136097+00:00,200,155347.25,
2026-09-12T13:00:35.966015+00:00,200,242536.43,
2026-09-12T13:03:04.011429+00:00,200,94494.81,
2026-09-12T13:02:36.938348+00:00,200,121581.05,
2026-09-12T13:03:41.062188+00:00,200,57471.35,
2026-09-12T13:03:43.424999+00:00,200,55115.79,
2026-09-12T13:01:22.640849+00:00,200,195962.92,
2026-09-12T13:02:07.900018+00:00,200,150724.5,
2026-09-12T13:02:23.976437+00:00,200,134653.55,
2026-09-12T13:02:59.892984+00:00,200,98741.2,
2026-09-12T13:02:34.291100+00:00,200,124353.98,
2026-09-12T13:01:56.484072+00:00,200,162175.24,
2026-09-12T13:02:44.325905+00:00,200,114341.91,
2026-09-12T13:03:11.126684+00:00,200,87562.41,
2026-09-12T13:00:42.422594+00:00,200,236272.97,
2026-09-12T13:01:32.139628+00:00,200,186619.18,
2026-09-12T13:02:37.950209+00:00,200,120809.29,
2026-09-12T13:03:23.462996+00:00,200,75303.91,
2026-09-12T13:00:59.156746+00:00,200,219638.62,
2026-09-12T13:02:32.486639+00:00,200,126325.7,
2026-09-12T13:02:26.930020+00:00,200,131886.81,
2026-09-12T13:02:01.463156+00:00,200,157357.22,
2026-09-12T13:02:30.215031+00:00,200,128636.91,
2026-09-12T13:02:41.651146+00:00,200,117220.31,
2026-09-12T13:03:14.877132+00:00,200,84002.45,
2026-09-12T13:01:56.302211+00:00,200,162581.65,
2026-09-12T13:02:42.255110+00:00,200,116661.46,
2026-09-12T13:03:32.215268+00:00,200,66727.04,
2026-09-12T13:03:13.053040+00:00,200,85906.6,
2026-09-12T13:03:44.104601+00:00,200,54858.82,
2026-09-12T13:02:01.899135+00:00,200,157072.9,
2026-09-12T13:02:26.541874+00:00,200,132507.98,
2026-09-12T13:02:31.529889+00:00,200,127524.51,
2026-09-12T13:00:34.641432+00:00,200,244418.35,
2026-09-12T13:02:56.718127+00:00,200,102358.32,
2026-09-12T13:02:30.622127+00:00,200,128466.41,
2026-09-12T13:01:05.840536+00:00,200,213249.82,
2026-09-12T13:01:23.233186+00:00,200,195869.01,
2026-09-12T13:02:03.815214+00:00,200,155293.2,
2026-09-12T13:01:32.709599+00:00,200,186423.27,
2026-09-12T13:02:24.032427+00:00,200,135140.28,
2026-09-12T13:02:22.396128+00:00,200,136787.8,
2026-09-12T13:03:36.680084+00:00,200,62506.18,
2026-09-12T13:02:04.364674+00:00,200,154837.9,
2026-09-12T13:02:31.363596+00:00,200,127852.53,
2026-09-12T13:02:03.982418+00:00,200,155234.38,
2026-09-12T13:01:31.336261+00:00,200,187914.22,
2026-09-12T13:02:48.244543+00:00,200,111007.41,
2026-09-12T13:01:48.744863+00:00,200,170531.26,
2026-09-12T13:02:31.449374+00:00,200,127829.8,
2026-09-12T13:02:36.750667+00:00,200,122535.3,
2026-09-12T13:03:03.911536+00:00,200,95381.91,
2026-09-12T13:01:21.148381+00:00,200,198158.86,
2026-09-12T13:03:35.912361+00:00,200,63400.17,
2026-09-12T13:00:52.533134+00:00,200,226798.2,
2026-09-12T13:03:40.968367+00:00,200,58395.18,
2026-09-12T13:02:51.509688+00:00,200,107880.74,
2026-09-12T13:00:54.879791+00:00,200,224516.14,
2026-09-12T13:03:29.260320+00:00,200,70145.74,
2026-09-12T13:02:01.365993+00:00,200,158080.82,
2026-09-12T13:03:17.031548+00:00,200,82425.08,
2026-09-12T13:02:21.382249+00:00,200,138075.04,
2026-09-12T13:02:25.465497+00:00,200,134025.62,
2026-09-12T13:01:31.550509+00:00,200,187962.43,
2026-09-12T13:01:41.866246+00:00,200,177654.21,
2026-09-12T13:03:24.384020+00:00,200,75139.71,
2026-09-12T13:01:10.284525+00:00,200,209247.81,
2026-09-12T13:02:24.959278+00:00,200,134574.81,
2026-09-12T13:03:42.560959+00:00,200,56981.19,
2026-09-12T13:02:37.221762+00:00,200,122323.03,
2026-09-12T13:02:11.006122+00:00,200,148550.05,
2026-09-12T13:03:13.112780+00:00,200,86451.02,
2026-09-12T13:03:27.457237+00:00,200,72110.25,
2026-09-12T13:01:48.909700+00:00,200,170669.62,
2026-09-12T13:00:54.382480+00:00,200,225233.28,
2026-09-12T13:02:09.537167+00:00,200,150110.44,
2026-09-12T13:03:05.348209+00:00,200,94324.72,
2026-09-12T13:03:25.847830+00:00,200,73829.13,
2026-09-12T13:01:30.434021+00:00,200,189257.18,
2026-09-12T13:01:58.977429+00:00,200,160719.01,
2026-09-12T13:01:38.288104+00:00,200,181432.26,
2026-09-12T13:03:13.271127+00:00,200,86495.5,
2026-09-12T13:01:37.619496+00:00,200,182205.68,
2026-09-12T13:03:17.643199+00:00,200,82191.04,
2026-09-12T13:02:27.824183+00:00,200,132016.02,
2026-09-12T13:01:05.273626+00:00,200,214644.94,
2026-09-12T13:02:19.737916+00:00,200,140181.52,
2026-09-12T13:03:28.120061+00:00,200,71821.28,
2026-09-12T13:02:16.878888+00:00,200,143072.4,
2026-09-12T13:02:19.031978+00:00,200,140926.55,
2026-09-12T13:01:12.760399+00:00,200,207250.18,
2026-09-12T13:02:40.231896+00:00,200,119810.16,
2026-09-12T13:01:42.457273+00:00,200,177637.57,
2026-09-12T13:02:23.443052+00:00,200,136665.32,
2026-09-12T13:01:30.390134+00:00,200,189725.18,
2026-09-12T13:01:58.764846+00:00,200,161352.3,
2026-09-12T13:01:25.341634+00:00,200,194808.72,
2026-09-12T13:03:20.609006+00:00,200,79550.11,
2026-09-12T13:02:37.851318+00:00,200,122317.98,
2026-09-12T13:03:20.499530+00:00,200,79678.52,
2026-09-12T13:02:12.384603+00:00,200,147795.49,
2026-09-12T13:02:03.846847+00:00,200,156370.95,
2026-09-12T13:03:28.206270+00:00,200,72018.73,
2026-09-12T13:01:17.152800+00:00,200,203080.22,
2026-09-12T13:01:57.276268+00:00,200,162975.19,
2026-09-12T13:02:14.928623+00:00,200,145344.23,
2026-09-12T13:01:23.786302+00:00,200,196509.03,
2026-09-12T13:01:49.553857+00:00,200,170770.43,
2026-09-12T13:02:49.878118+00:00,200,110491.61,
2026-09-12T13:00:49.790156+00:00,200,230588.97,
2026-09-12T13:00:52.143954+00:00,200,228257.11,
2026-09-12T13:02:41.787632+00:00,200,118621.4,
2026-09-12T13:00:29.655218+00:00,200,250761.46,
2026-09-12T13:01:54.624731+00:00,200,165797.72,
2026-09-12T13:02:13.435759+00:00,200,147010.34,
2026-09-12T13:03:36.642334+00:00,200,63805.28,
2026-09-12T13:01:43.537209+00:00,200,176960.54,
2026-09-12T13:03:43.677345+00:00,200,56854.33,
2026-09-12T13:03:32.368163+00:00,200,68168.66,
2026-09-12T13:03:21.815762+00:00,200,78755.59,
2026-09-12T13:02:26.927636+00:00,200,133650.79,
2026-09-12T13:03:17.107369+00:00,200,83476.53,
2026-09-12T13:01:19.897698+00:00,200,200710.05,
2026-09-12T13:02:40.118562+00:00,200,120499.89,
2026-09-12T13:01:23.843584+00:00,200,196776.36,
2026-09-12T13:02:09.006546+00:00,200,151631.76,
2026-09-12T13:02:10.709254+00:00,200,149930.59,
2026-09-12T13:02:25.289400+00:00,200,135393.69,
2026-09-12T13:03:12.054372+00:00,200,88664.98,
2026-09-12T13:03:18.127628+00:00,200,82593.42,
2026-09-12T13:03:38.573658+00:00,200,62175.87,
2026-09-12T13:03:18.207286+00:00,200,82562.61,
2026-09-12T13:02:44.893459+00:00,200,115889.92,
2026-09-12T13:01:08.893530+00:00,200,211905.06,
2026-09-12T13:02:13.118386+00:00,200,147722.96,
2026-09-12T13:02:29.369530+00:00,200,131478.42,
2026-09-12T13:00:56.697346+00:00,200,224157.54,
2026-09-12T13:01:10.487794+00:00,200,210384.39,
2026-09-12T13:03:31.241749+00:00,200,69631.37,
2026-09-12T13:01:01.145129+00:00,200,219728.81,
2026-09-12T13:02:39.086104+00:00,200,121788.74,
2026-09-12T13:01:48.685123+00:00,200,172190.68,
2026-09-12T13:02:17.127634+00:00,200,143748.93,
2026-09-12T13:00:43.724192+00:00,200,237153.15,
2026-09-12T13:02:01.908797+00:00,200,158969.28,
2026-09-12T13:03:41.783867+00:00,200,59095.0,
2026-09-12T13:01:01.840115+00:00,200,219039.55,
2026-09-12T13:01:37.918170+00:00,200,182968.81,
2026-09-12T13:02:56.263741+00:00,200,104626.18,
2026-09-12T13:03:03.571233+00:00,200,97326.45,
2026-09-12T13:03:43.860522+00:00,200,57064.26,
2026-09-12T13:02:11.870984+00:00,200,149058.96,
2026-09-12T13:01:29.170389+00:00,200,191795.98,
2026-09-12T13:01:53.927366+00:00,200,167048.49,
2026-09-12T13:02:39.670528+00:00,200,121330.03,
2026-09-12T13:03:14.437893+00:00,200,86570.05,
2026-09-12T13:03:25.796440+00:00,200,75222.26,
2026-09-12T13:02:45.404304+00:00,200,115654.96,
2026-09-12T13:01:51.668399+00:00,200,169391.86,
2026-09-12T13:03:27.707072+00:00,200,73385.64,
2026-09-12T13:01:47.601188+00:00,200,173494.3,
2026-09-12T13:02:06.168082+00:00,200,154933.64,
2026-09-12T13:03:35.791857+00:00,200,65313.87,
2026-09-12T13:03:22.086140+00:00,200,79049.78,
2026-09-12T13:02:03.568620+00:00,200,157573.89,
2026-09-12T13:03:27.075034+00:00,200,74094.13,
2026-09-12T13:01:46.941909+00:00,200,174301.58,
2026-09-12T13:02:37.390344+00:00,200,123884.02,
2026-09-12T13:01:47.799729+00:00,200,173550.23,
2026-09-12T13:01:57.395442+00:00,200,164032.71,
2026-09-12T13:01:48.348372+00:00,200,173086.33,
2026-09-12T13:01:42.672423+00:00,200,178774.4,
2026-09-12T13:01:25.289832+00:00,200,196184.62,
2026-09-12T13:01:03.037932+00:00,200,218437.41,
2026-09-12T13:00:55.951272+00:00,200,225526.01,
2026-09-12T13:00:52.141347+00:00,200,229342.09,
2026-09-12T13:02:39.414583+00:00,200,122070.82,
2026-09-12T13:01:57.948053+00:00,200,163556.23,
2026-09-12T13:01:54.606185+00:00,200,166905.74,
2026-09-12T13:02:49.776554+00:00,200,111744.95,
2026-09-12T13:01:58.394872+00:00,200,163203.13,
2026-09-12T13:02:44.952247+00:00,200,116664.78,
2026-09-12T13:01:53.467144+00:00,200,168168.47,
2026-09-12T13:03:14.898496+00:00,200,86799.1,
2026-09-12T13:03:08.032532+00:00,200,93689.02,
2026-09-12T13:02:02.550516+00:00,200,159192.43,
2026-09-12T13:03:23.974430+00:00,200,77806.43,
2026-09-12T13:03:00.649571+00:00,200,101139.64,
2026-09-12T13:01:28.420319+00:00,200,193375.98,
2026-09-12T13:03:06.568554+00:00,200,95231.89,
2026-09-12T13:02:57.382002+00:00,200,104430.07,
2026-09-12T13:02:01.626286+00:00,200,160186.6,
2026-09-12T13:02:07.018943+00:00,200,154816.96,
2026-09-12T13:03:06.759159+00:00,200,95091.95,
2026-09-12T13:03:20.786397+00:00,200,81149.09,
2026-09-12T13:00:40.640114+00:00,200,241302.74,
2026-09-12T13:02:18.259959+00:00,200,143691.44,
2026-09-12T13:00:49.385528+00:00,200,232568.75,
2026-09-12T13:02:06.572059+00:00,200,155413.53,
2026-09-12T13:02:25.403658+00:00,200,136590.89,
2026-09-12T13:02:35.856776+00:00,200,126142.75,
2026-09-12T13:03:28.833223+00:00,200,73179.41,
2026-09-12T13:03:14.652235+00:00,200,87368.84,
2026-09-12T13:00:53.871126+00:00,200,228154.64,
2026-09-12T13:03:35.918436+00:00,200,66163.35,
2026-09-12T13:02:09.595901+00:00,200,152487.93,
2026-09-12T13:01:07.211543+00:00,200,214878.4,
2026-09-12T13:02:51.445978+00:00,200,110651.91,
2026-09-12T13:02:32.490040+00:00,200,129619.03,
2026-09-12T13:03:08.344329+00:00,200,93798.22,
2026-09-12T13:02:34.844945+00:00,200,127298.58,
2026-09-12T13:02:27.263923+00:00,200,134891.8,
2026-09-12T13:02:40.013859+00:00,200,122165.23,
2026-09-12T13:01:52.564682+00:00,200,169619.59,
2026-09-12T13:02:17.793676+00:00,200,144436.86,
2026-09-12T13:03:38.012189+00:00,200,64255.44,
2026-09-12T13:01:19.979381+00:00,200,202289.2,
2026-09-12T13:01:43.741507+00:00,200,178530.93,
2026-09-12T13:03:03.858794+00:00,200,98422.12,
2026-09-12T13:02:27.858259+00:00,200,134431.55,
2026-09-12T13:02:30.463535+00:00,200,131865.19,
2026-09-12T13:01:51.401771+00:00,200,170947.59,
2026-09-12T13:02:27.255772+00:00,200,135145.46,
2026-09-12T13:02:59.899993+00:00,200,102541.12,
2026-09-12T13:02:42.423528+00:00,200,120019.71,
2026-09-12T13:02:56.687504+00:00,200,105767.39,
2026-09-12T13:02:59.452853+00:00,200,103070.35,
2026-09-12T13:03:34.578185+00:00,200,67950.21,
2026-09-12T13:01:48.476473+00:00,200,174120.44,
2026-09-12T13:03:07.715748+00:00,200,94886.96,
2026-09-12T13:01:49.665460+00:00,200,172970.0,
2026-09-12T13:01:47.778687+00:00,200,174857.59,
2026-09-12T13:02:50.850164+00:00,200,111788.96,
2026-09-12T13:02:35.520816+00:00,200,127143.39,
2026-09-12T13:01:43.534284+00:00,200,179139.34,
2026-09-12T13:01:33.629650+00:00,200,189076.88,
2026-09-12T13:03:17.314965+00:00,200,85464.29,
2026-09-12T13:02:07.472214+00:00,200,155375.79,
2026-09-12T13:02:16.675751+00:00,200,146180.82,
2026-09-12T13:02:39.275326+00:00,200,123595.67,
2026-09-12T13:03:02.811583+00:00,200,100088.28,
2026-09-12T13:02:36.306784+00:00,200,126595.17,
2026-09-12T13:03:45.482326+00:00,200,57420.53,
2026-09-12T13:03:33.486906+00:00,200,69421.16,
2026-09-12T13:02:19.658597+00:00,200,143256.97,
2026-09-12T13:03:05.511173+00:00,200,97422.9,
2026-09-12T13:01:24.801361+00:00,200,198169.73,
2026-09-12T13:03:25.079984+00:00,200,77897.03,
2026-09-12T13:02:17.268110+00:00,200,145742.11,
2026-09-12T13:01:58.697737+00:00,200,164316.25,
2026-09-12T13:02:06.797707+00:00,200,156243.56,
2026-09-12T13:02:27.180492+00:00,200,135882.44,
2026-09-12T13:03:21.361176+00:00,200,81714.72,
2026-09-12T13:02:08.111008+00:00,200,154965.87,
2026-09-12T13:03:22.828432+00:00,200,80268.4,
2026-09-12T13:02:08.431199+00:00,200,154666.59,
2026-09-12T13:01:48.347346+00:00,200,174754.1,
2026-09-12T13:03:26.162850+00:00,200,76942.36,
2026-09-12T13:01:52.212088+00:00,200,170901.11,
2026-09-12T13:01:05.552189+00:00,200,217569.0,
2026-09-12T13:02:37.536483+00:00,200,125651.47,
2026-09-12T13:02:32.551879+00:00,200,130661.51,
2026-09-12T13:01:55.789143+00:00,200,167454.95,
2026-09-12T13:02:14.952812+00:00,200,148295.98,
2026-09-12T13:03:37.342568+00:00,200,65919.11,
2026-09-12T13:02:38.383305+00:00,200,124927.4,
2026-09-12T13:02:02.155783+00:00,200,161174.0,
2026-09-12T13:02:16.317483+00:00,200,147080.74,
2026-09-12T13:02:11.598431+00:00,200,151808.63,
2026-09-12T13:02:30.699537+00:00,200,132800.39,
2026-09-12T13:01:47.750818+00:00,200,175760.22,
2026-09-12T13:02:53.557731+00:00,200,109978.13,
2026-09-12T13:03:43.520660+00:00,200,60018.04,
2026-09-12T13:02:43.905586+00:00,200,119649.73,
2026-09-12T13:02:59.755550+00:00,200,103815.53,
2026-09-12T13:01:55.407995+00:00,200,168178.74,
2026-09-12T13:02:49.626251+00:00,200,113993.99,
2026-09-12T13:02:07.191283+00:00,200,156432.48,
2026-09-12T13:03:23.309540+00:00,200,80328.44,
2026-09-12T13:02:53.688939+00:00,200,109951.11,
2026-09-12T13:01:49.248285+00:00,200,174424.06,
2026-09-12T13:02:18.994773+00:00,200,144679.46,
2026-09-12T13:02:19.462866+00:00,200,144218.42,
2026-09-12T13:02:19.360472+00:00,200,144321.83,
2026-09-12T13:01:01.550193+00:00,200,222135.52,
2026-09-12T13:01:45.309931+00:00,200,178388.29,
2026-09-12T13:02:20.613040+00:00,200,143143.63,
2026-09-12T13:02:18.841808+00:00,200,144960.42,
2026-09-12T13:03:38.031007+00:00,200,65796.49,
2026-09-12T13:02:32.193439+00:00,200,131657.14,
2026-09-12T13:01:42.935807+00:00,200,180920.27,
2026-09-12T13:02:42.250980+00:00,200,121618.56,
2026-09-12T13:02:40.595429+00:00,200,123278.84,
2026-09-12T13:02:20.836590+00:00,200,143039.95,
2026-09-12T13:02:38.539957+00:00,200,125361.3,
2026-09-12T13:01:21.734525+00:00,200,202231.74,
2026-09-12T13:00:39.545690+00:00,200,244427.98,
2026-09-12T13:03:13.365954+00:00,200,90639.17,
2026-09-12T13:02:18.347234+00:00,200,145698.73,
2026-09-12T13:02:00.638845+00:00,200,163464.24,
2026-09-12T13:01:00.529631+00:00,200,223579.36,
2026-09-12T13:03:01.974285+00:00,200,102136.94,
2026-09-12T13:02:40.939872+00:00,200,123191.17,
2026-09-12T13:02:23.924083+00:00,200,140216.42,
2026-09-12T13:02:52.873973+00:00,200,111268.68,
2026-09-12T13:02:34.559055+00:00,200,129606.54,
2026-09-12T13:02:58.560557+00:00,200,105611.65,
2026-09-12T13:02:58.737266+00:00,200,105442.36,
2026-09-12T13:02:39.501382+00:00,200,124681.16,
2026-09-12T13:02:31.867766+00:00,200,132327.52,
2026-09-12T13:01:20.835289+00:00,200,203362.89,
2026-09-12T13:01:32.710500+00:00,200,191528.83,
2026-09-12T13:01:44.821596+00:00,200,179429.64,
2026-09-12T13:01:23.638206+00:00,200,200643.24,
2026-09-12T13:02:42.140580+00:00,200,122165.4,
2026-09-12T13:01:22.612396+00:00,200,201711.53,
2026-09-12T13:02:27.416609+00:00,200,136924.94,
2026-09-12T13:01:57.100945+00:00,200,167292.38,
2026-09-12T13:03:29.069270+00:00,200,75339.78,
2026-09-12T13:02:54.553321+00:00,200,109857.66,
2026-09-12T13:00:41.986813+00:00,200,242439.99,
2026-09-12T13:01:39.762312+00:00,200,184694.1,
2026-09-12T13:02:26.727531+00:00,200,137731.74,
2026-09-12T13:03:04.941651+00:00,200,99536.68,
2026-09-12T13:02:31.126595+00:00,200,133405.08,
2026-09-12T13:01:47.173392+00:00,200,177402.38,
2026-09-12T13:01:26.603130+00:00,200,197976.5,
2026-09-12T13:03:09.922312+00:00,200,94666.13,
2026-09-12T13:01:27.674106+00:00,200,196915.37,
2026-09-12T13:03:03.896373+00:00,200,100732.9,
2026-09-12T13:01:55.215339+00:00,200,169414.8,
2026-09-12T13:02:52.408322+00:00,200,112230.89,
2026-09-12T13:01:15.514852+00:00,200,209131.23,
2026-09-12T13:03:24.871126+00:00,200,79783.24,
2026-09-12T13:01:33.222534+00:00,200,191503.24,
2026-09-12T13:00:58.609483+00:00,200,226123.38,
2026-09-12T13:02:50.564138+00:00,200,114191.13,
2026-09-12T13:01:29.332605+00:00,200,195428.75,
2026-09-12T13:02:23.049865+00:00,200,141715.06,
2026-09-12T13:02:13.600808+00:00,200,151167.04,
2026-09-12T13:02:45.730875+00:00,200,119061.48,
2026-09-12T13:01:27.850950+00:00,200,196965.32,
2026-09-12T13:03:11.911375+00:00,200,92910.96,
2026-09-12T13:03:20.550420+00:00,200,84272.85,
2026-09-12T13:03:13.681175+00:00,200,91189.75,
2026-09-12T13:03:18.460068+00:00,200,86498.97,
2026-09-12T13:03:44.317575+00:00,200,60657.24,
2026-09-12T13:01:29.962607+00:00,200,195018.66,
2026-09-12T13:02:29.143273+00:00,200,135843.41,
2026-09-12T13:01:25.959665+00:00,200,199070.43,
2026-09-12T13:01:55.377501+00:00,200,169668.64,
2026-09-12T13:02:57.034098+00:00,200,108026.18,
2026-09-12T13:01:28.205983+00:00,200,196870.24,
2026-09-12T13:03:17.577943+00:00,200,87553.82,
2026-09-12T13:03:09.302855+00:00,200,95848.12,
2026-09-12T13:02:31.546620+00:00,200,133609.11,
2026-09-12T13:02:39.548268+00:00,200,125615.53,
2026-09-12T13:02:11.739198+00:00,200,153451.44,
2026-09-12T13:02:59.606022+00:00,200,105585.58,
2026-09-12T13:00:52.175651+00:00,200,233018.81,
2026-09-12T13:03:21.518147+00:00,200,83686.91,
2026-09-12T13:00:59.492730+00:00,200,225728.26,
2026-09-12T13:01:45.618125+00:00,200,179635.39,
2026-09-12T13:02:39.957896+00:00,200,125317.19,
2026-09-12T13:01:18.415667+00:00,200,206861.57,
2026-09-12T13:00:35.156633+00:00,200,250126.7,
2026-09-12T13:01:41.917217+00:00,200,183367.09,
2026-09-12T13:02:13.343682+00:00,200,151949.25,
2026-09-12T13:01:39.037798+00:00,200,186273.38,
2026-09-12T13:01:29.885042+00:00,200,195491.75,
2026-09-12T13:03:15.044632+00:00,200,90369.69,
2026-09-12T13:03:30.205314+00:00,200,75257.18,
2026-09-12T13:02:25.802913+00:00,200,139692.49,
2026-09-12T13:03:06.476800+00:00,200,99025.57,
2026-09-12T13:02:27.342819+00:00,200,138160.38,
2026-09-12T13:01:40.087827+00:00,200,185416.2,
2026-09-12T13:02:24.135959+00:00,200,141370.2,
2026-09-12T13:02:35.628348+00:00,200,129958.73,
2026-09-12T13:03:10.664629+00:00,200,94940.6,
2026-09-12T13:02:20.238093+00:00,200,145413.75,
2026-09-12T13:03:09.893622+00:00,200,95768.76,
2026-09-12T13:02:58.929057+00:00,200,106744.01,
2026-09-12T13:02:08.812684+00:00,200,156863.49,
2026-09-12T13:02:04.167523+00:00,200,161573.36,
2026-09-12T13:01:04.064775+00:00,200,221684.99,
2026-09-12T13:03:11.026459+00:00,200,94724.42,
2026-09-12T13:02:51.454636+00:00,200,114313.61,
2026-09-12T13:02:41.400359+00:00,200,124374.94,
2026-09-12T13:00:46.425380+00:00,200,239387.2,
2026-09-12T13:02:21.121837+00:00,200,144697.17,
2026-09-12T13:02:38.694479+00:00,200,127128.6,
2026-09-12T13:01:44.239616+00:00,200,181597.6,
2026-09-12T13:02:20.219714+00:00,200,145641.47,
2026-09-12T13:01:33.932698+00:00,200,191932.88,
2026-09-12T13:00:52.171119+00:00,200,233711.19,
2026-09-12T13:02:17.653827+00:00,200,148251.05,
2026-09-12T13:02:28.845695+00:00,200,137069.2,
2026-09-12T13:02:21.394487+00:00,200,144526.49,
2026-09-12T13:01:35.097861+00:00,200,190835.23,
2026-09-12T13:02:22.786344+00:00,200,143265.52,
2026-09-12T13:01:45.265195+00:00,200,180787.33,
2026-09-12T13:02:16.546464+00:00,200,149507.64,
2026-09-12T13:02:05.735772+00:00,200,160343.7,
2026-09-12T13:02:15.446489+00:00,200,150660.23,
2026-09-12T13:03:42.786225+00:00,200,63330.26,
2026-09-12T13:02:10.424286+00:00,200,155701.21,
2026-09-12T13:03:16.133372+00:00,200,90002.77,
2026-09-12T13:01:59.158387+00:00,200,166987.7,
2026-09-12T13:02:39.212232+00:00,200,126962.72,
2026-09-12T13:01:14.883312+00:00,200,211313.6,
2026-09-12T13:02:23.292306+00:00,200,142969.78,
2026-09-12T13:01:34.731528+00:00,200,191533.98,
2026-09-12T13:01:14.669088+00:00,200,211621.42,
2026-09-12T13:02:45.066974+00:00,200,121234.72,
2026-09-12T13:01:10.112733+00:00,200,216190.64,
2026-09-12T13:01:44.763841+00:00,200,181546.62,
2026-09-12T13:02:35.180742+00:00,200,131143.1,
2026-09-12T13:01:01.387155+00:00,200,224948.04,
2026-09-12T13:01:18.072407+00:00,200,208263.48,
2026-09-12T13:03:36.376576+00:00,200,70012.99,
2026-09-12T13:01:40.069805+00:00,200,186385.57,
2026-09-12T13:02:37.302247+00:00,200,129171.02,
2026-09-12T13:02:14.231757+00:00,200,152248.72,
2026-09-12T13:01:25.307300+00:00,200,201178.07,
2026-09-12T13:01:00.101330+00:00,200,226407.33,
2026-09-12T13:02:31.598150+00:00,200,134951.73,
2026-09-12T13:01:34.055592+00:00,200,192497.02,
2026-09-12T13:03:13.606234+00:00,200,92949.46,
2026-09-12T13:02:35.071279+00:00,200,131499.63,
2026-09-12T13:02:49.972012+00:00,200,116611.13,
2026-09-12T13:02:27.528852+00:00,200,139061.38,
2026-09-12T13:03:19.738612+00:00,200,86853.17,
2026-09-12T13:01:05.432158+00:00,200,221245.26,
2026-09-12T13:02:16.088548+00:00,200,150595.78,
2026-09-12T13:02:37.897840+00:00,200,128795.25,
2026-09-12T13:01:29.531205+00:00,200,197182.23,
2026-09-12T13:03:04.610324+00:00,200,102135.8,
2026-09-12T13:01:50.457205+00:00,200,176291.18,
2026-09-12T13:02:03.681830+00:00,200,163071.42,
2026-09-12T13:03:09.504296+00:00,200,97301.55,
2026-09-12T13:03:03.436833+00:00,200,103371.12,
2026-09-12T13:02:53.280263+00:00,200,113532.67,
2026-09-12T13:01:41.706828+00:00,200,185113.39,
2026-09-12T13:01:28.207324+00:00,200,198695.16,
2026-09-12T13:02:16.474736+00:00,200,150455.95,
2026-09-12T13:02:33.499838+00:00,200,133432.03,
2026-09-12T13:02:16.630395+00:00,200,150308.89,
2026-09-12T13:01:40.370522+00:00,200,186591.0,
2026-09-12T13:03:18.815405+00:00,200,88156.47,
2026-09-12T13:01:38.720067+00:00,200,188265.46,
2026-09-12T13:02:11.170139+00:00,200,155835.21,
2026-09-12T13:01:53.836074+00:00,200,173214.5,
2026-09-12T13:02:52.127723+00:00,200,114936.26,
2026-09-12T13:00:40.830678+00:00,200,246240.64,
2026-09-12T13:03:22.380194+00:00,200,84695.09,
2026-09-12T13:03:43.893414+00:00,200,63202.44,
2026-09-12T13:01:07.699686+00:00,200,219402.73,
2026-09-12T13:03:43.259465+00:00,200,63865.96,
2026-09-12T13:02:05.017242+00:00,200,162108.9,
2026-09-12T13:03:25.665685+00:00,200,81471.06,
2026-09-12T13:00:47.545145+00:00,200,239599.67,
2026-09-12T13:01:09.525559+00:00,200,217622.32,
2026-09-12T13:01:58.312500+00:00,200,168843.73,
2026-09-12T13:01:41.218402+00:00,200,185944.64,
2026-09-12T13:00:58.424705+00:00,200,228765.11,
2026-09-12T13:02:04.977318+00:00,200,162229.34,
2026-09-12T13:01:49.678009+00:00,200,177531.91,
2026-09-12T13:03:35.133775+00:00,200,72116.34,
2026-09-12T13:01:41.025760+00:00,200,186310.29,
2026-09-12T13:02:52.666417+00:00,200,114709.3,
2026-09-12T13:01:28.427941+00:00,200,198958.84,
2026-09-12T13:02:57.723179+00:00,200,109678.18,
2026-09-12T13:01:14.417707+00:00,200,212985.03,
2026-09-12T13:01:26.823667+00:00,200,200582.6,
2026-09-12T13:03:22.066498+00:00,200,85355.58,
2026-09-12T13:02:21.199985+00:00,200,146250.05,
2026-09-12T13:02:08.955411+00:00,200,158498.13,
2026-09-12T13:02:44.838114+00:00,200,122622.72,
2026-09-12T13:02:33.747187+00:00,200,133724.88,
2026-09-12T13:03:38.070364+00:00,200,69425.58,
2026-09-12T13:02:39.545999+00:00,200,127965.12,
2026-09-12T13:02:16.918050+00:00,200,150622.09,
2026-09-12T13:02:32.048120+00:00,200,135525.93,
2026-09-12T13:02:12.393321+00:00,200,155182.16,
2026-09-12T13:02:29.215157+00:00,200,138382.21,
2026-09-12T13:03:28.480697+00:00,200,79140.17,
2026-09-12T13:02:00.637375+00:00,200,166988.54,
2026-09-12T13:01:55.920169+00:00,200,171709.15,
2026-09-12T13:02:38.543761+00:00,200,129088.59,
2026-09-12T13:03:23.397366+00:00,200,84250.08,
2026-09-12T13:01:16.469876+00:00,200,211178.23,
2026-09-12T13:02:29.854798+00:00,200,137794.34,
2026-09-12T13:02:30.753906+00:00,200,136896.15,
2026-09-12T13:03:32.543618+00:00,200,75107.46,
2026-09-12T13:01:26.479875+00:00,200,201172.02,
2026-09-12T13:03:01.453014+00:00,200,106199.83,
2026-09-12T13:01:45.591794+00:00,200,182061.9,
2026-09-12T13:03:20.158159+00:00,200,87496.32,
2026-09-12T13:01:23.307068+00:00,200,204348.16,
2026-09-12T13:00:54.737218+00:00,200,232918.79,
2026-09-12T13:03:34.158785+00:00,200,73498.22,
2026-09-12T13:03:27.004974+00:00,200,80652.88,
2026-09-12T13:02:32.876822+00:00,200,134782.22,
2026-09-12T13:03:06.656051+00:00,200,101011.95,
2026-09-12T13:03:15.375274+00:00,200,92295.79,
2026-09-12T13:01:37.542047+00:00,200,190131.12,
2026-09-12T13:02:09.720953+00:00,200,157972.39,
2026-09-12T13:02:50.652807+00:00,200,117070.95,
2026-09-12T13:01:21.942395+00:00,200,205782.65,
2026-09-12T13:03:21.983871+00:00,200,85742.24,
2026-09-12T13:02:29.268378+00:00,200,138458.68,
2026-09-12T13:03:02.534099+00:00,200,105217.69,
2026-09-12T13:01:42.894345+00:00,200,184916.28,
2026-09-12T13:02:35.737575+00:00,200,132074.51,
2026-09-12T13:01:53.346631+00:00,200,174472.5,
2026-09-12T13:01:33.023957+00:00,200,194877.43,
2026-09-12T13:02:38.610693+00:00,200,129370.92,
2026-09-12T13:02:52.315741+00:00,200,115677.69,
2026-09-12T13:03:43.888514+00:00,200,64111.41,
2026-09-12T13:01:37.161915+00:00,200,190852.12,
2026-09-12T13:02:58.986966+00:00,200,109035.04,
2026-09-12T13:01:59.128401+00:00,200,168901.81,
2026-09-12T13:01:49.312376+00:00,200,178742.02,
2026-09-12T13:02:42.388869+00:00,200,125673.88,
2026-09-12T13:00:50.957898+00:00,200,237152.01,
2026-09-12T13:02:37.306297+00:00,200,130889.91,
2026-09-12T13:02:08.249995+00:00,200,159948.86,
2026-09-12T13:02:24.791675+00:00,200,143447.57,
2026-09-12T13:02:00.844639+00:00,200,167417.94,
2026-09-12T13:02:42.424765+00:00,200,125852.68,
2026-09-12T13:01:52.561557+00:00,200,175742.69,
2026-09-12T13:01:34.634662+00:00,200,193699.96,
2026-09-12T13:02:23.695347+00:00,200,144663.85,
2026-09-12T13:00:27.118398+00:00,200,261259.51,
2026-09-12T13:02:30.639564+00:00,200,137740.42,
2026-09-12T13:02:49.411976+00:00,200,118996.85,
2026-09-12T13:02:43.284141+00:00,200,125231.03,
2026-09-12T13:02:11.902728+00:00,200,156660.35,
2026-09-12T13:02:51.020542+00:00,200,117579.41,
2026-09-12T13:01:59.446518+00:00,200,169179.91,
2026-09-12T13:02:06.225597+00:00,200,162440.23,
2026-09-12T13:02:31.463060+00:00,200,137209.69,
2026-09-12T13:03:17.247900+00:00,200,91430.37,
2026-09-12T13:01:23.554336+00:00,200,205138.23,
2026-09-12T13:01:02.341759+00:00,200,226371.36,
2026-09-12T13:02:42.519976+00:00,200,126227.88,
2026-09-12T13:02:30.584940+00:00,200,138164.21,
2026-09-12T13:02:00.693314+00:00,200,168068.95,
2026-09-12T13:00:44.147543+00:00,200,244619.54,
2026-09-12T13:02:42.419151+00:00,200,126384.14,
2026-09-12T13:02:24.338384+00:00,200,144467.06,
2026-09-12T13:01:22.873205+00:00,200,205968.74,
2026-09-12T13:01:51.171559+00:00,200,177742.51,
2026-09-12T13:02:50.400777+00:00,200,118533.17,
2026-09-12T13:02:00.211033+00:00,200,168740.72,
2026-09-12T13:03:43.734791+00:00,200,65247.79,
2026-09-12T13:02:38.814398+00:00,200,130179.79,
2026-09-12T13:02:50.580201+00:00,200,118433.7,
2026-09-12T13:02:15.291211+00:00,200,153761.32,
2026-09-12T13:02:33.502667+00:00,200,135550.97,
2026-09-12T13:02:08.592715+00:00,200,160476.27,
2026-09-12T13:01:05.815211+00:00,200,223271.01,
2026-09-12T13:02:41.343757+00:00,200,127797.3,
2026-09-12T13:02:29.461433+00:00,200,139690.54,
2026-09-12T13:01:27.166528+00:00,200,202009.1,
2026-09-12T13:01:10.995646+00:00,200,218196.51,
2026-09-12T13:02:41.106575+00:00,200,128100.27,
2026-09-12T13:03:23.210666+00:00,200,86004.55,
2026-09-12T13:01:33.360414+00:00,200,195862.47,
2026-09-12T13:02:02.869997+00:00,200,166368.35,
2026-09-12T13:02:10.024780+00:00,200,159229.56,
2026-09-12T13:01:31.498197+00:00,200,197815.1,
2026-09-12T13:03:24.387395+00:00,200,84947.81,
2026-09-12T13:02:36.297575+00:00,200,133046.14,
2026-09-12T13:02:11.995877+00:00,200,157354.34,
2026-09-12T13:02:22.925829+00:00,200,146440.52,
2026-09-12T13:02:14.847227+00:00,200,154530.22,
2026-09-12T13:01:44.133457+00:00,200,185269.1,
2026-09-12T13:01:47.613224+00:00,200,181829.67,
2026-09-12T13:02:07.017619+00:00,200,162509.45,
2026-09-12T13:01:25.273242+00:00,200,204259.28,
2026-09-12T13:03:38.639682+00:00,200,70900.09,
2026-09-12T13:01:36.265001+00:00,200,193287.21,
2026-09-12T13:01:38.218919+00:00,200,191370.79,
2026-09-12T13:01:59.698521+00:00,200,169898.51,
2026-09-12T13:01:06.260309+00:00,200,223352.56,
2026-09-12T13:01:09.203491+00:00,200,220423.02,
2026-09-12T13:02:32.651948+00:00,200,136981.94,
2026-09-12T13:01:00.840021+00:00,200,228870.08,
2026-09-12T13:02:27.938600+00:00,200,141807.12,
2026-09-12T13:01:21.400438+00:00,200,208350.13,
2026-09-12T13:03:33.967584+00:00,200,75820.28,
2026-09-12T13:03:01.711510+00:00,200,108082.84,
2026-09-12T13:02:28.598180+00:00,200,141203.09,
2026-09-12T13:02:24.902879+00:00,200,144910.13,
2026-09-12T13:02:20.041369+00:00,200,149843.94,
2026-09-12T13:01:47.126135+00:00,200,182760.33,
2026-09-12T13:02:52.194054+00:00,200,117699.02,
2026-09-12T13:02:10.566475+00:00,200,159348.7,
2026-09-12T13:03:14.480175+00:00,200,95455.88,
2026-09-12T13:02:03.510763+00:00,200,166451.44,
2026-09-12T13:02:44.429150+00:00,200,125539.91,
2026-09-12T13:03:36.631926+00:00,200,73347.89,
2026-09-12T13:02:50.514657+00:00,200,119516.83,
2026-09-12T13:01:51.330529+00:00,200,178707.97,
2026-09-12T13:03:20.875098+00:00,200,89196.96,
2026-09-12T13:01:26.855099+00:00,200,203236.7,
2026-09-12T13:02:31.708975+00:00,200,138384.02,
2026-09-12T13:03:34.834624+00:00,200,75315.23,
2026-09-12T13:01:36.393022+00:00,200,193757.99,
2026-09-12T13:01:46.799572+00:00,200,183411.4,
2026-09-12T13:03:35.290800+00:00,200,74958.54,
2026-09-12T13:03:25.997805+00:00,200,84273.11,
2026-09-12T13:03:01.988259+00:00,200,108314.61,
2026-09-12T13:00:45.124077+00:00,200,245203.25,
2026-09-12T13:03:44.078082+00:00,200,66276.79,
2026-09-12T13:02:10.736827+00:00,200,159685.73,
2026-09-12T13:01:52.923192+00:00,200,177516.03,
2026-09-12T13:01:51.633445+00:00,200,178812.67,
2026-09-12T13:01:50.111123+00:00,200,180345.98,
2026-09-12T13:03:26.447395+00:00,200,84044.77,
2026-09-12T13:03:24.426374+00:00,200,86089.59,
2026-09-12T13:02:26.395366+00:00,200,144137.58,
2026-09-12T13:03:35.760242+00:00,200,74778.65,
2026-09-12T13:02:15.807455+00:00,200,154740.09,
2026-09-12T13:03:06.559617+00:00,200,103993.61,
2026-09-12T13:02:23.250990+00:00,200,147323.17,
2026-09-12T13:03:18.564575+00:00,200,92028.65,
2026-09-12T13:01:06.229185+00:00,200,224373.23,
2026-09-12T13:03:28.758093+00:00,200,81855.39,
2026-09-12T13:03:14.778553+00:00,200,95851.26,
2026-09-12T13:03:10.029309+00:00,200,100614.5,
2026-09-12T13:03:38.689801+00:00,200,71969.82,
2026-09-12T13:02:23.207495+00:00,200,147468.51,
2026-09-12T13:02:21.204964+00:00,200,149540.11,
2026-09-12T13:03:30.297418+00:00,200,80449.95,
2026-09-12T13:02:23.552078+00:00,200,147232.67,
2026-09-12T13:01:45.031099+00:00,200,185791.35,
2026-09-12T13:02:15.559144+00:00,200,155275.81,
2026-09-12T13:01:44.498550+00:00,200,186361.77,
2026-09-12T13:03:12.363108+00:00,200,98560.07,
2026-09-12T13:01:55.644047+00:00,200,175291.69,
2026-09-12T13:01:11.743674+00:00,200,219250.65,
2026-09-12T13:01:45.366895+00:00,200,185651.94,
2026-09-12T13:02:27.765213+00:00,200,143293.02,
2026-09-12T13:02:05.565874+00:00,200,165534.15,
2026-09-12T13:01:50.002724+00:00,200,181109.17,
2026-09-12T13:01:21.836542+00:00,200,209300.5,
2026-09-12T13:02:41.046859+00:00,200,130091.21,
2026-09-12T13:02:36.116256+00:00,200,135037.88,
2026-09-12T13:03:12.678466+00:00,200,98477.01,
2026-09-12T13:00:57.932441+00:00,200,233224.31,
2026-09-12T13:02:27.576540+00:00,200,143590.77,
2026-09-12T13:03:27.506776+00:00,200,83669.93,
2026-09-12T13:03:18.796326+00:00,200,92434.88,
2026-09-12T13:01:27.823728+00:00,200,203439.3,
2026-09-12T13:01:13.216390+00:00,200,218049.01,
2026-09-12T13:03:22.644200+00:00,200,88622.24,
2026-09-12T13:03:12.131111+00:00,200,99168.94,
2026-09-12T13:01:13.307498+00:00,200,218002.32,
2026-09-12T13:00:40.226667+00:00,200,251219.71,
2026-09-12T13:01:21.422876+00:00,200,210078.03,
2026-09-12T13:02:43.063852+00:00,200,128444.5,
2026-09-12T13:01:11.107314+00:00,200,220418.94,
2026-09-12T13:01:58.634864+00:00,200,172904.29,
2026-09-12T13:02:29.270421+00:00,200,142276.78,
2026-09-12T13:02:05.920493+00:00,200,165668.91,
2026-09-12T13:02:19.736332+00:00,200,151886.73,
2026-09-12T13:01:40.753370+00:00,200,190879.85,
2026-09-12T13:03:19.016084+00:00,200,92661.15,
2026-09-12T13:02:40.355483+00:00,200,131341.67,
2026-09-12T13:01:22.751940+00:00,200,208970.34,
2026-09-12T13:01:29.298872+00:00,200,202510.44,
2026-09-12T13:03:29.400784+00:00,200,82421.2,
2026-09-12T13:03:44.628955+00:00,200,67209.38,
2026-09-12T13:01:08.289512+00:00,200,223565.78,
2026-09-12T13:00:59.255811+00:00,200,232607.23,
2026-09-12T13:02:56.254163+00:00,200,115690.09,
2026-09-12T13:02:44.115138+00:00,200,127845.09,
2026-09-12T13:02:31.785881+00:00,200,140243.19,
2026-09-12T13:01:51.964446+00:00,200,180101.72,
2026-09-12T13:01:52.109321+00:00,200,179971.27,
2026-09-12T13:02:03.716831+00:00,200,168377.08,
2026-09-12T13:03:12.016184+00:00,200,100089.38,
2026-09-12T13:01:57.131299+00:00,200,175005.1,
2026-09-12T13:02:40.709288+00:00,200,131443.45,
2026-09-12T13:02:29.737430+00:00,200,142422.41,
2026-09-12T13:02:55.788002+00:00,200,116434.21,
2026-09-12T13:02:07.568224+00:00,200,164658.95,
2026-09-12T13:02:53.969586+00:00,200,118277.52,
2026-09-12T13:02:06.907154+00:00,200,165377.28,
2026-09-12T13:02:29.734035+00:00,200,142556.4,
2026-09-12T13:02:32.488320+00:00,200,139833.84,
2026-09-12T13:02:26.571870+00:00,200,145759.68,
2026-09-12T13:01:28.638819+00:00,200,203737.96,
2026-09-12T13:03:19.335316+00:00,200,93069.44,
2026-09-12T13:03:12.295777+00:00,200,100154.43,
2026-09-12T13:01:42.296458+00:00,200,190155.84,
2026-09-12T13:03:05.574015+00:00,200,106890.33,
2026-09-12T13:01:28.639802+00:00,200,203846.22,
2026-09-12T13:01:23.434912+00:00,200,209065.63,
2026-09-12T13:01:27.387881+00:00,200,205121.06,
2026-09-12T13:03:43.439409+00:00,200,69087.81,
2026-09-12T13:00:51.001618+00:00,200,241530.3,
2026-09-12T13:02:38.390688+00:00,200,134155.69,
2026-09-12T13:03:34.970710+00:00,200,77582.63,
2026-09-12T13:00:37.100756+00:00,200,255542.31,
2026-09-12T13:02:27.971428+00:00,200,144717.98,
2026-09-12T13:00:53.099238+00:00,200,239604.13,
2026-09-12T13:03:37.046833+00:00,200,75689.7,
2026-09-12T13:03:18.174492+00:00,200,94574.35,
2026-09-12T13:02:35.182568+00:00,200,137615.01,
2026-09-12T13:01:09.763016+00:00,200,223054.63,
2026-09-12T13:02:44.742359+00:00,200,128088.15,
2026-09-12T13:03:08.632667+00:00,200,104206.02,
2026-09-12T13:03:02.685752+00:00,200,110154.2,
2026-09-12T13:02:16.970961+00:00,200,155882.94,
2026-09-12T13:02:16.919776+00:00,200,155951.83,
2026-09-12T13:03:09.349003+00:00,200,103533.25,
2026-09-12T13:02:12.781608+00:00,200,160106.32,
2026-09-12T13:02:03.781884+00:00,200,169111.3,
2026-09-12T13:01:10.203959+00:00,200,222704.1,
2026-09-12T13:02:04.905403+00:00,200,168040.3,
2026-09-12T13:01:48.361617+00:00,200,184674.32,
2026-09-12T13:02:51.291352+00:00,200,121750.88,
2026-09-12T13:01:40.174966+00:00,200,192895.91,
2026-09-12T13:01:26.113543+00:00,200,206995.77,
2026-09-12T13:03:30.465037+00:00,200,82665.55,
2026-09-12T13:01:56.862557+00:00,200,176269.56,
2026-09-12T13:02:27.331145+00:00,200,145835.53,
2026-09-12T13:02:43.264290+00:00,200,129909.44,
2026-09-12T13:01:04.042461+00:00,200,229139.23,
2026-09-12T13:02:29.061588+00:00,200,144132.77,
2026-09-12T13:00:24.350763+00:00,200,268847.49,
2026-09-12T13:01:18.555292+00:00,200,214674.4,
2026-09-12T13:01:46.891510+00:00,200,186372.6,
2026-09-12T13:02:41.753589+00:00,200,131517.46,
2026-09-12T13:02:04.042982+00:00,200,169239.4,
2026-09-12T13:03:37.349050+00:00,200,75968.96,
2026-09-12T13:03:34.776481+00:00,200,78559.03,
2026-09-12T13:02:14.436739+00:00,200,158910.13,
2026-09-12T13:01:42.021569+00:00,200,191370.37,
2026-09-12T13:03:20.138723+00:00,200,93284.64,
2026-09-12T13:02:10.872633+00:00,200,162556.9,
2026-09-12T13:02:20.224815+00:00,200,153217.01,
2026-09-12T13:02:02.329666+00:00,200,171152.61,
2026-09-12T13:02:10.733109+00:00,200,162775.53,
2026-09-12T13:03:32.989665+00:00,200,80522.02,
2026-09-12T13:02:50.142269+00:00,200,123375.29,
2026-09-12T13:02:05.144956+00:00,200,168397.77,
2026-09-12T13:01:50.783923+00:00,200,182769.35,
2026-09-12T13:02:18.158027+00:00,200,155400.97,
2026-09-12T13:02:17.776455+00:00,200,155789.16,
2026-09-12T13:01:11.100879+00:00,200,222476.57,
2026-09-12T13:01:25.675245+00:00,200,207909.84,
2026-09-12T13:01:28.182066+00:00,200,205405.08,
2026-09-12T13:02:28.305059+00:00,200,145341.97,
2026-09-12T13:03:26.569435+00:00,200,87081.66,
2026-09-12T13:02:09.389468+00:00,200,164265.15,
2026-09-12T13:01:23.270034+00:00,200,210423.25,
2026-09-12T13:02:12.094514+00:00,200,161632.79,
2026-09-12T13:02:06.885002+00:00,200,166902.72,
2026-09-12T13:01:52.441458+00:00,200,181355.06,
2026-09-12T13:03:24.582174+00:00,200,89226.56,
2026-09-12T13:02:44.324014+00:00,200,129488.51,
2026-09-12T13:02:05.964814+00:00,200,167852.29,
2026-09-12T13:01:30.740734+00:00,200,203091.08,
2026-09-12T13:01:56.368138+00:00,200,177474.57,
2026-09-12T13:02:51.161053+00:00,200,122694.66,
2026-09-12T13:00:33.741963+00:00,200,260140.28,
2026-09-12T13:02:15.637277+00:00,200,158255.59,
2026-09-12T13:01:06.408025+00:00,200,227512.28,
2026-09-12T13:03:00.256179+00:00,200,113671.01,
2026-09-12T13:02:33.597082+00:00,200,140355.6,
2026-09-12T13:01:55.907924+00:00,200,178048.52,
2026-09-12T13:03:16.604794+00:00,200,97356.83,
2026-09-12T13:01:31.749055+00:00,200,202220.91,
2026-09-12T13:01:36.899087+00:00,200,197087.93,
2026-09-12T13:01:45.902648+00:00,200,188096.01,
2026-09-12T13:02:01.657890+00:00,200,172351.84,
2026-09-12T13:02:24.664666+00:00,200,149365.25,
2026-09-12T13:02:32.462616+00:00,200,141574.42,
2026-09-12T13:03:18.337178+00:00,200,95725.29,
2026-09-12T13:01:55.018772+00:00,200,179072.2,
2026-09-12T13:02:08.473136+00:00,200,165622.21,
2026-09-12T13:03:23.202804+00:00,200,90926.37,
2026-09-12T13:03:43.844787+00:00,200,70324.57,
2026-09-12T13:02:13.806449+00:00,200,160363.81,
2026-09-12T13:01:04.372483+00:00,200,229828.03,
2026-09-12T13:02:23.253159+00:00,200,150948.1,
2026-09-12T13:01:53.097175+00:00,200,181137.76,
2026-09-12T13:01:17.388318+00:00,200,216861.52,
2026-09-12T13:02:00.317658+00:00,200,173940.34,
2026-09-12T13:03:28.265078+00:00,200,86008.49,
2026-09-12T13:02:40.346886+00:00,200,133955.19,
2026-09-12T13:02:20.647234+00:00,200,153667.53,
2026-09-12T13:02:58.165438+00:00,200,116154.22,
2026-09-12T13:01:36.039838+00:00,200,198288.06,
2026-09-12T13:03:17.326352+00:00,200,97002.4,
2026-09-12T13:02:05.488207+00:00,200,168845.97,
2026-09-12T13:02:18.296266+00:00,200,156047.07,
2026-09-12T13:01:56.403678+00:00,200,177972.19,
2026-09-12T13:02:40.683118+00:00,200,133702.22,
2026-09-12T13:00:56.177920+00:00,200,238261.32,
2026-09-12T13:01:25.921277+00:00,200,208541.09,
2026-09-12T13:02:14.698898+00:00,200,159805.3,
2026-09-12T13:02:43.245796+00:00,200,131261.4,
2026-09-12T13:02:16.950683+00:00,200,157565.08,
2026-09-12T13:02:07.557897+00:00,200,166979.94,
2026-09-12T13:03:01.851311+00:00,200,112687.34,
2026-09-12T13:02:35.316797+00:00,200,139245.74,
2026-09-12T13:03:19.914419+00:00,200,94683.08,
2026-09-12T13:00:59.309743+00:00,200,235325.67,
2026-09-12T13:01:42.293018+00:00,200,192354.6,
2026-09-12T13:03:27.536485+00:00,200,87133.17,
2026-09-12T13:01:05.904499+00:00,200,228779.86,
2026-09-12T13:00:59.357883+00:00,200,235344.75,
2026-09-12T13:02:47.337508+00:00,200,127373.17,
2026-09-12T13:02:52.077866+00:00,200,122651.8,
2026-09-12T13:02:51.238876+00:00,200,123540.81,
2026-09-12T13:01:29.911141+00:00,200,204894.17,
2026-09-12T13:02:57.698859+00:00,200,117111.11,
2026-09-12T13:03:25.567307+00:00,200,89259.87,
2026-09-12T13:01:53.444857+00:00,200,181397.43,
2026-09-12T13:01:56.763166+00:00,200,178104.02,
2026-09-12T13:02:13.010080+00:00,200,161880.79,
2026-09-12T13:03:10.926681+00:00,200,104002.63,
2026-09-12T13:01:32.558220+00:00,200,202373.86,
2026-09-12T13:02:40.070057+00:00,200,134867.56,
2026-09-12T13:03:18.304291+00:00,200,96634.15,
2026-09-12T13:01:16.494078+00:00,200,218475.52,
2026-09-12T13:03:32.681434+00:00,200,82288.98,
2026-09-12T13:02:40.784846+00:00,200,134187.36,
2026-09-12T13:02:27.536006+00:00,200,147446.72,
2026-09-12T13:03:26.409258+00:00,200,88604.76,
2026-09-12T13:02:14.702197+00:00,200,160313.41,
2026-09-12T13:01:44.016159+00:00,200,191000.16,
2026-09-12T13:03:08.063263+00:00,200,106965.14,
2026-09-12T13:03:37.138536+00:00,200,77899.76,
2026-09-12T13:02:09.275253+00:00,200,165792.41,
2026-09-12T13:01:45.510921+00:00,200,189564.99,
2026-09-12T13:03:22.190687+00:00,200,92905.49,
2026-09-12T13:03:03.050475+00:00,200,112051.58,
2026-09-12T13:02:37.466673+00:00,200,137718.59,
2026-09-12T13:01:41.737805+00:00,200,193456.34,
2026-09-12T13:02:20.421972+00:00,200,154776.47,
2026-09-12T13:01:50.022743+00:00,200,185179.93,
2026-09-12T13:01:26.589623+00:00,200,208660.67,
2026-09-12T13:02:17.760967+00:00,200,157545.47,
2026-09-12T13:03:03.457982+00:00,200,111864.03,
2026-09-12T13:02:36.752989+00:00,200,138579.72,
2026-09-12T13:02:39.329966+00:00,200,136011.47,
2026-09-12T13:02:34.846808+00:00,200,140534.38,
2026-09-12T13:01:49.311319+00:00,200,186107.02,
2026-09-12T13:01:06.745555+00:00,200,228692.68,
2026-09-12T13:02:43.518896+00:00,200,131943.69,
2026-09-12T13:03:21.844652+00:00,200,93620.35,
2026-09-12T13:03:37.494922+00:00,200,77987.15,
2026-09-12T13:01:59.280420+00:00,200,176250.43,
2026-09-12T13:01:02.506297+00:00,200,233039.85,
2026-09-12T13:02:42.263491+00:00,200,133308.71,
2026-09-12T13:02:38.705508+00:00,200,136872.48,
2026-09-12T13:03:42.824015+00:00,200,72769.1,
2026-09-12T13:01:21.443633+00:00,200,214196.75,
2026-09-12T13:02:33.362800+00:00,200,142287.96,
2026-09-12T13:03:45.245931+00:00,200,70424.9,
2026-09-12T13:03:17.537835+00:00,200,98146.29,
2026-09-12T13:01:56.804104+00:00,200,178883.95,
2026-09-12T13:03:43.801941+00:00,200,71903.52,
2026-09-12T13:01:55.945908+00:00,200,179769.38,
2026-09-12T13:03:01.938725+00:00,200,113780.23,
2026-09-12T13:01:38.244200+00:00,200,197476.58,
2026-09-12T13:01:41.647810+00:00,200,194107.53,
2026-09-12T13:01:38.721840+00:00,200,197043.26,
2026-09-12T13:03:12.963000+00:00,200,102805.76,
2026-09-12T13:01:13.634307+00:00,200,222154.45,
2026-09-12T13:01:07.289080+00:00,200,228520.15,
2026-09-12T13:02:44.167340+00:00,200,131657.32,
2026-09-12T13:03:37.373699+00:00,200,78462.53,
2026-09-12T13:01:32.512211+00:00,200,203352.97,
2026-09-12T13:03:00.469132+00:00,200,115399.75,
2026-09-12T13:02:46.469995+00:00,200,129449.28,
2026-09-12T13:03:34.732689+00:00,200,81187.31,
2026-09-12T13:02:45.594179+00:00,200,130328.06,
2026-09-12T13:03:18.729637+00:00,200,97252.89,
2026-09-12T13:01:54.274272+00:00,200,181717.45,
2026-09-12T13:03:14.211291+00:00,200,101793.65,
2026-09-12T13:02:55.824112+00:00,200,120223.48,
2026-09-12T13:03:06.798307+00:00,200,109250.78,
2026-09-12T13:02:46.379776+00:00,200,129722.54,
2026-09-12T13:01:21.877365+00:00,200,214227.89,
2026-09-12T13:01:57.368865+00:00,200,178750.39,
2026-09-12T13:02:37.605727+00:00,200,138518.3,
2026-09-12T13:01:56.179655+00:00,200,179947.89,
2026-09-12T13:03:01.397882+00:00,200,114730.42,
2026-09-12T13:01:09.537453+00:00,200,226599.1,
2026-09-12T13:02:27.876657+00:00,200,148285.36,
2026-09-12T13:02:00.229416+00:00,200,175949.58,
2026-09-12T13:02:02.157129+00:00,200,174051.39,
2026-09-12T13:02:19.457260+00:00,200,156765.68,
2026-09-12T13:02:42.497536+00:00,200,133731.17,
2026-09-12T13:01:14.249002+00:00,200,222032.52,
2026-09-12T13:02:43.539379+00:00,200,132747.63,
2026-09-12T13:01:26.883355+00:00,200,209423.95,
2026-09-12T13:01:22.556932+00:00,200,213796.25,
2026-09-12T13:01:34.417098+00:00,200,201999.13,
2026-09-12T13:02:58.668465+00:00,200,117777.6,
2026-09-12T13:03:34.246656+00:00,200,82234.98,
2026-09-12T13:03:28.725609+00:00,200,87840.78,
2026-09-12T13:02:05.340163+00:00,200,171262.78,
2026-09-12T13:02:27.592946+00:00,200,149011.99,
2026-09-12T13:01:02.736843+00:00,200,233881.16,
2026-09-12T13:01:21.229700+00:00,200,215418.94,
2026-09-12T13:02:36.332957+00:00,200,140317.46,
2026-09-12T13:02:30.037388+00:00,200,146656.33,
2026-09-12T13:01:49.081380+00:00,200,187617.18,
2026-09-12T13:02:11.868845+00:00,200,164858.56,
2026-09-12T13:02:39.666749+00:00,200,137072.27,
2026-09-12T13:01:24.615219+00:00,200,212151.75,
2026-09-12T13:03:28.458038+00:00,200,88413.71,
2026-09-12T13:03:42.087950+00:00,200,74821.59,
2026-09-12T13:03:22.650418+00:00,200,94373.21,
2026-09-12T13:01:45.611826+00:00,200,191439.39,
2026-09-12T13:03:37.485953+00:00,200,79585.48,
2026-09-12T13:01:21.401515+00:00,200,215753.27,
2026-09-12T13:03:26.250209+00:00,200,90924.61,
2026-09-12T13:03:24.107250+00:00,200,93069.2,
2026-09-12T13:03:29.868097+00:00,200,87317.44,
2026-09-12T13:01:34.039314+00:00,200,203167.44,
2026-09-12T13:01:55.959409+00:00,200,181263.29,
2026-09-12T13:03:11.800672+00:00,200,105434.03,
2026-09-12T13:01:30.097427+00:00,200,207164.93,
2026-09-12T13:02:24.066982+00:00,200,153321.16,
2026-09-12T13:00:58.168515+00:00,200,239223.38,
2026-09-12T13:01:59.875472+00:00,200,177532.85,
2026-09-12T13:02:40.865525+00:00,200,136558.4,
2026-09-12T13:02:39.927068+00:00,200,137610.98,
2026-09-12T13:02:19.459016+00:00,200,158106.33,
2026-09-12T13:01:00.929858+00:00,200,236637.54,
2026-09-12T13:02:24.781621+00:00,200,152878.14,
2026-09-12T13:01:32.132451+00:00,200,205537.32,
2026-09-12T13:02:29.829793+00:00,200,147855.57,
2026-09-12T13:02:40.594289+00:00,200,137125.13,
2026-09-12T13:01:50.822137+00:00,200,186995.02,
2026-09-12T13:01:47.882380+00:00,200,190023.06,
2026-09-12T13:03:34.015476+00:00,200,83925.52,
2026-09-12T13:01:53.315357+00:00,200,184627.35,
2026-09-12T13:02:07.954386+00:00,200,169990.0,
2026-09-12T13:01:27.722516+00:00,200,210297.32,
2026-09-12T13:02:30.354835+00:00,200,147686.94,
2026-09-12T13:03:19.220016+00:00,200,98848.52,
2026-09-12T13:02:58.708429+00:00,200,119390.16,
2026-09-12T13:03:29.053788+00:00,200,89052.16,
2026-09-12T13:00:52.739648+00:00,200,245453.08,
2026-09-12T13:02:25.665673+00:00,200,152571.74,
2026-09-12T13:00:58.905471+00:00,200,239414.53,
2026-09-12T13:03:29.552902+00:00,200,88807.9,
2026-09-12T13:03:39.824087+00:00,200,78548.08,
2026-09-12T13:03:19.373359+00:00,200,99002.82,
2026-09-12T13:02:02.146634+00:00,200,176255.28,
2026-09-12T13:01:39.150631+00:00,200,199303.53,
2026-09-12T13:02:51.574104+00:00,200,126890.58,
2026-09-12T13:02:53.864255+00:00,200,124617.54,
2026-09-12T13:02:24.424909+00:00,200,154107.75,
2026-09-12T13:00:38.381681+00:00,200,260193.83,
2026-09-12T13:01:28.521884+00:00,200,210216.65,
2026-09-12T13:03:43.876692+00:00,200,74865.24,
2026-09-12T13:02:44.856148+00:00,200,133901.65,
2026-09-12T13:02:54.932889+00:00,200,123907.37,
2026-09-12T13:02:15.237946+00:00,200,163633.94,
2026-09-12T13:02:41.468558+00:00,200,137408.81,
2026-09-12T13:03:28.761003+00:00,200,90279.78,
2026-09-12T13:03:26.473290+00:00,200,92592.5,
2026-09-12T13:02:28.601875+00:00,200,150473.92,
2026-09-12T13:01:19.178466+00:00,200,219971.89,
2026-09-12T13:02:33.626018+00:00,200,145569.83,
2026-09-12T13:01:15.004780+00:00,200,224275.43,
2026-09-12T13:02:17.245454+00:00,200,162065.9,
2026-09-12T13:01:31.395187+00:00,200,207921.86,
2026-09-12T13:02:41.066978+00:00,200,138317.78,
2026-09-12T13:02:08.591277+00:00,200,170801.76,
2026-09-12T13:01:01.804849+00:00,200,237589.59,
2026-09-12T13:02:59.294685+00:00,200,120145.14,
2026-09-12T13:02:41.790532+00:00,200,137711.81,
2026-09-12T13:02:30.525533+00:00,200,148981.07,
2026-09-12T13:02:42.490546+00:00,200,137017.64,
2026-09-12T13:00:47.776737+00:00,200,251732.84,
2026-09-12T13:03:38.974883+00:00,200,80553.42,
2026-09-12T13:01:06.667019+00:00,200,232879.28,
2026-09-12T13:01:29.380223+00:00,200,210213.28,
2026-09-12T13:01:32.730386+00:00,200,206872.17,
2026-09-12T13:02:57.891967+00:00,200,121781.08,
2026-09-12T13:02:55.262379+00:00,200,124451.6,
2026-09-12T13:01:02.024639+00:00,200,237703.01,
2026-09-12T13:01:11.122025+00:00,200,228620.4,
2026-09-12T13:00:39.410526+00:00,200,260359.53,
2026-09-12T13:03:04.084718+00:00,200,115686.91,
2026-09-12T13:01:44.075060+00:00,200,195700.19,
2026-09-12T13:02:36.457121+00:00,200,143341.19,
2026-09-12T13:03:06.048635+00:00,200,113929.02,
2026-09-12T13:03:21.913678+00:00,200,98096.12,
2026-09-12T13:01:48.698953+00:00,200,191320.89,
2026-09-12T13:02:00.467566+00:00,200,179565.61,
2026-09-12T13:03:07.219958+00:00,200,112865.57,
2026-09-12T13:02:29.321901+00:00,200,150767.15,
2026-09-12T13:02:56.766347+00:00,200,123452.65,
2026-09-12T13:01:43.747135+00:00,200,196578.74,
2026-09-12T13:01:16.485078+00:00,200,223885.21,
2026-09-12T13:02:45.466952+00:00,200,134912.41,
2026-09-12T13:01:24.405807+00:00,200,215975.46,
2026-09-12T13:01:29.958451+00:00,200,210516.11,
2026-09-12T13:03:02.030672+00:00,200,118488.62,
2026-09-12T13:01:27.914744+00:00,200,212625.51,
2026-09-12T13:01:07.838832+00:00,200,232818.33,
2026-09-12T13:01:22.945315+00:00,200,217823.95,
2026-09-12T13:03:11.924025+00:00,200,108879.86,
2026-09-12T13:01:59.012793+00:00,200,181814.07,
2026-09-12T13:01:56.563301+00:00,200,184265.31,
2026-09-12T13:02:23.144837+00:00,200,157705.36,
2026-09-12T13:03:38.167477+00:00,200,82755.52,
2026-09-12T13:00:42.380145+00:00,200,258599.63,
2026-09-12T13:03:31.176104+00:00,200,89850.94,
2026-09-12T13:01:57.834456+00:00,200,183204.96,
2026-09-12T13:00:48.391383+00:00,200,252649.24,
2026-09-12T13:03:40.092471+00:00,200,80970.47,
2026-09-12T13:02:52.696609+00:00,200,128412.83,
2026-09-12T13:01:08.437747+00:00,200,232681.61,
2026-09-12T13:01:00.619103+00:00,200,240558.13,
2026-09-12T13:01:38.234674+00:00,200,202947.41,
2026-09-12T13:03:34.348923+00:00,200,86964.22,
2026-09-12T13:03:30.735546+00:00,200,90610.57,
2026-09-12T13:01:23.234109+00:00,200,218146.47,
2026-09-12T13:02:07.470925+00:00,200,174009.52,
2026-09-12T13:02:38.236063+00:00,200,143432.43,
2026-09-12T13:01:42.565924+00:00,200,199105.86,
2026-09-12T13:02:07.456438+00:00,200,174312.37,
2026-09-12T13:01:11.771585+00:00,200,230000.29,
2026-09-12T13:02:51.006084+00:00,200,130788.97,
2026-09-12T13:02:14.242140+00:00,200,167604.46,
2026-09-12T13:02:11.828654+00:00,200,170093.49,
2026-09-12T13:02:28.997295+00:00,200,152928.93,
2026-09-12T13:03:30.280496+00:00,200,91693.29,
2026-09-12T13:03:13.988049+00:00,200,107997.95,
2026-09-12T13:03:02.185325+00:00,200,119829.23,
2026-09-12T13:00:34.357499+00:00,200,267725.98,
2026-09-12T13:02:38.366540+00:00,200,143737.35,
2026-09-12T13:02:12.779375+00:00,200,169368.87,
2026-09-12T13:02:35.368645+00:00,200,146853.22,
2026-09-12T13:02:23.294121+00:00,200,158931.2,
2026-09-12T13:03:43.614729+00:00,200,78623.97,
2026-09-12T13:03:03.034240+00:00,200,119275.01,
2026-09-12T13:02:27.819340+00:00,200,154509.41,
2026-09-12T13:03:17.819925+00:00,200,104625.93,
2026-09-12T13:02:04.041601+00:00,200,178461.44,
2026-09-12T13:01:24.290494+00:00,200,218220.87,
2026-09-12T13:01:26.849947+00:00,200,215695.55,
2026-09-12T13:02:45.587550+00:00,200,136969.71,
2026-09-12T13:02:17.818884+00:00,200,164772.63,
2026-09-12T13:02:39.841880+00:00,200,142770.59,
2026-09-12T13:03:38.050253+00:00,200,84605.41,
2026-09-12T13:03:04.340058+00:00,200,118332.17,
2026-09-12T13:01:54.940891+00:00,200,187733.28,
2026-09-12T13:01:50.933264+00:00,200,191748.2,
2026-09-12T13:02:16.215129+00:00,200,166494.84,
2026-09-12T13:02:05.563765+00:00,200,177153.61,
2026-09-12T13:02:07.600046+00:00,200,175281.25,
2026-09-12T13:03:29.113491+00:00,200,93774.19,
2026-09-12T13:02:08.100468+00:00,200,174843.38,
2026-09-12T13:02:43.585442+00:00,200,139363.88,
2026-09-12T13:01:50.990120+00:00,200,191961.14,
2026-09-12T13:01:22.732918+00:00,200,220298.41,
2026-09-12T13:02:20.664223+00:00,200,162539.21,
2026-09-12T13:01:05.199797+00:00,200,238009.1,
2026-09-12T13:02:44.749381+00:00,200,138489.62,
2026-09-12T13:02:01.910148+00:00,200,181332.0,
2026-09-12T13:02:44.022732+00:00,200,139230.22,
2026-09-12T13:01:08.690845+00:00,200,234566.23,
2026-09-12T13:02:09.243725+00:00,200,174039.27,
2026-09-12T13:00:49.575267+00:00,200,253772.04,
2026-09-12T13:02:41.270967+00:00,200,142101.58,
2026-09-12T13:02:50.484875+00:00,200,132891.16,
2026-09-12T13:03:00.662620+00:00,200,122725.59,
2026-09-12T13:00:43.502544+00:00,200,259980.36,
2026-09-12T13:02:23.851492+00:00,200,159643.33,
2026-09-12T13:02:13.237119+00:00,200,170330.77,
2026-09-12T13:02:41.570330+00:00,200,142003.82,
2026-09-12T13:01:12.089638+00:00,200,231493.05,
2026-09-12T13:02:40.481530+00:00,200,143114.39,
2026-09-12T13:02:38.629227+00:00,200,144973.31,
2026-09-12T13:03:06.508921+00:00,200,117118.4,
2026-09-12T13:01:46.312890+00:00,200,197317.78,
2026-09-12T13:02:22.778985+00:00,200,160934.88,
2026-09-12T13:01:53.174532+00:00,200,190580.37,
2026-09-12T13:02:01.504843+00:00,200,182257.3,
2026-09-12T13:02:15.004930+00:00,200,168774.55,
2026-09-12T13:02:34.507369+00:00,200,149274.12,
2026-09-12T13:03:23.521523+00:00,200,100277.31,
2026-09-12T13:02:18.167733+00:00,200,165685.22,
2026-09-12T13:01:48.224526+00:00,200,195658.26,
2026-09-12T13:01:19.565792+00:00,200,224328.98,
2026-09-12T13:03:13.936294+00:00,200,110089.73,
2026-09-12T13:03:43.610729+00:00,200,80437.63,
2026-09-12T13:02:18.781117+00:00,200,165318.69,
2026-09-12T13:02:57.061555+00:00,200,127053.22,
2026-09-12T13:00:56.711158+00:00,200,247436.28,
2026-09-12T13:01:46.140514+00:00,200,198043.17,
2026-09-12T13:02:30.675000+00:00,200,153521.07,
2026-09-12T13:03:04.855127+00:00,200,119360.78,
2026-09-12T13:01:12.235719+00:00,200,231983.44,
2026-09-12T13:02:21.616379+00:00,200,162620.67,
2026-09-12T13:03:26.531088+00:00,200,97726.79,
2026-09-12T13:02:13.235098+00:00,200,171025.45,
2026-09-12T13:01:32.053507+00:00,200,212250.75,
2026-09-12T13:01:46.920116+00:00,200,197417.36,
2026-09-12T13:03:17.836432+00:00,200,106513.44,
2026-09-12T13:01:29.425977+00:00,200,214938.11,
2026-09-12T13:00:59.968231+00:00,200,244396.64,
2026-09-12T13:02:38.431991+00:00,200,145937.51,
2026-09-12T13:03:23.363273+00:00,200,101010.59,
2026-09-12T13:02:56.190687+00:00,200,128197.47,
2026-09-12T13:01:04.068119+00:00,200,240321.09,
2026-09-12T13:01:43.866772+00:00,200,200532.33,
2026-09-12T13:03:18.724840+00:00,200,105699.07,
2026-09-12T13:01:39.118708+00:00,200,205317.92,
2026-09-12T13:03:06.375988+00:00,200,118108.6,
2026-09-12T13:01:25.752994+00:00,200,218793.35,
2026-09-12T13:02:05.787659+00:00,200,178771.02,
2026-09-12T13:02:48.470417+00:00,200,136090.03,
2026-09-12T13:02:29.630651+00:00,200,154991.85,
2026-09-12T13:02:43.229400+00:00,200,141415.5,
2026-09-12T13:02:06.969080+00:00,200,177683.63,
2026-09-12T13:03:30.938311+00:00,200,93746.22,
2026-09-12T13:02:09.674347+00:00,200,175021.34,
2026-09-12T13:01:19.978523+00:00,200,224739.83,
2026-09-12T13:00:57.449751+00:00,200,247269.36,
2026-09-12T13:02:28.846782+00:00,200,155886.47,
2026-09-12T13:00:49.181149+00:00,200,255557.01,
2026-09-12T13:02:44.502720+00:00,200,140246.6,
2026-09-12T13:03:19.600393+00:00,200,105154.59,
2026-09-12T13:02:54.018056+00:00,200,130767.15,
2026-09-12T13:01:42.254368+00:00,200,202551.68,
2026-09-12T13:01:19.706434+00:00,200,225140.15,
2026-09-12T13:03:22.195043+00:00,200,102689.41,
2026-09-12T13:03:25.362447+00:00,200,99527.7,
2026-09-12T13:01:33.411593+00:00,200,211493.85,
2026-09-12T13:03:26.155607+00:00,200,98755.05,
2026-09-12T13:02:13.711018+00:00,200,171213.78,
2026-09-12T13:03:15.143162+00:00,200,109795.47,
2026-09-12T13:00:37.359902+00:00,200,267588.39,
2026-09-12T13:01:09.592941+00:00,200,235440.67,
2026-09-12T13:02:31.496449+00:00,200,153547.15,
2026-09-12T13:03:14.606292+00:00,200,110444.59,
2026-09-12T13:02:53.232265+00:00,200,131829.82,
2026-09-12T13:02:07.682307+00:00,200,177382.4,
2026-09-12T13:01:24.989685+00:00,200,220089.85,
2026-09-12T13:02:35.989887+00:00,200,149122.07,
2026-09-12T13:01:35.507177+00:00,200,209642.46,
2026-09-12T13:00:39.169224+00:00,200,266007.07,
2026-09-12T13:01:34.058711+00:00,200,211143.96,
2026-09-12T13:02:54.902673+00:00,200,130311.55,
2026-09-12T13:01:52.683159+00:00,200,192551.19,
2026-09-12T13:01:51.990856+00:00,200,193248.2,
2026-09-12T13:03:36.646938+00:00,200,88603.95,
2026-09-12T13:02:12.266768+00:00,200,172997.79,
2026-09-12T13:01:48.048463+00:00,200,197264.37,
2026-09-12T13:03:23.833407+00:00,200,101522.31,
2026-09-12T13:01:22.767618+00:00,200,222601.47,
2026-09-12T13:01:27.956126+00:00,200,217422.43,
2026-09-12T13:01:32.650642+00:00,200,212737.91,
2026-09-12T13:02:23.869549+00:00,200,161548.49,
2026-09-12T13:03:06.596158+00:00,200,118837.9,
2026-09-12T13:02:50.887277+00:00,200,134564.43,
2026-09-12T13:01:40.649654+00:00,200,204805.69,
2026-09-12T13:02:14.523002+00:00,200,170973.56,
2026-09-12T13:01:41.674580+00:00,200,203857.56,
2026-09-12T13:01:07.331521+00:00,200,238223.69,
2026-09-12T13:03:37.026136+00:00,200,88557.59,
2026-09-12T13:02:52.327684+00:00,200,133274.3,
2026-09-12T13:01:12.565717+00:00,200,233123.74,
2026-09-12T13:03:38.228881+00:00,200,87467.54,
2026-09-12T13:01:30.949480+00:00,200,214773.45,
2026-09-12T13:02:03.570189+00:00,200,182174.16,
2026-09-12T13:02:37.223091+00:00,200,148530.48,
2026-09-12T13:01:05.314225+00:00,200,240446.13,
2026-09-12T13:01:03.603144+00:00,200,242209.43,
2026-09-12T13:02:05.112655+00:00,200,180701.71,
2026-09-12T13:02:51.952454+00:00,200,133960.57,
2026-09-12T13:02:33.632710+00:00,200,152326.84,
2026-09-12T13:02:05.961123+00:00,200,180012.2,
2026-09-12T13:01:30.643461+00:00,200,215331.13,
2026-09-12T13:01:48.024355+00:00,200,197961.69,
2026-09-12T13:02:27.545605+00:00,200,158463.01,
2026-09-12T13:03:35.208010+00:00,200,90803.98,
2026-09-12T13:02:41.272051+00:00,200,144742.01,
2026-09-12T13:03:00.461141+00:00,200,125558.12,
2026-09-12T13:01:31.640706+00:00,200,214383.31,
2026-09-12T13:01:09.727502+00:00,200,236333.7,
2026-09-12T13:02:43.255387+00:00,200,142846.68,
2026-09-12T13:02:02.405491+00:00,200,183721.45,
2026-09-12T13:02:58.364381+00:00,200,127795.35,
2026-09-12T13:02:51.213691+00:00,200,134957.0,
2026-09-12T13:03:16.117979+00:00,200,110064.03,
2026-09-12T13:01:44.589156+00:00,200,201640.37,
2026-09-12T13:01:22.888563+00:00,200,223360.68,
2026-09-12T13:02:34.157402+00:00,200,152099.44,
2026-09-12T13:02:44.431057+00:00,200,141830.38,
2026-09-12T13:02:23.081949+00:00,200,163207.52,
2026-09-12T13:01:44.521369+00:00,200,201798.51,
2026-09-12T13:03:16.158909+00:00,200,110183.68,
2026-09-12T13:02:30.381850+00:00,200,155962.69,
2026-09-12T13:02:57.701681+00:00,200,128658.95,
2026-09-12T13:00:45.622772+00:00,200,260767.0,
2026-09-12T13:01:41.991461+00:00,200,204400.49,
2026-09-12T13:02:17.678456+00:00,200,168714.55,
2026-09-12T13:01:47.758313+00:00,200,198665.31,
2026-09-12T13:03:15.149616+00:00,200,111299.56,
2026-09-12T13:02:34.547127+00:00,200,151910.51,
2026-09-12T13:02:09.392678+00:00,200,177073.2,
2026-09-12T13:02:30.064699+00:00,200,156405.34,
2026-09-12T13:01:30.758759+00:00,200,215742.84,
2026-09-12T13:03:19.328147+00:00,200,107186.56,
2026-09-12T13:02:40.014956+00:00,200,146522.03,
2026-09-12T13:01:27.305673+00:00,200,219270.16,
2026-09-12T13:01:59.322737+00:00,200,187273.37,
2026-09-12T13:03:36.801987+00:00,200,89819.57,
2026-09-12T13:01:52.197847+00:00,200,194475.04,
2026-09-12T13:03:04.989111+00:00,200,121689.51,
2026-09-12T13:02:21.982114+00:00,200,164699.37,
2026-09-12T13:02:37.674636+00:00,200,149015.92,
2026-09-12T13:01:53.975829+00:00,200,192813.45,
2026-09-12T13:01:37.850483+00:00,200,208980.09,
2026-09-12T13:01:55.113469+00:00,200,191718.62,
2026-09-12T13:01:35.080574+00:00,200,211812.58,
2026-09-12T13:01:56.056320+00:00,200,190986.75,
2026-09-12T13:02:27.390886+00:00,200,159659.27,
2026-09-12T13:03:21.965814+00:00,200,105089.14,
2026-09-12T13:02:48.877780+00:00,200,138179.0,
2026-09-12T13:03:45.105081+00:00,200,81972.15,
2026-09-12T13:02:02.003103+00:00,200,185105.34,
2026-09-12T13:01:43.016973+00:00,200,204160.77,
2026-09-12T13:02:53.270537+00:00,200,133951.59,
2026-09-12T13:01:39.947307+00:00,200,207290.34,
2026-09-12T13:03:02.930938+00:00,200,124316.22,
2026-09-12T13:02:02.805868+00:00,200,184460.28,
2026-09-12T13:02:35.849398+00:00,200,151441.16,
2026-09-12T13:00:56.862020+00:00,200,250442.01,
2026-09-12T13:02:38.258760+00:00,200,149089.41,
2026-09-12T13:02:33.600951+00:00,200,153792.44,
2026-09-12T13:00:36.434928+00:00,200,270962.22,
2026-09-12T13:03:04.004688+00:00,200,123404.96,
2026-09-12T13:02:27.652856+00:00,200,159768.27,
2026-09-12T13:00:54.348968+00:00,200,253075.98,
2026-09-12T13:01:34.494329+00:00,200,212986.92,
2026-09-12T13:03:07.863912+00:00,200,119627.44,
2026-09-12T13:01:49.905512+00:00,200,197593.02,
2026-09-12T13:02:28.372990+00:00,200,159194.92,
2026-09-12T13:02:13.232812+00:00,200,174350.98,
2026-09-12T13:02:14.440287+00:00,200,173147.26,
2026-09-12T13:01:34.397006+00:00,200,213218.03,
2026-09-12T13:01:37.944339+00:00,200,209678.45,
2026-09-12T13:02:31.871570+00:00,200,155762.02,
2026-09-12T13:01:18.939813+00:00,200,228725.93,
2026-09-12T13:03:10.168873+00:00,200,117528.38,
2026-09-12T13:01:52.067631+00:00,200,195634.83,
2026-09-12T13:01:33.346155+00:00,200,214418.09,
2026-09-12T13:02:29.217148+00:00,200,158564.28,
2026-09-12T13:03:25.550228+00:00,200,102233.17,
2026-09-12T13:01:55.168649+00:00,200,192620.82,
2026-09-12T13:02:29.292288+00:00,200,158498.09,
2026-09-12T13:01:21.252195+00:00,200,226545.3,
2026-09-12T13:03:25.931169+00:00,200,101871.89,
2026-09-12T13:00:34.898658+00:00,200,272990.88,
2026-09-12T13:01:15.234293+00:00,200,232662.8,
2026-09-12T13:01:22.911330+00:00,200,225012.72,
2026-09-12T13:01:20.515890+00:00,200,227427.91,
2026-09-12T13:03:02.944647+00:00,200,125001.72,
2026-09-12T13:00:55.292227+00:00,200,252659.68,
2026-09-12T13:02:18.555664+00:00,200,169450.38,
2026-09-12T13:02:19.773477+00:00,200,168256.13,
2026-09-12T13:02:20.451967+00:00,200,167579.6,
2026-09-12T13:03:29.022543+00:00,200,99133.83,
2026-09-12T13:03:15.911569+00:00,200,112294.04,
2026-09-12T13:00:40.102253+00:00,200,268116.39,
2026-09-12T13:01:38.849094+00:00,200,209407.46,
2026-09-12T13:01:50.897787+00:00,200,197366.46,
2026-09-12T13:03:09.717643+00:00,200,118603.41,
2026-09-12T13:02:05.246342+00:00,200,183109.4,
2026-09-12T13:01:33.094306+00:00,200,215266.05,
2026-09-12T13:02:27.202574+00:00,200,161196.17,
2026-09-12T13:03:26.899822+00:00,200,101500.63,
2026-09-12T13:01:59.125416+00:00,200,189293.07,
2026-09-12T13:02:26.114969+00:00,200,162304.42,
2026-09-12T13:01:03.241562+00:00,200,245184.81,
2026-09-12T13:02:42.162427+00:00,200,146273.64,
2026-09-12T13:03:07.775849+00:00,200,120693.46,
2026-09-12T13:02:17.188714+00:00,200,171282.49,
2026-09-12T13:02:26.808961+00:00,200,161669.95,
2026-09-12T13:02:52.422370+00:00,200,136092.37,
2026-09-12T13:02:32.865311+00:00,200,155719.85,
2026-09-12T13:03:08.023190+00:00,200,120571.15,
2026-09-12T13:02:28.760059+00:00,200,159835.69,
2026-09-12T13:02:39.173502+00:00,200,149454.19,
2026-09-12T13:02:08.973889+00:00,200,179693.14,
2026-09-12T13:01:05.384040+00:00,200,243294.41,
2026-09-12T13:01:20.350234+00:00,200,228334.0,
2026-09-12T13:01:59.687752+00:00,200,189008.21,
2026-09-12T13:01:18.488682+00:00,200,230272.39,
2026-09-12T13:03:37.365095+00:00,200,91396.79,
2026-09-12T13:01:21.911901+00:00,200,226864.12,
2026-09-12T13:02:30.110550+00:00,200,158670.21,
2026-09-12T13:03:06.897049+00:00,200,121899.81,
2026-09-12T13:02:38.679693+00:00,200,150123.67,
2026-09-12T13:03:18.362096+00:00,200,110457.94,
2026-09-12T13:02:18.304534+00:00,200,170516.37,
2026-09-12T13:02:56.893839+00:00,200,131928.52,
2026-09-12T13:02:26.353562+00:00,200,162506.63,
2026-09-12T13:00:52.549052+00:00,200,256331.31,
2026-09-12T13:02:29.390856+00:00,200,159547.32,
2026-09-12T13:03:25.336582+00:00,200,103603.61,
2026-09-12T13:01:42.130212+00:00,200,206816.08,
2026-09-12T13:03:27.867817+00:00,200,101135.85,
2026-09-12T13:03:43.497473+00:00,200,85518.75,
2026-09-12T13:01:54.754215+00:00,200,194263.18,
2026-09-12T13:02:24.574968+00:00,200,164453.59,
2026-09-12T13:01:41.782173+00:00,200,207249.6,
2026-09-12T13:03:31.485326+00:00,200,97659.0,
2026-09-12T13:03:24.409688+00:00,200,104807.23,
2026-09-12T13:02:26.954369+00:00,200,162270.88,
2026-09-12T13:02:24.524156+00:00,200,164742.08,
2026-09-12T13:01:29.979548+00:00,200,219290.91,
2026-09-12T13:01:55.921861+00:00,200,193375.66,
2026-09-12T13:02:17.083719+00:00,200,172229.02,
2026-09-12T13:02:29.861829+00:00,200,159493.94,
2026-09-12T13:01:52.408344+00:00,200,196949.92,
2026-09-12T13:03:28.175499+00:00,200,101220.35,
2026-09-12T13:01:37.385911+00:00,200,212013.17,
2026-09-12T13:02:35.426025+00:00,200,153995.39,
2026-09-12T13:03:03.509772+00:00,200,125924.08,
2026-09-12T13:01:48.783891+00:00,200,200666.99,
2026-09-12T13:03:43.465010+00:00,200,85995.29,
2026-09-12T13:02:33.374205+00:00,200,156092.46,
2026-09-12T13:01:17.845770+00:00,200,231632.5,
2026-09-12T13:03:24.940977+00:00,200,104569.17,
2026-09-12T13:02:02.548912+00:00,200,186962.15,
2026-09-12T13:03:00.216676+00:00,200,129340.24,
2026-09-12T13:02:15.701931+00:00,200,173863.12,
2026-09-12T13:03:27.540247+00:00,200,102057.98,
2026-09-12T13:03:43.536293+00:00,200,86063.99,
2026-09-12T13:00:53.949848+00:00,200,255703.52,
2026-09-12T13:01:49.306402+00:00,200,200347.99,
2026-09-12T13:01:26.274805+00:00,200,223406.57,
2026-09-12T13:01:59.617050+00:00,200,190081.47,
2026-09-12T13:01:28.065109+00:00,200,221642.09,
2026-09-12T13:02:04.153659+00:00,200,185584.68,
2026-09-12T13:02:45.585338+00:00,200,144200.3,
2026-09-12T13:03:12.024511+00:00,200,117790.97,
2026-09-12T13:00:50.718056+00:00,200,259119.3,
2026-09-12T13:01:39.459966+00:00,200,210393.44,
2026-09-12T13:00:52.943413+00:00,200,256913.78,
2026-09-12T13:02:22.166259+00:00,200,167704.73,
2026-09-12T13:02:01.793499+00:00,200,188139.12,
2026-09-12T13:03:19.589450+00:00,200,110381.13,
2026-09-12T13:01:26.529477+00:00,200,223455.76,
2026-09-12T13:02:29.465300+00:00,200,160525.98,
2026-09-12T13:01:25.455255+00:00,200,224551.46,
2026-09-12T13:03:44.509670+00:00,200,85518.84,
2026-09-12T13:02:05.044251+00:00,200,185003.31,
2026-09-12T13:00:48.107644+00:00,200,262033.26,
2026-09-12T13:01:56.011820+00:00,200,194142.28,
2026-09-12T13:03:04.884903+00:00,200,125271.99,
2026-09-12T13:02:26.220211+00:00,200,163951.83,
2026-09-12T13:02:25.796956+00:00,200,164380.57,
2026-09-12T13:01:06.977952+00:00,200,243203.25,
2026-09-12T13:00:23.289566+00:00,200,286895.13,
2026-09-12T13:02:25.412224+00:00,200,164842.83,
2026-09-12T13:02:09.476484+00:00,200,180780.98,
2026-09-12T13:02:53.909723+00:00,200,136358.49,
2026-09-12T13:03:20.683911+00:00,200,109590.62,
2026-09-12T13:00:45.962567+00:00,200,264330.28,
2026-09-12T13:02:32.281245+00:00,200,158026.59,
2026-09-12T13:03:37.345812+00:00,200,92967.55,
2026-09-12T13:01:49.889643+00:00,200,200430.31,
2026-09-12T13:02:40.072371+00:00,200,150258.86,
2026-09-12T13:01:13.439955+00:00,200,236991.28,
2026-09-12T13:03:07.051548+00:00,200,123385.39,
2026-09-12T13:01:46.780858+00:00,200,203667.87,
2026-09-12T13:01:24.407223+00:00,200,226052.99,
2026-09-12T13:01:25.581243+00:00,200,224883.16,
2026-09-12T13:02:01.938137+00:00,200,188528.84,
2026-09-12T13:03:45.441008+00:00,200,85069.55,
2026-09-12T13:01:20.054293+00:00,200,230473.74,
2026-09-12T13:01:33.357689+00:00,200,217223.33,
2026-09-12T13:01:32.776733+00:00,200,217830.11,
2026-09-12T13:01:45.629770+00:00,200,204981.12,
2026-09-12T13:03:35.588592+00:00,200,95025.83,
2026-09-12T13:01:59.501240+00:00,200,191120.86,
2026-09-12T13:01:59.771669+00:00,200,190852.66,
2026-09-12T13:02:13.102754+00:00,200,177542.71,
2026-09-12T13:02:18.218165+00:00,200,172449.64,
2026-09-12T13:02:54.109272+00:00,200,136578.09,
2026-09-12T13:01:50.542542+00:00,200,200199.61,
2026-09-12T13:02:22.954906+00:00,200,167796.03,
2026-09-12T13:03:41.916433+00:00,200,88861.51,
2026-09-12T13:02:28.731790+00:00,200,162076.53,
2026-09-12T13:02:40.251867+00:00,200,150571.28,
2026-09-12T13:01:14.751698+00:00,200,236080.55,
2026-09-12T13:01:07.055408+00:00,200,243802.76,
2026-09-12T13:01:26.195349+00:00,200,224664.84,
2026-09-12T13:03:28.333035+00:00,200,102536.33,
2026-09-12T13:02:34.606438+00:00,200,156329.83,
2026-09-12T13:01:09.270585+00:00,200,241675.1,
2026-09-12T13:03:20.200363+00:00,200,110746.23,
2026-09-12T13:00:35.916559+00:00,200,275032.67,
2026-09-12T13:03:28.223588+00:00,200,102738.94,
2026-09-12T13:02:26.802287+00:00,200,164167.16,
2026-09-12T13:02:24.780635+00:00,200,166269.8,
2026-09-12T13:03:39.649967+00:00,200,91404.69,
2026-09-12T13:03:05.469088+00:00,200,125722.55,
2026-09-12T13:02:43.638851+00:00,200,147559.65,
2026-09-12T13:02:48.934299+00:00,200,142265.89,
2026-09-12T13:01:57.813576+00:00,200,193396.64,
2026-09-12T13:01:23.640358+00:00,200,227575.61,
2026-09-12T13:02:19.135920+00:00,200,172080.9,
2026-09-12T13:03:34.051923+00:00,200,97189.12,
2026-09-12T13:02:35.525103+00:00,200,155771.18,
2026-09-12T13:03:25.743469+00:00,200,105556.83,
2026-09-12T13:02:12.136946+00:00,200,179189.41,
2026-09-12T13:03:05.109981+00:00,200,126221.58,
2026-09-12T13:00:41.160367+00:00,200,270177.61,
2026-09-12T13:00:48.609375+00:00,200,262734.08,
2026-09-12T13:02:34.271938+00:00,200,157075.25,
2026-09-12T13:01:59.873297+00:00,200,191483.76,
2026-09-12T13:02:31.864029+00:00,200,159520.25,
2026-09-12T13:02:37.600888+00:00,200,153798.64,
2026-09-12T13:02:02.274764+00:00,200,189145.93,
2026-09-12T13:03:25.865165+00:00,200,105643.69,
2026-09-12T13:02:55.954355+00:00,200,135560.25,
2026-09-12T13:02:44.343275+00:00,200,147190.64,
2026-09-12T13:01:37.993289+00:00,200,213564.35,
2026-09-12T13:00:48.729118+00:00,200,262839.07,
2026-09-12T13:01:28.850629+00:00,200,222808.91,
2026-09-12T13:01:40.751346+00:00,200,210935.49,
2026-09-12T13:03:36.415359+00:00,200,95290.28,
2026-09-12T13:02:57.325640+00:00,200,134385.02,
2026-09-12T13:01:01.188974+00:00,200,250524.22,
2026-09-12T13:03:30.055540+00:00,200,101698.02,
2026-09-12T13:01:14.552943+00:00,200,237202.81,
2026-09-12T13:02:23.504523+00:00,200,168276.37,
2026-09-12T13:02:35.490966+00:00,200,156301.79,
2026-09-12T13:01:53.781659+00:00,200,198015.45,
2026-09-12T13:03:21.699811+00:00,200,110100.56,
2026-09-12T13:02:38.361237+00:00,200,153444.5,
2026-09-12T13:01:28.917834+00:00,200,222891.28,
2026-09-12T13:01:29.928297+00:00,200,221936.51,
2026-09-12T13:02:58.027161+00:00,200,133871.26,
2026-09-12T13:02:43.158636+00:00,200,148754.9,
2026-09-12T13:01:25.110785+00:00,200,226812.82,
2026-09-12T13:01:58.272556+00:00,200,193661.63,
2026-09-12T13:03:17.213554+00:00,200,114769.12,
2026-09-12T13:03:16.337502+00:00,200,115661.41,
2026-09-12T13:03:37.119697+00:00,200,94903.4,
2026-09-12T13:02:48.730712+00:00,200,143311.8,
2026-09-12T13:00:42.481808+00:00,200,269576.86,
2026-09-12T13:01:59.429517+00:00,200,192697.91,
2026-09-12T13:00:42.522811+00:00,200,269607.76,
2026-09-12T13:00:49.146477+00:00,200,262997.64,
2026-09-12T13:00:59.754929+00:00,200,252401.01,
2026-09-12T13:02:03.656751+00:00,200,188562.45,
2026-09-12T13:03:22.059570+00:00,200,110190.94,
2026-09-12T13:00:47.740863+00:00,200,264511.48,
2026-09-12T13:02:34.045981+00:00,200,158215.74,
2026-09-12T13:03:19.620686+00:00,200,112647.18,
2026-09-12T13:00:58.274851+00:00,200,253994.17,
2026-09-12T13:01:41.222666+00:00,200,211056.14,
2026-09-12T13:01:30.180619+00:00,200,222117.32,
2026-09-12T13:02:37.543473+00:00,200,154778.89,
2026-09-12T13:03:26.664164+00:00,200,105678.77,
2026-09-12T13:01:19.475540+00:00,200,232869.05,
2026-09-12T13:02:12.894896+00:00,200,179492.09,
2026-09-12T13:01:11.718177+00:00,200,240792.32,
2026-09-12T13:01:22.595220+00:00,200,229922.47,
2026-09-12T13:02:59.020702+00:00,200,133498.04,
2026-09-12T13:02:17.974888+00:00,200,174553.72,
2026-09-12T13:03:39.688005+00:00,200,92871.42,
2026-09-12T13:02:30.568302+00:00,200,162021.7,
2026-09-12T13:01:59.697138+00:00,200,192924.88,
2026-09-12T13:01:30.115418+00:00,200,222548.07,
2026-09-12T13:02:33.623698+00:00,200,159056.66,
2026-09-12T13:01:54.743901+00:00,200,197950.98,
2026-09-12T13:01:27.141318+00:00,200,225584.79,
2026-09-12T13:02:20.658536+00:00,200,172082.06,
2026-09-12T13:03:06.022304+00:00,200,126726.83,
2026-09-12T13:02:51.202818+00:00,200,141549.15,
2026-09-12T13:02:29.356739+00:00,200,163415.94,
2026-09-12T13:02:17.405542+00:00,200,175370.37,
2026-09-12T13:02:47.612126+00:00,200,145167.94,
2026-09-12T13:02:09.593151+00:00,200,183198.88,
2026-09-12T13:02:29.213453+00:00,200,163585.17,
2026-09-12T13:03:14.864643+00:00,200,117936.43,
2026-09-12T13:02:15.162372+00:00,200,177641.82,
2026-09-12T13:02:08.512850+00:00,200,184294.91,
2026-09-12T13:01:02.436902+00:00,200,250373.35,
2026-09-12T13:03:07.401035+00:00,200,125443.36,
2026-09-12T13:03:22.519905+00:00,200,110386.38,
2026-09-12T13:02:57.157152+00:00,200,135807.39,
2026-09-12T13:02:16.629315+00:00,200,176337.48,
2026-09-12T13:02:28.479142+00:00,200,164511.21,
2026-09-12T13:02:36.807566+00:00,200,156199.04,
2026-09-12T13:01:59.838691+00:00,200,193186.23,
2026-09-12T13:01:32.708693+00:00,200,220325.94,
2026-09-12T13:03:03.462091+00:00,200,129651.31,
2026-09-12T13:03:38.175162+00:00,200,94956.9,
2026-09-12T13:02:35.066863+00:00,200,158075.49,
2026-09-12T13:01:57.060683+00:00,200,196098.88,
2026-09-12T13:02:32.638634+00:00,200,160575.21,
2026-09-12T13:03:24.791030+00:00,200,108455.32,
2026-09-12T13:02:08.201074+00:00,200,185047.0,
2026-09-12T13:02:34.125156+00:00,200,159152.36,
2026-09-12T13:02:12.115608+00:00,200,181162.78,
2026-09-12T13:00:19.503942+00:00,200,293808.45,
2026-09-12T13:03:33.949528+00:00,200,99370.69,
2026-09-12T13:02:24.432988+00:00,200,168898.56,
2026-09-12T13:02:14.999999+00:00,200,178345.84,
2026-09-12T13:02:36.566526+00:00,200,156781.43,
2026-09-12T13:01:47.967987+00:00,200,205405.94,
2026-09-12T13:02:52.866832+00:00,200,140536.16,
2026-09-12T13:01:00.584341+00:00,200,252820.48,
2026-09-12T13:03:05.691100+00:00,200,127723.35,
2026-09-12T13:03:07.572315+00:00,200,125842.97,
2026-09-12T13:02:24.782641+00:00,200,168670.49,
2026-09-12T13:01:44.399336+00:00,200,209086.26,
2026-09-12T13:02:45.335058+00:00,200,148154.32,
2026-09-12T13:03:00.827747+00:00,200,132668.09,
2026-09-12T13:01:19.771252+00:00,200,233759.42,
2026-09-12T13:01:51.313777+00:00,200,202217.8,
2026-09-12T13:03:27.701149+00:00,200,105850.51,
2026-09-12T13:01:56.736489+00:00,200,196825.44,
2026-09-12T13:02:39.814175+00:00,200,153780.44,
2026-09-12T13:03:43.160384+00:00,200,90482.94,
2026-09-12T13:01:39.566258+00:00,200,214078.08,
2026-09-12T13:01:33.559559+00:00,200,220088.79,
2026-09-12T13:01:40.959157+00:00,200,212704.23,
2026-09-12T13:02:10.868351+00:00,200,182805.94,
2026-09-12T13:02:12.126111+00:00,200,181555.34,
2026-09-12T13:03:22.147871+00:00,200,111543.0,
2026-09-12T13:03:09.309091+00:00,200,124498.99,
2026-09-12T13:02:52.530325+00:00,200,141288.14,
2026-09-12T13:02:46.350024+00:00,200,147483.84,
2026-09-12T13:00:56.116216+00:00,200,257778.11,
2026-09-12T13:02:24.904416+00:00,200,169003.19,
2026-09-12T13:02:10.746815+00:00,200,183184.57,
2026-09-12T13:02:55.798044+00:00,200,138142.39,
2026-09-12T13:01:32.550360+00:00,200,221393.79,
2026-09-12T13:01:54.152656+00:00,200,199807.26,
2026-09-12T13:01:50.787570+00:00,200,203191.36,
2026-09-12T13:01:58.521335+00:00,200,195480.63,
2026-09-12T13:02:41.564540+00:00,200,152461.9,
2026-09-12T13:02:56.900223+00:00,200,137148.97,
2026-09-12T13:03:15.778993+00:00,200,118272.84,
2026-09-12T13:01:55.284680+00:00,200,198783.99,
2026-09-12T13:02:59.920964+00:00,200,134150.85,
2026-09-12T13:02:45.691375+00:00,200,148387.38,
2026-09-12T13:03:41.117691+00:00,200,92972.43,
2026-09-12T13:03:22.260367+00:00,200,111831.47,
2026-09-12T13:01:17.763422+00:00,200,236340.99,
2026-09-12T13:02:36.593981+00:00,200,157525.15,
2026-09-12T13:01:56.220530+00:00,200,197912.36,
2026-09-12T13:03:42.451770+00:00,200,91696.79,
2026-09-12T13:02:17.454724+00:00,200,176694.62,
2026-09-12T13:01:57.172198+00:00,200,196983.71,
2026-09-12T13:02:20.942748+00:00,200,173226.06,
2026-09-12T13:00:26.853866+00:00,200,287316.02,
2026-09-12T13:01:48.463353+00:00,200,205733.28,
2026-09-12T13:01:50.382770+00:00,200,203875.03,
2026-09-12T13:02:31.266430+00:00,200,163049.0,
2026-09-12T13:02:41.586875+00:00,200,152740.88,
2026-09-12T13:01:30.641338+00:00,200,223769.01,
2026-09-12T13:03:10.565327+00:00,200,123860.55,
2026-09-12T13:01:31.788992+00:00,200,222639.56,
2026-09-12T13:02:59.666372+00:00,200,134765.11,
2026-09-12T13:01:15.479756+00:00,200,238954.82,
2026-09-12T13:03:17.427610+00:00,200,117007.75,
2026-09-12T13:01:24.183610+00:00,200,230252.5,
2026-09-12T13:01:40.057395+00:00,200,214381.47,
2026-09-12T13:02:23.604460+00:00,200,170835.19,
2026-09-12T13:02:06.796574+00:00,200,187648.14,
2026-09-12T13:03:39.855632+00:00,200,94596.18,
2026-09-12T13:01:43.284643+00:00,200,211231.41,
2026-09-12T13:03:01.481163+00:00,200,133060.8,
2026-09-12T13:01:59.102981+00:00,200,195493.15,
2026-09-12T13:02:37.984310+00:00,200,156629.46,
2026-09-12T13:02:02.076604+00:00,200,192566.98,
2026-09-12T13:02:08.347599+00:00,200,186308.84,
2026-09-12T13:00:52.115206+00:00,200,262549.61,
2026-09-12T13:03:10.558547+00:00,200,124153.92,
2026-09-12T13:01:39.233640+00:00,200,215492.47,
2026-09-12T13:01:01.719052+00:00,200,253007.79,
2026-09-12T13:02:22.873020+00:00,200,171883.89,
2026-09-12T13:01:51.922438+00:00,200,202851.8,
2026-09-12T13:03:19.871481+00:00,200,114919.37,
2026-09-12T13:02:00.550295+00:00,200,194286.64,
2026-09-12T13:01:45.481387+00:00,200,209372.67,
2026-09-12T13:02:08.777038+00:00,200,186107.94,
2026-09-12T13:01:51.104477+00:00,200,203785.05,
2026-09-12T13:01:16.361970+00:00,200,238541.24,
2026-09-12T13:00:58.420609+00:00,200,256483.4,
2026-09-12T13:03:04.087711+00:00,200,130839.09,
2026-09-12T13:00:41.069594+00:00,200,273878.41,
2026-09-12T13:02:09.906566+00:00,200,185051.84,
2026-09-12T13:02:38.323902+00:00,200,156664.52,
2026-09-12T13:03:24.945118+00:00,200,110054.65,
2026-09-12T13:02:07.879316+00:00,200,187123.71,
2026-09-12T13:02:18.142855+00:00,200,176890.96,
2026-09-12T13:03:08.934901+00:00,200,126101.33,
2026-09-12T13:02:02.024617+00:00,200,193013.64,
2026-09-12T13:02:52.617264+00:00,200,142435.67,
2026-09-12T13:02:44.639426+00:00,200,150425.28,
2026-09-12T13:01:04.277992+00:00,200,250787.68,
2026-09-12T13:02:31.452638+00:00,200,163650.29,
2026-09-12T13:00:48.508269+00:00,200,266615.2,
2026-09-12T13:01:53.837128+00:00,200,201331.47,
2026-09-12T13:02:30.203517+00:00,200,164970.2,
2026-09-12T13:02:18.005574+00:00,200,177184.96,
2026-09-12T13:02:16.884093+00:00,200,178313.37,
2026-09-12T13:02:39.375069+00:00,200,155888.17,
2026-09-12T13:01:55.421185+00:00,200,199852.06,
2026-09-12T13:01:10.890380+00:00,200,244385.98,
2026-09-12T13:01:51.803339+00:00,200,203486.35,
2026-09-12T13:01:29.233532+00:00,200,226119.8,
2026-09-12T13:00:58.058152+00:00,200,257300.58,
2026-09-12T13:02:29.994558+00:00,200,165376.9,
2026-09-12T13:01:38.298999+00:00,200,217131.69,
2026-09-12T13:03:18.238597+00:00,200,117224.16,
2026-09-12T13:01:47.112874+00:00,200,208393.34,
2026-09-12T13:03:13.138225+00:00,200,122388.46,
2026-09-12T13:01:36.256157+00:00,200,219279.48,
2026-09-12T13:02:07.168374+00:00,200,188370.84,
2026-09-12T13:01:54.175591+00:00,200,201369.64,
2026-09-12T13:01:15.347507+00:00,200,240214.88,
2026-09-12T13:01:11.557548+00:00,200,244025.0,
2026-09-12T13:03:39.906631+00:00,200,95678.61,
2026-09-12T13:02:25.369112+00:00,200,170226.73,
2026-09-12T13:03:29.166905+00:00,200,106434.88,
2026-09-12T13:03:43.113214+00:00,200,92489.6,
2026-09-12T13:01:05.464730+00:00,200,250178.37,
2026-09-12T13:02:00.462576+00:00,200,195189.1,
2026-09-12T13:02:40.497630+00:00,200,155215.66,
2026-09-12T13:01:57.158229+00:00,200,198560.72,
2026-09-12T13:02:16.305010+00:00,200,179415.65,
2026-09-12T13:02:48.565130+00:00,200,147168.99,
2026-09-12T13:02:40.867551+00:00,200,154877.13,
2026-09-12T13:03:37.242462+00:00,200,98544.27,
2026-09-12T13:01:05.218751+00:00,200,250621.91,
2026-09-12T13:01:02.822952+00:00,200,253040.09,
2026-09-12T13:03:19.288102+00:00,200,116589.72,
2026-09-12T13:03:33.347442+00:00,200,102551.16,
2026-09-12T13:02:43.607275+00:00,200,152351.41,
2026-09-12T13:00:23.431386+00:00,200,292541.28,
2026-09-12T13:01:46.039935+00:00,200,209939.76,
2026-09-12T13:01:41.120060+00:00,200,214868.53,
2026-09-12T13:03:04.691705+00:00,200,131385.37,
2026-09-12T13:03:29.280907+00:00,200,106807.13,
2026-09-12T13:01:25.846529+00:00,200,230267.12,
2026-09-12T13:00:51.153502+00:00,200,264966.43,
2026-09-12T13:01:08.158669+00:00,200,247964.25,
2026-09-12T13:01:56.095071+00:00,200,200028.67,
2026-09-12T13:01:14.644482+00:00,200,241492.19,
2026-09-12T13:01:13.295326+00:00,200,242861.25,
2026-09-12T13:01:57.694025+00:00,200,198472.36,
2026-09-12T13:02:41.957220+00:00,200,154219.7,
2026-09-12T13:03:00.582434+00:00,200,135606.81,
2026-09-12T13:02:03.994771+00:00,200,192268.27,
2026-09-12T13:01:06.828684+00:00,200,249466.0,
2026-09-12T13:02:15.399797+00:00,200,180916.42,
2026-09-12T13:01:51.926662+00:00,200,204423.06,
2026-09-12T13:01:37.451999+00:00,200,218917.36,
2026-09-12T13:01:11.155086+00:00,200,245223.16,
2026-09-12T13:02:24.225010+00:00,200,172179.8,
2026-09-12T13:03:43.588598+00:00,200,92837.32,
2026-09-12T13:02:58.283407+00:00,200,138164.84,
2026-09-12T13:03:21.904713+00:00,200,114544.95,
2026-09-12T13:03:37.361817+00:00,200,99105.17,
2026-09-12T13:01:19.958297+00:00,200,236535.54,
2026-09-12T13:01:51.637460+00:00,200,204863.13,
2026-09-12T13:03:41.950431+00:00,200,94551.14,
2026-09-12T13:01:20.653067+00:00,200,235854.94,
2026-09-12T13:02:44.527245+00:00,200,151991.34,
2026-09-12T13:02:34.843003+00:00,200,161679.34,
2026-09-12T13:02:33.852623+00:00,200,162714.76,
2026-09-12T13:01:05.814169+00:00,200,250817.11,
2026-09-12T13:00:55.630443+00:00,200,261005.75,
2026-09-12T13:01:07.737824+00:00,200,248915.05,
2026-09-12T13:01:32.011658+00:00,200,224650.23,
2026-09-12T13:01:40.356185+00:00,200,216336.62,
2026-09-12T13:02:25.903775+00:00,200,170814.34,
2026-09-12T13:01:48.304319+00:00,200,208438.25,
2026-09-12T13:03:36.406040+00:00,200,100372.69,
2026-09-12T13:01:28.517448+00:00,200,228342.69,
2026-09-12T13:01:54.095904+00:00,200,202781.66,
2026-09-12T13:02:32.026323+00:00,200,164854.33,
2026-09-12T13:02:04.369302+00:00,200,192512.21,
2026-09-12T13:02:58.000070+00:00,200,138885.47,
2026-09-12T13:03:00.543349+00:00,200,136346.86,
2026-09-12T13:03:19.706918+00:00,200,117192.57,
2026-09-12T13:03:07.521744+00:00,200,129423.21,
2026-09-12T13:03:23.772467+00:00,200,113174.99,
2026-09-12T13:02:46.909141+00:00,200,150056.53,
2026-09-12T13:02:29.523835+00:00,200,167454.46,
2026-09-12T13:00:53.156416+00:00,200,263840.41,
2026-09-12T13:02:04.161723+00:00,200,192899.55,
2026-09-12T13:01:15.012040+00:00,200,242059.41,
2026-09-12T13:01:11.061800+00:00,200,246017.26,
2026-09-12T13:01:45.410147+00:00,200,211698.75,
2026-09-12T13:03:29.547496+00:00,200,107570.07,
2026-09-12T13:01:47.996210+00:00,200,209124.46,
2026-09-12T13:02:21.415334+00:00,200,175715.79,
2026-09-12T13:03:13.028986+00:00,200,124112.16,
2026-09-12T13:01:14.203893+00:00,200,242942.94,
2026-09-12T13:02:08.355499+00:00,200,188804.77,
2026-09-12T13:01:15.169503+00:00,200,241993.58,
2026-09-12T13:03:27.292240+00:00,200,109920.85,
2026-09-12T13:02:06.400664+00:00,200,190831.02,
2026-09-12T13:01:58.657911+00:00,200,198585.29,
2026-09-12T13:03:06.088221+00:00,200,131177.57,
2026-09-12T13:01:40.535716+00:00,200,216735.93,
2026-09-12T13:01:57.856102+00:00,200,199424.0,
2026-09-12T13:00:53.934108+00:00,200,263392.4,
2026-09-12T13:03:29.248498+00:00,200,108105.58,
2026-09-12T13:01:21.509317+00:00,200,235872.67,
2026-09-12T13:01:33.813736+00:00,200,223571.94,
2026-09-12T13:01:52.112742+00:00,200,205288.84,
2026-09-12T13:03:34.091481+00:00,200,103317.15,
2026-09-12T13:01:20.868809+00:00,200,236583.28,
2026-09-12T13:02:23.387778+00:00,200,174080.92,
2026-09-12T13:02:54.273576+00:00,200,143217.93,
2026-09-12T13:02:02.987289+00:00,200,194558.32,
2026-09-12T13:03:24.361477+00:00,200,113212.08,
2026-09-12T13:03:23.086778+00:00,200,114487.63,
2026-09-12T13:01:20.229261+00:00,200,237368.34,
2026-09-12T13:01:50.830723+00:00,200,206768.62,
2026-09-12T13:00:41.059269+00:00,200,276545.58,
2026-09-12T13:02:54.131617+00:00,200,143482.27,
2026-09-12T13:02:09.251829+00:00,200,188378.19,
2026-09-12T13:01:22.639883+00:00,200,235002.77,
2026-09-12T13:01:58.698797+00:00,200,198963.87,
2026-09-12T13:01:45.610425+00:00,200,212079.5,
2026-09-12T13:03:24.305397+00:00,200,113405.77,
2026-09-12T13:01:30.033002+00:00,200,227697.69,
2026-09-12T13:03:22.585521+00:00,200,115181.76,
2026-09-12T13:02:01.503553+00:00,200,196269.02,
2026-09-12T13:03:02.124492+00:00,200,135662.19,
2026-09-12T13:02:55.620836+00:00,200,142186.57,
2026-09-12T13:02:06.309692+00:00,200,191533.86,
2026-09-12T13:02:32.023139+00:00,200,165823.31,
2026-09-12T13:02:25.683966+00:00,200,172168.65,
2026-09-12T13:03:24.260886+00:00,200,113609.96,
2026-09-12T13:02:44.221124+00:00,200,153671.26,
2026-09-12T13:02:29.269412+00:00,200,168710.32,
2026-09-12T13:01:20.035029+00:00,200,238013.65,
2026-09-12T13:01:38.761164+00:00,200,219315.01,
2026-09-12T13:01:42.146482+00:00,200,216007.25,
2026-09-12T13:00:49.377307+00:00,200,268778.02,
2026-09-12T13:03:38.580183+00:00,200,99581.52,
2026-09-12T13:02:40.832476+00:00,200,157385.89,
2026-09-12T13:02:36.280267+00:00,200,161948.57,
2026-09-12T13:03:43.586500+00:00,200,94668.26,
2026-09-12T13:01:39.640744+00:00,200,218626.68,
2026-09-12T13:01:18.434163+00:00,200,239863.46,
2026-09-12T13:00:47.231308+00:00,200,271079.66,
2026-09-12T13:01:57.048396+00:00,200,201290.38,
2026-09-12T13:00:40.987272+00:00,200,277372.73,
2026-09-12T13:02:28.812318+00:00,200,169557.83,
2026-09-12T13:01:54.424390+00:00,200,203947.47,
2026-09-12T13:01:57.432515+00:00,200,200957.2,
2026-09-12T13:02:08.053622+00:00,200,190370.65,
2026-09-12T13:02:56.187618+00:00,200,142245.98,
2026-09-12T13:02:23.446817+00:00,200,174990.72,
2026-09-12T13:03:23.225932+00:00,200,115222.16,
2026-09-12T13:01:18.935230+00:00,200,239569.35,
2026-09-12T13:01:00.551682+00:00,200,257957.35,
2026-09-12T13:03:32.170846+00:00,200,106349.27,
2026-09-12T13:02:56.960136+00:00,200,141603.09,
2026-09-12T13:02:18.257600+00:00,200,180306.48,
2026-09-12T13:02:01.712702+00:00,200,196906.82,
2026-09-12T13:01:08.022413+00:00,200,250598.77,
2026-09-12T13:02:38.862984+00:00,200,159771.68,
2026-09-12T13:02:59.908644+00:00,200,138735.41,
2026-09-12T13:01:43.145265+00:00,200,215503.08,
2026-09-12T13:02:29.817936+00:00,200,168834.07,
2026-09-12T13:02:30.828415+00:00,200,167854.23,
2026-09-12T13:02:55.229377+00:00,200,143454.38,
2026-09-12T13:01:27.649241+00:00,200,231105.55,
2026-09-12T13:00:59.353310+00:00,200,259407.51,
2026-09-12T13:01:19.411816+00:00,200,239366.67,
2026-09-12T13:03:15.132104+00:00,200,123674.67,
2026-09-12T13:01:41.465710+00:00,200,217341.82,
2026-09-12T13:03:02.297030+00:00,200,136516.16,
2026-09-12T13:01:55.184600+00:00,200,203634.74,
2026-09-12T13:02:04.828363+00:00,200,194003.82,
2026-09-12T13:02:04.104612+00:00,200,194731.08,
2026-09-12T13:03:33.044843+00:00,200,105835.82,
2026-09-12T13:01:14.962168+00:00,200,243924.48,
2026-09-12T13:01:18.313538+00:00,200,240576.33,
2026-09-12T13:02:58.251995+00:00,200,140682.81,
2026-09-12T13:02:22.524038+00:00,200,176422.93,
2026-09-12T13:01:02.589381+00:00,200,256368.17,
2026-09-12T13:01:27.953651+00:00,200,231004.6,
2026-09-12T13:01:07.929318+00:00,200,251051.73,
2026-09-12T13:01:24.684480+00:00,200,234348.03,
2026-09-12T13:03:43.839233+00:00,200,95197.22,
2026-09-12T13:01:03.793000+00:00,200,255280.84,
2026-09-12T13:02:17.825486+00:00,200,181258.75,
2026-09-12T13:03:37.369619+00:00,200,101736.34,
2026-09-12T13:03:37.235507+00:00,200,101876.53,
2026-09-12T13:01:49.264647+00:00,200,209861.75,
2026-09-12T13:00:57.544584+00:00,200,261587.53,
2026-09-12T13:03:13.279143+00:00,200,125863.96,
2026-09-12T13:01:09.585764+00:00,200,249577.5,
2026-09-12T13:00:30.544688+00:00,200,288623.59,
2026-09-12T13:02:30.347340+00:00,200,168822.92,
2026-09-12T13:01:48.797030+00:00,200,210435.02,
2026-09-12T13:02:04.487194+00:00,200,194832.8,
2026-09-12T13:01:40.833015+00:00,200,218512.03,
2026-09-12T13:01:45.516189+00:00,200,213831.84,
2026-09-12T13:03:14.136538+00:00,200,125246.8,
2026-09-12T13:01:54.858358+00:00,200,204532.98,
2026-09-12T13:01:13.491238+00:00,200,245906.91,
2026-09-12T13:03:04.530473+00:00,200,134891.67,
2026-09-12T13:02:52.911865+00:00,200,146518.46,
2026-09-12T13:03:31.629109+00:00,200,107813.1,
2026-09-12T13:02:36.760345+00:00,200,162701.39,
2026-09-12T13:01:26.997166+00:00,200,232518.93,
2026-09-12T13:01:12.109348+00:00,200,247438.9,
2026-09-12T13:03:11.283510+00:00,200,128267.4,
2026-09-12T13:02:31.509343+00:00,200,168066.71,
2026-09-12T13:01:35.007716+00:00,200,224570.01,
2026-09-12T13:01:59.321249+00:00,200,200287.96,
2026-09-12T13:03:34.697170+00:00,200,104934.13,
2026-09-12T13:00:37.636179+00:00,200,282045.8,
2026-09-12T13:02:35.528692+00:00,200,164162.59,
2026-09-12T13:03:17.902442+00:00,200,121811.89,
2026-09-12T13:02:54.113263+00:00,200,145617.36,
2026-09-12T13:01:38.722792+00:00,200,221014.29,
2026-09-12T13:02:32.207716+00:00,200,167549.65,
2026-09-12T13:01:42.866400+00:00,200,216893.27,
2026-09-12T13:03:23.028163+00:00,200,116786.36,
2026-09-12T13:01:56.225012+00:00,200,203605.6,
2026-09-12T13:00:50.148924+00:00,200,269687.16,
2026-09-12T13:01:39.872163+00:00,200,219968.97,
2026-09-12T13:02:28.765096+00:00,200,171114.7,
2026-09-12T13:02:37.611110+00:00,200,162284.84,
2026-09-12T13:03:05.850018+00:00,200,134087.9,
2026-09-12T13:02:33.608683+00:00,200,166346.6,
2026-09-12T13:02:08.724267+00:00,200,191239.28,
2026-09-12T13:02:01.983175+00:00,200,197991.03,
2026-09-12T13:03:03.438890+00:00,200,136536.05,
2026-09-12T13:03:10.325447+00:00,200,129667.3,
2026-09-12T13:00:52.460424+00:00,200,267541.4,
2026-09-12T13:01:51.920332+00:00,200,208083.55,
2026-09-12T13:02:50.211998+00:00,200,149797.19,
2026-09-12T13:03:33.303325+00:00,200,106724.92,
2026-09-12T13:02:51.190983+00:00,200,148842.46,
2026-09-12T13:03:39.751064+00:00,200,100284.89,
2026-09-12T13:03:09.724116+00:00,200,130333.27,
2026-09-12T13:02:15.397425+00:00,200,184670.89,
2026-09-12T13:01:20.930585+00:00,200,239166.15,
2026-09-12T13:02:49.722395+00:00,200,150424.1,
2026-09-12T13:02:12.283079+00:00,200,187880.91,
2026-09-12T13:03:17.621632+00:00,200,122585.73,
2026-09-12T13:02:38.424322+00:00,200,161789.1,
2026-09-12T13:01:43.820545+00:00,200,216396.85,
2026-09-12T13:02:38.330356+00:00,200,161889.14,
2026-09-12T13:01:40.956190+00:00,200,219327.98,
2026-09-12T13:03:29.782948+00:00,200,110512.76,
2026-09-12T13:03:07.013858+00:00,200,133284.0,
2026-09-12T13:02:59.610151+00:00,200,140695.18,
2026-09-12T13:02:10.542463+00:00,200,189764.85,
2026-09-12T13:02:58.525283+00:00,200,141785.89,
2026-09-12T13:01:47.182177+00:00,200,213151.69,
2026-09-12T13:03:00.028766+00:00,200,140353.87,
2026-09-12T13:02:02.090703+00:00,200,198292.85,
2026-09-12T13:01:47.185621+00:00,200,213262.71,
2026-09-12T13:03:29.285534+00:00,200,111186.02,
2026-09-12T13:02:01.600782+00:00,200,198872.34,
2026-09-12T13:02:01.208051+00:00,200,199292.98,
2026-09-12T13:02:57.042971+00:00,200,143514.16,
2026-09-12T13:01:46.606940+00:00,200,213978.11,
2026-09-12T13:03:04.112733+00:00,200,136477.16,
2026-09-12T13:01:59.837085+00:00,200,200755.98,
2026-09-12T13:01:18.026638+00:00,200,242568.77,
2026-09-12T13:01:19.940403+00:00,200,240658.96,
2026-09-12T13:03:24.891731+00:00,200,115714.11,
2026-09-12T13:02:27.686817+00:00,200,172932.02,
2026-09-12T13:01:13.373264+00:00,200,247358.74,
2026-09-12T13:01:37.537331+00:00,200,223195.39,
2026-09-12T13:02:04.774317+00:00,200,195973.54,
2026-09-12T13:03:39.549616+00:00,200,101208.48,
2026-09-12T13:02:40.306409+00:00,200,160461.59,
2026-09-12T13:03:18.449615+00:00,200,122320.04,
2026-09-12T13:02:30.391979+00:00,200,170378.4,
2026-09-12T13:02:16.201228+00:00,200,184576.18,
2026-09-12T13:02:34.716852+00:00,200,166065.17,
2026-09-12T13:03:10.853731+00:00,200,129951.98,
2026-09-12T13:03:29.243383+00:00,200,111590.11,
2026-09-12T13:01:33.419071+00:00,200,227415.61,
2026-09-12T13:03:25.408699+00:00,200,115435.34,
2026-09-12T13:01:35.821217+00:00,200,225037.65,
2026-09-12T13:03:25.553434+00:00,200,115307.16,
2026-09-12T13:01:50.727670+00:00,200,210191.01,
2026-09-12T13:02:36.564721+00:00,200,164439.65,
2026-09-12T13:02:38.812042+00:00,200,162209.91,
2026-09-12T13:02:24.068770+00:00,200,176980.63,
2026-09-12T13:02:04.885690+00:00,200,196171.8,
2026-09-12T13:02:01.775947+00:00,200,199328.92,
2026-09-12T13:03:34.930898+00:00,200,106238.25,
2026-09-12T13:02:23.295921+00:00,200,177874.14,
2026-09-12T13:03:26.605477+00:00,200,114579.18,
2026-09-12T13:01:31.563428+00:00,200,229622.5,
2026-09-12T13:03:11.728377+00:00,200,129476.63,
2026-09-12T13:02:14.784409+00:00,200,186439.18,
2026-09-12T13:02:57.683219+00:00,200,143559.9,
2026-09-12T13:01:26.771981+00:00,200,234474.69,
2026-09-12T13:01:35.810451+00:00,200,225442.13,
2026-09-12T13:03:07.803174+00:00,200,133473.66,
2026-09-12T13:03:03.998174+00:00,200,137279.52,
2026-09-12T13:02:21.518325+00:00,200,179764.92,
2026-09-12T13:02:21.831385+00:00,200,179460.21,
2026-09-12T13:03:08.387528+00:00,200,132904.98,
2026-09-12T13:02:45.685619+00:00,200,155622.49,
2026-09-12T13:01:56.692065+00:00,200,204681.8,
2026-09-12T13:02:20.460303+00:00,200,180925.63,
2026-09-12T13:01:42.736695+00:00,200,218660.56,
2026-09-12T13:02:07.290043+00:00,200,194113.44,
2026-09-12T13:00:38.317452+00:00,200,283096.78,
2026-09-12T13:02:16.501349+00:00,200,184947.97,
2026-09-12T13:02:44.954077+00:00,200,156518.47,
2026-09-12T13:03:37.098946+00:00,200,104404.21,
2026-09-12T13:02:29.677583+00:00,200,171866.85,
2026-09-12T13:01:55.114998+00:00,200,206456.26,
2026-09-12T13:02:13.567627+00:00,200,188007.02,
2026-09-12T13:02:09.755503+00:00,200,191822.32,
2026-09-12T13:02:14.927110+00:00,200,186690.17,
2026-09-12T13:01:16.898680+00:00,200,244736.01,
2026-09-12T13:02:53.837540+00:00,200,147810.93,
2026-09-12T13:02:12.887641+00:00,200,188789.62,
2026-09-12T13:02:38.214573+00:00,200,163468.47,
2026-09-12T13:03:35.942404+00:00,200,105751.45,
2026-09-12T13:01:26.802443+00:00,200,234924.25,
2026-09-12T13:03:44.815113+00:00,200,96920.36,
2026-09-12T13:03:43.066547+00:00,200,98716.41,
2026-09-12T13:03:14.079385+00:00,200,127739.91,
2026-09-12T13:01:24.988365+00:00,200,236835.74,
2026-09-12T13:01:14.646787+00:00,200,247191.22,
2026-09-12T13:03:37.194753+00:00,200,104645.02,
2026-09-12T13:01:54.176561+00:00,200,207670.85,
2026-09-12T13:02:03.985174+00:00,200,197890.34,
2026-09-12T13:02:45.885528+00:00,200,156025.48,
2026-09-12T13:01:14.968482+00:00,200,246959.11,
2026-09-12T13:02:28.114890+00:00,200,173827.42,
2026-09-12T13:03:09.885879+00:00,200,132069.38,
2026-09-12T13:01:01.818934+00:00,200,260141.42,
2026-09-12T13:02:44.956076+00:00,200,157020.17,
2026-09-12T13:02:25.854888+00:00,200,176168.19,
2026-09-12T13:02:34.038313+00:00,200,167987.45,
2026-09-12T13:01:38.454226+00:00,200,223572.27,
2026-09-12T13:03:32.409859+00:00,200,109632.7,
2026-09-12T13:02:36.273239+00:00,200,165797.65,
2026-09-12T13:02:06.358022+00:00,200,195719.83,
2026-09-12T13:01:04.920769+00:00,200,257162.93,
2026-09-12T13:02:48.751442+00:00,200,153340.28,
2026-09-12T13:03:31.828360+00:00,200,110301.07,
2026-09-12T13:01:48.913145+00:00,200,213247.15,
2026-09-12T13:01:51.179984+00:00,200,211061.79,
2026-09-12T13:02:44.844363+00:00,200,157413.54,
2026-09-12T13:01:58.140551+00:00,200,204159.55,
2026-09-12T13:03:19.876651+00:00,200,122432.52,
2026-09-12T13:02:02.250212+00:00,200,200106.91,
2026-09-12T13:02:52.514447+00:00,200,149853.55,
2026-09-12T13:03:19.757645+00:00,200,122620.81,
2026-09-12T13:01:40.161865+00:00,200,222262.62,
2026-09-12T13:03:17.142004+00:00,200,125314.55,
2026-09-12T13:00:50.458912+00:00,200,272019.69,
2026-09-12T13:01:56.316182+00:00,200,206164.65,
2026-09-12T13:03:01.141871+00:00,200,141340.9,
2026-09-12T13:01:49.183792+00:00,200,213326.89,
2026-09-12T13:02:06.521228+00:00,200,195997.21,
2026-09-12T13:01:58.857362+00:00,200,203680.56,
2026-09-12T13:01:31.407777+00:00,200,231158.49,
2026-09-12T13:03:05.846226+00:00,200,136722.4,
2026-09-12T13:02:12.648826+00:00,200,189952.09,
2026-09-12T13:02:18.438708+00:00,200,184190.51,
2026-09-12T13:03:33.667495+00:00,200,108986.11,
2026-09-12T13:02:40.998418+00:00,200,161656.22,
2026-09-12T13:02:12.128451+00:00,200,190527.22,
2026-09-12T13:02:00.226284+00:00,200,202436.01,
2026-09-12T13:02:15.297039+00:00,200,187380.42,
2026-09-12T13:01:27.826234+00:00,200,234912.06,
2026-09-12T13:02:10.122248+00:00,200,192624.0,
2026-09-12T13:02:43.418696+00:00,200,159345.38,
2026-09-12T13:01:36.035416+00:00,200,226730.47,
2026-09-12T13:03:32.105522+00:00,200,110695.44,
2026-09-12T13:01:37.391400+00:00,200,225419.38,
2026-09-12T13:02:27.057465+00:00,200,175764.8,
2026-09-12T13:02:29.471047+00:00,200,173376.34,
2026-09-12T13:03:34.605287+00:00,200,108249.81,
2026-09-12T13:02:55.569947+00:00,200,147319.06,
2026-09-12T13:03:23.298697+00:00,200,119599.2,
2026-09-12T13:01:41.379805+00:00,200,221551.86,
2026-09-12T13:01:56.384053+00:00,200,206548.34,
2026-09-12T13:01:15.617110+00:00,200,247325.74,
2026-09-12T13:02:30.553859+00:00,200,172398.06,
2026-09-12T13:02:26.994270+00:00,200,175998.82,
2026-09-12T13:02:31.791120+00:00,200,171230.74,
2026-09-12T13:01:54.310001+00:00,200,208714.71,
2026-09-12T13:02:58.050946+00:00,200,144985.14,
2026-09-12T13:03:24.319937+00:00,200,118718.54,
2026-09-12T13:03:14.743365+00:00,200,128298.22,
2026-09-12T13:03:04.359825+00:00,200,138692.49,
2026-09-12T13:00:58.184294+00:00,200,264875.26,
2026-09-12T13:02:39.276526+00:00,200,163789.73,
2026-09-12T13:02:05.062332+00:00,200,198006.12,
2026-09-12T13:01:04.748287+00:00,200,258355.04,
2026-09-12T13:03:09.087373+00:00,200,134021.7,
2026-09-12T13:01:28.124246+00:00,200,235005.07,
2026-09-12T13:00:59.329369+00:00,200,263806.3,
2026-09-12T13:03:23.916120+00:00,200,119270.24,
2026-09-12T13:01:39.764221+00:00,200,223446.99,
2026-09-12T13:02:21.120158+00:00,200,182109.32,
2026-09-12T13:01:49.779295+00:00,200,213522.7,
2026-09-12T13:01:00.299156+00:00,200,263031.42,
2026-09-12T13:01:16.570394+00:00,200,246762.0,
2026-09-12T13:03:18.761016+00:00,200,124605.0,
2026-09-12T13:01:24.162834+00:00,200,239215.01,
2026-09-12T13:02:28.470448+00:00,200,174947.41,
2026-09-12T13:01:23.685017+00:00,200,239745.44,
2026-09-12T13:02:42.106514+00:00,200,161324.7,
2026-09-12T13:02:08.640409+00:00,200,194793.06,
2026-09-12T13:01:08.619616+00:00,200,254819.93,
2026-09-12T13:01:46.038537+00:00,200,217459.47,
2026-09-12T13:03:07.444959+00:00,200,136069.85,
2026-09-12T13:01:21.251299+00:00,200,242270.38,
2026-09-12T13:02:19.749925+00:00,200,183790.87,
2026-09-12T13:03:44.479249+00:00,200,99094.53,
2026-09-12T13:02:21.512844+00:00,200,182066.97,
2026-09-12T13:01:55.257559+00:00,200,208323.39,
2026-09-12T13:03:08.268705+00:00,200,135337.7,
2026-09-12T13:03:27.373906+00:00,200,116237.4,
2026-09-12T13:01:32.611010+00:00,200,231008.26,
2026-09-12T13:02:45.299468+00:00,200,158323.34,
2026-09-12T13:00:38.961360+00:00,200,284681.32,
2026-09-12T13:02:54.565184+00:00,200,149146.63,
2026-09-12T13:02:09.246769+00:00,200,194472.61,
2026-09-12T13:01:49.667891+00:00,200,214057.71,
2026-09-12T13:02:17.599512+00:00,200,186129.43,
2026-09-12T13:02:07.795960+00:00,200,195952.64,
2026-09-12T13:02:02.868611+00:00,200,200880.69,
2026-09-12T13:01:47.301485+00:00,200,216470.14,
2026-09-12T13:00:51.369806+00:00,200,272435.7,
2026-09-12T13:02:07.357907+00:00,200,196459.26,
2026-09-12T13:03:11.399807+00:00,200,132435.73,
2026-09-12T13:02:34.042018+00:00,200,169802.62,
2026-09-12T13:01:11.205291+00:00,200,252656.75,
2026-09-12T13:01:29.896267+00:00,200,233970.33,
2026-09-12T13:03:42.192586+00:00,200,101675.96,
2026-09-12T13:02:02.788123+00:00,200,201095.37,
2026-09-12T13:02:22.784522+00:00,200,181111.21,
2026-09-12T13:02:34.155509+00:00,200,169749.44,
2026-09-12T13:03:34.204464+00:00,200,109705.75,
2026-09-12T13:01:27.372218+00:00,200,236541.75,
2026-09-12T13:03:36.555779+00:00,200,107358.91,
2026-09-12T13:02:11.001795+00:00,200,192962.0,
2026-09-12T13:03:28.042128+00:00,200,115922.61,
2026-09-12T13:01:54.335825+00:00,200,209649.7,
2026-09-12T13:02:42.994314+00:00,200,161020.53,
2026-09-12T13:01:13.851246+00:00,200,250176.56,
2026-09-12T13:01:46.770014+00:00,200,217274.61,
2026-09-12T13:01:06.604657+00:00,200,257460.05,
2026-09-12T13:02:18.636867+00:00,200,185445.53,
2026-09-12T13:03:36.651867+00:00,200,107496.01,
2026-09-12T13:01:03.458554+00:00,200,260723.57,
2026-09-12T13:03:24.505308+00:00,200,119695.79,
2026-09-12T13:00:56.334895+00:00,200,267882.96,
2026-09-12T13:01:38.714069+00:00,200,225512.56,
2026-09-12T13:02:23.674218+00:00,200,180556.17,
2026-09-12T13:01:53.070008+00:00,200,211169.43,
2026-09-12T13:02:15.079255+00:00,200,189196.65,
2026-09-12T13:03:03.738251+00:00,200,140563.89,
2026-09-12T13:02:07.705449+00:00,200,196602.26,
2026-09-12T13:02:18.753632+00:00,200,185562.06,
2026-09-12T13:01:24.574446+00:00,200,239743.76,
2026-09-12T13:01:48.653907+00:00,200,215666.28,
2026-09-12T13:01:42.182044+00:00,200,222151.43,
2026-09-12T13:01:54.650171+00:00,200,209692.82,
2026-09-12T13:01:20.109572+00:00,200,244260.52,
2026-09-12T13:01:53.138513+00:00,200,211244.25,
2026-09-12T13:02:12.261503+00:00,200,192133.95,
2026-09-12T13:02:29.267244+00:00,200,175134.72,
2026-09-12T13:01:22.158096+00:00,200,242246.55,
2026-09-12T13:03:05.615845+00:00,200,138795.3,
2026-09-12T13:01:54.467661+00:00,200,209983.69,
2026-09-12T13:02:07.757338+00:00,200,196745.9,
2026-09-12T13:01:11.680402+00:00,200,252844.75,
2026-09-12T13:01:25.724318+00:00,200,238834.94,
2026-09-12T13:01:28.807247+00:00,200,235756.27,
2026-09-12T13:03:21.357497+00:00,200,123229.43,
2026-09-12T13:02:08.775299+00:00,200,195815.81,
2026-09-12T13:02:37.309650+00:00,200,167289.03,
2026-09-12T13:02:06.080482+00:00,200,198560.41,
2026-09-12T13:03:22.639493+00:00,200,122014.08,
2026-09-12T13:02:20.223289+00:00,200,184446.6,
2026-09-12T13:00:44.854283+00:00,200,279885.39,
2026-09-12T13:03:45.564873+00:00,200,99222.76,
2026-09-12T13:03:26.997180+00:00,200,117792.97,
2026-09-12T13:02:56.406548+00:00,200,148410.33,
2026-09-12T13:03:08.818838+00:00,200,136021.29,
2026-09-12T13:02:24.408183+00:00,200,180456.73,
2026-09-12T13:01:55.553378+00:00,200,209341.19,
2026-09-12T13:03:43.901584+00:00,200,100993.91,
2026-09-12T13:01:21.954508+00:00,200,242951.31,
2026-09-12T13:02:16.090759+00:00,200,188821.86,
2026-09-12T13:01:01.570130+00:00,200,263347.45,
2026-09-12T13:03:04.504300+00:00,200,140424.81,
2026-09-12T13:02:42.649194+00:00,200,162282.93,
2026-09-12T13:01:57.220660+00:00,200,207712.63,
2026-09-12T13:00:51.801929+00:00,200,273142.79,
2026-09-12T13:01:57.738134+00:00,200,207207.56,
2026-09-12T13:02:55.831146+00:00,200,149118.23,
2026-09-12T13:02:16.405050+00:00,200,188582.47,
2026-09-12T13:02:39.839566+00:00,200,165157.23,
2026-09-12T13:01:01.549182+00:00,200,263463.1,
2026-09-12T13:01:58.528181+00:00,200,206494.78,
2026-09-12T13:02:19.660201+00:00,200,185383.94,
2026-09-12T13:02:18.638622+00:00,200,186419.86,
2026-09-12T13:01:27.066141+00:00,200,237999.62,
2026-09-12T13:03:40.770386+00:00,200,104296.38,
2026-09-12T13:01:07.486866+00:00,200,257583.22,
2026-09-12T13:02:54.158058+00:00,200,150919.47,
2026-09-12T13:01:06.620729+00:00,200,258457.6,
2026-09-12T13:03:10.447277+00:00,200,134663.33,
2026-09-12T13:03:00.026433+00:00,200,145120.43,
2026-09-12T13:02:48.153845+00:00,200,157022.32,
2026-09-12T13:02:07.229484+00:00,200,197970.69,
2026-09-12T13:03:08.075180+00:00,200,137161.95,
2026-09-12T13:01:29.789559+00:00,200,235449.95,
2026-09-12T13:03:39.803579+00:00,200,105485.83,
2026-09-12T13:00:54.185032+00:00,200,271105.13,
2026-09-12T13:01:43.142881+00:00,200,222150.04,
2026-09-12T13:03:19.032734+00:00,200,126272.33,
2026-09-12T13:02:04.372074+00:00,200,200941.08,
2026-09-12T13:02:58.342017+00:00,200,146993.55,
2026-09-12T13:02:15.624516+00:00,200,189712.36,
2026-09-12T13:02:51.134778+00:00,200,154217.1,
2026-09-12T13:01:28.477302+00:00,200,236876.9,
2026-09-12T13:01:47.030488+00:00,200,218348.41,
2026-09-12T13:02:06.480973+00:00,200,198914.06,
2026-09-12T13:02:30.168317+00:00,200,175311.17,
2026-09-12T13:01:46.490187+00:00,200,218998.6,
2026-09-12T13:02:41.477000+00:00,200,164015.96,
2026-09-12T13:01:09.334115+00:00,200,256182.04,
2026-09-12T13:03:44.471155+00:00,200,101068.66,
2026-09-12T13:02:42.461950+00:00,200,163099.87,
2026-09-12T13:02:33.617666+00:00,200,171952.82,
2026-09-12T13:03:28.023822+00:00,200,117575.42,
2026-09-12T13:01:59.276227+00:00,200,206331.43,
2026-09-12T13:01:00.324672+00:00,200,265305.29,
2026-09-12T13:03:20.761479+00:00,200,124873.46,
2026-09-12T13:01:34.364278+00:00,200,231301.04,
2026-09-12T13:03:09.392574+00:00,200,136281.96,
2026-09-12T13:01:05.640953+00:00,200,260036.29,
2026-09-12T13:03:23.576041+00:00,200,122111.8,
2026-09-12T13:02:11.236898+00:00,200,194480.76,
2026-09-12T13:02:40.764413+00:00,200,165006.53,
2026-09-12T13:01:42.356287+00:00,200,223444.72,
2026-09-12T13:03:24.604446+00:00,200,121198.66,
2026-09-12T13:02:04.307421+00:00,200,201525.21,
2026-09-12T13:01:57.356903+00:00,200,208477.66,
2026-09-12T13:02:08.291810+00:00,200,197569.52,
2026-09-12T13:02:27.314728+00:00,200,178555.36,
2026-09-12T13:03:16.641427+00:00,200,129230.13,
2026-09-12T13:03:43.891348+00:00,200,101998.74,
2026-09-12T13:02:08.858619+00:00,200,197040.3,
2026-09-12T13:02:18.855817+00:00,200,187081.9,
2026-09-12T13:01:11.406937+00:00,200,254545.88,
2026-09-12T13:03:38.046547+00:00,200,107920.72,
2026-09-12T13:00:50.317707+00:00,200,275664.16,
2026-09-12T13:02:59.888118+00:00,200,146113.69,
2026-09-12T13:01:59.740155+00:00,200,206301.49,
2026-09-12T13:02:00.144592+00:00,200,205898.7,
2026-09-12T13:01:59.620874+00:00,200,206438.08,
2026-09-12T13:03:16.860374+00:00,200,129202.96,
2026-09-12T13:01:49.983691+00:00,200,216096.23,
2026-09-12T13:01:31.594137+00:00,200,234527.99,
2026-09-12T13:02:17.284123+00:00,200,188841.94,
2026-09-12T13:02:31.792607+00:00,200,174334.31,
2026-09-12T13:02:34.237546+00:00,200,171900.71,
2026-09-12T13:02:23.355913+00:00,200,182786.12,
2026-09-12T13:02:05.420020+00:00,200,200728.56,
2026-09-12T13:03:27.183333+00:00,200,119038.36,
2026-09-12T13:03:45.391835+00:00,200,100845.6,
2026-09-12T13:01:58.971339+00:00,200,207336.95,
2026-09-12T13:01:48.318020+00:00,200,218008.2,
2026-09-12T13:01:24.127632+00:00,200,242233.7,
2026-09-12T13:02:35.624715+00:00,200,170763.51,
2026-09-12T13:03:21.580346+00:00,200,124811.02,
2026-09-12T13:01:56.328013+00:00,200,210075.5,
2026-09-12T13:02:53.223901+00:00,200,153189.17,
2026-09-12T13:03:20.303402+00:00,200,126117.81,
2026-09-12T13:02:31.187580+00:00,200,175251.19,
2026-09-12T13:01:59.858705+00:00,200,206594.84,
2026-09-12T13:02:26.807841+00:00,200,179684.68,
2026-09-12T13:02:07.993304+00:00,200,198521.68,
2026-09-12T13:01:56.863564+00:00,200,209681.86,
2026-09-12T13:02:19.649827+00:00,200,186900.13,
2026-09-12T13:03:20.194653+00:00,200,126356.19,
2026-09-12T13:02:00.423245+00:00,200,206144.86,
2026-09-12T13:02:48.050024+00:00,200,158518.79,
2026-09-12T13:03:37.042024+00:00,200,109549.35,
2026-09-12T13:02:54.464248+00:00,200,152135.2,
2026-09-12T13:02:21.026351+00:00,200,185579.41,
2026-09-12T13:03:29.081347+00:00,200,117528.55,
2026-09-12T13:02:11.104696+00:00,200,195517.93,
2026-09-12T13:01:50.854059+00:00,200,215773.6,
2026-09-12T13:02:44.534869+00:00,200,162100.41,
2026-09-12T13:01:44.105250+00:00,200,222565.14,
2026-09-12T13:01:24.001810+00:00,200,242717.16,
2026-09-12T13:00:45.825587+00:00,200,280896.07,
2026-09-12T13:03:18.641987+00:00,200,128124.58,
2026-09-12T13:01:31.148060+00:00,200,235641.89,
2026-09-12T13:02:44.216258+00:00,200,162631.75,
2026-09-12T13:02:36.212308+00:00,200,170684.75,
2026-09-12T13:02:48.318096+00:00,200,158588.13,
2026-09-12T13:02:34.043813+00:00,200,172863.01,
2026-09-12T13:02:42.494843+00:00,200,164414.07,
2026-09-12T13:01:53.540279+00:00,200,213396.86,
2026-09-12T13:01:38.946015+00:00,200,228003.9,
2026-09-12T13:01:44.517426+00:00,200,222454.64,
2026-09-12T13:02:11.875073+00:00,200,195125.09,
2026-09-12T13:01:26.804586+00:00,200,240221.86,
2026-09-12T13:03:38.720217+00:00,200,108347.94,
2026-09-12T13:00:38.383589+00:00,200,288707.29,
2026-09-12T13:01:13.622330+00:00,200,253470.21,
2026-09-12T13:01:52.841365+00:00,200,214255.3,
2026-09-12T13:01:22.766649+00:00,200,244341.91,
2026-09-12T13:01:53.134661+00:00,200,213976.79,
2026-09-12T13:02:16.839622+00:00,200,190278.04,
2026-09-12T13:03:08.135843+00:00,200,139007.44,
2026-09-12T13:02:58.865448+00:00,200,148281.73,
2026-09-12T13:03:28.749549+00:00,200,118401.03,
2026-09-12T13:03:03.302656+00:00,200,143850.46,
2026-09-12T13:02:07.272616+00:00,200,199894.51,
2026-09-12T13:01:24.738208+00:00,200,242441.78,
2026-09-12T13:02:05.991188+00:00,200,201190.75,
2026-09-12T13:03:25.215979+00:00,200,121968.52,
2026-09-12T13:02:52.900898+00:00,200,154294.38,
2026-09-12T13:00:55.528793+00:00,200,271682.52,
2026-09-12T13:02:31.698712+00:00,200,175513.43,
2026-09-12T13:01:33.713707+00:00,200,233503.81,
2026-09-12T13:01:51.256490+00:00,200,216005.58,
2026-09-12T13:03:07.344610+00:00,200,139938.3,
2026-09-12T13:02:45.966978+00:00,200,161325.61,
2026-09-12T13:01:13.783524+00:00,200,253515.14,
2026-09-12T13:01:47.966908+00:00,200,219347.55,
2026-09-12T13:01:48.544288+00:00,200,218781.55,
2026-09-12T13:02:06.086675+00:00,200,201243.9,
2026-09-12T13:02:43.129159+00:00,200,164223.56,
2026-09-12T13:02:11.356091+00:00,200,196030.0,
2026-09-12T13:02:14.747799+00:00,200,192654.43,
2026-09-12T13:02:45.060166+00:00,200,162405.28,
2026-09-12T13:03:21.599568+00:00,200,125905.96,
2026-09-12T13:02:12.425825+00:00,200,195112.31,
2026-09-12T13:02:02.217622+00:00,200,205321.24,
2026-09-12T13:01:50.359875+00:00,200,217194.03,
2026-09-12T13:02:58.513051+00:00,200,149080.2,
2026-09-12T13:02:14.850696+00:00,200,192753.35,
2026-09-12T13:01:26.555882+00:00,200,241054.19,
2026-09-12T13:01:30.474437+00:00,200,237137.58,
2026-09-12T13:02:33.382525+00:00,200,174240.27,
2026-09-12T13:03:44.179620+00:00,200,103450.29,
2026-09-12T13:03:19.230957+00:00,200,128421.62,
2026-09-12T13:03:36.821514+00:00,200,110837.81,
2026-09-12T13:03:06.570510+00:00,200,141096.59,
2026-09-12T13:03:19.235263+00:00,200,128451.26,
2026-09-12T13:02:03.138845+00:00,200,204597.55,
2026-09-12T13:01:49.325486+00:00,200,218415.61,
2026-09-12T13:01:48.956509+00:00,200,218798.52,
2026-09-12T13:01:36.743978+00:00,200,231037.58,
2026-09-12T13:02:36.856635+00:00,200,170930.67,
2026-09-12T13:01:49.228025+00:00,200,218569.46,
2026-09-12T13:03:31.944426+00:00,200,115899.01,
2026-09-12T13:01:53.644417+00:00,200,214220.47,
2026-09-12T13:03:07.450644+00:00,200,140456.19,
2026-09-12T13:00:50.852041+00:00,200,277096.45,
2026-09-12T13:02:21.976366+00:00,200,185975.13,
2026-09-12T13:02:40.890696+00:00,200,167061.58,
2026-09-12T13:03:06.353359+00:00,200,141610.62,
2026-09-12T13:02:56.602704+00:00,200,151363.32,
2026-09-12T13:01:44.321128+00:00,200,223688.95,
2026-09-12T13:02:45.953116+00:00,200,162079.8,
2026-09-12T13:01:36.106721+00:00,200,231938.23,
2026-09-12T13:01:05.063544+00:00,200,262993.42,
2026-09-12T13:01:51.176712+00:00,200,216890.8,
2026-09-12T13:02:49.943189+00:00,200,158142.14,
2026-09-12T13:01:56.473403+00:00,200,211616.54,
2026-09-12T13:01:59.380996+00:00,200,208737.75,
2026-09-12T13:01:15.274166+00:00,200,252865.89,
2026-09-12T13:01:00.896703+00:00,200,267270.07,
2026-09-12T13:02:33.619545+00:00,200,174567.69,
2026-09-12T13:03:04.969923+00:00,200,143233.94,
2026-09-12T13:01:50.496873+00:00,200,217727.84,
2026-09-12T13:02:51.013895+00:00,200,157252.61,
2026-09-12T13:02:43.913875+00:00,200,164381.42,
2026-09-12T13:03:02.046244+00:00,200,146259.54,
2026-09-12T13:02:02.321281+00:00,200,205990.13,
2026-09-12T13:01:51.035691+00:00,200,217291.8,
2026-09-12T13:02:45.792976+00:00,200,162549.36,
2026-09-12T13:01:59.525981+00:00,200,208817.21,
2026-09-12T13:02:25.688878+00:00,200,182677.34,
2026-09-12T13:02:07.797915+00:00,200,200569.68,
2026-09-12T13:03:44.585134+00:00,200,103788.58,
2026-09-12T13:02:28.546950+00:00,200,179857.88,
2026-09-12T13:03:39.531922+00:00,200,108886.22,
2026-09-12T13:02:05.244477+00:00,200,203193.43,
2026-09-12T13:03:40.914751+00:00,200,107560.07,
2026-09-12T13:02:50.091568+00:00,200,158389.81,
2026-09-12T13:02:49.381672+00:00,200,159135.66,
2026-09-12T13:02:05.804814+00:00,200,202745.03,
2026-09-12T13:01:25.885771+00:00,200,242689.63,
2026-09-12T13:03:21.488276+00:00,200,127139.86,
2026-09-12T13:00:55.009727+00:00,200,273622.25,
2026-09-12T13:02:46.933311+00:00,200,161704.88,
2026-09-12T13:02:02.098269+00:00,200,206570.69,
2026-09-12T13:01:58.263200+00:00,200,210414.09,
2026-09-12T13:03:36.843770+00:00,200,111889.29,
2026-09-12T13:02:39.669189+00:00,200,169091.43,
2026-09-12T13:02:25.801565+00:00,200,182970.97,
2026-09-12T13:02:20.391581+00:00,200,188417.01,
2026-09-12T13:01:45.272651+00:00,200,223557.5,
2026-09-12T13:02:24.525140+00:00,200,184308.16,
2026-09-12T13:02:21.514876+00:00,200,187337.63,
2026-09-12T13:02:45.510814+00:00,200,163360.2,
2026-09-12T13:01:09.674785+00:00,200,259201.81,
2026-09-12T13:01:54.538816+00:00,200,214378.44,
2026-09-12T13:03:40.570213+00:00,200,108355.81,
2026-09-12T13:03:16.037108+00:00,200,132896.21,
2026-09-12T13:02:26.161086+00:00,200,182782.21,
2026-09-12T13:02:30.098159+00:00,200,178887.87,
2026-09-12T13:02:36.644479+00:00,200,172382.46,
2026-09-12T13:01:26.808143+00:00,200,242230.06,
2026-09-12T13:01:14.764217+00:00,200,254293.44,
2026-09-12T13:03:09.265135+00:00,200,139808.59,
2026-09-12T13:02:25.649860+00:00,200,183436.07,
2026-09-12T13:01:47.726670+00:00,200,221371.68,
2026-09-12T13:02:20.850539+00:00,200,188263.78,
2026-09-12T13:02:25.065304+00:00,200,184060.77,
2026-09-12T13:03:09.660713+00:00,200,139468.71,
2026-09-12T13:01:49.298684+00:00,200,219902.45,
2026-09-12T13:01:21.949421+00:00,200,247255.43,
2026-09-12T13:01:10.994793+00:00,200,258237.04,
2026-09-12T13:02:30.102105+00:00,200,179150.0,
2026-09-12T13:02:05.055857+00:00,200,204202.78,
2026-09-12T13:02:55.433994+00:00,200,153862.38,
2026-09-12T13:02:27.929480+00:00,200,181368.81,
2026-09-12T13:01:05.093003+00:00,200,264236.63,
2026-09-12T13:03:12.567142+00:00,200,136768.46,
2026-09-12T13:01:22.825023+00:00,200,246526.38,
2026-09-12T13:01:00.122057+00:00,200,269230.79,
2026-09-12T13:02:27.877960+00:00,200,181514.35,
2026-09-12T13:02:16.969791+00:00,200,192444.14,
2026-09-12T13:02:18.021842+00:00,200,191421.89,
2026-09-12T13:01:29.547141+00:00,200,239904.48,
2026-09-12T13:01:53.028323+00:00,200,216450.89,
2026-09-12T13:01:50.941512+00:00,200,218544.69,
2026-09-12T13:01:15.069942+00:00,200,254472.81,
2026-09-12T13:01:04.695223+00:00,200,264855.31,
2026-09-12T13:01:28.561683+00:00,200,240990.5,
2026-09-12T13:02:22.890683+00:00,200,186689.09,
2026-09-12T13:01:53.643203+00:00,200,215969.13,
2026-09-12T13:01:30.363063+00:00,200,239250.19,
2026-09-12T13:02:16.488165+00:00,200,193157.33,
2026-09-12T13:01:54.113955+00:00,200,215587.93,
2026-09-12T13:01:37.543976+00:00,200,232168.31,
2026-09-12T13:02:10.602507+00:00,200,199110.69,
2026-09-12T13:03:17.504701+00:00,200,132213.66,
2026-09-12T13:02:21.892057+00:00,200,187836.62,
2026-09-12T13:03:05.161827+00:00,200,144655.13,
2026-09-12T13:03:35.923565+00:00,200,113915.03,
2026-09-12T13:02:20.570112+00:00,200,189287.25,
2026-09-12T13:03:32.948488+00:00,200,116912.69,
2026-09-12T13:02:42.214977+00:00,200,167661.34,
2026-09-12T13:00:46.743916+00:00,200,283169.44,
2026-09-12T13:03:20.942124+00:00,200,128975.97,
2026-09-12T13:03:43.581136+00:00,200,106355.06,
2026-09-12T13:03:21.172331+00:00,200,128814.08,
2026-09-12T13:02:12.637247+00:00,200,197354.53,
2026-09-12T13:01:36.939478+00:00,200,233070.6,
2026-09-12T13:03:12.403638+00:00,200,137615.76,
2026-09-12T13:02:23.505651+00:00,200,186515.77,
2026-09-12T13:02:44.958033+00:00,200,165089.61,
2026-09-12T13:02:22.950705+00:00,200,187136.6,
2026-09-12T13:01:39.957919+00:00,200,230160.8,
2026-09-12T13:02:03.424044+00:00,200,206729.16,
2026-09-12T13:00:53.103859+00:00,200,277051.05,
2026-09-12T13:01:39.880853+00:00,200,230275.55,
2026-09-12T13:02:05.651460+00:00,200,204511.84,
2026-09-12T13:01:14.724937+00:00,200,255439.84,
2026-09-12T13:03:37.044405+00:00,200,113190.94,
2026-09-12T13:01:38.093580+00:00,200,232155.17,
2026-09-12T13:01:12.771093+00:00,200,257478.3,
2026-09-12T13:02:55.101369+00:00,200,155149.63,
2026-09-12T13:03:06.565498+00:00,200,143722.89,
2026-09-12T13:02:07.972841+00:00,200,202328.7,
2026-09-12T13:01:14.108448+00:00,200,256247.56,
2026-09-12T13:02:21.266582+00:00,200,189145.7,
2026-09-12T13:02:15.145098+00:00,200,195272.9,
2026-09-12T13:01:02.533662+00:00,200,267920.12,
2026-09-12T13:03:32.067977+00:00,200,118405.04,
2026-09-12T13:03:01.030387+00:00,200,149455.97,
2026-09-12T13:03:12.969554+00:00,200,137526.33,
2026-09-12T13:02:28.953552+00:00,200,181559.0,
2026-09-12T13:00:42.460347+00:00,200,288059.21,
2026-09-12T13:00:51.733891+00:00,200,278840.88,
2026-09-12T13:01:50.458128+00:00,200,220142.67,
2026-09-12T13:01:41.318160+00:00,200,229328.94,
2026-09-12T13:00:46.867591+00:00,200,283790.95,
2026-09-12T13:02:24.351229+00:00,200,186308.71,
2026-09-12T13:03:31.768376+00:00,200,118894.59,
2026-09-12T13:02:35.514591+00:00,200,175161.91,
2026-09-12T13:02:42.351336+00:00,200,168348.3,
2026-09-12T13:02:43.059135+00:00,200,167651.96,
2026-09-12T13:02:34.827540+00:00,200,175904.66,
2026-09-12T13:02:57.210885+00:00,200,153587.64,
2026-09-12T13:00:48.495767+00:00,200,282310.15,
2026-09-12T13:01:02.258580+00:00,200,268567.31,
2026-09-12T13:01:53.484740+00:00,200,217351.28,
2026-09-12T13:03:16.775140+00:00,200,134063.44,
2026-09-12T13:01:57.756333+00:00,200,213088.58,
2026-09-12T13:01:51.329511+00:00,200,219518.05,
2026-09-12T13:01:34.984717+00:00,200,235864.48,
2026-09-12T13:01:36.926557+00:00,200,233941.88,
2026-09-12T13:01:42.072743+00:00,200,228802.69,
2026-09-12T13:02:50.206922+00:00,200,160677.44,
2026-09-12T13:02:38.293418+00:00,200,172603.89,
2026-09-12T13:01:01.249321+00:00,200,269713.27,
2026-09-12T13:02:53.580007+00:00,200,157385.84,
2026-09-12T13:01:53.567262+00:00,200,217410.93,
2026-09-12T13:01:24.517515+00:00,200,246504.74,
2026-09-12T13:03:16.969387+00:00,200,134080.13,
2026-09-12T13:02:28.932765+00:00,200,182120.04,
2026-09-12T13:02:03.073534+00:00,200,207982.56,
2026-09-12T13:01:45.991517+00:00,200,225067.41,
2026-09-12T13:03:29.290287+00:00,200,121799.11,
2026-09-12T13:01:41.058318+00:00,200,230040.55,
2026-09-12T13:01:09.485130+00:00,200,261659.54,
2026-09-12T13:02:26.498488+00:00,200,184660.01,
2026-09-12T13:03:03.275049+00:00,200,147915.39,
2026-09-12T13:01:26.157038+00:00,200,245054.19,
2026-09-12T13:02:22.868309+00:00,200,188371.93,
2026-09-12T13:02:29.422548+00:00,200,181841.37,
2026-09-12T13:01:55.514693+00:00,200,215783.6,
2026-09-12T13:01:32.263086+00:00,200,239049.6,
2026-09-12T13:02:09.883779+00:00,200,201433.84,
2026-09-12T13:01:05.852021+00:00,200,265466.99,
2026-09-12T13:03:19.096524+00:00,200,132223.15,
2026-09-12T13:01:45.943143+00:00,200,225415.34,
2026-09-12T13:01:29.008185+00:00,200,242360.66,
2026-09-12T13:03:28.822657+00:00,200,122551.72,
2026-09-12T13:03:42.422137+00:00,200,108955.85,
2026-09-12T13:01:51.548805+00:00,200,219832.7,
2026-09-12T13:02:20.551767+00:00,200,190882.0,
2026-09-12T13:01:33.520698+00:00,200,237931.77,
2026-09-12T13:02:00.901278+00:00,200,210558.71,
2026-09-12T13:02:10.514738+00:00,200,200945.95,
2026-09-12T13:01:37.224023+00:00,200,234261.83,
2026-09-12T13:02:35.739389+00:00,200,175752.94,
2026-09-12T13:01:43.208382+00:00,200,228291.66,
2026-09-12T13:02:18.111182+00:00,200,193397.2,
2026-09-12T13:01:07.933763+00:00,200,263589.23,
2026-09-12T13:02:27.772324+00:00,200,183797.64,
2026-09-12T13:00:43.978982+00:00,200,287601.24,
2026-09-12T13:01:13.457747+00:00,200,258133.84,
2026-09-12T13:03:09.701588+00:00,200,141960.23,
2026-09-12T13:02:00.872357+00:00,200,210800.4,
2026-09-12T13:02:46.576491+00:00,200,165102.08,
2026-09-12T13:02:39.689366+00:00,200,172047.73,
2026-09-12T13:02:26.064547+00:00,200,185678.31,
2026-09-12T13:00:49.771496+00:00,200,281978.16,
2026-09-12T13:01:49.862201+00:00,200,221906.45,
2026-09-12T13:02:33.752860+00:00,200,178080.85,
2026-09-12T13:03:05.996171+00:00,200,145844.37,
2026-09-12T13:00:43.395457+00:00,200,288452.65,
2026-09-12T13:01:41.965507+00:00,200,229886.43,
2026-09-12T13:02:51.311363+00:00,200,160574.26,
2026-09-12T13:03:21.886750+00:00,200,130014.84,
2026-09-12T13:02:23.151899+00:00,200,188761.62,
2026-09-12T13:01:11.901370+00:00,200,260017.02,
2026-09-12T13:03:34.515850+00:00,200,117434.3,
2026-09-12T13:02:29.767250+00:00,200,182208.82,
2026-09-12T13:01:01.636132+00:00,200,270347.17,
2026-09-12T13:03:43.530835+00:00,200,108485.09,
2026-09-12T13:01:58.025177+00:00,200,213993.29,
2026-09-12T13:02:28.993884+00:00,200,183048.11,
2026-09-12T13:02:33.497496+00:00,200,178579.66,
2026-09-12T13:03:28.323087+00:00,200,123764.94,
2026-09-12T13:02:49.288685+00:00,200,162813.9,
2026-09-12T13:01:55.293323+00:00,200,216866.02,
2026-09-12T13:02:25.687824+00:00,200,186473.22,
2026-09-12T13:00:48.209580+00:00,200,283971.12,
2026-09-12T13:01:13.672292+00:00,200,258509.12,
2026-09-12T13:02:42.259799+00:00,200,169922.3,
2026-09-12T13:01:19.629657+00:00,200,252565.65,
2026-09-12T13:01:18.472533+00:00,200,253723.67,
2026-09-12T13:03:07.911117+00:00,200,144288.86,
2026-09-12T13:03:18.905699+00:00,200,133303.24,
2026-09-12T13:02:12.141160+00:00,200,200068.6,
2026-09-12T13:03:10.848359+00:00,200,141363.23,
2026-09-12T13:02:03.012821+00:00,200,209253.77,
2026-09-12T13:01:38.556967+00:00,200,233715.11,
2026-09-12T13:02:02.684261+00:00,200,209606.29,
2026-09-12T13:01:32.031875+00:00,200,240265.43,
2026-09-12T13:00:41.768030+00:00,200,290545.24,
2026-09-12T13:02:37.675759+00:00,200,174666.93,
2026-09-12T13:03:03.554312+00:00,200,148818.78,
2026-09-12T13:02:17.348807+00:00,200,195031.26,
2026-09-12T13:02:35.722744+00:00,200,176675.42,
2026-09-12T13:02:44.580604+00:00,200,167850.8,
2026-09-12T13:01:52.937582+00:00,200,219501.29,
2026-09-12T13:00:29.841478+00:00,200,302625.99,
2026-09-12T13:00:47.164911+00:00,200,285303.3,
2026-09-12T13:01:57.057407+00:00,200,215459.91,
2026-09-12T13:03:07.739279+00:00,200,144797.87,
2026-09-12T13:01:26.170380+00:00,200,246368.11,
2026-09-12T13:01:38.834353+00:00,200,233705.49,
2026-09-12T13:01:20.324615+00:00,200,252215.99,
2026-09-12T13:03:40.880229+00:00,200,111661.34,
2026-09-12T13:01:58.233054+00:00,200,214309.35,
2026-09-12T13:03:06.311018+00:00,200,146252.82,
2026-09-12T13:00:55.265382+00:00,200,277300.06,
2026-09-12T13:03:26.295260+00:00,200,126289.42,
2026-09-12T13:02:16.141700+00:00,200,196447.31,
2026-09-12T13:01:24.906700+00:00,200,247687.76,
2026-09-12T13:03:26.483091+00:00,200,126118.4,
2026-09-12T13:02:05.681520+00:00,200,206921.96,
2026-09-12T13:02:41.319181+00:00,200,171286.32,
2026-09-12T13:01:47.634027+00:00,200,224980.13,
2026-09-12T13:01:37.774737+00:00,200,234868.74,
2026-09-12T13:02:40.360191+00:00,200,172290.15,
2026-09-12T13:02:39.229671+00:00,200,173447.73,
2026-09-12T13:02:50.714355+00:00,200,161966.84,
2026-09-12T13:02:21.069739+00:00,200,191612.73,
2026-09-12T13:02:05.881586+00:00,200,206808.28,
2026-09-12T13:03:19.083282+00:00,200,133621.59,
2026-09-12T13:03:19.897782+00:00,200,132838.75,
2026-09-12T13:03:05.260316+00:00,200,147525.78,
2026-09-12T13:02:49.484531+00:00,200,163322.82,
2026-09-12T13:01:56.114698+00:00,200,216717.13,
2026-09-12T13:02:31.701198+00:00,200,181145.67,
2026-09-12T13:03:12.338189+00:00,200,140528.94,
2026-09-12T13:02:54.196428+00:00,200,158726.33,
2026-09-12T13:03:28.261192+00:00,200,124673.42,
2026-09-12T13:01:51.656314+00:00,200,221293.5,
2026-09-12T13:01:56.143004+00:00,200,216809.79,
2026-09-12T13:02:07.702242+00:00,200,205285.03,
2026-09-12T13:02:49.731510+00:00,200,163314.54,
2026-09-12T13:03:01.643814+00:00,200,151416.18,
2026-09-12T13:01:06.826601+00:00,200,266234.26,
2026-09-12T13:02:46.929841+00:00,200,166165.48,
2026-09-12T13:01:01.993764+00:00,200,271154.0,
2026-09-12T13:02:41.854058+00:00,200,171318.46,
2026-09-12T13:02:42.928317+00:00,200,170278.67,
2026-09-12T13:01:16.047788+00:00,200,257166.76,
2026-09-12T13:02:30.044294+00:00,200,183207.91,
2026-09-12T13:01:41.314292+00:00,200,231942.95,
2026-09-12T13:01:09.007536+00:00,200,264255.74,
2026-09-12T13:01:51.055382+00:00,200,222224.92,
2026-09-12T13:01:24.502043+00:00,200,248791.34,
2026-09-12T13:01:06.333757+00:00,200,266970.87,
2026-09-12T13:02:00.603432+00:00,200,212730.18,
2026-09-12T13:01:48.365211+00:00,200,225005.02,
2026-09-12T13:02:39.386629+00:00,200,173985.35,
2026-09-12T13:02:52.175980+00:00,200,161203.32,
2026-09-12T13:03:12.628124+00:00,200,140813.61,
2026-09-12T13:00:54.710954+00:00,200,278763.47,
2026-09-12T13:02:20.832061+00:00,200,192673.09,
2026-09-12T13:01:12.263542+00:00,200,261248.06,
2026-09-12T13:02:42.047894+00:00,200,171478.77,
2026-09-12T13:02:04.931081+00:00,200,208602.48,
2026-09-12T13:01:16.374407+00:00,200,257188.73,
2026-09-12T13:01:05.132163+00:00,200,268431.75,
2026-09-12T13:02:18.640324+00:00,200,194926.86,
2026-09-12T13:03:27.329136+00:00,200,126247.7,
2026-09-12T13:01:00.572944+00:00,200,273013.39,
2026-09-12T13:02:58.640383+00:00,200,154948.41,
2026-09-12T13:01:16.288724+00:00,200,257335.49,
2026-09-12T13:01:41.194405+00:00,200,232436.07,
2026-09-12T13:01:58.653097+00:00,200,214982.01,
2026-09-12T13:01:55.912382+00:00,200,217740.6,
2026-09-12T13:01:40.584768+00:00,200,233104.4,
2026-09-12T13:03:06.516747+00:00,200,147174.64,
2026-09-12T13:03:23.900974+00:00,200,129795.38,
2026-09-12T13:01:25.454239+00:00,200,248249.6,
2026-09-12T13:02:02.488865+00:00,200,211215.93,
2026-09-12T13:02:41.827927+00:00,200,171878.96,
2026-09-12T13:01:51.657343+00:00,200,222099.09,
2026-09-12T13:03:34.132177+00:00,200,119666.54,
2026-09-12T13:01:29.608963+00:00,200,244203.17,
2026-09-12T13:02:01.650692+00:00,200,212169.24,
2026-09-12T13:00:28.182550+00:00,200,305691.85,
2026-09-12T13:02:43.301150+00:00,200,170574.16,
2026-09-12T13:02:11.181538+00:00,200,202697.63,
2026-09-12T13:01:07.807239+00:00,200,266089.33,
2026-09-12T13:02:55.205811+00:00,200,158740.71,
2026-09-12T13:02:52.394208+00:00,200,161558.13,
2026-09-12T13:02:44.932302+00:00,200,169036.49,
2026-09-12T13:02:34.705043+00:00,200,179277.27,
2026-09-12T13:03:25.285239+00:00,200,128718.5,
2026-09-12T13:03:45.257186+00:00,200,108751.93,
2026-09-12T13:03:38.054005+00:00,200,115957.27,
2026-09-12T13:01:38.852738+00:00,200,235162.05,
2026-09-12T13:03:14.757936+00:00,200,139257.75,
2026-09-12T13:01:48.570401+00:00,200,225466.87,
2026-09-12T13:01:03.735769+00:00,200,270309.65,
2026-09-12T13:02:25.338848+00:00,200,188707.74,
2026-09-12T13:01:59.866913+00:00,200,214193.61,
2026-09-12T13:01:47.606096+00:00,200,226487.81,
2026-09-12T13:02:06.476817+00:00,200,207619.26,
2026-09-12T13:03:00.302491+00:00,200,153829.83,
2026-09-12T13:01:05.470952+00:00,200,268664.59,
2026-09-12T13:00:30.384270+00:00,200,303772.32,
2026-09-12T13:00:51.155542+00:00,200,283029.35,
2026-09-12T13:01:31.301540+00:00,200,242902.11,
2026-09-12T13:01:50.792053+00:00,200,223424.49,
2026-09-12T13:01:40.606567+00:00,200,233712.09,
2026-09-12T13:01:45.058311+00:00,200,229277.32,
2026-09-12T13:03:02.280204+00:00,200,152073.54,
2026-09-12T13:01:55.415926+00:00,200,218960.3,
2026-09-12T13:03:29.077307+00:00,200,125335.3,
2026-09-12T13:00:47.866526+00:00,200,286547.81,
2026-09-12T13:02:57.810932+00:00,200,156605.39,
2026-09-12T13:00:58.311182+00:00,200,276132.48,
2026-09-12T13:03:06.944330+00:00,200,147516.31,
2026-09-12T13:03:11.914342+00:00,200,142550.36,
2026-09-12T13:03:24.475393+00:00,200,130007.29,
2026-09-12T13:01:14.250829+00:00,200,260258.55,
2026-09-12T13:02:38.382140+00:00,200,176197.25,
2026-09-12T13:02:56.756988+00:00,200,157850.92,
2026-09-12T13:01:55.890153+00:00,200,218721.64,
2026-09-12T13:02:06.205719+00:00,200,208427.66,
2026-09-12T13:02:41.962773+00:00,200,172689.47,
2026-09-12T13:01:03.474005+00:00,200,271202.81,
2026-09-12T13:03:04.295707+00:00,200,150383.16,
2026-09-12T13:02:31.824594+00:00,200,182908.43,
2026-09-12T13:01:06.083006+00:00,200,268689.58,
2026-09-12T13:01:32.818010+00:00,200,241987.26,
2026-09-12T13:03:05.048101+00:00,200,149790.31,
2026-09-12T13:03:09.633509+00:00,200,145215.52,
2026-09-12T13:02:41.361580+00:00,200,173490.31,
2026-09-12T13:02:38.692826+00:00,200,176160.97,
2026-09-12T13:03:08.423302+00:00,200,146451.82,
2026-09-12T13:02:42.880456+00:00,200,172043.39,
2026-09-12T13:00:43.060215+00:00,200,291878.44,
2026-09-12T13:01:20.104519+00:00,200,254842.25,
2026-09-12T13:02:18.106231+00:00,200,196844.25,
2026-09-12T13:02:54.185430+00:00,200,160766.94,
2026-09-12T13:02:28.734734+00:00,200,186239.33,
2026-09-12T13:02:46.134482+00:00,200,168841.86,
2026-09-12T13:02:52.432604+00:00,200,162564.64,
2026-09-12T13:03:24.434780+00:00,200,130567.96,
2026-09-12T13:03:19.627142+00:00,200,135388.6,
2026-09-12T13:01:28.604649+00:00,200,246437.2,
2026-09-12T13:01:36.880940+00:00,200,238174.01,
2026-09-12T13:02:27.875489+00:00,200,187243.25,
2026-09-12T13:02:44.260184+00:00,200,170861.98,
2026-09-12T13:01:04.307345+00:00,200,270821.39,
2026-09-12T13:02:34.742598+00:00,200,180388.28,
2026-09-12T13:01:48.730378+00:00,200,226475.95,
2026-09-12T13:02:58.775842+00:00,200,156446.73,
2026-09-12T13:01:45.835121+00:00,200,229391.76,
2026-09-12T13:02:47.759398+00:00,200,167530.65,
2026-09-12T13:01:06.774960+00:00,200,268516.01,
2026-09-12T13:02:24.779593+00:00,200,190536.0,
2026-09-12T13:02:23.447924+00:00,200,191906.26,
2026-09-12T13:02:26.218350+00:00,200,189192.74,
2026-09-12T13:03:12.389823+00:00,200,143027.95,
2026-09-12T13:02:50.329069+00:00,200,165126.62,
2026-09-12T13:03:38.475332+00:00,200,116995.15,
2026-09-12T13:03:37.030503+00:00,200,118442.85,
2026-09-12T13:01:11.645431+00:00,200,263829.29,
2026-09-12T13:03:18.791342+00:00,200,136685.66,
2026-09-12T13:01:44.688467+00:00,200,230794.18,
2026-09-12T13:03:27.071500+00:00,200,128425.33,
2026-09-12T13:01:10.725582+00:00,200,264773.67,
2026-09-12T13:02:17.983154+00:00,200,197519.33,
2026-09-12T13:03:18.851053+00:00,200,136658.25,
2026-09-12T13:02:55.478823+00:00,200,160057.6,
2026-09-12T13:03:32.984507+00:00,200,122554.51,
2026-09-12T13:00:46.715488+00:00,200,288826.3,
2026-09-12T13:01:31.993828+00:00,200,243552.62,
2026-09-12T13:02:00.547608+00:00,200,215010.83,
2026-09-12T13:01:30.881620+00:00,200,244689.28,
2026-09-12T13:01:24.158090+00:00,200,251419.85,
2026-09-12T13:03:20.768542+00:00,200,134899.13,
2026-09-12T13:03:38.233475+00:00,200,117496.0,
2026-09-12T13:02:32.547090+00:00,200,183252.38,
2026-09-12T13:03:44.535850+00:00,200,111341.08,
2026-09-12T13:01:06.220059+00:00,200,269660.85,
2026-09-12T13:03:28.297680+00:00,200,127595.87,
2026-09-12T13:03:12.060246+00:00,200,143835.11,
2026-09-12T13:01:09.779602+00:00,200,266142.1,
2026-09-12T13:02:34.697822+00:00,200,181272.8,
2026-09-12T13:02:02.422012+00:00,200,213603.15,
2026-09-12T13:01:05.608402+00:00,200,270434.11,
2026-09-12T13:03:14.834974+00:00,200,141222.2,
2026-09-12T13:01:10.712022+00:00,200,265349.67,
2026-09-12T13:02:56.476560+00:00,200,159586.82,
2026-09-12T13:03:38.065445+00:00,200,118014.77,
2026-09-12T13:02:21.868418+00:00,200,194224.23,
2026-09-12T13:01:54.549409+00:00,200,221555.04,
2026-09-12T13:01:54.428800+00:00,200,221686.18,
2026-09-12T13:02:27.775185+00:00,200,188346.92,
2026-09-12T13:03:32.690832+00:00,200,123437.97,
2026-09-12T13:01:18.632588+00:00,200,257499.18,
2026-09-12T13:03:07.091140+00:00,200,149068.5,
2026-09-12T13:03:21.104525+00:00,200,135063.38,
2026-09-12T13:01:44.125491+00:00,200,232051.86,
2026-09-12T13:01:50.666687+00:00,200,225523.67,
2026-09-12T13:02:20.893450+00:00,200,195353.77,
2026-09-12T13:01:42.563551+00:00,200,233684.85,
2026-09-12T13:00:44.924395+00:00,200,291325.95,
2026-09-12T13:02:25.533267+00:00,200,190726.47,
2026-09-12T13:03:43.339838+00:00,200,112922.32,
2026-09-12T13:01:50.704028+00:00,200,225569.46,
2026-09-12T13:01:41.713685+00:00,200,234580.23,
2026-09-12T13:02:26.278701+00:00,200,190020.31,
2026-09-12T13:03:24.047789+00:00,200,132294.91,
2026-09-12T13:01:14.549315+00:00,200,261897.65,
2026-09-12T13:03:06.002324+00:00,200,150454.78,
2026-09-12T13:01:30.846993+00:00,200,245611.8,
2026-09-12T13:02:38.660402+00:00,200,177811.25,
2026-09-12T13:02:03.646631+00:00,200,212864.94,
2026-09-12T13:01:58.877004+00:00,200,217639.73,
2026-09-12T13:03:05.203598+00:00,200,151347.58,
2026-09-12T13:03:44.887342+00:00,200,111667.02,
2026-09-12T13:03:27.351960+00:00,200,129229.79,
2026-09-12T13:01:50.372828+00:00,200,226215.8,
2026-09-12T13:03:35.260847+00:00,200,121330.22,
2026-09-12T13:00:58.407962+00:00,200,278186.78,
2026-09-12T13:03:05.467088+00:00,200,151165.32,
2026-09-12T13:03:25.305872+00:00,200,131363.53,
2026-09-12T13:02:40.185789+00:00,200,176490.59,
2026-09-12T13:01:27.876945+00:00,200,248803.45,
2026-09-12T13:01:58.979396+00:00,200,217731.1,
2026-09-12T13:02:06.482873+00:00,200,210239.54,
2026-09-12T13:01:15.662751+00:00,200,261074.21,
2026-09-12T13:02:49.927580+00:00,200,166817.45,
2026-09-12T13:02:00.973883+00:00,200,215825.15,
2026-09-12T13:02:49.961103+00:00,200,166859.58,
2026-09-12T13:01:05.471993+00:00,200,271364.89,
2026-09-12T13:03:27.161018+00:00,200,129680.26,
2026-09-12T13:02:38.669600+00:00,200,178186.96,
2026-09-12T13:02:42.164704+00:00,200,174703.46,
2026-09-12T13:01:24.003504+00:00,200,252866.99,
2026-09-12T13:01:51.064497+00:00,200,225828.66,
2026-09-12T13:02:13.569877+00:00,200,203405.95,
2026-09-12T13:03:00.015896+00:00,200,156998.98,
2026-09-12T13:02:50.019151+00:00,200,166999.9,
2026-09-12T13:02:39.852116+00:00,200,177175.95,
2026-09-12T13:03:28.826017+00:00,200,128204.44,
2026-09-12T13:02:37.660478+00:00,200,179378.84,
2026-09-12T13:01:39.739922+00:00,200,237314.25,
2026-09-12T13:02:39.243898+00:00,200,177927.35,
2026-09-12T13:01:53.087820+00:00,200,224130.67,
2026-09-12T13:02:05.702293+00:00,200,211516.93,
2026-09-12T13:01:47.031564+00:00,200,230198.03,
2026-09-12T13:01:59.360601+00:00,200,217876.67,
2026-09-12T13:03:40.853424+00:00,200,116425.7,
2026-09-12T13:01:56.327069+00:00,200,220972.89,
2026-09-12T13:01:16.765013+00:00,200,260564.28,
2026-09-12T13:03:18.443151+00:00,200,138898.54,
2026-09-12T13:01:44.536214+00:00,200,232827.39,
2026-09-12T13:01:43.596256+00:00,200,233769.15,
2026-09-12T13:00:35.433807+00:00,200,301932.46,
2026-09-12T13:02:01.661567+00:00,200,215738.27,
2026-09-12T13:01:43.751307+00:00,200,233686.07,
2026-09-12T13:01:38.888916+00:00,200,238571.56,
2026-09-12T13:01:05.042735+00:00,200,272445.31,
2026-09-12T13:03:12.013581+00:00,200,145482.21,
2026-09-12T13:02:16.089739+00:00,200,201410.86,
2026-09-12T13:01:50.202343+00:00,200,227306.09,
2026-09-12T13:02:28.540563+00:00,200,188984.92,
2026-09-12T13:02:40.128964+00:00,200,177431.41,
2026-09-12T13:01:26.436105+00:00,200,251140.26,
2026-09-12T13:02:48.194634+00:00,200,169392.12,
2026-09-12T13:03:00.985369+00:00,200,156603.5,
2026-09-12T13:03:22.359031+00:00,200,135292.97,
2026-09-12T13:03:34.808191+00:00,200,122879.33,
2026-09-12T13:01:12.309701+00:00,200,265389.7,
2026-09-12T13:02:10.422635+00:00,200,207278.15,
2026-09-12T13:02:31.254898+00:00,200,186457.4,
2026-09-12T13:01:39.057330+00:00,200,238690.14,
2026-09-12T13:02:35.622942+00:00,200,182125.97,
2026-09-12T13:01:52.145583+00:00,200,225610.19,
2026-09-12T13:02:42.264737+00:00,200,175503.51,
2026-09-12T13:02:47.521950+00:00,200,170250.48,
2026-09-12T13:02:03.201923+00:00,200,214582.49,
2026-09-12T13:02:27.823032+00:00,200,189962.55,
2026-09-12T13:02:10.870430+00:00,200,206923.92,
2026-09-12T13:02:46.049977+00:00,200,171765.43,
2026-09-12T13:01:33.288918+00:00,200,244563.55,
2026-09-12T13:02:03.851831+00:00,200,214034.99,
2026-09-12T13:01:50.322310+00:00,200,227584.37,
2026-09-12T13:02:07.651028+00:00,200,210258.72,
2026-09-12T13:02:34.955917+00:00,200,182954.49,
2026-09-12T13:01:43.239985+00:00,200,234673.12,
2026-09-12T13:01:53.486490+00:00,200,224435.82,
2026-09-12T13:02:58.924729+00:00,200,159019.9,
2026-09-12T13:01:49.822404+00:00,200,228160.57,
2026-09-12T13:03:09.891677+00:00,200,148123.76,
2026-09-12T13:01:10.612650+00:00,200,267408.6,
2026-09-12T13:02:34.729501+00:00,200,183381.23,
2026-09-12T13:02:16.240469+00:00,200,201874.88,
2026-09-12T13:02:51.500109+00:00,200,166619.93,
2026-09-12T13:03:37.384238+00:00,200,120768.73,
2026-09-12T13:03:29.472799+00:00,200,128710.5,
2026-09-12T13:02:10.319364+00:00,200,207889.62,
2026-09-12T13:02:57.546263+00:00,200,160671.68,
2026-09-12T13:02:44.256938+00:00,200,174014.13,
2026-09-12T13:01:37.569618+00:00,200,240712.86,
2026-09-12T13:00:46.162381+00:00,200,292126.32,
2026-09-12T13:01:28.895445+00:00,200,249394.71,
2026-09-12T13:03:20.863396+00:00,200,137436.97,
2026-09-12T13:03:44.221895+00:00,200,114086.66,
2026-09-12T13:03:04.374056+00:00,200,153938.08,
2026-09-12T13:01:28.727491+00:00,200,249641.33,
2026-09-12T13:01:19.061176+00:00,200,259349.62,
2026-09-12T13:00:46.399016+00:00,200,292016.26,
2026-09-12T13:02:18.139716+00:00,200,200299.98,
2026-09-12T13:02:30.640567+00:00,200,187821.23,
2026-09-12T13:02:32.627673+00:00,200,185844.69,
2026-09-12T13:01:34.141628+00:00,200,244339.07,
2026-09-12T13:03:26.923781+00:00,200,131557.73,
2026-09-12T13:02:53.810751+00:00,200,164681.61,
2026-09-12T13:01:33.768358+00:00,200,244727.93,
2026-09-12T13:01:32.415005+00:00,200,246104.78,
2026-09-12T13:03:28.623348+00:00,200,129908.67,
2026-09-12T13:03:01.965142+00:00,200,156592.82,
2026-09-12T13:02:40.773949+00:00,200,177785.45,
2026-09-12T13:01:24.670138+00:00,200,253917.43,
2026-09-12T13:02:16.793382+00:00,200,201809.62,
2026-09-12T13:01:33.355690+00:00,200,245272.88,
2026-09-12T13:02:20.941142+00:00,200,197698.08,
2026-09-12T13:02:50.201917+00:00,200,168458.12,
2026-09-12T13:01:04.337468+00:00,200,274332.23,
2026-09-12T13:01:50.330084+00:00,200,228351.1,
2026-09-12T13:03:09.532225+00:00,200,149172.99,
2026-09-12T13:02:35.099123+00:00,200,183613.77,
2026-09-12T13:02:47.680737+00:00,200,171038.93,
2026-09-12T13:01:22.468170+00:00,200,256294.46,
2026-09-12T13:02:52.971951+00:00,200,165801.76,
2026-09-12T13:03:29.265823+00:00,200,129514.38,
2026-09-12T13:02:16.051744+00:00,200,202729.75,
2026-09-12T13:02:24.173493+00:00,200,194617.14,
2026-09-12T13:03:28.805556+00:00,200,129986.81,
2026-09-12T13:00:57.190440+00:00,200,281602.73,
2026-09-12T13:03:20.506558+00:00,200,138359.14,
2026-09-12T13:00:39.913170+00:00,200,298978.15,
2026-09-12T13:02:20.924399+00:00,200,198008.88,
2026-09-12T13:02:58.821068+00:00,200,160123.05,
2026-09-12T13:01:51.293339+00:00,200,227652.72,
2026-09-12T13:02:35.982857+00:00,200,182966.53,
2026-09-12T13:01:36.041839+00:00,200,242923.88,
2026-09-12T13:01:55.950526+00:00,200,223027.71,
2026-09-12T13:02:28.603327+00:00,200,190381.18,
2026-09-12T13:01:32.504405+00:00,200,246480.76,
2026-09-12T13:02:18.893017+00:00,200,200140.57,
2026-09-12T13:01:05.336878+00:00,200,273714.79,
2026-09-12T13:03:06.289735+00:00,200,152773.08,
2026-09-12T13:02:09.466292+00:00,200,209598.03,
2026-09-12T13:02:06.618290+00:00,200,212490.96,
2026-09-12T13:01:36.103533+00:00,200,243024.95,
2026-09-12T13:02:35.860329+00:00,200,183272.39,
2026-09-12T13:01:47.311125+00:00,200,231831.55,
2026-09-12T13:01:07.324766+00:00,200,271870.11,
2026-09-12T13:02:44.043823+00:00,200,175151.96,
2026-09-12T13:02:11.979205+00:00,200,207241.03,
2026-09-12T13:02:23.921267+00:00,200,195317.5,
2026-09-12T13:01:56.599278+00:00,200,222640.33,
2026-09-12T13:03:41.766039+00:00,200,117490.05,
2026-09-12T13:01:31.199597+00:00,200,248077.37,
2026-09-12T13:01:35.818399+00:00,200,243460.44,
2026-09-12T13:03:35.322735+00:00,200,123974.97,
2026-09-12T13:02:26.396470+00:00,200,192903.99,
2026-09-12T13:02:38.215662+00:00,200,181091.87,
2026-09-12T13:02:02.742133+00:00,200,216567.48,
2026-09-12T13:03:29.481343+00:00,200,129860.6,
2026-09-12T13:03:26.214442+00:00,200,133132.84,
2026-09-12T13:00:56.332537+00:00,200,283017.65,
2026-09-12T13:03:08.324858+00:00,200,151106.37,
2026-09-12T13:01:48.368443+00:00,200,231073.48,
2026-09-12T13:02:23.506718+00:00,200,195952.88,
2026-09-12T13:01:42.725582+00:00,200,236735.44,
2026-09-12T13:03:43.191301+00:00,200,116274.72,
2026-09-12T13:01:34.006843+00:00,200,245464.95,
2026-09-12T13:02:32.375971+00:00,200,187113.87,
2026-09-12T13:03:13.663978+00:00,200,145843.05,
2026-09-12T13:02:28.419019+00:00,200,191113.88,
2026-09-12T13:01:44.892651+00:00,200,234655.95,
2026-09-12T13:01:51.829109+00:00,200,227720.19,
2026-09-12T13:00:28.998026+00:00,200,310564.34,
2026-09-12T13:01:29.139633+00:00,200,250424.52,
2026-09-12T13:03:17.463491+00:00,200,142114.51,
2026-09-12T13:01:56.822996+00:00,200,222773.36,
2026-09-12T13:01:45.512044+00:00,200,234099.92,
2026-09-12T13:01:21.746828+00:00,200,257932.97,
2026-09-12T13:01:23.355073+00:00,200,256330.81,
2026-09-12T13:02:38.981350+00:00,200,180706.73,
2026-09-12T13:02:45.078018+00:00,200,174644.53,
2026-09-12T13:01:33.587297+00:00,200,246152.53,
2026-09-12T13:02:56.754908+00:00,200,162988.17,
2026-09-12T13:03:43.151685+00:00,200,116595.55,
2026-09-12T13:01:15.271584+00:00,200,264477.31,
2026-09-12T13:00:48.151705+00:00,200,291630.42,
2026-09-12T13:02:04.311660+00:00,200,215477.57,
2026-09-12T13:01:14.060522+00:00,200,265734.53,
2026-09-12T13:01:55.242073+00:00,200,224583.32,
2026-09-12T13:03:11.469615+00:00,200,148386.85,
2026-09-12T13:02:17.753691+00:00,200,202104.3,
2026-09-12T13:02:15.256677+00:00,200,204605.08,
2026-09-12T13:02:38.159284+00:00,200,181732.09,
2026-09-12T13:01:32.036743+00:00,200,247875.37,
2026-09-12T13:03:10.618030+00:00,200,149299.28,
2026-09-12T13:03:12.022052+00:00,200,147898.45,
2026-09-12T13:01:28.969429+00:00,200,250966.42,
2026-09-12T13:01:39.012380+00:00,200,240934.77,
2026-09-12T13:01:35.361755+00:00,200,244589.43,
2026-09-12T13:03:12.385525+00:00,200,147578.43,
2026-09-12T13:03:24.758176+00:00,200,135234.75,
2026-09-12T13:02:43.497162+00:00,200,176511.02,
2026-09-12T13:01:14.779322+00:00,200,265238.36,
2026-09-12T13:02:57.561930+00:00,200,162504.59,
2026-09-12T13:02:10.994173+00:00,200,209083.62,
2026-09-12T13:01:47.282713+00:00,200,232824.86,
2026-09-12T13:02:04.879404+00:00,200,215295.7,
2026-09-12T13:02:13.708391+00:00,200,206475.02,
2026-09-12T13:02:57.585932+00:00,200,162606.42,
2026-09-12T13:01:57.905867+00:00,200,222314.85,
2026-09-12T13:02:34.386876+00:00,200,185840.78,
2026-09-12T13:01:23.303002+00:00,200,256939.54,
2026-09-12T13:00:36.358202+00:00,200,303918.61,
2026-09-12T13:01:52.994990+00:00,200,227307.78,
2026-09-12T13:01:57.907397+00:00,200,222408.42,
2026-09-12T13:01:05.649107+00:00,200,274674.07,
2026-09-12T13:01:45.464322+00:00,200,234862.87,
2026-09-12T13:03:01.122702+00:00,200,159216.82,
2026-09-12T13:01:54.679113+00:00,200,225662.75,
2026-09-12T13:02:19.137598+00:00,200,201207.46,
2026-09-12T13:01:08.403690+00:00,200,271974.89,
2026-09-12T13:02:28.112402+00:00,200,192267.68,
2026-09-12T13:02:31.359366+00:00,200,189053.75,
2026-09-12T13:03:09.273001+00:00,200,151159.23,
2026-09-12T13:01:01.054171+00:00,200,279388.48,
2026-09-12T13:01:20.951779+00:00,200,259503.67,
2026-09-12T13:01:29.573625+00:00,200,250888.74,
2026-09-12T13:02:38.567315+00:00,200,181904.34,
2026-09-12T13:01:12.947489+00:00,200,267573.48,
2026-09-12T13:00:31.059303+00:00,200,309467.13,
2026-09-12T13:02:31.504995+00:00,200,189037.84,
2026-09-12T13:01:26.521462+00:00,200,254039.64,
2026-09-12T13:03:10.858147+00:00,200,149711.46,
2026-09-12T13:03:08.593370+00:00,200,151984.61,
2026-09-12T13:01:53.796871+00:00,200,226838.24,
2026-09-12T13:03:10.227363+00:00,200,150424.37,
2026-09-12T13:02:25.741904+00:00,200,194921.89,
2026-09-12T13:02:09.668337+00:00,200,211032.84,
2026-09-12T13:02:41.823399+00:00,200,178896.29,
2026-09-12T13:03:43.154129+00:00,200,117570.38,
2026-09-12T13:02:52.351343+00:00,200,168374.73,
2026-09-12T13:03:10.455945+00:00,200,150273.59,
2026-09-12T13:02:57.934826+00:00,200,162802.83,
2026-09-12T13:01:22.272998+00:00,200,258515.93,
2026-09-12T13:01:13.288363+00:00,200,267526.29,
2026-09-12T13:02:29.857392+00:00,200,190976.8,
2026-09-12T13:01:41.329719+00:00,200,239508.75,
2026-09-12T13:02:42.163595+00:00,200,178675.9,
2026-09-12T13:00:33.682781+00:00,200,307180.72,
2026-09-12T13:03:00.551784+00:00,200,160312.84,
2026-09-12T13:00:57.847068+00:00,200,283019.61,
2026-09-12T13:01:35.517057+00:00,200,245362.18,
2026-09-12T13:02:14.031447+00:00,200,206866.1,
2026-09-12T13:02:45.194342+00:00,200,175709.34,
2026-09-12T13:02:34.306325+00:00,200,186598.51,
2026-09-12T13:03:25.433858+00:00,200,135475.28,
2026-09-12T13:02:21.031424+00:00,200,199920.84,
2026-09-12T13:02:05.419063+00:00,200,215549.96,
2026-09-12T13:02:12.206205+00:00,200,208778.21,
2026-09-12T13:00:29.350932+00:00,200,311636.69,
2026-09-12T13:02:35.275895+00:00,200,185759.78,
2026-09-12T13:01:00.891132+00:00,200,280159.97,
2026-09-12T13:00:48.861282+00:00,200,292193.01,
2026-09-12T13:01:46.242755+00:00,200,234836.35,
2026-09-12T13:01:10.260324+00:00,200,270876.79,
2026-09-12T13:02:22.201974+00:00,200,198938.42,
2026-09-12T13:03:27.652804+00:00,200,133490.57,
2026-09-12T13:02:33.983789+00:00,200,187178.67,
2026-09-12T13:01:07.391304+00:00,200,273779.54,
2026-09-12T13:01:53.041676+00:00,200,228154.71,
2026-09-12T13:02:07.358968+00:00,200,213847.95,
2026-09-12T13:01:32.248158+00:00,200,248959.33,
2026-09-12T13:00:58.718081+00:00,200,282502.08,
2026-09-12T13:00:21.259112+00:00,200,319993.72,
2026-09-12T13:01:01.904673+00:00,200,279354.31,
2026-09-12T13:02:59.700512+00:00,200,161563.6,
2026-09-12T13:03:23.887752+00:00,200,137385.44,
2026-09-12T13:01:34.245771+00:00,200,247042.15,
2026-09-12T13:03:28.096830+00:00,200,133196.63,
2026-09-12T13:02:15.911372+00:00,200,205383.33,
2026-09-12T13:02:36.205648+00:00,200,185143.17,
2026-09-12T13:00:55.361581+00:00,200,285992.35,
2026-09-12T13:01:50.926596+00:00,200,230439.2,
2026-09-12T13:02:50.375579+00:00,200,171029.06,
2026-09-12T13:01:07.821698+00:00,200,273592.86,
2026-09-12T13:02:32.358634+00:00,200,189063.29,
2026-09-12T13:02:02.936257+00:00,200,218522.06,
2026-09-12T13:02:47.831179+00:00,200,173628.81,
2026-09-12T13:02:11.100346+00:00,200,210370.19,
2026-09-12T13:02:37.673466+00:00,200,183802.56,
2026-09-12T13:02:37.539673+00:00,200,183980.42,
2026-09-12T13:03:04.636330+00:00,200,156916.68,
2026-09-12T13:02:13.702240+00:00,200,207852.45,
2026-09-12T13:03:19.433001+00:00,200,142131.84,
2026-09-12T13:02:24.470721+00:00,200,197099.62,
2026-09-12T13:02:25.882714+00:00,200,195700.9,
2026-09-12T13:02:32.367207+00:00,200,189220.51,
2026-09-12T13:02:40.826634+00:00,200,180766.89,
2026-09-12T13:02:50.541541+00:00,200,171116.44,
2026-09-12T13:01:45.816075+00:00,200,235852.04,
2026-09-12T13:01:44.600340+00:00,200,237074.7,
2026-09-12T13:00:57.904984+00:00,200,283823.97,
2026-09-12T13:01:11.224579+00:00,200,270526.06,
2026-09-12T13:03:01.394637+00:00,200,160366.78,
2026-09-12T13:02:55.322330+00:00,200,166452.24,
2026-09-12T13:02:14.236352+00:00,200,207550.68,
2026-09-12T13:03:24.212984+00:00,200,137582.72,
2026-09-12T13:01:05.728943+00:00,200,276071.56,
2026-09-12T13:02:29.306529+00:00,200,192503.15,
2026-09-12T13:01:51.911381+00:00,200,229904.19,
2026-09-12T13:01:06.764750+00:00,200,275074.07,
2026-09-12T13:03:09.341808+00:00,200,152501.82,
2026-09-12T13:01:03.989008+00:00,200,277881.19,
2026-09-12T13:01:30.592645+00:00,200,251284.78,
2026-09-12T13:02:26.446025+00:00,200,195465.72,
2026-09-12T13:02:10.026640+00:00,200,211898.97,
2026-09-12T13:01:36.972812+00:00,200,244955.09,
2026-09-12T13:03:07.702123+00:00,200,154233.53,
2026-09-12T13:02:26.333197+00:00,200,195636.2,
2026-09-12T13:03:06.631116+00:00,200,155378.56,
2026-09-12T13:02:41.364348+00:00,200,180677.04,
2026-09-12T13:02:45.296017+00:00,200,176751.77,
2026-09-12T13:03:38.878730+00:00,200,123178.48,
2026-09-12T13:03:19.545362+00:00,200,142542.04,
2026-09-12T13:00:48.021806+00:00,200,294067.12,
2026-09-12T13:01:23.322750+00:00,200,258781.81,
2026-09-12T13:01:32.299053+00:00,200,249806.11,
2026-09-12T13:03:25.085043+00:00,200,137026.47,
2026-09-12T13:01:20.658518+00:00,200,261453.63,
2026-09-12T13:01:46.491319+00:00,200,235621.53,
2026-09-12T13:03:37.239466+00:00,200,124882.64,
2026-09-12T13:03:14.917211+00:00,200,147231.12,
2026-09-12T13:01:05.851088+00:00,200,276302.29,
2026-09-12T13:01:55.712805+00:00,200,226443.1,
2026-09-12T13:01:53.902739+00:00,200,228276.35,
2026-09-12T13:03:37.054450+00:00,200,125152.7,
2026-09-12T13:01:15.349135+00:00,200,266867.85,
2026-09-12T13:01:06.134331+00:00,200,276101.65,
2026-09-12T13:00:56.270118+00:00,200,285972.31,
2026-09-12T13:01:08.703871+00:00,200,273551.07,
2026-09-12T13:01:46.311211+00:00,200,235957.95,
2026-09-12T13:01:22.628902+00:00,200,259651.43,
2026-09-12T13:02:36.763062+00:00,200,185556.23,
2026-09-12T13:02:21.865944+00:00,200,200454.31,
2026-09-12T13:03:13.282293+00:00,200,149086.96,
2026-09-12T13:03:32.650079+00:00,200,129745.0,
2026-09-12T13:01:11.295209+00:00,200,271126.39,
2026-09-12T13:02:17.831944+00:00,200,204593.7,
2026-09-12T13:02:15.839031+00:00,200,206589.67,
2026-09-12T13:03:08.090068+00:00,200,154354.35,
2026-09-12T13:02:32.456478+00:00,200,189989.26,
2026-09-12T13:01:39.288176+00:00,200,243203.88,
2026-09-12T13:02:32.833285+00:00,200,189667.2,
2026-09-12T13:02:23.448963+00:00,200,199055.7,
2026-09-12T13:01:18.481608+00:00,200,264036.54,
2026-09-12T13:03:02.628943+00:00,200,159909.09,
2026-09-12T13:01:47.417284+00:00,200,235122.74,
2026-09-12T13:01:44.127241+00:00,200,238442.3,
2026-09-12T13:02:45.189327+00:00,200,177390.68,
2026-09-12T13:03:01.373344+00:00,200,161243.09,
2026-09-12T13:03:17.471638+00:00,200,145157.7,
2026-09-12T13:03:45.259786+00:00,200,117406.12,
2026-09-12T13:03:44.469040+00:00,200,118210.78,
2026-09-12T13:02:28.206846+00:00,200,194490.94,
2026-09-12T13:01:48.701375+00:00,200,234015.4,
2026-09-12T13:01:25.066951+00:00,200,257651.47,
2026-09-12T13:01:19.708563+00:00,200,263025.47,
2026-09-12T13:02:54.644837+00:00,200,168151.29,
2026-09-12T13:01:42.229932+00:00,200,240582.54,
2026-09-12T13:01:14.721182+00:00,200,268134.71,
2026-09-12T13:02:08.339102+00:00,200,214561.73,
2026-09-12T13:01:06.726209+00:00,200,276197.93,
2026-09-12T13:01:22.344444+00:00,200,260585.94,
2026-09-12T13:02:37.304393+00:00,200,185635.28,
2026-09-12T13:02:30.583873+00:00,200,192356.44,
2026-09-12T13:02:09.234016+00:00,200,213707.81,
2026-09-12T13:03:10.797412+00:00,200,152146.09,
2026-09-12T13:02:22.026446+00:00,200,200947.37,
2026-09-12T13:03:43.243169+00:00,200,119731.52,
2026-09-12T13:03:14.340226+00:00,200,148663.89,
2026-09-12T13:02:56.045034+00:00,200,166961.84,
2026-09-12T13:01:13.343107+00:00,200,269664.6,
2026-09-12T13:02:26.726319+00:00,200,196308.05,
2026-09-12T13:03:00.304817+00:00,200,162751.3,
2026-09-12T13:02:57.512083+00:00,200,165545.49,
2026-09-12T13:02:41.584108+00:00,200,181482.82,
2026-09-12T13:01:35.958036+00:00,200,247164.1,
2026-09-12T13:00:28.606970+00:00,200,314525.24,
2026-09-12T13:03:01.004596+00:00,200,162128.93,
2026-09-12T13:02:22.570063+00:00,200,200575.08,
2026-09-12T13:02:36.163355+00:00,200,187030.32,
2026-09-12T13:02:41.851034+00:00,200,181409.33,
2026-09-12T13:02:15.714798+00:00,200,207592.91,
2026-09-12T13:02:52.366339+00:00,200,170943.21,
2026-09-12T13:03:07.046044+00:00,200,156286.89,
2026-09-12T13:03:23.912534+00:00,200,139421.46,
2026-09-12T13:02:34.147678+00:00,200,189208.22,
2026-09-12T13:03:19.592911+00:00,200,143771.44,
2026-09-12T13:01:22.405616+00:00,200,260971.31,
2026-09-12T13:02:06.690869+00:00,200,216688.37,
2026-09-12T13:02:28.071202+00:00,200,195328.65,
2026-09-12T13:01:22.613862+00:00,200,260797.31,
2026-09-12T13:02:32.631305+00:00,200,190784.28,
2026-09-12T13:01:36.016366+00:00,200,247410.79,
2026-09-12T13:02:23.838645+00:00,200,199589.26,
2026-09-12T13:03:09.019048+00:00,200,154440.67,
2026-09-12T13:01:13.816744+00:00,200,269668.18,
2026-09-12T13:03:25.616292+00:00,200,137911.44,
2026-09-12T13:03:21.331315+00:00,200,142210.74,
2026-09-12T13:03:34.540447+00:00,200,129011.94,
2026-09-12T13:01:51.884112+00:00,200,231691.89,
2026-09-12T13:02:10.134144+00:00,200,213455.01,
2026-09-12T13:01:56.282940+00:00,200,227315.05,
2026-09-12T13:02:14.430844+00:00,200,209196.12,
2026-09-12T13:02:58.413666+00:00,200,165217.65,
2026-09-12T13:02:27.832855+00:00,200,195807.86,
2026-09-12T13:01:52.289091+00:00,200,231374.64,
2026-09-12T13:02:26.397459+00:00,200,197270.04,
2026-09-12T13:02:30.229049+00:00,200,193451.9,
2026-09-12T13:01:22.383996+00:00,200,261302.3,
2026-09-12T13:01:33.282616+00:00,200,250405.25,
2026-09-12T13:02:49.379627+00:00,200,174318.44,
2026-09-12T13:01:24.487687+00:00,200,259229.59,
2026-09-12T13:01:02.980096+00:00,200,280744.97,
2026-09-12T13:02:43.644881+00:00,200,180080.85,
2026-09-12T13:01:07.959384+00:00,200,275826.51,
2026-09-12T13:01:23.360331+00:00,200,260448.31,
2026-09-12T13:01:06.971787+00:00,200,276843.59,
2026-09-12T13:02:24.053294+00:00,200,199787.98,
2026-09-12T13:02:30.141906+00:00,200,193706.21,
2026-09-12T13:02:34.502675+00:00,200,189358.98,
2026-09-12T13:02:11.967599+00:00,200,211900.01,
2026-09-12T13:01:25.251167+00:00,200,258633.92,
2026-09-12T13:02:21.747318+00:00,200,202155.89,
2026-09-12T13:03:41.647166+00:00,200,122265.53,
2026-09-12T13:01:38.465280+00:00,200,245462.77,
2026-09-12T13:01:21.103199+00:00,200,262844.77,
2026-09-12T13:01:50.693268+00:00,200,233255.92,
2026-09-12T13:02:16.043824+00:00,200,207913.36,
2026-09-12T13:03:19.390132+00:00,200,144589.68,
2026-09-12T13:02:33.847389+00:00,200,190156.96,
2026-09-12T13:01:37.699677+00:00,200,246312.45,
2026-09-12T13:02:09.271661+00:00,200,214752.26,
2026-09-12T13:01:30.029258+00:00,200,253999.9,
2026-09-12T13:02:18.108713+00:00,200,205945.56,
2026-09-12T13:02:59.598879+00:00,200,164483.94,
2026-09-12T13:01:56.724123+00:00,200,227366.62,
2026-09-12T13:01:32.744150+00:00,200,251356.81,
2026-09-12T13:00:37.859791+00:00,200,306272.75,
2026-09-12T13:02:56.141912+00:00,200,168043.15,
2026-09-12T13:02:03.779324+00:00,200,220426.17,
2026-09-12T13:01:18.559756+00:00,200,265671.86,
2026-09-12T13:01:52.882245+00:00,200,231372.87,
2026-09-12T13:02:20.489169+00:00,200,203773.85,
2026-09-12T13:02:59.838325+00:00,200,164426.51,
2026-09-12T13:02:29.166654+00:00,200,195116.88,
2026-09-12T13:02:05.184756+00:00,200,219118.61,
2026-09-12T13:02:07.057529+00:00,200,217258.5,
2026-09-12T13:03:36.473907+00:00,200,127863.49,
2026-09-12T13:02:43.290688+00:00,200,181065.51,
2026-09-12T13:02:04.533264+00:00,200,219828.64,
2026-09-12T13:03:28.689665+00:00,200,135685.53,
2026-09-12T13:02:13.691570+00:00,200,210687.57,
2026-09-12T13:00:58.847109+00:00,200,285534.85,
2026-09-12T13:01:32.737385+00:00,200,251648.82,
2026-09-12T13:02:10.725688+00:00,200,213661.39,
2026-09-12T13:02:06.135753+00:00,200,218325.57,
2026-09-12T13:01:57.797041+00:00,200,226695.97,
2026-09-12T13:01:57.183855+00:00,200,227315.34,
2026-09-12T13:03:18.371097+00:00,200,146156.04,
2026-09-12T13:01:00.414135+00:00,200,284123.88,
2026-09-12T13:01:56.612094+00:00,200,227929.49,
2026-09-12T13:01:29.983365+00:00,200,254578.47,
2026-09-12T13:01:00.312839+00:00,200,284286.06,
2026-09-12T13:02:04.976151+00:00,200,219638.22,
2026-09-12T13:00:49.315015+00:00,200,295347.68,
2026-09-12T13:02:41.193977+00:00,200,183469.35,
2026-09-12T13:01:24.946679+00:00,200,259772.64,
2026-09-12T13:00:52.480333+00:00,200,292255.36,
2026-09-12T13:02:49.101721+00:00,200,175642.48,
2026-09-12T13:02:52.368663+00:00,200,172391.82,
2026-09-12T13:01:23.964412+00:00,200,260801.8,
2026-09-12T13:02:25.950753+00:00,200,198829.59,
2026-09-12T13:03:27.227532+00:00,200,137605.09,
2026-09-12T13:02:03.194955+00:00,200,221638.41,
2026-09-12T13:02:42.884274+00:00,200,181951.54,
2026-09-12T13:00:49.512343+00:00,200,295331.39,
2026-09-12T13:00:48.244361+00:00,200,296637.99,
2026-09-12T13:02:37.462369+00:00,200,187425.23,
2026-09-12T13:03:19.792421+00:00,200,145122.67,
2026-09-12T13:01:52.668682+00:00,200,232251.2,
2026-09-12T13:02:16.357717+00:00,200,208563.64,
2026-09-12T13:02:01.416968+00:00,200,223506.17,
2026-09-12T13:03:35.630428+00:00,200,129297.63,
2026-09-12T13:01:54.623045+00:00,200,230329.97,
2026-09-12T13:01:49.642669+00:00,200,235317.4,
2026-09-12T13:02:28.334695+00:00,200,196638.33,
2026-09-12T13:02:06.259706+00:00,200,218717.76,
2026-09-12T13:02:51.099643+00:00,200,173883.5,
2026-09-12T13:01:02.305027+00:00,200,282679.36,
2026-09-12T13:02:43.053754+00:00,200,181940.34,
2026-09-12T13:02:35.361875+00:00,200,189650.09,
2026-09-12T13:02:23.822151+00:00,200,201223.58,
2026-09-12T13:03:07.684541+00:00,200,157385.04,
2026-09-12T13:02:29.367161+00:00,200,195710.72,
2026-09-12T13:01:47.887497+00:00,200,237211.32,
2026-09-12T13:00:45.364748+00:00,200,299737.67,
2026-09-12T13:01:48.784859+00:00,200,236340.31,
2026-09-12T13:02:50.048118+00:00,200,175079.1,
2026-09-12T13:02:06.948409+00:00,200,218190.06,
2026-09-12T13:01:06.610136+00:00,200,278559.9,
2026-09-12T13:02:08.789492+00:00,200,216386.25,
2026-09-12T13:01:39.431129+00:00,200,245746.09,
2026-09-12T13:01:35.364915+00:00,200,249836.22,
2026-09-12T13:01:14.648903+00:00,200,270554.45,
2026-09-12T13:02:09.837431+00:00,200,215380.03,
2026-09-12T13:01:14.541644+00:00,200,270685.01,
2026-09-12T13:03:22.942438+00:00,200,142289.23,
2026-09-12T13:02:28.620682+00:00,200,196612.49,
2026-09-12T13:01:56.606602+00:00,200,228642.03,
2026-09-12T13:02:51.680479+00:00,200,173628.1,
2026-09-12T13:01:39.283983+00:00,200,246028.75,
2026-09-12T13:02:45.806521+00:00,200,179508.74,
2026-09-12T13:00:37.333125+00:00,200,307985.95,
2026-09-12T13:02:03.134578+00:00,200,222270.0,
2026-09-12T13:03:01.276080+00:00,200,164149.4,
2026-09-12T13:01:34.662309+00:00,200,250789.58,
2026-09-12T13:02:44.317882+00:00,200,181134.63,
2026-09-12T13:01:41.839672+00:00,200,243615.14,
2026-09-12T13:01:22.475730+00:00,200,263006.35,
2026-09-12T13:02:37.733272+00:00,200,187752.01,
2026-09-12T13:01:53.211222+00:00,200,232279.0,
2026-09-12T13:01:31.978103+00:00,200,253526.54,
2026-09-12T13:03:10.917259+00:00,200,154594.83,
2026-09-12T13:02:31.789176+00:00,200,193739.54,
2026-09-12T13:02:38.268931+00:00,200,187260.47,
2026-09-12T13:02:58.124118+00:00,200,167425.74,
2026-09-12T13:03:21.778515+00:00,200,143816.41,
2026-09-12T13:01:13.560247+00:00,200,272037.07,
2026-09-12T13:02:05.197465+00:00,200,220403.75,
2026-09-12T13:02:48.289010+00:00,200,177343.71,
2026-09-12T13:02:20.759458+00:00,200,204879.09,
2026-09-12T13:01:15.893099+00:00,200,269752.57,
2026-09-12T13:03:21.075576+00:00,200,144572.14,
2026-09-12T13:03:02.720327+00:00,200,162967.82,
2026-09-12T13:01:51.967868+00:00,200,233727.88,
2026-09-12T13:02:26.537541+00:00,200,199182.59,
2026-09-12T13:00:39.510824+00:00,200,306229.06,
2026-09-12T13:02:37.948478+00:00,200,187801.16,
2026-09-12T13:01:07.576830+00:00,200,278180.01,
2026-09-12T13:00:40.650365+00:00,200,305107.17,
2026-09-12T13:01:14.756788+00:00,200,271035.32,
2026-09-12T13:03:27.056701+00:00,200,138754.75,
2026-09-12T13:02:20.859050+00:00,200,204953.02,
2026-09-12T13:02:31.736697+00:00,200,194140.76,
2026-09-12T13:03:18.037727+00:00,200,147857.14,
2026-09-12T13:02:06.899656+00:00,200,218996.91,
2026-09-12T13:01:17.367723+00:00,200,268543.49,
2026-09-12T13:01:07.206762+00:00,200,278710.29,
2026-09-12T13:03:07.980807+00:00,200,157970.26,
2026-09-12T13:01:39.189035+00:00,200,246764.74,
2026-09-12T13:03:12.051513+00:00,200,153916.99,
2026-09-12T13:01:54.058059+00:00,200,231910.97,
2026-09-12T13:03:09.711988+00:00,200,156268.08,
2026-09-12T13:02:37.734545+00:00,200,188272.91,
2026-09-12T13:02:25.799061+00:00,200,200209.12,
2026-09-12T13:01:09.905703+00:00,200,276142.73,
2026-09-12T13:02:58.712358+00:00,200,167357.79,
2026-09-12T13:01:13.362560+00:00,200,272711.41,
2026-09-12T13:02:31.513967+00:00,200,194573.97,
2026-09-12T13:02:10.529556+00:00,200,215593.09,
2026-09-12T13:01:08.009043+00:00,200,278132.58,
2026-09-12T13:02:43.270499+00:00,200,182936.18,
2026-09-12T13:03:45.548872+00:00,200,120700.38,
2026-09-12T13:03:00.364922+00:00,200,165890.71,
2026-09-12T13:02:06.166944+00:00,200,220095.12,
2026-09-12T13:03:34.322755+00:00,200,131958.56,
2026-09-12T13:00:47.160080+00:00,200,299126.93,
2026-09-12T13:00:59.703480+00:00,200,286597.79,
2026-09-12T13:02:38.443898+00:00,200,187889.6,
2026-09-12T13:03:05.004293+00:00,200,161401.39,
2026-09-12T13:01:49.982477+00:00,200,236435.15,
2026-09-12T13:00:58.213597+00:00,200,288235.51,
2026-09-12T13:01:50.292549+00:00,200,236210.37,
2026-09-12T13:03:44.403537+00:00,200,122107.16,
2026-09-12T13:01:07.697911+00:00,200,278814.62,
2026-09-12T13:03:42.920454+00:00,200,123621.33,
2026-09-12T13:02:33.635055+00:00,200,192916.09,
2026-09-12T13:02:45.465070+00:00,200,181088.9,
2026-09-12T13:02:39.631757+00:00,200,186946.23,
2026-09-12T13:02:34.612282+00:00,200,191967.01,
2026-09-12T13:02:42.104121+00:00,200,184476.58,
2026-09-12T13:02:05.155566+00:00,200,221426.44,
2026-09-12T13:01:32.441968+00:00,200,254141.2,
2026-09-12T13:01:06.222086+00:00,200,280361.81,
2026-09-12T13:03:00.438703+00:00,200,166146.31,
2026-09-12T13:03:18.645712+00:00,200,147940.99,
2026-09-12T13:02:51.702065+00:00,200,174886.13,
2026-09-12T13:03:04.414988+00:00,200,162185.55,
2026-09-12T13:02:16.354804+00:00,200,210289.68,
2026-09-12T13:03:38.027199+00:00,200,128618.03,
2026-09-12T13:01:55.438494+00:00,200,231207.48,
2026-09-12T13:01:56.055292+00:00,200,230591.58,
2026-09-12T13:02:41.541769+00:00,200,185105.86,
2026-09-12T13:03:41.747502+00:00,200,124901.27,
2026-09-12T13:02:13.461323+00:00,200,213229.44,
2026-09-12T13:02:01.360620+00:00,200,225350.93,
2026-09-12T13:02:08.017016+00:00,200,218703.44,
2026-09-12T13:01:33.097881+00:00,200,253642.62,
2026-09-12T13:00:46.958351+00:00,200,299786.51,
2026-09-12T13:02:31.953959+00:00,200,194794.62,
2026-09-12T13:01:08.885873+00:00,200,277871.22,
2026-09-12T13:02:32.202311+00:00,200,194570.74,
2026-09-12T13:02:12.925378+00:00,200,213849.44,
2026-09-12T13:02:07.991812+00:00,200,218785.03,
2026-09-12T13:02:17.995155+00:00,200,208783.01,
2026-09-12T13:01:09.309670+00:00,200,277469.95,
2026-09-12T13:01:02.343552+00:00,200,284441.08,
2026-09-12T13:02:52.462718+00:00,200,174326.13,
2026-09-12T13:02:26.320188+00:00,200,200518.25,
2026-09-12T13:01:55.664287+00:00,200,231179.61,
2026-09-12T13:00:46.771429+00:00,200,300189.97,
2026-09-12T13:03:17.807245+00:00,200,149155.72,
2026-09-12T13:02:14.528485+00:00,200,212435.47,
2026-09-12T13:03:09.193528+00:00,200,157777.07,
2026-09-12T13:01:42.073931+00:00,200,244898.37,
2026-09-12T13:02:55.405547+00:00,200,171633.2,
2026-09-12T13:00:29.433989+00:00,200,317642.52,
2026-09-12T13:00:50.727752+00:00,200,296350.77,
2026-09-12T13:03:35.182729+00:00,200,131899.49,
2026-09-12T13:02:39.350839+00:00,200,187776.48,
2026-09-12T13:02:26.605612+00:00,200,200522.85,
2026-09-12T13:01:41.764922+00:00,200,245403.62,
2026-09-12T13:02:57.295903+00:00,200,169878.87,
2026-09-12T13:03:09.119239+00:00,200,158065.68,
2026-09-12T13:02:03.922020+00:00,200,223271.82,
2026-09-12T13:03:36.873659+00:00,200,130357.43,
2026-09-12T13:02:13.224276+00:00,200,214047.1,
2026-09-12T13:02:09.231612+00:00,200,218042.95,
2026-09-12T13:02:02.849429+00:00,200,224426.25,
2026-09-12T13:02:24.523053+00:00,200,202772.52,
2026-09-12T13:01:46.647072+00:00,200,240661.23,
2026-09-12T13:01:24.327051+00:00,200,263001.2,
2026-09-12T13:03:02.226139+00:00,200,165124.84,
2026-09-12T13:02:38.384411+00:00,200,188969.48,
2026-09-12T13:02:23.723039+00:00,200,203639.65,
2026-09-12T13:02:54.380440+00:00,200,172983.53,
2026-09-12T13:01:27.436445+00:00,200,259944.18,
2026-09-12T13:01:55.833041+00:00,200,231550.98,
2026-09-12T13:01:56.036732+00:00,200,231362.84,
2026-09-12T13:03:43.638765+00:00,200,123776.98,
2026-09-12T13:02:54.923833+00:00,200,172544.25,
2026-09-12T13:03:25.269792+00:00,200,142241.42,
2026-09-12T13:01:56.785285+00:00,200,230735.76,
2026-09-12T13:02:20.542926+00:00,200,207010.84,
2026-09-12T13:01:23.268820+00:00,200,264323.12,
2026-09-12T13:01:46.184585+00:00,200,241408.48,
2026-09-12T13:03:44.169688+00:00,200,123438.54,
2026-09-12T13:03:38.613764+00:00,200,129011.92,
2026-09-12T13:02:37.824495+00:00,200,189808.34,
2026-09-12T13:01:57.803056+00:00,200,229840.71,
2026-09-12T13:02:11.973930+00:00,200,215741.32,
2026-09-12T13:02:08.693710+00:00,200,219042.28,
2026-09-12T13:02:45.064332+00:00,200,182725.44,
2026-09-12T13:03:05.163936+00:00,200,162688.24,
2026-09-12T13:00:56.318522+00:00,200,291603.08,
2026-09-12T13:02:11.125224+00:00,200,216799.7,
2026-09-12T13:02:40.871710+00:00,200,187080.25,
2026-09-12T13:03:27.476187+00:00,200,140545.07,
2026-09-12T13:00:49.073176+00:00,200,299061.81,
2026-09-12T13:03:37.377180+00:00,200,130786.35,
2026-09-12T13:02:11.003834+00:00,200,217186.64,
2026-09-12T13:02:02.527889+00:00,200,225687.72,
2026-09-12T13:02:51.340260+00:00,200,176881.9,
2026-09-12T13:01:45.837856+00:00,200,242386.65,
2026-09-12T13:01:47.512331+00:00,200,240721.4,
2026-09-12T13:03:35.675254+00:00,200,132560.16,
2026-09-12T13:02:40.319130+00:00,200,187921.57,
2026-09-12T13:02:09.677884+00:00,200,218563.93,
2026-09-12T13:01:19.429845+00:00,200,268886.99,
2026-09-12T13:02:00.392674+00:00,200,227984.91,
2026-09-12T13:02:09.840698+00:00,200,218553.73,
2026-09-12T13:03:20.701826+00:00,200,147697.5,
2026-09-12T13:03:42.329461+00:00,200,126079.04,
2026-09-12T13:01:33.416417+00:00,200,255002.31,
2026-09-12T13:03:12.041760+00:00,200,156413.89,
2026-09-12T13:01:30.731193+00:00,200,257799.36,
2026-09-12T13:03:34.573453+00:00,200,133980.16,
2026-09-12T13:02:32.952081+00:00,200,195606.42,
2026-09-12T13:02:42.643024+00:00,200,185932.83,
2026-09-12T13:03:03.038189+00:00,200,165571.93,
2026-09-12T13:01:54.014846+00:00,200,234604.5,
2026-09-12T13:01:22.416288+00:00,200,266207.47,
2026-09-12T13:02:59.219104+00:00,200,169447.85,
2026-09-12T13:02:32.737219+00:00,200,195940.67,
2026-09-12T13:01:35.503460+00:00,200,253222.27,
2026-09-12T13:02:34.040170+00:00,200,194691.33,
2026-09-12T13:02:16.530585+00:00,200,212210.17,
2026-09-12T13:00:39.067862+00:00,200,309684.16,
2026-09-12T13:01:48.958141+00:00,200,239854.0,
2026-09-12T13:03:00.273087+00:00,200,168567.07,
2026-09-12T13:02:45.196479+00:00,200,183665.42,
2026-09-12T13:02:45.301287+00:00,200,183562.68,
2026-09-12T13:01:49.641362+00:00,200,239247.15,
2026-09-12T13:01:55.671150+00:00,200,233227.82,
2026-09-12T13:02:40.567146+00:00,200,188363.95,
2026-09-12T13:03:12.814460+00:00,200,156121.4,
2026-09-12T13:02:56.640150+00:00,200,172339.66,
2026-09-12T13:02:22.388394+00:00,200,206594.17,
2026-09-12T13:03:25.638868+00:00,200,143365.82,
2026-09-12T13:01:47.151487+00:00,200,241915.36,
2026-09-12T13:01:56.003329+00:00,200,233117.2,
2026-09-12T13:02:10.183884+00:00,200,218941.72,
2026-09-12T13:02:20.789404+00:00,200,208355.63,
2026-09-12T13:02:01.846675+00:00,200,227338.52,
2026-09-12T13:03:29.900791+00:00,200,139288.96,
2026-09-12T13:03:33.076562+00:00,200,136158.4,
2026-09-12T13:01:40.404654+00:00,200,248869.0,
2026-09-12T13:03:28.755322+00:00,200,140533.9,
2026-09-12T13:01:36.817973+00:00,200,252474.22,
2026-09-12T13:01:29.607893+00:00,200,259703.59,
2026-09-12T13:01:54.299422+00:00,200,235021.74,
2026-09-12T13:03:00.361224+00:00,200,168976.46,
2026-09-12T13:00:58.131928+00:00,200,291242.53,
2026-09-12T13:01:59.730217+00:00,200,229649.44,
2026-09-12T13:02:29.832615+00:00,200,199586.46,
2026-09-12T13:02:22.824700+00:00,200,206625.85,
2026-09-12T13:02:00.146513+00:00,200,229312.44,
2026-09-12T13:02:03.652284+00:00,200,225808.79,
2026-09-12T13:02:02.934363+00:00,200,226556.58,
2026-09-12T13:00:58.416905+00:00,200,291095.21,
2026-09-12T13:01:23.879213+00:00,200,265643.37,
2026-09-12T13:02:32.514976+00:00,200,197012.39,
2026-09-12T13:00:59.269799+00:00,200,290276.91,
2026-09-12T13:01:50.862887+00:00,200,238723.01,
2026-09-12T13:02:08.978402+00:00,200,220618.01,
2026-09-12T13:00:53.443596+00:00,200,296206.08,
2026-09-12T13:02:18.000566+00:00,200,211657.76,
2026-09-12T13:02:00.062539+00:00,200,229653.56,
2026-09-12T13:01:58.182862+00:00,200,231534.3,
2026-09-12T13:01:58.818792+00:00,200,230904.9,
2026-09-12T13:02:33.489638+00:00,200,196254.11,
2026-09-12T13:02:07.340890+00:00,200,222407.71,
2026-09-12T13:02:27.194697+00:00,200,202573.35,
2026-09-12T13:02:55.017560+00:00,200,174758.97,
2026-09-12T13:01:47.253193+00:00,200,242528.94,
2026-09-12T13:02:17.345502+00:00,200,212456.18,
2026-09-12T13:01:12.050997+00:00,200,277861.92,
2026-09-12T13:03:20.989164+00:00,200,148946.97,
2026-09-12T13:03:44.340085+00:00,200,125599.6,
2026-09-12T13:02:36.207320+00:00,200,193738.54,
2026-09-12T13:00:45.851372+00:00,200,304099.34,
2026-09-12T13:00:40.592217+00:00,200,309410.09,
2026-09-12T13:02:40.794537+00:00,200,189265.43,
2026-09-12T13:01:51.368253+00:00,200,238731.19,
2026-09-12T13:03:28.812336+00:00,200,141294.4,
2026-09-12T13:03:00.106349+00:00,200,170017.51,
2026-09-12T13:01:17.729155+00:00,200,272395.65,
2026-09-12T13:02:23.652688+00:00,200,206473.29,
2026-09-12T13:00:52.276362+00:00,200,297857.53,
2026-09-12T13:01:51.098254+00:00,200,239049.91,
2026-09-12T13:03:00.357396+00:00,200,169795.51,
2026-09-12T13:00:49.601287+00:00,200,300568.27,
2026-09-12T13:03:15.697080+00:00,200,154478.97,
2026-09-12T13:02:41.172141+00:00,200,189043.59,
2026-09-12T13:02:17.839588+00:00,200,212383.74,
2026-09-12T13:01:23.868472+00:00,200,266401.02,
2026-09-12T13:02:30.547278+00:00,200,199730.85,
2026-09-12T13:01:57.330097+00:00,200,232983.18,
2026-09-12T13:03:26.519803+00:00,200,143855.07,
2026-09-12T13:01:57.440387+00:00,200,232935.52,
2026-09-12T13:02:30.330283+00:00,200,200093.97,
2026-09-12T13:03:08.006886+00:00,200,162450.12,
2026-09-12T13:02:53.939396+00:00,200,176601.36,
2026-09-12T13:02:12.783996+00:00,200,217771.58,
2026-09-12T13:02:33.641401+00:00,200,196968.62,
2026-09-12T13:00:50.289049+00:00,200,300367.1,
2026-09-12T13:02:15.208147+00:00,200,215454.6,
2026-09-12T13:03:25.995007+00:00,200,144672.84,
2026-09-12T13:02:15.560508+00:00,200,215118.08,
2026-09-12T13:03:26.768447+00:00,200,143913.56,
2026-09-12T13:03:37.037358+00:00,200,133680.82,
2026-09-12T13:02:50.933229+00:00,200,179793.46,
2026-09-12T13:02:38.760674+00:00,200,191979.06,
2026-09-12T13:03:38.852888+00:00,200,131893.8,
2026-09-12T13:01:30.181507+00:00,200,260612.8,
2026-09-12T13:01:56.839364+00:00,200,233968.41,
2026-09-12T13:02:08.243275+00:00,200,222569.05,
2026-09-12T13:02:28.436311+00:00,200,202383.8,
2026-09-12T13:03:19.832166+00:00,200,150988.99,
2026-09-12T13:00:42.081691+00:00,200,308761.36,
2026-09-12T13:01:04.976262+00:00,200,285874.4,
2026-09-12T13:01:30.077027+00:00,200,260822.43,
2026-09-12T13:01:20.060427+00:00,200,270859.07,
2026-09-12T13:01:46.559996+00:00,200,244372.52,
2026-09-12T13:02:11.227066+00:00,200,219711.02,
2026-09-12T13:02:24.835500+00:00,200,206110.16,
2026-09-12T13:03:39.048992+00:00,200,131924.58,
2026-09-12T13:03:06.828075+00:00,200,164146.82,
2026-09-12T13:02:25.010545+00:00,200,205970.31,
2026-09-12T13:03:26.008023+00:00,200,144978.48,
2026-09-12T13:02:56.562934+00:00,200,174455.0,
2026-09-12T13:02:18.635193+00:00,200,212384.6,
2026-09-12T13:00:44.045821+00:00,200,306990.17,
2026-09-12T13:03:11.134854+00:00,200,159986.28,
2026-09-12T13:02:14.616818+00:00,200,216509.25,
2026-09-12T13:03:22.881121+00:00,200,148246.11,
2026-09-12T13:02:20.132364+00:00,200,211031.11,
2026-09-12T13:01:50.467578+00:00,200,240747.95,
2026-09-12T13:02:08.153488+00:00,200,223083.96,
2026-09-12T13:02:59.404785+00:00,200,171863.31,
2026-09-12T13:01:13.304708+00:00,200,277964.47,
2026-09-12T13:03:04.485879+00:00,200,166833.4,
2026-09-12T13:01:58.946282+00:00,200,232484.14,
2026-09-12T13:02:35.063466+00:00,200,196394.47,
2026-09-12T13:02:05.280340+00:00,200,226194.7,
2026-09-12T13:02:48.977420+00:00,200,182525.87,
2026-09-12T13:01:06.062100+00:00,200,285456.26,
2026-09-12T13:01:54.094918+00:00,200,237428.28,
2026-09-12T13:02:31.615162+00:00,200,199910.55,
2026-09-12T13:03:38.034806+00:00,200,133496.93,
2026-09-12T13:03:37.023768+00:00,200,134535.17,
2026-09-12T13:02:18.171031+00:00,200,213405.78,
2026-09-12T13:03:25.867270+00:00,200,145730.27,
2026-09-12T13:02:45.639593+00:00,200,185960.34,
2026-09-12T13:02:19.130344+00:00,200,212503.72,
2026-09-12T13:02:36.547789+00:00,200,195107.7,
2026-09-12T13:02:05.129835+00:00,200,226534.44,
2026-09-12T13:03:02.552971+00:00,200,169129.33,
2026-09-12T13:03:17.847622+00:00,200,153844.1,
2026-09-12T13:01:37.538905+00:00,200,254159.01,
2026-09-12T13:01:34.418944+00:00,200,257312.37,
2026-09-12T13:01:22.240302+00:00,200,269506.88,
2026-09-12T13:02:30.526593+00:00,200,201221.53,
2026-09-12T13:02:20.548785+00:00,200,211222.97,
2026-09-12T13:02:09.758688+00:00,200,222063.48,
2026-09-12T13:00:58.503652+00:00,200,293333.75,
2026-09-12T13:02:56.656806+00:00,200,175193.77,
2026-09-12T13:01:46.757269+00:00,200,245124.23,
2026-09-12T13:02:38.976544+00:00,200,192909.87,
2026-09-12T13:01:39.962646+00:00,200,251942.8,
2026-09-12T13:02:53.300761+00:00,200,178625.12,
2026-09-12T13:02:06.485708+00:00,200,225475.91,
2026-09-12T13:01:23.522086+00:00,200,268473.42,
2026-09-12T13:00:58.034733+00:00,200,293972.19,
2026-09-12T13:01:07.375021+00:00,200,284639.98,
2026-09-12T13:01:11.640251+00:00,200,280377.17,
2026-09-12T13:02:24.710496+00:00,200,207352.93,
2026-09-12T13:01:48.011062+00:00,200,244059.57,
2026-09-12T13:01:16.554478+00:00,200,275540.64,
2026-09-12T13:03:44.000915+00:00,200,128097.47,
2026-09-12T13:02:44.747198+00:00,200,187365.34,
2026-09-12T13:02:18.119791+00:00,200,213998.78,
2026-09-12T13:03:34.663005+00:00,200,137460.28,
2026-09-12T13:00:59.772578+00:00,200,292445.23,
2026-09-12T13:02:31.787739+00:00,200,200449.17,
2026-09-12T13:01:54.118352+00:00,200,238119.21,
2026-09-12T13:01:59.860636+00:00,200,232379.17,
2026-09-12T13:03:10.133891+00:00,200,162112.77,
2026-09-12T13:02:55.560138+00:00,200,176687.23,
2026-09-12T13:02:40.542952+00:00,200,191718.46,
2026-09-12T13:01:41.082403+00:00,200,251190.54,
2026-09-12T13:02:08.438823+00:00,200,223860.55,
2026-09-12T13:02:11.754406+00:00,200,220556.81,
2026-09-12T13:03:03.926780+00:00,200,168395.65,
2026-09-12T13:02:27.602017+00:00,200,204721.29,
2026-09-12T13:03:42.949795+00:00,200,129383.97,
2026-09-12T13:02:20.939415+00:00,200,211449.28,
2026-09-12T13:01:04.409322+00:00,200,288006.38,
2026-09-12T13:02:35.141081+00:00,200,197282.59,
2026-09-12T13:01:53.717018+00:00,200,238724.72,
2026-09-12T13:02:23.403078+00:00,200,209039.41,
2026-09-12T13:00:49.117204+00:00,200,303326.76,
2026-09-12T13:01:45.124596+00:00,200,247324.86,
2026-09-12T13:03:19.803638+00:00,200,152671.76,
2026-09-12T13:01:31.417972+00:00,200,261099.28,
2026-09-12T13:01:14.430823+00:00,200,278106.4,
2026-09-12T13:02:00.088272+00:00,200,232496.72,
2026-09-12T13:02:14.810369+00:00,200,217782.75,
2026-09-12T13:00:22.754255+00:00,200,329849.25,
2026-09-12T13:00:53.688675+00:00,200,298917.59,
2026-09-12T13:00:50.822354+00:00,200,301791.43,
2026-09-12T13:02:03.404124+00:00,200,229237.83,
2026-09-12T13:02:43.880801+00:00,200,188766.26,
2026-09-12T13:02:15.483009+00:00,200,217176.42,
2026-09-12T13:03:41.619787+00:00,200,131057.53,
2026-09-12T13:02:52.139628+00:00,200,180593.28,
2026-09-12T13:01:24.960374+00:00,200,267779.78,
2026-09-12T13:03:42.731458+00:00,200,130017.63,
2026-09-12T13:01:32.790615+00:00,200,259969.89,
2026-09-12T13:02:23.048423+00:00,200,209722.09,
2026-09-12T13:01:57.351384+00:00,200,235464.33,
2026-09-12T13:02:51.193105+00:00,200,181644.89,
2026-09-12T13:03:37.789213+00:00,200,135067.23,
2026-09-12T13:02:17.970841+00:00,200,214892.16,
2026-09-12T13:02:33.637370+00:00,200,199226.5,
2026-09-12T13:03:19.339027+00:00,200,153537.13,
2026-09-12T13:00:29.461346+00:00,200,323418.69,
2026-09-12T13:02:46.026524+00:00,200,186857.58,
2026-09-12T13:02:11.464499+00:00,200,221421.97,
2026-09-12T13:01:50.977964+00:00,200,241914.44,
2026-09-12T13:02:22.655130+00:00,200,210284.08,
2026-09-12T13:02:04.044291+00:00,200,228897.4,
2026-09-12T13:02:14.473362+00:00,200,218476.18,
2026-09-12T13:02:50.648202+00:00,200,182330.45,
2026-09-12T13:01:54.288149+00:00,200,238701.95,
2026-09-12T13:01:22.207357+00:00,200,270783.31,
2026-09-12T13:02:22.107688+00:00,200,210893.57,
2026-09-12T13:02:21.853692+00:00,200,211157.63,
2026-09-12T13:01:36.105143+00:00,200,256909.58,
2026-09-12T13:02:08.641339+00:00,200,224391.29,
2026-09-12T13:02:48.531464+00:00,200,184533.18,
2026-09-12T13:01:37.925413+00:00,200,255154.41,
2026-09-12T13:01:39.056402+00:00,200,254131.69,
2026-09-12T13:02:16.472182+00:00,200,216770.53,
2026-09-12T13:01:11.096721+00:00,200,282171.9,
2026-09-12T13:01:47.856694+00:00,200,245415.37,
2026-09-12T13:03:03.754649+00:00,200,169521.22,
2026-09-12T13:02:49.938593+00:00,200,183339.43,
2026-09-12T13:01:22.616847+00:00,200,270689.02,
2026-09-12T13:02:43.231963+00:00,200,190097.94,
2026-09-12T13:01:08.629579+00:00,200,284948.78,
2026-09-12T13:01:31.380684+00:00,200,262214.73,
2026-09-12T13:02:21.211914+00:00,200,212422.57,
2026-09-12T13:03:21.116430+00:00,200,152540.85,
2026-09-12T13:02:02.867084+00:00,200,230807.26,
2026-09-12T13:03:01.052261+00:00,200,172627.88,
2026-09-12T13:03:10.784537+00:00,200,162901.71,
2026-09-12T13:03:44.518245+00:00,200,129168.66,
2026-09-12T13:00:34.462443+00:00,200,319235.91,
2026-09-12T13:03:11.516457+00:00,200,162199.9,
2026-09-12T13:02:13.920781+00:00,200,219805.99,
2026-09-12T13:02:27.848393+00:00,200,205903.2,
2026-09-12T13:03:05.482201+00:00,200,168313.58,
2026-09-12T13:00:52.952764+00:00,200,300861.07,
2026-09-12T13:01:33.146315+00:00,200,260702.81,
2026-09-12T13:01:00.996947+00:00,200,292857.74,
2026-09-12T13:02:27.549678+00:00,200,206344.65,
2026-09-12T13:00:47.763400+00:00,200,306131.49,
2026-09-12T13:01:52.188017+00:00,200,241718.76,
2026-09-12T13:02:16.126883+00:00,200,217786.13,
2026-09-12T13:02:34.389052+00:00,200,199525.96,
2026-09-12T13:01:57.238988+00:00,200,236685.47,
2026-09-12T13:03:34.396687+00:00,200,139528.62,
2026-09-12T13:01:48.807344+00:00,200,245140.38,
2026-09-12T13:01:08.260107+00:00,200,285689.66,
2026-09-12T13:02:21.882866+00:00,200,212102.97,
2026-09-12T13:02:23.146207+00:00,200,210844.77,
2026-09-12T13:02:01.090463+00:00,200,232904.67,
2026-09-12T13:01:12.144324+00:00,200,281856.13,
2026-09-12T13:00:54.910237+00:00,200,299128.65,
2026-09-12T13:01:38.603770+00:00,200,255487.73,
2026-09-12T13:02:11.033680+00:00,200,223082.17,
2026-09-12T13:02:45.455202+00:00,200,188664.85,
2026-09-12T13:03:26.452884+00:00,200,147690.36,
2026-09-12T13:02:08.938211+00:00,200,225205.66,
2026-09-12T13:02:20.944455+00:00,200,213200.05,
2026-09-12T13:03:34.569461+00:00,200,139575.7,
2026-09-12T13:01:14.906349+00:00,200,279239.6,
2026-09-12T13:03:19.577705+00:00,200,154568.93,
2026-09-12T13:02:58.141188+00:00,200,176006.17,
2026-09-12T13:03:04.551884+00:00,200,169596.16,
2026-09-12T13:02:36.432035+00:00,200,197716.7,
2026-09-12T13:01:13.864089+00:00,200,280285.48,
2026-09-12T13:01:56.680852+00:00,200,237469.5,
2026-09-12T13:02:06.018949+00:00,200,228132.22,
2026-09-12T13:03:41.188727+00:00,200,132973.43,
2026-09-12T13:02:08.266676+00:00,200,225897.76,
2026-09-12T13:02:42.725196+00:00,200,191529.12,
2026-09-12T13:03:29.061636+00:00,200,145193.59,
2026-09-12T13:03:28.790539+00:00,200,145465.82,
2026-09-12T13:00:28.996195+00:00,200,325262.41,
2026-09-12T13:02:52.606487+00:00,200,181654.05,
2026-09-12T13:02:13.705583+00:00,200,220556.0,
2026-09-12T13:00:54.527784+00:00,200,299734.85,
2026-09-12T13:01:11.748006+00:00,200,282515.55,
2026-09-12T13:01:48.350215+00:00,200,245914.29,
2026-09-12T13:03:01.667776+00:00,200,172597.67,
2026-09-12T13:02:01.155581+00:00,200,233110.87,
2026-09-12T13:02:14.116519+00:00,200,220150.91,
2026-09-12T13:02:53.111411+00:00,200,181157.07,
2026-09-12T13:01:42.726747+00:00,200,251542.72,
2026-09-12T13:02:33.393341+00:00,200,200877.2,
2026-09-12T13:02:15.141924+00:00,200,219129.65,
2026-09-12T13:03:44.342007+00:00,200,129930.67,
2026-09-12T13:02:49.711045+00:00,200,184563.34,
2026-09-12T13:02:39.749100+00:00,200,194527.85,
2026-09-12T13:02:11.627295+00:00,200,222688.48,
2026-09-12T13:01:43.539684+00:00,200,250795.27,
2026-09-12T13:00:52.793476+00:00,200,301558.43,
2026-09-12T13:02:10.854373+00:00,200,223499.28,
2026-09-12T13:01:42.048919+00:00,200,252312.56,
2026-09-12T13:03:26.752008+00:00,200,147631.41,
2026-09-12T13:03:23.052969+00:00,200,151403.96,
2026-09-12T13:02:54.068967+00:00,200,180410.32,
2026-09-12T13:02:29.090628+00:00,200,205390.29,
2026-09-12T13:02:06.185720+00:00,200,228301.27,
2026-09-12T13:01:30.403639+00:00,200,264101.12,
2026-09-12T13:03:44.270887+00:00,200,130258.15,
2026-09-12T13:02:55.387229+00:00,200,179158.83,
2026-09-12T13:00:56.218294+00:00,200,298339.65,
2026-09-12T13:02:39.268736+00:00,200,195296.78,
2026-09-12T13:03:07.709889+00:00,200,166870.54,
2026-09-12T13:03:27.512151+00:00,200,147087.21,
2026-09-12T13:01:43.298276+00:00,200,251361.33,
2026-09-12T13:02:15.870479+00:00,200,218839.69,
2026-09-12T13:02:07.283992+00:00,200,227443.78,
2026-09-12T13:01:30.767865+00:00,200,264045.0,
2026-09-12T13:00:42.743116+00:00,200,312081.26,
2026-09-12T13:02:30.174624+00:00,200,204704.87,
2026-09-12T13:02:03.802158+00:00,200,231088.5,
2026-09-12T13:01:59.278804+00:00,200,235684.18,
2026-09-12T13:00:33.030546+00:00,200,321946.72,
2026-09-12T13:02:13.230173+00:00,200,221853.65,
2026-09-12T13:00:50.819537+00:00,200,304270.29,
2026-09-12T13:02:05.663175+00:00,200,229442.5,
2026-09-12T13:03:35.180830+00:00,200,139972.34,
2026-09-12T13:02:54.984239+00:00,200,180180.91,
2026-09-12T13:00:58.874913+00:00,200,296291.53,
2026-09-12T13:02:28.452026+00:00,200,206738.2,
2026-09-12T13:02:01.031580+00:00,200,234163.14,
2026-09-12T13:02:30.380735+00:00,200,204815.77,
2026-09-12T13:03:23.394546+00:00,200,151813.13,
2026-09-12T13:02:35.746639+00:00,200,199469.12,
2026-09-12T13:02:28.652326+00:00,200,206576.39,
2026-09-12T13:02:45.823801+00:00,200,189414.55,
2026-09-12T13:02:33.606774+00:00,200,201772.58,
2026-09-12T13:03:30.356673+00:00,200,145034.0,
2026-09-12T13:00:52.855492+00:00,200,302584.79,
2026-09-12T13:01:08.427511+00:00,200,287076.51,
2026-09-12T13:02:58.830595+00:00,200,176677.72,
2026-09-12T13:02:03.720652+00:00,200,231794.87,
2026-09-12T13:03:42.964034+00:00,200,132591.47,
2026-09-12T13:00:56.905432+00:00,200,298737.78,
2026-09-12T13:03:44.876963+00:00,200,130776.18,
2026-09-12T13:03:11.248826+00:00,200,164410.11,
2026-09-12T13:01:19.246961+00:00,200,276413.37,
2026-09-12T13:02:26.444633+00:00,200,209222.73,
2026-09-12T13:03:28.619689+00:00,200,147055.15,
2026-09-12T13:03:07.379336+00:00,200,168305.05,
2026-09-12T13:00:27.960800+00:00,200,327742.89,
2026-09-12T13:03:28.144277+00:00,200,147578.43,
2026-09-12T13:03:06.812923+00:00,200,168911.07,
2026-09-12T13:03:10.424664+00:00,200,165306.89,
2026-09-12T13:02:23.427372+00:00,200,212308.33,
2026-09-12T13:02:38.023556+00:00,200,197739.06,
2026-09-12T13:02:42.286119+00:00,200,193481.35,
2026-09-12T13:02:21.117931+00:00,200,214662.13,
2026-09-12T13:01:11.065083+00:00,200,284758.57,
2026-09-12T13:01:44.745544+00:00,200,251082.73,
2026-09-12T13:02:19.826077+00:00,200,216022.04,
2026-09-12T13:02:34.391356+00:00,200,201519.04,
2026-09-12T13:02:25.048230+00:00,200,210905.2,
2026-09-12T13:01:52.359247+00:00,200,243676.36,
2026-09-12T13:01:10.561325+00:00,200,285485.67,
2026-09-12T13:03:02.762530+00:00,200,173348.92,
2026-09-12T13:01:44.735039+00:00,200,251414.81,
2026-09-12T13:01:56.769728+00:00,200,239422.08,
2026-09-12T13:01:18.634602+00:00,200,277599.28,
2026-09-12T13:02:53.353552+00:00,200,182892.54,
2026-09-12T13:03:28.735416+00:00,200,147513.36,
2026-09-12T13:01:50.553297+00:00,200,245739.91,
2026-09-12T13:01:43.181737+00:00,200,253144.88,
2026-09-12T13:00:48.851304+00:00,200,307492.58,
2026-09-12T13:01:07.620570+00:00,200,288754.41,
2026-09-12T13:01:57.649917+00:00,200,238729.54,
2026-09-12T13:01:25.922312+00:00,200,270461.79,
2026-09-12T13:02:16.265433+00:00,200,220150.48,
2026-09-12T13:01:41.174768+00:00,200,255249.24,
2026-09-12T13:01:16.226685+00:00,200,280232.8,
2026-09-12T13:02:05.162611+00:00,200,231413.59,
2026-09-12T13:01:45.150891+00:00,200,251443.27,
2026-09-12T13:01:46.354753+00:00,200,250244.62,
2026-09-12T13:01:26.315867+00:00,200,270294.4,
2026-09-12T13:00:30.152767+00:00,200,326477.56,
2026-09-12T13:02:13.771729+00:00,200,222878.28,
2026-09-12T13:02:08.414167+00:00,200,228315.58,
2026-09-12T13:00:56.657526+00:00,200,300080.17,
2026-09-12T13:01:57.849948+00:00,200,238910.43,
2026-09-12T13:03:11.038172+00:00,200,165753.09,
2026-09-12T13:03:31.463971+00:00,200,145329.1,
2026-09-12T13:02:07.703889+00:00,200,229101.88,
2026-09-12T13:02:27.388475+00:00,200,209418.62,
2026-09-12T13:01:31.189642+00:00,200,265622.22,
2026-09-12T13:02:17.187737+00:00,200,219633.51,
2026-09-12T13:02:07.910799+00:00,200,228927.69,
2026-09-12T13:00:56.471666+00:00,200,300472.55,
2026-09-12T13:01:09.666546+00:00,200,287300.0,
2026-09-12T13:03:05.656924+00:00,200,171333.72,
2026-09-12T13:03:18.663365+00:00,200,158384.84,
2026-09-12T13:01:41.534751+00:00,200,255541.68,
2026-09-12T13:03:11.529392+00:00,200,165601.3,
2026-09-12T13:01:50.287239+00:00,200,246853.44,
2026-09-12T13:01:48.623463+00:00,200,248532.4,
2026-09-12T13:03:35.417918+00:00,200,141754.41,
2026-09-12T13:02:05.646833+00:00,200,231531.53,
2026-09-12T13:01:15.175640+00:00,200,282017.44,
2026-09-12T13:02:17.826586+00:00,200,219379.49,
2026-09-12T13:00:52.810752+00:00,200,304412.06,
2026-09-12T13:01:48.632781+00:00,200,248593.82,
2026-09-12T13:03:22.659316+00:00,200,154691.46,
2026-09-12T13:01:37.370146+00:00,200,259993.78,
2026-09-12T13:03:29.105370+00:00,200,148269.69,
2026-09-12T13:02:34.835025+00:00,200,202571.77,
2026-09-12T13:00:43.205863+00:00,200,314218.48,
2026-09-12T13:01:45.169799+00:00,200,252267.64,
2026-09-12T13:03:27.933777+00:00,200,149511.23,
2026-09-12T13:01:13.741824+00:00,200,283704.53,
2026-09-12T13:01:12.521919+00:00,200,284927.33,
2026-09-12T13:01:57.810306+00:00,200,239651.96,
2026-09-12T13:02:08.534348+00:00,200,228932.61,
2026-09-12T13:02:35.410355+00:00,200,202084.05,
2026-09-12T13:02:07.311391+00:00,200,230285.3,
2026-09-12T13:02:02.215017+00:00,200,235393.8,
2026-09-12T13:01:39.838731+00:00,200,257796.49,
2026-09-12T13:02:35.302693+00:00,200,202394.77,
2026-09-12T13:01:55.072972+00:00,200,242638.64,
2026-09-12T13:00:52.845759+00:00,200,304884.45,
2026-09-12T13:01:10.679617+00:00,200,287056.28,
2026-09-12T13:01:47.183934+00:00,200,250705.46,
2026-09-12T13:01:12.090592+00:00,200,285821.15,
2026-09-12T13:01:35.740119+00:00,200,262185.69,
2026-09-12T13:02:04.932087+00:00,200,233000.27,
2026-09-12T13:00:45.894657+00:00,200,312065.82,
2026-09-12T13:03:24.219675+00:00,200,153747.15,
2026-09-12T13:02:29.427812+00:00,200,208544.99,
2026-09-12T13:01:29.429439+00:00,200,268633.45,
2026-09-12T13:01:12.646373+00:00,200,285503.6,
2026-09-12T13:00:48.659877+00:00,200,309504.52,
2026-09-12T13:03:34.963338+00:00,200,143204.26,
2026-09-12T13:02:56.809649+00:00,200,181360.81,
2026-09-12T13:02:55.412260+00:00,200,182788.2,
2026-09-12T13:03:10.323472+00:00,200,167897.21,
2026-09-12T13:02:12.998529+00:00,200,225242.01,
2026-09-12T13:01:42.346377+00:00,200,256013.1,
2026-09-12T13:02:16.194636+00:00,200,222184.81,
2026-09-12T13:02:12.640308+00:00,200,225740.78,
2026-09-12T13:02:02.807293+00:00,200,235575.23,
2026-09-12T13:00:54.423059+00:00,200,304003.66,
2026-09-12T13:02:50.439795+00:00,200,188008.24,
2026-09-12T13:00:48.158080+00:00,200,310394.85,
2026-09-12T13:01:55.281591+00:00,200,243272.7,
2026-09-12T13:02:25.008412+00:00,200,213547.55,
2026-09-12T13:00:38.795617+00:00,200,319825.0,
2026-09-12T13:02:16.814190+00:00,200,221831.96,
2026-09-12T13:02:20.097258+00:00,200,218566.97,
2026-09-12T13:02:06.619249+00:00,200,232094.9,
2026-09-12T13:01:51.280536+00:00,200,247437.42,
2026-09-12T13:01:28.524649+00:00,200,270215.03,
2026-09-12T13:03:12.876084+00:00,200,165864.86,
2026-09-12T13:03:06.786988+00:00,200,171966.72,
2026-09-12T13:01:35.068177+00:00,200,263693.03,
2026-09-12T13:01:13.626823+00:00,200,285161.56,
2026-09-12T13:02:48.848325+00:00,200,189948.03,
2026-09-12T13:01:30.831836+00:00,200,267984.79,
2026-09-12T13:03:10.290621+00:00,200,168534.22,
2026-09-12T13:03:32.260240+00:00,200,146634.73,
2026-09-12T13:01:53.925641+00:00,200,244990.01,
2026-09-12T13:02:43.994735+00:00,200,194936.86,
2026-09-12T13:01:45.503812+00:00,200,253433.59,
2026-09-12T13:01:32.745092+00:00,200,266222.55,
2026-09-12T13:01:40.829916+00:00,200,258154.72,
2026-09-12T13:01:14.442712+00:00,200,284562.31,
2026-09-12T13:03:19.130961+00:00,200,159902.99,
2026-09-12T13:02:35.314913+00:00,200,203728.08,
2026-09-12T13:03:11.970961+00:00,200,167107.21,
2026-09-12T13:02:31.170693+00:00,200,207914.85,
2026-09-12T13:02:10.722066+00:00,200,228367.77,
2026-09-12T13:01:29.747529+00:00,200,269382.89,
2026-09-12T13:01:57.205850+00:00,200,241927.51,
2026-09-12T13:02:35.852749+00:00,200,203301.56,
2026-09-12T13:03:34.558217+00:00,200,144621.88,
2026-09-12T13:01:28.196111+00:00,200,270986.58,
2026-09-12T13:03:16.102915+00:00,200,163116.94,
2026-09-12T13:02:51.761363+00:00,200,187471.28,
2026-09-12T13:02:01.019360+00:00,200,238274.43,
2026-09-12T13:01:02.164071+00:00,200,297171.13,
2026-09-12T13:03:10.342539+00:00,200,169008.69,
2026-09-12T13:01:58.176159+00:00,200,241191.25,
2026-09-12T13:03:32.039097+00:00,200,147342.51,
2026-09-12T13:02:12.884974+00:00,200,226506.56,
2026-09-12T13:01:49.431848+00:00,200,249969.04,
2026-09-12T13:01:14.090639+00:00,200,285321.61,
2026-09-12T13:00:56.163087+00:00,200,303257.7,
2026-09-12T13:01:02.036641+00:00,200,297387.55,
2026-09-12T13:01:31.501601+00:00,200,267930.82,
2026-09-12T13:02:16.529601+00:00,200,222935.73,
2026-09-12T13:03:27.697635+00:00,200,151784.65,
2026-09-12T13:01:51.221067+00:00,200,248278.23,
2026-09-12T13:02:42.280959+00:00,200,197258.34,
2026-09-12T13:01:56.449579+00:00,200,243109.29,
2026-09-12T13:01:28.483552+00:00,200,271098.8,
2026-09-12T13:03:23.221056+00:00,200,156366.76,
2026-09-12T13:02:29.320676+00:00,200,210274.27,
2026-09-12T13:02:30.275396+00:00,200,209323.68,
2026-09-12T13:03:17.557144+00:00,200,162051.63,
2026-09-12T13:03:14.920353+00:00,200,164701.83,
2026-09-12T13:01:30.341873+00:00,200,269302.87,
2026-09-12T13:02:22.283339+00:00,200,217368.54,
2026-09-12T13:01:56.672566+00:00,200,242998.94,
2026-09-12T13:01:26.430084+00:00,200,273248.36,
2026-09-12T13:02:21.208218+00:00,200,218477.54,
2026-09-12T13:03:10.202944+00:00,200,169485.68,
2026-09-12T13:02:26.580645+00:00,200,213110.51,
2026-09-12T13:03:24.167229+00:00,200,155527.84,
2026-09-12T13:02:50.127903+00:00,200,189579.42,
2026-09-12T13:02:07.120362+00:00,200,232602.94,
2026-09-12T13:02:14.416215+00:00,200,225334.73,
2026-09-12T13:00:44.970947+00:00,200,314780.68,
2026-09-12T13:02:37.395806+00:00,200,202421.74,
2026-09-12T13:01:42.883531+00:00,200,256955.97,
2026-09-12T13:02:27.591867+00:00,200,212251.57,
2026-09-12T13:02:14.872365+00:00,200,225000.98,
2026-09-12T13:03:09.180267+00:00,200,170704.25,
2026-09-12T13:02:45.263380+00:00,200,194645.55,
2026-09-12T13:02:33.750959+00:00,200,206170.44,
2026-09-12T13:01:27.636322+00:00,200,272290.42,
2026-09-12T13:02:42.105353+00:00,200,197838.89,
2026-09-12T13:02:59.627982+00:00,200,180318.47,
2026-09-12T13:02:01.192458+00:00,200,238761.87,
2026-09-12T13:01:30.589082+00:00,200,269367.61,
2026-09-12T13:01:28.673099+00:00,200,271290.94,
2026-09-12T13:03:42.290944+00:00,200,137673.78,
2026-09-12T13:01:52.727778+00:00,200,247241.95,
2026-09-12T13:03:06.934910+00:00,200,173044.44,
2026-09-12T13:01:59.456775+00:00,200,240533.19,
2026-09-12T13:03:09.365403+00:00,200,170625.49,
2026-09-12T13:01:06.878211+00:00,200,293129.81,
2026-09-12T13:01:34.553712+00:00,200,265472.83,
2026-09-12T13:03:29.359731+00:00,200,150704.05,
2026-09-12T13:01:11.200069+00:00,200,288874.39,
2026-09-12T13:01:32.401549+00:00,200,267679.31,
2026-09-12T13:02:31.516371+00:00,200,208645.24,
2026-09-12T13:01:30.955521+00:00,200,269211.53,
2026-09-12T13:01:33.557759+00:00,200,266622.11,
2026-09-12T13:01:19.321678+00:00,200,280867.09,
2026-09-12T13:01:10.993759+00:00,200,289197.37,
2026-09-12T13:02:24.373435+00:00,200,215838.53,
2026-09-12T13:02:37.018785+00:00,200,203195.71,
2026-09-12T13:01:33.636571+00:00,200,266584.09,
2026-09-12T13:02:22.490070+00:00,200,217747.12,
2026-09-12T13:02:37.143659+00:00,200,203095.75,
2026-09-12T13:03:28.395751+00:00,200,151864.13,
2026-09-12T13:02:14.703873+00:00,200,225573.49,
2026-09-12T13:01:59.372809+00:00,200,240907.51,
2026-09-12T13:01:01.006100+00:00,200,299279.8,
2026-09-12T13:03:07.567075+00:00,200,172752.62,
2026-09-12T13:02:11.750150+00:00,200,228576.54,
2026-09-12T13:03:29.065232+00:00,200,151286.21,
2026-09-12T13:01:54.056970+00:00,200,246312.26,
2026-09-12T13:00:56.792659+00:00,200,303578.1,
2026-09-12T13:02:30.329096+00:00,200,210045.73,
2026-09-12T13:02:36.739597+00:00,200,203644.62,
2026-09-12T13:02:42.349732+00:00,200,198037.2,
2026-09-12T13:01:23.923869+00:00,200,276466.23,
2026-09-12T13:01:48.429896+00:00,200,251965.16,
2026-09-12T13:03:30.508289+00:00,200,149900.37,
2026-09-12T13:02:40.627642+00:00,200,199783.4,
2026-09-12T13:03:36.223544+00:00,200,144189.05,
2026-09-12T13:02:57.618618+00:00,200,182812.99,
2026-09-12T13:01:52.484403+00:00,200,247975.0,
2026-09-12T13:00:55.834170+00:00,200,304636.83,
2026-09-12T13:02:30.051536+00:00,200,210452.02,
2026-09-12T13:01:51.281812+00:00,200,249230.96,
2026-09-12T13:02:35.281239+00:00,200,205233.52,
2026-09-12T13:00:56.592847+00:00,200,303924.76,
2026-09-12T13:03:07.416257+00:00,200,173104.29,
2026-09-12T13:01:59.191310+00:00,200,241350.35,
2026-09-12T13:00:24.434130+00:00,200,336140.87,
2026-09-12T13:02:31.611818+00:00,200,208964.01,
2026-09-12T13:03:38.038704+00:00,200,142540.62,
2026-09-12T13:00:55.095683+00:00,200,305486.05,
2026-09-12T13:01:00.460176+00:00,200,300140.03,
2026-09-12T13:00:53.541075+00:00,200,307092.29,
2026-09-12T13:01:12.267682+00:00,200,288392.82,
2026-09-12T13:01:39.633193+00:00,200,261043.32,
2026-09-12T13:02:05.156597+00:00,200,235529.14,
2026-09-12T13:02:40.340881+00:00,200,200359.14,
2026-09-12T13:00:49.347323+00:00,200,311355.72,
2026-09-12T13:03:10.160911+00:00,200,170563.61,
2026-09-12T13:02:34.273831+00:00,200,206474.28,
2026-09-12T13:03:28.815797+00:00,200,151933.34,
2026-09-12T13:02:18.911018+00:00,200,221857.06,
2026-09-12T13:01:59.853956+00:00,200,240921.84,
2026-09-12T13:02:59.414933+00:00,200,181361.57,
2026-09-12T13:03:13.329805+00:00,200,167450.17,
2026-09-12T13:01:29.009266+00:00,200,271784.74,
2026-09-12T13:01:08.685341+00:00,200,292110.14,
2026-09-12T13:02:27.140246+00:00,200,213656.29,
2026-09-12T13:00:56.708907+00:00,200,304110.36,
2026-09-12T13:01:48.780413+00:00,200,252061.03,
2026-09-12T13:03:27.862439+00:00,200,152981.84,
2026-09-12T13:02:08.735533+00:00,200,232120.5,
2026-09-12T13:01:55.513636+00:00,200,245363.36,
2026-09-12T13:02:27.034308+00:00,200,213846.33,
2026-09-12T13:01:59.567787+00:00,200,241324.89,
2026-09-12T13:02:59.692853+00:00,200,181242.26,
2026-09-12T13:02:24.722976+00:00,200,216212.86,
2026-09-12T13:01:47.016338+00:00,200,253945.99,
2026-09-12T13:02:43.878933+00:00,200,197084.45,
2026-09-12T13:03:16.007503+00:00,200,164956.76,
2026-09-12T13:01:23.916747+00:00,200,277053.44,
2026-09-12T13:01:31.053725+00:00,200,269920.38,
2026-09-12T13:02:22.560533+00:00,200,218421.27,
2026-09-12T13:02:43.287588+00:00,200,197704.6,
2026-09-12T13:01:00.513521+00:00,200,300497.69,
2026-09-12T13:03:12.864158+00:00,200,168159.3,
2026-09-12T13:03:08.524542+00:00,200,172529.61,
2026-09-12T13:01:35.359724+00:00,200,265697.65,
2026-09-12T13:00:53.157697+00:00,200,307904.45,
2026-09-12T13:02:46.674688+00:00,200,194415.05,
2026-09-12T13:02:39.125081+00:00,200,201973.05,
2026-09-12T13:02:09.600292+00:00,200,231532.03,
2026-09-12T13:02:08.154536+00:00,200,232979.27,
2026-09-12T13:01:22.803396+00:00,200,278353.2,
2026-09-12T13:03:21.602077+00:00,200,159569.27,
2026-09-12T13:00:40.871203+00:00,200,320314.59,
2026-09-12T13:00:54.072218+00:00,200,307121.5,
2026-09-12T13:01:26.196739+00:00,200,275009.78,
2026-09-12T13:02:23.920162+00:00,200,217312.02,
2026-09-12T13:01:45.117736+00:00,200,256117.19,
2026-09-12T13:02:33.849145+00:00,200,207387.89,
2026-09-12T13:01:36.426730+00:00,200,264817.91,
2026-09-12T13:02:01.914343+00:00,200,239349.76,
2026-09-12T13:03:05.182596+00:00,200,176116.4,
2026-09-12T13:03:02.310018+00:00,200,178996.37,
2026-09-12T13:02:15.556478+00:00,200,225750.69,
2026-09-12T13:02:26.494702+00:00,200,214830.29,
2026-09-12T13:03:11.764475+00:00,200,169561.56,
2026-09-12T13:01:19.891963+00:00,200,281437.39,
2026-09-12T13:03:28.472889+00:00,200,152866.66,
2026-09-12T13:01:37.170679+00:00,200,264179.56,
2026-09-12T13:02:18.152903+00:00,200,223200.84,
2026-09-12T13:01:25.778494+00:00,200,275595.59,
2026-09-12T13:03:38.082899+00:00,200,143314.92,
2026-09-12T13:01:43.000554+00:00,200,258403.22,
2026-09-12T13:03:27.721509+00:00,200,153717.46,
2026-09-12T13:01:07.522656+00:00,200,293974.09,
2026-09-12T13:00:55.911282+00:00,200,305591.24,
2026-09-12T13:01:11.613197+00:00,200,289890.91,
2026-09-12T13:01:47.152558+00:00,200,254374.27,
2026-09-12T13:02:41.585532+00:00,200,199954.32,
2026-09-12T13:02:34.941195+00:00,200,206649.49,
2026-09-12T13:01:54.841065+00:00,200,246788.22,
2026-09-12T13:02:36.890834+00:00,200,204794.22,
2026-09-12T13:02:43.303937+00:00,200,198386.94,
2026-09-12T13:02:28.230759+00:00,200,213464.2,
2026-09-12T13:02:08.904905+00:00,200,232809.54,
2026-09-12T13:01:19.881550+00:00,200,281851.65,
2026-09-12T13:01:13.207496+00:00,200,288527.29,
2026-09-12T13:02:44.218845+00:00,200,197526.14,
2026-09-12T13:01:36.568102+00:00,200,265199.18,
2026-09-12T13:00:44.139858+00:00,200,317628.32,
2026-09-12T13:02:30.883021+00:00,200,210895.04,
2026-09-12T13:01:43.223930+00:00,200,258555.22,
2026-09-12T13:02:01.298280+00:00,200,240502.05,
2026-09-12T13:01:48.824530+00:00,200,252983.55,
2026-09-12T13:02:50.171761+00:00,200,191640.1,
2026-09-12T13:02:36.662561+00:00,200,205198.91,
2026-09-12T13:00:53.697675+00:00,200,308198.32,
2026-09-12T13:02:38.635345+00:00,200,203287.45,
2026-09-12T13:02:30.934526+00:00,200,210997.9,
2026-09-12T13:01:16.977367+00:00,200,284956.8,
2026-09-12T13:02:19.461177+00:00,200,222474.74,
2026-09-12T13:01:51.900391+00:00,200,250038.65,
2026-09-12T13:02:23.060463+00:00,200,218901.03,
2026-09-12T13:01:21.255828+00:00,200,280756.86,
2026-09-12T13:02:05.733365+00:00,200,236306.49,
2026-09-12T13:01:50.042132+00:00,200,251998.4,
2026-09-12T13:02:50.217239+00:00,200,191838.44,
2026-09-12T13:03:39.706078+00:00,200,142356.65,
2026-09-12T13:02:18.846282+00:00,200,223227.08,
2026-09-12T13:02:01.025909+00:00,200,241066.45,
2026-09-12T13:01:08.700493+00:00,200,293392.83,
2026-09-12T13:03:27.675375+00:00,200,154418.67,
2026-09-12T13:03:36.866721+00:00,200,145234.49,
2026-09-12T13:02:29.787111+00:00,200,212319.34,
2026-09-12T13:02:48.451403+00:00,200,193671.71,
2026-09-12T13:02:43.759628+00:00,200,198397.2,
2026-09-12T13:02:41.087197+00:00,200,201080.94,
2026-09-12T13:00:43.976167+00:00,200,318198.87,
2026-09-12T13:02:16.040530+00:00,200,226153.27,
2026-09-12T13:01:36.327712+00:00,200,265871.65,
2026-09-12T13:01:30.471196+00:00,200,271748.28,
2026-09-12T13:01:43.276571+00:00,200,258967.74,
2026-09-12T13:02:42.736808+00:00,200,199513.29,
2026-09-12T13:02:20.762766+00:00,200,221488.93,
2026-09-12T13:02:38.866361+00:00,200,203416.94,
2026-09-12T13:02:04.763397+00:00,200,237522.3,
2026-09-12T13:02:13.120628+00:00,200,229167.37,
2026-09-12T13:01:35.813736+00:00,200,266480.12,
2026-09-12T13:01:00.326046+00:00,200,301985.34,
2026-09-12T13:02:30.163608+00:00,200,212159.07,
2026-09-12T13:02:03.170944+00:00,200,239168.21,
2026-09-12T13:02:43.217730+00:00,200,199131.36,
2026-09-12T13:02:17.452593+00:00,200,224900.57,
2026-09-12T13:01:11.956506+00:00,200,290400.69,
2026-09-12T13:02:37.272720+00:00,200,205108.91,
2026-09-12T13:02:34.952712+00:00,200,207466.89,
2026-09-12T13:01:55.090823+00:00,200,247330.13,
2026-09-12T13:03:00.966006+00:00,200,181462.45,
2026-09-12T13:03:13.048177+00:00,200,169401.28,
2026-09-12T13:02:10.351249+00:00,200,232143.34,
2026-09-12T13:02:05.690811+00:00,200,236807.74,
2026-09-12T13:01:42.409894+00:00,200,260110.43,
2026-09-12T13:03:35.286980+00:00,200,147255.34,
2026-09-12T13:01:40.054660+00:00,200,262494.26,
2026-09-12T13:00:49.243598+00:00,200,313306.88,
2026-09-12T13:01:37.332135+00:00,200,265223.6,
2026-09-12T13:03:28.837329+00:00,200,153725.35,
2026-09-12T13:01:23.439549+00:00,200,279131.51,
2026-09-12T13:01:51.543040+00:00,200,251051.74,
2026-09-12T13:03:35.865534+00:00,200,146765.55,
2026-09-12T13:01:07.738864+00:00,200,294902.48,
2026-09-12T13:02:28.804540+00:00,200,213841.7,
2026-09-12T13:02:29.837441+00:00,200,212812.11,
2026-09-12T13:02:55.168194+00:00,200,187483.72,
2026-09-12T13:00:49.619169+00:00,200,313060.94,
2026-09-12T13:02:16.869923+00:00,200,225816.49,
2026-09-12T13:02:48.407060+00:00,200,194305.44,
2026-09-12T13:01:40.409849+00:00,200,262320.0,
2026-09-12T13:01:11.833357+00:00,200,290911.0,
2026-09-12T13:03:39.090714+00:00,200,143680.72,
2026-09-12T13:03:06.899781+00:00,200,175880.78,
2026-09-12T13:01:21.656874+00:00,200,281125.03,
2026-09-12T13:01:53.756960+00:00,200,249038.4,
2026-09-12T13:02:03.918643+00:00,200,238910.46,
2026-09-12T13:01:53.633118+00:00,200,249211.69,
2026-09-12T13:00:32.521382+00:00,200,330338.39,
2026-09-12T13:02:41.526145+00:00,200,201342.3,
2026-09-12T13:01:14.483547+00:00,200,288386.84,
2026-09-12T13:02:43.746366+00:00,200,199124.7,
2026-09-12T13:01:19.839144+00:00,200,283036.57,
2026-09-12T13:02:00.967196+00:00,200,241911.11,
2026-09-12T13:02:05.660482+00:00,200,237235.55,
2026-09-12T13:01:54.530984+00:00,200,248370.69,
2026-09-12T13:01:44.967050+00:00,200,257952.34,
2026-09-12T13:02:28.253700+00:00,200,214690.7,
2026-09-12T13:01:55.245655+00:00,200,247700.8,
2026-09-12T13:03:34.306947+00:00,200,148644.58,
2026-09-12T13:02:23.605516+00:00,200,219350.88,
2026-09-12T13:02:09.148403+00:00,200,233861.12,
2026-09-12T13:01:18.382934+00:00,200,284632.96,
2026-09-12T13:03:04.766064+00:00,200,178275.66,
2026-09-12T13:01:48.962008+00:00,200,254087.55,
2026-09-12T13:00:56.431358+00:00,200,306625.99,
2026-09-12T13:03:11.814420+00:00,200,171256.6,
2026-09-12T13:01:14.188985+00:00,200,288891.77,
2026-09-12T13:02:01.183488+00:00,200,241955.73,
2026-09-12T13:01:47.075880+00:00,200,256095.72,
2026-09-12T13:00:56.370174+00:00,200,306813.96,
2026-09-12T13:01:59.142462+00:00,200,244106.03,
2026-09-12T13:01:43.744803+00:00,200,259519.29,
2026-09-12T13:01:24.251115+00:00,200,279028.75,
2026-09-12T13:01:09.442129+00:00,200,293855.57,
2026-09-12T13:02:52.710866+00:00,200,190587.78,
2026-09-12T13:02:40.656268+00:00,200,202650.93,
2026-09-12T13:01:42.993692+00:00,200,260330.58,
2026-09-12T13:03:41.964055+00:00,200,141364.05,
2026-09-12T13:01:44.240826+00:00,200,259091.32,
2026-09-12T13:02:12.117594+00:00,200,231216.11,
2026-09-12T13:01:40.338543+00:00,200,263003.84,
2026-09-12T13:01:24.486749+00:00,200,278885.6,
2026-09-12T13:02:23.297994+00:00,200,220100.34,
2026-09-12T13:02:53.932933+00:00,200,189470.7,
2026-09-12T13:02:42.246732+00:00,200,201180.92,
2026-09-12T13:03:43.379040+00:00,200,140051.42,
2026-09-12T13:02:16.419342+00:00,200,227033.31,
2026-09-12T13:02:22.458358+00:00,200,221005.36,
2026-09-12T13:01:14.857875+00:00,200,288629.72,
2026-09-12T13:01:18.386434+00:00,200,285128.27,
2026-09-12T13:02:13.982333+00:00,200,229541.71,
2026-09-12T13:00:34.025477+00:00,200,329501.92,
2026-09-12T13:01:06.374641+00:00,200,297177.12,
2026-09-12T13:03:28.670729+00:00,200,154881.86,
2026-09-12T13:03:12.027800+00:00,200,171554.76,
2026-09-12T13:02:03.137507+00:00,200,240483.57,
2026-09-12T13:02:24.469184+00:00,200,219211.48,
2026-09-12T13:02:25.789095+00:00,200,217895.9,
2026-09-12T13:03:14.423688+00:00,200,169288.03,
2026-09-12T13:02:33.613069+00:00,200,210102.74,
2026-09-12T13:02:13.385265+00:00,200,230334.91,
2026-09-12T13:03:45.464141+00:00,200,138271.42,
2026-09-12T13:02:49.106628+00:00,200,194678.91,
2026-09-12T13:02:09.019264+00:00,200,234777.72,
2026-09-12T13:02:26.544592+00:00,200,217257.66,
2026-09-12T13:02:41.718532+00:00,200,202113.07,
2026-09-12T13:03:39.871774+00:00,200,143969.89,
2026-09-12T13:01:40.838206+00:00,200,263027.73,
2026-09-12T13:01:39.292898+00:00,200,264581.13,
2026-09-12T13:01:09.101862+00:00,200,294773.28,
2026-09-12T13:01:02.668743+00:00,200,301208.09,
2026-09-12T13:03:06.323986+00:00,200,177562.14,
2026-09-12T13:01:56.054197+00:00,200,247832.94,
2026-09-12T13:03:07.793526+00:00,200,176095.29,
2026-09-12T13:02:51.890048+00:00,200,192006.54,
2026-09-12T13:02:13.991731+00:00,200,229967.22,
2026-09-12T13:01:42.892056+00:00,200,261078.21,
2026-09-12T13:02:15.300156+00:00,200,228674.57,
2026-09-12T13:03:25.595985+00:00,200,158390.26,
2026-09-12T13:01:56.174125+00:00,200,247841.58,
2026-09-12T13:02:16.356565+00:00,200,227660.17,
2026-09-12T13:02:40.249962+00:00,200,203773.36,
2026-09-12T13:02:41.458760+00:00,200,202585.79,
2026-09-12T13:02:16.177732+00:00,200,227873.69,
2026-09-12T13:02:12.355222+00:00,200,231699.62,
2026-09-12T13:03:01.828070+00:00,200,182246.48,
2026-09-12T13:01:58.891732+00:00,200,245208.37,
2026-09-12T13:00:38.091257+00:00,200,326022.58,
2026-09-12T13:01:52.479743+00:00,200,251655.59,
2026-09-12T13:00:54.034882+00:00,200,310131.54,
2026-09-12T13:02:10.584955+00:00,200,233586.55,
2026-09-12T13:02:04.874904+00:00,200,239301.8,
2026-09-12T13:01:17.912367+00:00,200,286273.98,
2026-09-12T13:01:45.889199+00:00,200,258317.62,
2026-09-12T13:02:17.962504+00:00,200,226246.12,
2026-09-12T13:00:53.864933+00:00,200,310347.7,
2026-09-12T13:00:55.755565+00:00,200,308467.17,
2026-09-12T13:01:51.787880+00:00,200,252450.05,
2026-09-12T13:01:30.381031+00:00,200,273884.94,
2026-09-12T13:03:38.259846+00:00,200,146007.79,
2026-09-12T13:01:34.489724+00:00,200,269781.29,
2026-09-12T13:01:59.270873+00:00,200,245005.97,
2026-09-12T13:02:20.439429+00:00,200,223839.82,
2026-09-12T13:02:33.599086+00:00,200,210721.95,
2026-09-12T13:01:42.579054+00:00,200,261756.29,
2026-09-12T13:03:11.513320+00:00,200,172842.02,
2026-09-12T13:03:08.137875+00:00,200,176223.93,
2026-09-12T13:02:55.686252+00:00,200,188697.75,
2026-09-12T13:01:31.370811+00:00,200,273016.02,
2026-09-12T13:03:07.393166+00:00,200,177000.76,
2026-09-12T13:01:42.779832+00:00,200,261615.77,
2026-09-12T13:01:24.856886+00:00,200,279543.08,
2026-09-12T13:01:31.047713+00:00,200,273363.5,
2026-09-12T13:03:22.454730+00:00,200,161970.35,
2026-09-12T13:02:30.764059+00:00,200,213706.1,
2026-09-12T13:02:21.152704+00:00,200,223318.29,
2026-09-12T13:02:02.808683+00:00,200,241683.93,
2026-09-12T13:03:07.556244+00:00,200,176941.03,
2026-09-12T13:02:53.015039+00:00,200,191497.64,
2026-09-12T13:02:10.322495+00:00,200,234205.39,
2026-09-12T13:02:07.602158+00:00,200,236940.65,
2026-09-12T13:00:49.277176+00:00,200,315291.44,
2026-09-12T13:01:24.560132+00:00,200,280018.62,
2026-09-12T13:01:31.631515+00:00,200,272950.07,
2026-09-12T13:01:27.315860+00:00,200,277270.8,
2026-09-12T13:02:14.542824+00:00,200,230101.45,
2026-09-12T13:02:50.791602+00:00,200,193855.58,
2026-09-12T13:01:27.870672+00:00,200,276781.61,
2026-09-12T13:02:10.857411+00:00,200,233815.41,
2026-09-12T13:00:48.933630+00:00,200,315744.58,
2026-09-12T13:03:24.897036+00:00,200,159784.85,
2026-09-12T13:02:19.028559+00:00,200,225658.38,
2026-09-12T13:01:11.607080+00:00,200,293120.17,
2026-09-12T13:03:17.082073+00:00,200,167649.7,
2026-09-12T13:02:50.324192+00:00,200,194408.28,
2026-09-12T13:03:35.776815+00:00,200,148959.12,
2026-09-12T13:02:53.965924+00:00,200,190824.5,
2026-09-12T13:01:59.452157+00:00,200,245382.44,
2026-09-12T13:03:01.011112+00:00,200,183844.69,
2026-09-12T13:03:07.142194+00:00,200,177725.87,
2026-09-12T13:02:45.191904+00:00,200,199677.9,
2026-09-12T13:03:23.205128+00:00,200,161680.95,
2026-09-12T13:02:14.750569+00:00,200,230140.26,
2026-09-12T13:01:54.525898+00:00,200,250400.2,
2026-09-12T13:02:45.762120+00:00,200,199169.54,
2026-09-12T13:00:58.705714+00:00,200,306237.21,
2026-09-12T13:02:21.314300+00:00,200,223631.21,
2026-09-12T13:02:02.435562+00:00,200,242516.56,
2026-09-12T13:02:18.103777+00:00,200,226856.02,
2026-09-12T13:01:25.338809+00:00,200,279634.9,
2026-09-12T13:01:47.237997+00:00,200,257738.42,
2026-09-12T13:03:35.258396+00:00,200,149722.6,
2026-09-12T13:01:44.394196+00:00,200,260596.36,
2026-09-12T13:03:19.252850+00:00,200,165755.82,
2026-09-12T13:03:28.576533+00:00,200,156450.87,
2026-09-12T13:03:01.296567+00:00,200,183777.76,
2026-09-12T13:02:42.496286+00:00,200,202585.44,
2026-09-12T13:02:01.652361+00:00,200,243432.84,
2026-09-12T13:00:58.122554+00:00,200,306969.49,
2026-09-12T13:01:57.314903+00:00,200,247779.46,
2026-09-12T13:02:15.191086+00:00,200,229904.89,
2026-09-12T13:01:04.429275+00:00,200,300699.62,
2026-09-12T13:01:24.424209+00:00,200,280705.31,
2026-09-12T13:01:51.593474+00:00,200,253536.7,
2026-09-12T13:02:23.249966+00:00,200,221886.2,
2026-09-12T13:02:35.733462+00:00,200,209403.98,
2026-09-12T13:02:00.459228+00:00,200,244685.18,
2026-09-12T13:02:28.944597+00:00,200,216201.61,
2026-09-12T13:00:57.522290+00:00,200,307662.46,
2026-09-12T13:02:05.380402+00:00,200,239812.96,
2026-09-12T13:01:58.855271+00:00,200,246345.28,
2026-09-12T13:02:17.265590+00:00,200,227968.07,
2026-09-12T13:02:45.654191+00:00,200,199596.33,
2026-09-12T13:03:04.887743+00:00,200,180392.87,
2026-09-12T13:01:51.458288+00:00,200,253824.55,
2026-09-12T13:02:10.808626+00:00,200,234485.27,
2026-09-12T13:02:06.798702+00:00,200,238511.61,
2026-09-12T13:02:01.534845+00:00,200,243791.17,
2026-09-12T13:02:05.987366+00:00,200,239346.79,
2026-09-12T13:01:47.430465+00:00,200,257951.24,
2026-09-12T13:02:36.208941+00:00,200,209197.15,
2026-09-12T13:02:12.892322+00:00,200,232515.26,
2026-09-12T13:02:43.305727+00:00,200,202104.52,
2026-09-12T13:01:40.966717+00:00,200,264445.9,
2026-09-12T13:03:36.484457+00:00,200,148933.3,
2026-09-12T13:02:31.329112+00:00,200,214089.43,
2026-09-12T13:03:11.507928+00:00,200,173929.09,
2026-09-12T13:03:03.317925+00:00,200,182129.34,
2026-09-12T13:01:11.048522+00:00,200,294403.3,
2026-09-12T13:03:19.623942+00:00,200,165865.88,
2026-09-12T13:02:54.335112+00:00,200,191173.96,
2026-09-12T13:01:53.088891+00:00,200,252431.37,
2026-09-12T13:03:10.890613+00:00,200,174671.96,
2026-09-12T13:01:04.014482+00:00,200,301554.2,
2026-09-12T13:02:19.358245+00:00,200,226213.51,
2026-09-12T13:02:30.690361+00:00,200,214887.1,
2026-09-12T13:02:02.705020+00:00,200,242873.55,
2026-09-12T13:02:42.799820+00:00,200,202779.8,
2026-09-12T13:02:22.675783+00:00,200,222906.71,
2026-09-12T13:03:30.172871+00:00,200,155416.76,
2026-09-12T13:03:31.480196+00:00,200,154116.41,
2026-09-12T13:02:14.354986+00:00,200,231284.82,
2026-09-12T13:01:06.968406+00:00,200,298685.4,
2026-09-12T13:02:15.638390+00:00,200,230021.56,
2026-09-12T13:01:20.976789+00:00,200,284685.42,
2026-09-12T13:01:31.792912+00:00,200,273876.94,
2026-09-12T13:01:07.045212+00:00,200,298626.09,
2026-09-12T13:02:30.230418+00:00,200,215451.04,
2026-09-12T13:01:34.914598+00:00,200,270802.25,
2026-09-12T13:03:03.357310+00:00,200,182361.87,
2026-09-12T13:02:09.609988+00:00,200,236127.11,
2026-09-12T13:03:42.736186+00:00,200,143011.33,
2026-09-12T13:00:54.523205+00:00,200,311232.14,
2026-09-12T13:01:35.186729+00:00,200,270597.14,
2026-09-12T13:02:26.338012+00:00,200,219455.03,
2026-09-12T13:02:05.883681+00:00,200,239914.85,
2026-09-12T13:03:00.446362+00:00,200,185358.88,
2026-09-12T13:01:56.350465+00:00,200,249487.81,
2026-09-12T13:01:40.219929+00:00,200,265619.58,
2026-09-12T13:01:26.604222+00:00,200,279239.49,
2026-09-12T13:02:49.173041+00:00,200,196691.8,
2026-09-12T13:02:03.074828+00:00,200,242801.8,
2026-09-12T13:02:15.473891+00:00,200,230422.14,
2026-09-12T13:01:13.103396+00:00,200,292804.67,
2026-09-12T13:02:02.037758+00:00,200,243901.39,
2026-09-12T13:02:49.142182+00:00,200,196806.21,
2026-09-12T13:01:30.107161+00:00,200,275850.62,
2026-09-12T13:02:44.571896+00:00,200,201390.8,
2026-09-12T13:02:09.425789+00:00,200,236558.47,
2026-09-12T13:01:48.514262+00:00,200,257484.35,
2026-09-12T13:03:39.300195+00:00,200,146705.1,
2026-09-12T13:02:32.625391+00:00,200,213384.43,
2026-09-12T13:03:07.800255+00:00,200,178211.53,
2026-09-12T13:01:51.103473+00:00,200,254960.01,
2026-09-12T13:01:20.583825+00:00,200,285481.1,
2026-09-12T13:02:57.630760+00:00,200,188449.24,
2026-09-12T13:01:57.083633+00:00,200,249007.16,
2026-09-12T13:02:04.933428+00:00,200,241159.54,
2026-09-12T13:00:56.317240+00:00,200,309783.9,
2026-09-12T13:02:07.790617+00:00,200,238317.33,
2026-09-12T13:03:44.223848+00:00,200,141909.74,
2026-09-12T13:02:11.229410+00:00,200,234916.0,
2026-09-12T13:03:06.562586+00:00,200,179598.08,
2026-09-12T13:02:24.412647+00:00,200,221776.9,
2026-09-12T13:02:18.761603+00:00,200,227432.49,
2026-09-12T13:02:47.330291+00:00,200,198872.05,
2026-09-12T13:02:11.503918+00:00,200,234705.33,
2026-09-12T13:03:11.939822+00:00,200,174293.36,
2026-09-12T13:02:43.252476+00:00,200,202985.38,
2026-09-12T13:01:28.608955+00:00,200,277635.11,
2026-09-12T13:01:32.291341+00:00,200,273958.55,
2026-09-12T13:02:13.454338+00:00,200,232804.16,
2026-09-12T13:02:41.959996+00:00,200,204313.28,
2026-09-12T13:03:29.528430+00:00,200,156755.09,
2026-09-12T13:03:18.401875+00:00,200,167894.91,
2026-09-12T13:00:32.718908+00:00,200,333594.51,
2026-09-12T13:02:38.639705+00:00,200,207677.2,
2026-09-12T13:02:22.094896+00:00,200,224240.6,
2026-09-12T13:02:58.387303+00:00,200,187949.51,
2026-09-12T13:02:56.574773+00:00,200,189765.09,
2026-09-12T13:01:56.793513+00:00,200,249552.49,
2026-09-12T13:02:37.213120+00:00,200,209144.38,
2026-09-12T13:02:53.445236+00:00,200,192920.36,
2026-09-12T13:01:50.074228+00:00,200,256296.04,
2026-09-12T13:00:45.998734+00:00,200,320374.38,
2026-09-12T13:03:04.448233+00:00,200,181927.54,
2026-09-12T13:02:16.972204+00:00,200,229442.85,
2026-09-12T13:03:25.440357+00:00,200,160999.89,
2026-09-12T13:02:03.849096+00:00,200,242632.15,
2026-09-12T13:00:38.600779+00:00,200,327911.24,
2026-09-12T13:02:10.471753+00:00,200,236048.24,
2026-09-12T13:01:30.509482+00:00,200,276035.62,
2026-09-12T13:01:25.377638+00:00,200,281186.66,
2026-09-12T13:03:20.581132+00:00,200,166015.62,
2026-09-12T13:02:05.859890+00:00,200,240738.99,
2026-09-12T13:03:17.880323+00:00,200,168719.75,
2026-09-12T13:01:49.521377+00:00,200,257087.63,
2026-09-12T13:02:09.835352+00:00,200,236785.21,
2026-09-12T13:02:23.762060+00:00,200,222864.85,
2026-09-12T13:02:37.147054+00:00,200,209485.65,
2026-09-12T13:00:53.200329+00:00,200,313435.62,
2026-09-12T13:01:23.030372+00:00,200,283646.78,
2026-09-12T13:02:27.058996+00:00,200,219632.59,
2026-09-12T13:01:41.000005+00:00,200,265727.96,
2026-09-12T13:03:05.456795+00:00,200,181307.17,
2026-09-12T13:02:34.637816+00:00,200,212136.42,
2026-09-12T13:02:39.087254+00:00,200,207692.88,
2026-09-12T13:03:05.514145+00:00,200,181270.07,
2026-09-12T13:02:45.462410+00:00,200,201325.59,
2026-09-12T13:03:10.142266+00:00,200,176646.27,
2026-09-12T13:02:05.955571+00:00,200,240841.45,
2026-09-12T13:02:22.200328+00:00,200,224604.49,
2026-09-12T13:03:04.716597+00:00,200,182091.98,
2026-09-12T13:02:24.699812+00:00,200,222119.31,
2026-09-12T13:02:42.533581+00:00,200,204286.41,
2026-09-12T13:01:21.328396+00:00,200,285515.03,
2026-09-12T13:02:09.254437+00:00,200,237594.08,
2026-09-12T13:03:17.241568+00:00,200,169613.63,
2026-09-12T13:03:11.692856+00:00,200,175171.06,
2026-09-12T13:03:22.053650+00:00,200,164840.87,
2026-09-12T13:02:00.672339+00:00,200,246275.27,
2026-09-12T13:01:04.516539+00:00,200,302432.11,
2026-09-12T13:01:20.328707+00:00,200,286661.6,
2026-09-12T13:01:50.774984+00:00,200,256227.04,
2026-09-12T13:02:54.529205+00:00,200,192474.11,
2026-09-12T13:03:26.258144+00:00,200,160787.73,
2026-09-12T13:02:07.899007+00:00,200,239152.48,
2026-09-12T13:02:36.437388+00:00,200,210630.11,
2026-09-12T13:03:00.262973+00:00,200,186812.04,
2026-09-12T13:03:26.403533+00:00,200,160677.98,
2026-09-12T13:02:00.538792+00:00,200,246560.05,
2026-09-12T13:02:29.180404+00:00,200,217924.2,
2026-09-12T13:02:54.541594+00:00,200,192607.67,
2026-09-12T13:01:27.807176+00:00,200,279346.52,
2026-09-12T13:02:14.224659+00:00,200,232944.42,
2026-09-12T13:02:16.813137+00:00,200,230364.3,
2026-09-12T13:01:55.711712+00:00,200,251486.65,
2026-09-12T13:01:16.690906+00:00,200,290509.39,
2026-09-12T13:00:24.783893+00:00,200,342434.58,
2026-09-12T13:01:25.019114+00:00,200,282207.83,
2026-09-12T13:02:43.642664+00:00,200,203588.42,
2026-09-12T13:03:05.954713+00:00,200,181280.03,
2026-09-12T13:02:33.610788+00:00,200,213624.89,
2026-09-12T13:02:39.903357+00:00,200,207344.33,
2026-09-12T13:01:38.223857+00:00,200,269024.58,
2026-09-12T13:01:46.028582+00:00,200,261231.29,
2026-09-12T13:01:45.007126+00:00,200,262264.85,
2026-09-12T13:02:28.899487+00:00,200,218403.42,
2026-09-12T13:03:06.636283+00:00,200,180690.11,
2026-09-12T13:01:12.116477+00:00,200,295228.48,
2026-09-12T13:02:25.901626+00:00,200,221466.68,
2026-09-12T13:02:01.350940+00:00,200,246019.61,
2026-09-12T13:01:03.158467+00:00,200,304227.3,
2026-09-12T13:02:04.434813+00:00,200,242951.47,
2026-09-12T13:01:48.768565+00:00,200,258618.21,
2026-09-12T13:03:33.611415+00:00,200,153775.88,
2026-09-12T13:02:14.615155+00:00,200,232772.68,
2026-09-12T13:02:08.870905+00:00,200,238517.55,
2026-09-12T13:02:39.140857+00:00,200,208248.25,
2026-09-12T13:02:46.150184+00:00,200,201250.51,
2026-09-12T13:02:00.548987+00:00,200,246856.37,
2026-09-12T13:01:36.257736+00:00,200,271149.05,
2026-09-12T13:02:25.278496+00:00,200,222137.05,
2026-09-12T13:02:27.055061+00:00,200,220361.27,
2026-09-12T13:01:13.805079+00:00,200,293612.04,
2026-09-12T13:01:17.177319+00:00,200,290240.51,
2026-09-12T13:01:35.125962+00:00,200,272325.23,
2026-09-12T13:01:29.592008+00:00,200,277870.37,
2026-09-12T13:02:51.915370+00:00,200,195565.61,
2026-09-12T13:02:37.463733+00:00,200,210021.24,
2026-09-12T13:01:58.836183+00:00,200,248668.92,
2026-09-12T13:02:01.567679+00:00,200,245953.6,
2026-09-12T13:01:17.172670+00:00,200,290360.93,
2026-09-12T13:02:48.498856+00:00,200,199035.74,
2026-09-12T13:01:42.921375+00:00,200,264642.58,
2026-09-12T13:02:48.304370+00:00,200,199270.22,
2026-09-12T13:01:59.078819+00:00,200,248504.57,
2026-09-12T13:02:21.978576+00:00,200,225634.38,
2026-09-12T13:02:12.516795+00:00,200,235111.27,
2026-09-12T13:03:34.197073+00:00,200,153460.87,
2026-09-12T13:01:59.414524+00:00,200,248256.94,
2026-09-12T13:02:25.966583+00:00,200,221719.68,
2026-09-12T13:03:07.121281+00:00,200,180574.07,
2026-09-12T13:03:44.504191+00:00,200,143213.47,
2026-09-12T13:03:18.991328+00:00,200,168738.08,
2026-09-12T13:01:59.951036+00:00,200,247782.26,
2026-09-12T13:00:48.042908+00:00,200,319740.34,
2026-09-12T13:02:22.959017+00:00,200,224825.42,
2026-09-12T13:00:41.270976+00:00,200,326531.15,
2026-09-12T13:01:52.823331+00:00,200,254979.52,
2026-09-12T13:01:51.366165+00:00,200,256444.4,
2026-09-12T13:03:21.249878+00:00,200,166565.17,
2026-09-12T13:01:33.524063+00:00,200,274302.54,
2026-09-12T13:02:35.199059+00:00,200,212629.7,
2026-09-12T13:03:36.719019+00:00,200,151113.83,
2026-09-12T13:01:43.485483+00:00,200,264386.03,
2026-09-12T13:03:28.067947+00:00,200,159805.38,
2026-09-12T13:02:13.814507+00:00,200,234064.38,
2026-09-12T13:02:47.104925+00:00,200,200778.74,
2026-09-12T13:02:27.235974+00:00,200,220651.7,
2026-09-12T13:02:38.806649+00:00,200,209097.78,
2026-09-12T13:01:35.434876+00:00,200,272489.61,
2026-09-12T13:01:53.795565+00:00,200,254133.7,
2026-09-12T13:01:25.848065+00:00,200,282096.92,
2026-09-12T13:01:47.557452+00:00,200,260405.17,
2026-09-12T13:02:15.001626+00:00,200,232963.42,
2026-09-12T13:01:41.323255+00:00,200,266647.49,
2026-09-12T13:01:06.077711+00:00,200,301909.41,
2026-09-12T13:02:07.351506+00:00,200,240669.52,
2026-09-12T13:00:42.919845+00:00,200,325104.39,
2026-09-12T13:02:50.192882+00:00,200,197885.35,
2026-09-12T13:01:02.190392+00:00,200,305893.22,
2026-09-12T13:02:33.952480+00:00,200,214133.04,
2026-09-12T13:03:19.846298+00:00,200,168242.52,
2026-09-12T13:03:22.361312+00:00,200,165729.1,
2026-09-12T13:02:09.108848+00:00,200,239016.07,
2026-09-12T13:01:23.022288+00:00,200,285104.99,
2026-09-12T13:01:26.837585+00:00,200,281293.66,
2026-09-12T13:01:51.870719+00:00,200,256275.88,
2026-09-12T13:02:00.142891+00:00,200,248004.59,
2026-09-12T13:02:40.541749+00:00,200,207634.37,
2026-09-12T13:02:23.711727+00:00,200,224466.81,
2026-09-12T13:03:44.268851+00:00,200,143928.75,
2026-09-12T13:00:38.035076+00:00,200,330165.43,
2026-09-12T13:02:26.095896+00:00,200,222136.33,
2026-09-12T13:03:22.407047+00:00,200,165826.61,
2026-09-12T13:01:59.524638+00:00,200,248732.88,
2026-09-12T13:02:05.196310+00:00,200,243093.86,
2026-09-12T13:01:40.528549+00:00,200,267767.2,
2026-09-12T13:01:23.839556+00:00,200,284460.64,
2026-09-12T13:03:29.085239+00:00,200,159216.8,
2026-09-12T13:01:29.455974+00:00,200,278846.99,
2026-09-12T13:01:02.534731+00:00,200,305803.42,
2026-09-12T13:01:24.943099+00:00,200,283395.77,
2026-09-12T13:03:06.749110+00:00,200,181603.5,
2026-09-12T13:01:39.724343+00:00,200,268630.33,
2026-09-12T13:00:53.311245+00:00,200,315045.45,
2026-09-12T13:03:40.866031+00:00,200,147547.1,
2026-09-12T13:02:30.118281+00:00,200,218313.28,
2026-09-12T13:00:58.126958+00:00,200,310310.37,
2026-09-12T13:03:05.328841+00:00,200,183109.58,
2026-09-12T13:01:58.138747+00:00,200,250318.25,
2026-09-12T13:03:16.202016+00:00,200,172256.67,
2026-09-12T13:01:02.373857+00:00,200,306087.14,
2026-09-12T13:01:53.310827+00:00,200,255157.71,
2026-09-12T13:01:44.685690+00:00,200,263787.62,
2026-09-12T13:02:29.285474+00:00,200,219223.64,
2026-09-12T13:01:09.384728+00:00,200,299127.98,
2026-09-12T13:01:32.386373+00:00,200,276145.77,
2026-09-12T13:03:27.185263+00:00,200,161351.15,
2026-09-12T13:03:14.279301+00:00,200,174258.59,
2026-09-12T13:00:58.250818+00:00,200,310292.85,
2026-09-12T13:01:07.327610+00:00,200,301273.9,
2026-09-12T13:02:09.948645+00:00,200,238655.51,
2026-09-12T13:01:17.769591+00:00,200,290864.12,
2026-09-12T13:03:09.070609+00:00,200,179568.47,
2026-09-12T13:02:10.427273+00:00,200,238227.72,
2026-09-12T13:02:04.884172+00:00,200,243790.27,
2026-09-12T13:02:37.616520+00:00,200,211064.42,
2026-09-12T13:02:00.003633+00:00,200,248698.52,
2026-09-12T13:02:03.185030+00:00,200,245548.03,
2026-09-12T13:01:36.902290+00:00,200,271835.2,
2026-09-12T13:03:12.820676+00:00,200,175920.37,
2026-09-12T13:03:26.584158+00:00,200,162164.72,
2026-09-12T13:03:24.563581+00:00,200,164205.26,
2026-09-12T13:03:42.722586+00:00,200,146065.19,
2026-09-12T13:02:20.930779+00:00,200,227868.68,
2026-09-12T13:01:28.475664+00:00,200,280328.42,
2026-09-12T13:01:42.396011+00:00,200,266408.9,
2026-09-12T13:02:09.240216+00:00,200,239568.99,
2026-09-12T13:02:07.330419+00:00,200,241483.68,
2026-09-12T13:02:00.899900+00:00,200,247945.8,
2026-09-12T13:01:43.586715+00:00,200,265270.63,
2026-09-12T13:02:38.950631+00:00,200,209914.47,
2026-09-12T13:02:58.384096+00:00,200,190488.09,
2026-09-12T13:00:50.345719+00:00,200,318559.34,
2026-09-12T13:01:58.856289+00:00,200,250064.01,
2026-09-12T13:01:49.523716+00:00,200,259430.96,
2026-09-12T13:03:11.908923+00:00,200,177055.36,
2026-09-12T13:03:07.875195+00:00,200,181093.35,
2026-09-12T13:02:28.367005+00:00,200,220615.47,
2026-09-12T13:02:17.992439+00:00,200,231000.59,
2026-09-12T13:02:06.465733+00:00,200,242534.66,
2026-09-12T13:00:54.566554+00:00,200,314434.71,
2026-09-12T13:02:55.331861+00:00,200,193679.11,
2026-09-12T13:01:44.488774+00:00,200,264546.73,
2026-09-12T13:01:47.869150+00:00,200,261173.12,
2026-09-12T13:02:31.326901+00:00,200,217732.17,
2026-09-12T13:00:38.750944+00:00,200,330322.7,
2026-09-12T13:01:45.564775+00:00,200,263517.54,
2026-09-12T13:02:25.121038+00:00,200,223963.26,
2026-09-12T13:02:28.254747+00:00,200,220830.44,
2026-09-12T13:03:19.783910+00:00,200,169302.37,
2026-09-12T13:03:26.318449+00:00,200,162819.7,
2026-09-12T13:01:47.986322+00:00,200,261203.17,
2026-09-12T13:03:08.865543+00:00,200,180327.66,
2026-09-12T13:02:36.337027+00:00,200,212857.55,
2026-09-12T13:02:54.670331+00:00,200,194539.18,
2026-09-12T13:00:51.510136+00:00,200,317736.8,
2026-09-12T13:03:02.492037+00:00,200,186790.02,
2026-09-12T13:03:35.969185+00:00,200,153320.1,
2026-09-12T13:01:47.029168+00:00,200,262307.58,
2026-09-12T13:01:49.605061+00:00,200,259733.46,
2026-09-12T13:03:13.500826+00:00,200,175847.28,
2026-09-12T13:02:08.055383+00:00,200,241306.65,
2026-09-12T13:01:54.839181+00:00,200,254523.58,
2026-09-12T13:02:28.604365+00:00,200,220759.09,
2026-09-12T13:02:54.617615+00:00,200,194787.45,
2026-09-12T13:01:17.524644+00:00,200,291881.31,
2026-09-12T13:01:41.490400+00:00,200,267918.03,
2026-09-12T13:03:03.152511+00:00,200,186262.63,
2026-09-12T13:02:31.507167+00:00,200,217917.54,
2026-09-12T13:02:39.245954+00:00,200,210199.75,
2026-09-12T13:01:56.184926+00:00,200,253296.7,
2026-09-12T13:01:09.971176+00:00,200,299513.83,
2026-09-12T13:03:15.235073+00:00,200,174255.21,
2026-09-12T13:01:59.619036+00:00,200,249873.69,
2026-09-12T13:03:41.507563+00:00,200,147988.46,
2026-09-12T13:02:10.997515+00:00,200,238503.11,
2026-09-12T13:02:01.093115+00:00,200,248426.38,
2026-09-12T13:02:12.588786+00:00,200,236958.8,
2026-09-12T13:03:21.440726+00:00,200,168121.85,
2026-09-12T13:02:08.808139+00:00,200,240757.01,
2026-09-12T13:02:42.257437+00:00,200,207323.45,
2026-09-12T13:03:04.802400+00:00,200,184785.19,
2026-09-12T13:02:10.999621+00:00,200,238613.85,
2026-09-12T13:01:54.427839+00:00,200,255192.8,
2026-09-12T13:03:14.158935+00:00,200,175484.09,
2026-09-12T13:01:34.897560+00:00,200,274746.58,
2026-09-12T13:02:38.430029+00:00,200,211258.99,
2026-09-12T13:03:09.847211+00:00,200,179842.57,
2026-09-12T13:02:06.116586+00:00,200,243590.57,
2026-09-12T13:03:36.792816+00:00,200,152919.54,
2026-09-12T13:02:35.072974+00:00,200,214644.02,
2026-09-12T13:02:04.336986+00:00,200,245383.12,
2026-09-12T13:02:20.761145+00:00,200,228959.92,
2026-09-12T13:02:12.449772+00:00,200,237283.56,
2026-09-12T13:03:41.149884+00:00,200,148588.93,
2026-09-12T13:02:11.877031+00:00,200,237865.72,
2026-09-12T13:01:20.836645+00:00,200,288907.8,
2026-09-12T13:02:25.914428+00:00,200,223856.13,
2026-09-12T13:03:03.004363+00:00,200,186777.33,
2026-09-12T13:03:35.024576+00:00,200,154760.52,
2026-09-12T13:02:07.577375+00:00,200,242211.8,
2026-09-12T13:02:12.527800+00:00,200,237265.15,
2026-09-12T13:02:20.328117+00:00,200,229497.13,
2026-09-12T13:01:25.206931+00:00,200,284619.9,
2026-09-12T13:01:36.311227+00:00,200,273524.54,
2026-09-12T13:01:30.612911+00:00,200,279237.46,
2026-09-12T13:00:27.822700+00:00,200,342052.13,
2026-09-12T13:02:29.993208+00:00,200,219892.38,
2026-09-12T13:02:58.809298+00:00,200,191082.52,
2026-09-12T13:02:17.954486+00:00,200,231954.81,
2026-09-12T13:01:48.912159+00:00,200,261014.62,
2026-09-12T13:02:24.981535+00:00,200,224948.43,
2026-09-12T13:02:51.232732+00:00,200,198741.09,
2026-09-12T13:01:14.640540+00:00,200,295358.0,
2026-09-12T13:02:01.706217+00:00,200,248332.19,
2026-09-12T13:03:25.317149+00:00,200,164731.06,
2026-09-12T13:02:31.342771+00:00,200,218729.56,
2026-09-12T13:02:46.421486+00:00,200,203654.15,
2026-09-12T13:01:20.263123+00:00,200,289814.55,
2026-09-12T13:01:40.836196+00:00,200,269243.6,
2026-09-12T13:00:46.837288+00:00,200,323257.28,
2026-09-12T13:02:24.783684+00:00,200,225312.5,
2026-09-12T13:03:16.144390+00:00,200,173962.42,
2026-09-12T13:01:49.785177+00:00,200,260327.13,
2026-09-12T13:02:12.680525+00:00,200,237454.41,
2026-09-12T13:01:39.338347+00:00,200,270815.76,
2026-09-12T13:03:09.356256+00:00,200,180812.4,
2026-09-12T13:01:51.502049+00:00,200,258706.23,
2026-09-12T13:02:23.153081+00:00,200,227069.09,
2026-09-12T13:02:06.081613+00:00,200,244145.98,
2026-09-12T13:02:32.262878+00:00,200,217966.35,
2026-09-12T13:01:53.514719+00:00,200,256756.93,
2026-09-12T13:01:27.298468+00:00,200,282991.49,
2026-09-12T13:01:25.257640+00:00,200,285038.13,
2026-09-12T13:02:43.535791+00:00,200,206767.29,
2026-09-12T13:02:35.980962+00:00,200,214329.42,
2026-09-12T13:02:29.151823+00:00,200,221163.37,
2026-09-12T13:02:15.636117+00:00,200,234703.7,
2026-09-12T13:03:02.515705+00:00,200,187856.01,
2026-09-12T13:01:11.261522+00:00,200,299120.61,
2026-09-12T13:01:59.871087+00:00,200,250527.83,
2026-09-12T13:02:16.770525+00:00,200,233640.5,
2026-09-12T13:02:58.438050+00:00,200,191995.34,
2026-09-12T13:00:43.725883+00:00,200,326716.83,
2026-09-12T13:02:43.318690+00:00,200,207125.21,
2026-09-12T13:01:39.360766+00:00,200,271085.32,
2026-09-12T13:01:47.841142+00:00,200,262625.42,
2026-09-12T13:01:48.569326+00:00,200,261905.48,
2026-09-12T13:02:32.837359+00:00,200,217671.06,
2026-09-12T13:02:04.508453+00:00,200,246027.38,
2026-09-12T13:02:17.757615+00:00,200,232797.61,
2026-09-12T13:03:06.674279+00:00,200,183887.93,
2026-09-12T13:01:39.307539+00:00,200,271258.05,
2026-09-12T13:02:02.096916+00:00,200,248473.73,
2026-09-12T13:01:44.306973+00:00,200,266277.0,
2026-09-12T13:02:18.150042+00:00,200,232435.13,
2026-09-12T13:01:43.909459+00:00,200,266680.73,
2026-09-12T13:00:28.241310+00:00,200,342377.56,
2026-09-12T13:02:11.362436+00:00,200,239281.22,
2026-09-12T13:02:05.307826+00:00,200,245366.99,
2026-09-12T13:01:43.988516+00:00,200,266687.14,
2026-09-12T13:03:44.610644+00:00,200,146069.59,
2026-09-12T13:03:28.721012+00:00,200,161964.36,
2026-09-12T13:02:55.072362+00:00,200,195637.92,
2026-09-12T13:01:12.489061+00:00,200,298229.33,
2026-09-12T13:03:45.277220+00:00,200,145445.35,
2026-09-12T13:01:48.171110+00:00,200,262566.56,
2026-09-12T13:02:13.809048+00:00,200,236936.48,
2026-09-12T13:00:48.847638+00:00,200,321902.72,
2026-09-12T13:01:09.353310+00:00,200,301425.38,
2026-09-12T13:00:59.654345+00:00,200,311129.28,
2026-09-12T13:01:49.860345+00:00,200,260932.96,
2026-09-12T13:03:00.974351+00:00,200,189827.74,
2026-09-12T13:03:05.951367+00:00,200,184889.63,
2026-09-12T13:01:01.101083+00:00,200,309747.16,
2026-09-12T13:01:21.473883+00:00,200,289397.52,
2026-09-12T13:01:38.163984+00:00,200,272731.02,
2026-09-12T13:01:43.123058+00:00,200,267775.93,
2026-09-12T13:01:49.633541+00:00,200,261280.57,
2026-09-12T13:02:02.278073+00:00,200,248644.13,
2026-09-12T13:02:55.495188+00:00,200,195445.33,
2026-09-12T13:02:39.301995+00:00,200,211654.72,
2026-09-12T13:02:00.842952+00:00,200,250128.3,
2026-09-12T13:02:10.562573+00:00,200,240418.78,
2026-09-12T13:03:27.140536+00:00,200,163842.9,
2026-09-12T13:03:11.746755+00:00,200,179256.95,
2026-09-12T13:02:09.320773+00:00,200,241697.89,
2026-09-12T13:03:43.596658+00:00,200,147427.57,
2026-09-12T13:01:31.421247+00:00,200,279603.79,
2026-09-12T13:02:40.071230+00:00,200,210967.2,
2026-09-12T13:02:46.373042+00:00,200,204683.09,
2026-09-12T13:02:10.598459+00:00,200,240465.98,
2026-09-12T13:00:51.727648+00:00,200,319363.82,
2026-09-12T13:02:29.824687+00:00,200,221284.94,
2026-09-12T13:00:35.381914+00:00,200,335733.5,
2026-09-12T13:01:55.152115+00:00,200,255967.76,
2026-09-12T13:00:48.569519+00:00,200,322554.45,
2026-09-12T13:02:30.058322+00:00,200,221073.5,
2026-09-12T13:01:41.223998+00:00,200,269920.09,
2026-09-12T13:03:09.428657+00:00,200,181756.71,
2026-09-12T13:01:48.864640+00:00,200,262323.62,
2026-09-12T13:03:11.413697+00:00,200,179781.97,
2026-09-12T13:03:14.861491+00:00,200,176339.41,
2026-09-12T13:02:59.763642+00:00,200,191471.29,
2026-09-12T13:01:30.358590+00:00,200,280880.82,
2026-09-12T13:02:18.348831+00:00,200,232902.4,
2026-09-12T13:01:29.288637+00:00,200,281979.55,
2026-09-12T13:02:36.648136+00:00,200,214623.41,
2026-09-12T13:01:27.335141+00:00,200,283959.95,
2026-09-12T13:01:45.721373+00:00,200,265588.58,
2026-09-12T13:02:19.952312+00:00,200,231366.78,
2026-09-12T13:02:15.923638+00:00,200,235398.97,
2026-09-12T13:01:41.817910+00:00,200,269519.71,
2026-09-12T13:01:03.536280+00:00,200,307818.97,
2026-09-12T13:01:31.228458+00:00,200,280135.94,
2026-09-12T13:01:16.580190+00:00,200,294802.13,
2026-09-12T13:01:50.534378+00:00,200,260848.92,
2026-09-12T13:03:04.438033+00:00,200,186949.11,
2026-09-12T13:01:33.449858+00:00,200,277942.77,
2026-09-12T13:01:12.124416+00:00,200,299271.36,
2026-09-12T13:02:22.312686+00:00,200,229084.09,
2026-09-12T13:02:19.653684+00:00,200,231769.7,
2026-09-12T13:03:17.703608+00:00,200,173725.42,
2026-09-12T13:02:25.259825+00:00,200,226179.18,
2026-09-12T13:01:36.970649+00:00,200,274469.35,
2026-09-12T13:02:31.502671+00:00,200,219983.52,
2026-09-12T13:02:28.395624+00:00,200,223091.36,
2026-09-12T13:02:08.740041+00:00,200,242762.21,
2026-09-12T13:02:08.662219+00:00,200,242840.85,
2026-09-12T13:01:35.621203+00:00,200,275926.7,
2026-09-12T13:02:03.998374+00:00,200,247566.88,
2026-09-12T13:02:23.296982+00:00,200,228270.97,
2026-09-12T13:01:37.218283+00:00,200,274360.92,
2026-09-12T13:03:16.887722+00:00,200,174732.8,
2026-09-12T13:01:58.426698+00:00,200,253194.82,
2026-09-12T13:02:41.210160+00:00,200,210414.51,
2026-09-12T13:02:05.176393+00:00,200,246452.85,
2026-09-12T13:01:48.496000+00:00,200,263136.43,
2026-09-12T13:01:28.565495+00:00,200,283081.69,
2026-09-12T13:03:02.233539+00:00,200,189421.66,
2026-09-12T13:00:55.193782+00:00,200,316488.17,
2026-09-12T13:02:06.933209+00:00,200,244757.18,
2026-09-12T13:01:42.893193+00:00,200,268810.41,
2026-09-12T13:02:54.753760+00:00,200,196972.53,
2026-09-12T13:01:17.644643+00:00,200,294082.52,
2026-09-12T13:03:26.135408+00:00,200,165605.75,
2026-09-12T13:02:11.985874+00:00,200,239773.86,
2026-09-12T13:02:35.523130+00:00,200,216239.48,
2026-09-12T13:02:03.008068+00:00,200,248773.35,
2026-09-12T13:02:51.267228+00:00,200,200535.1,
2026-09-12T13:01:56.096359+00:00,200,255719.07,
2026-09-12T13:00:52.167693+00:00,200,319672.42,
2026-09-12T13:02:24.226074+00:00,200,227643.15,
2026-09-12T13:01:26.055199+00:00,200,285819.41,
2026-09-12T13:01:27.222913+00:00,200,284661.54,
2026-09-12T13:01:12.339613+00:00,200,299548.42,
2026-09-12T13:02:42.970985+00:00,200,208928.21,
2026-09-12T13:03:09.305342+00:00,200,182602.98,
2026-09-12T13:02:21.521974+00:00,200,230395.72,
2026-09-12T13:02:16.113652+00:00,200,235804.91,
2026-09-12T13:03:26.835232+00:00,200,165107.42,
2026-09-12T13:02:25.743024+00:00,200,226228.27,
2026-09-12T13:03:12.032483+00:00,200,179946.07,
2026-09-12T13:00:47.123613+00:00,200,324863.67,
2026-09-12T13:01:50.264478+00:00,200,261726.35,
2026-09-12T13:01:49.941661+00:00,200,262057.75,
2026-09-12T13:02:39.390235+00:00,200,212617.99,
2026-09-12T13:03:04.519142+00:00,200,187508.33,
2026-09-12T13:02:01.585622+00:00,200,250443.63,
2026-09-12T13:03:03.580599+00:00,200,188465.47,
2026-09-12T13:00:42.706502+00:00,200,329344.33,
2026-09-12T13:01:52.806467+00:00,200,259259.03,
2026-09-12T13:03:29.208992+00:00,200,162887.86,
2026-09-12T13:01:27.596971+00:00,200,284535.98,
2026-09-12T13:01:59.835493+00:00,200,252308.83,
2026-09-12T13:03:23.098963+00:00,200,169062.9,
2026-09-12T13:02:31.000454+00:00,200,221164.92,
2026-09-12T13:02:31.719334+00:00,200,220449.93,
2026-09-12T13:01:52.797077+00:00,200,259385.24,
2026-09-12T13:03:14.609368+00:00,200,177576.69,
2026-09-12T13:01:57.615717+00:00,200,254580.92,
2026-09-12T13:02:29.343517+00:00,200,222859.72,
2026-09-12T13:02:18.262600+00:00,200,233960.44,
2026-09-12T13:02:48.388762+00:00,200,203839.9,
2026-09-12T13:02:26.803852+00:00,200,225430.31,
2026-09-12T13:00:37.172145+00:00,200,335063.24,
2026-09-12T13:03:26.497837+00:00,200,165742.24,
2026-09-12T13:02:28.368124+00:00,200,223884.75,
2026-09-12T13:01:22.848320+00:00,200,289417.87,
2026-09-12T13:00:37.021016+00:00,200,335269.88,
2026-09-12T13:01:02.294975+00:00,200,309999.07,
2026-09-12T13:01:31.675717+00:00,200,280649.1,
2026-09-12T13:01:55.709791+00:00,200,256628.91,
2026-09-12T13:02:01.848110+00:00,200,250499.71,
2026-09-12T13:01:55.791439+00:00,200,256560.37,
2026-09-12T13:01:29.162054+00:00,200,283198.28,
2026-09-12T13:03:11.466753+00:00,200,180915.63,
2026-09-12T13:03:07.242261+00:00,200,185166.94,
2026-09-12T13:03:26.377126+00:00,200,166036.34,
2026-09-12T13:03:42.935899+00:00,200,149483.21,
2026-09-12T13:03:42.097927+00:00,200,150323.02,
2026-09-12T13:02:00.902650+00:00,200,251524.53,
2026-09-12T13:02:20.330035+00:00,200,232108.27,
2026-09-12T13:01:23.471061+00:00,200,288972.25,
2026-09-12T13:02:21.980475+00:00,200,230463.49,
2026-09-12T13:02:25.391367+00:00,200,227055.12,
2026-09-12T13:03:36.249782+00:00,200,156198.16,
2026-09-12T13:03:23.366761+00:00,200,169091.47,
2026-09-12T13:00:54.096202+00:00,200,318362.99,
2026-09-12T13:02:57.054084+00:00,200,195418.17,
2026-09-12T13:02:54.955107+00:00,200,197521.42,
2026-09-12T13:03:43.723131+00:00,200,148769.46,
2026-09-12T13:02:42.647949+00:00,200,209850.08,
2026-09-12T13:01:02.114833+00:00,200,310393.75,
2026-09-12T13:01:10.765446+00:00,200,301765.33,
2026-09-12T13:03:43.365047+00:00,200,149167.26,
2026-09-12T13:03:42.354971+00:00,200,150177.99,
2026-09-12T13:01:01.762193+00:00,200,310791.94,
2026-09-12T13:01:46.937502+00:00,200,265630.44,
2026-09-12T13:02:32.867423+00:00,200,219701.53,
2026-09-12T13:02:15.064221+00:00,200,237520.07,
2026-09-12T13:02:16.294313+00:00,200,236292.35,
2026-09-12T13:01:18.206311+00:00,200,294384.85,
2026-09-12T13:03:22.255788+00:00,200,170338.73,
2026-09-12T13:01:19.113421+00:00,200,293486.87,
2026-09-12T13:02:20.500086+00:00,200,232125.78,
2026-09-12T13:01:37.778187+00:00,200,274848.66,
2026-09-12T13:02:26.850507+00:00,200,225780.83,
2026-09-12T13:02:06.883932+00:00,200,245748.28,
2026-09-12T13:02:41.892223+00:00,200,210742.65,
2026-09-12T13:02:25.168531+00:00,200,227477.93,
2026-09-12T13:03:09.440487+00:00,200,183213.06,
2026-09-12T13:03:35.482291+00:00,200,157174.43,
2026-09-12T13:02:23.244404+00:00,200,229415.4,
2026-09-12T13:03:24.561342+00:00,200,168119.72,
2026-09-12T13:02:07.097271+00:00,200,245599.59,
2026-09-12T13:02:59.768645+00:00,200,192945.6,
2026-09-12T13:00:54.574065+00:00,200,318152.14,
2026-09-12T13:01:06.087921+00:00,200,306638.96,
2026-09-12T13:02:21.755860+00:00,200,230985.03,
2026-09-12T13:03:22.558563+00:00,200,170189.18,
2026-09-12T13:01:54.590934+00:00,200,258166.35,
2026-09-12T13:01:18.601927+00:00,200,294159.63,
2026-09-12T13:02:27.105962+00:00,200,225671.32,
2026-09-12T13:02:51.988281+00:00,200,200791.07,
2026-09-12T13:02:30.219624+00:00,200,222563.58,
2026-09-12T13:00:39.014670+00:00,200,333772.13,
2026-09-12T13:01:17.461986+00:00,200,295334.4,
2026-09-12T13:03:11.937650+00:00,200,180861.77,
2026-09-12T13:02:13.407238+00:00,200,239399.44,
2026-09-12T13:01:54.212991+00:00,200,258635.17,
2026-09-12T13:03:31.153527+00:00,200,161709.31,
2026-09-12T13:01:57.504132+00:00,200,255376.48,
2026-09-12T13:01:42.398190+00:00,200,270488.36,
2026-09-12T13:02:56.722012+00:00,200,196168.11,
2026-09-12T13:01:08.581345+00:00,200,304310.38,
2026-09-12T13:03:20.070204+00:00,200,172822.38,
2026-09-12T13:01:38.121563+00:00,200,274772.76,
2026-09-12T13:02:49.229820+00:00,200,203671.39,
2026-09-12T13:00:54.921163+00:00,200,317987.3,
2026-09-12T13:02:43.640810+00:00,200,209277.39,
2026-09-12T13:02:39.547171+00:00,200,213375.16,
2026-09-12T13:03:28.732893+00:00,200,164211.24,
2026-09-12T13:03:26.392393+00:00,200,166568.77,
2026-09-12T13:01:44.514594+00:00,200,268480.33,
2026-09-12T13:01:55.542204+00:00,200,257454.21,
2026-09-12T13:03:27.271442+00:00,200,165726.29,
2026-09-12T13:01:58.221301+00:00,200,254778.96,
2026-09-12T13:02:26.017973+00:00,200,226984.19,
2026-09-12T13:01:49.147092+00:00,200,263865.18,
2026-09-12T13:03:19.963885+00:00,200,173054.24,
2026-09-12T13:01:31.470962+00:00,200,281561.48,
2026-09-12T13:02:21.847379+00:00,200,231185.89,
2026-09-12T13:02:15.994601+00:00,200,237050.93,
2026-09-12T13:03:18.301657+00:00,200,174744.55,
2026-09-12T13:03:25.483245+00:00,200,167578.51,
2026-09-12T13:02:28.733244+00:00,200,224338.47,
2026-09-12T13:03:35.038880+00:00,200,158041.27,
2026-09-12T13:02:39.902225+00:00,200,213192.1,
2026-09-12T13:03:25.263078+00:00,200,167847.21,
2026-09-12T13:03:30.289661+00:00,200,162826.54,
2026-09-12T13:01:10.041797+00:00,200,303075.97,
2026-09-12T13:01:34.515971+00:00,200,278615.9,
2026-09-12T13:02:30.317042+00:00,200,222816.25,
2026-09-12T13:03:40.478621+00:00,200,152670.69,
2026-09-12T13:02:43.224709+00:00,200,209925.48,
2026-09-12T13:01:39.427987+00:00,200,273724.94,
2026-09-12T13:03:41.911411+00:00,200,151245.22,
2026-09-12T13:01:58.475302+00:00,200,254682.0,
2026-09-12T13:02:29.647596+00:00,200,223514.48,
2026-09-12T13:02:59.962136+00:00,200,193201.94,
2026-09-12T13:03:17.509604+00:00,200,175696.64,
2026-09-12T13:03:14.524462+00:00,200,178688.09,
2026-09-12T13:03:12.019436+00:00,200,181211.61,
2026-09-12T13:01:10.420274+00:00,200,302815.68,
2026-09-12T13:00:33.718738+00:00,200,339526.63,
2026-09-12T13:01:55.674895+00:00,200,257593.33,
2026-09-12T13:01:23.158801+00:00,200,290111.46,
2026-09-12T13:03:06.008652+00:00,200,187263.57,
2026-09-12T13:03:42.113384+00:00,200,151161.61,
2026-09-12T13:01:00.574608+00:00,200,312703.06,
2026-09-12T13:02:15.077712+00:00,200,238203.96,
2026-09-12T13:00:55.425095+00:00,200,317860.52,
2026-09-12T13:01:56.768604+00:00,200,256542.31,
2026-09-12T13:03:09.553644+00:00,200,183758.24,
2026-09-12T13:01:57.266505+00:00,200,256046.39,
2026-09-12T13:01:44.505374+00:00,200,268813.97,
2026-09-12T13:02:34.713536+00:00,200,218631.43,
2026-09-12T13:03:27.266871+00:00,200,166082.3,
2026-09-12T13:00:40.390249+00:00,200,332967.14,
2026-09-12T13:02:06.169137+00:00,200,247189.9,
2026-09-12T13:01:40.821720+00:00,200,272549.72,
2026-09-12T13:00:51.790983+00:00,200,321583.43,
2026-09-12T13:01:23.799383+00:00,200,289582.14,
2026-09-12T13:01:44.189247+00:00,200,269193.03,
2026-09-12T13:02:59.070061+00:00,200,194314.63,
2026-09-12T13:01:55.074331+00:00,200,258320.38,
2026-09-12T13:01:21.183913+00:00,200,292215.91,
2026-09-12T13:02:41.047929+00:00,200,212374.29,
2026-09-12T13:02:03.653980+00:00,200,249772.46,
2026-09-12T13:03:42.535010+00:00,200,150899.23,
2026-09-12T13:03:05.267319+00:00,200,188183.99,
2026-09-12T13:01:33.539400+00:00,200,279922.47,
2026-09-12T13:03:24.776548+00:00,200,168686.11,
2026-09-12T13:02:30.285471+00:00,200,223185.45,
2026-09-12T13:02:03.391588+00:00,200,250081.07,
2026-09-12T13:03:04.685407+00:00,200,188794.84,
2026-09-12T13:00:59.773371+00:00,200,313710.43,
2026-09-12T13:03:24.702348+00:00,200,168788.6,
2026-09-12T13:01:27.600459+00:00,200,285902.32,
2026-09-12T13:00:46.572944+00:00,200,326945.13,
2026-09-12T13:02:58.092400+00:00,200,195428.62,
2026-09-12T13:02:18.550378+00:00,200,234981.78,
2026-09-12T13:03:38.740503+00:00,200,154792.23,
2026-09-12T13:02:52.829061+00:00,200,200704.77,
2026-09-12T13:03:06.865468+00:00,200,186675.35,
2026-09-12T13:01:57.176314+00:00,200,256377.42,
2026-09-12T13:02:36.614718+00:00,200,216949.62,
2026-09-12T13:02:48.779528+00:00,200,204788.41,
2026-09-12T13:02:14.344790+00:00,200,239228.04,
2026-09-12T13:02:33.589258+00:00,200,219991.94,
2026-09-12T13:01:22.988665+00:00,200,290593.1,
2026-09-12T13:01:36.479490+00:00,200,277143.44,
2026-09-12T13:01:03.076991+00:00,200,310547.18,
2026-09-12T13:03:07.844062+00:00,200,185788.37,
2026-09-12T13:02:42.430974+00:00,200,211208.77,
2026-09-12T13:03:04.286128+00:00,200,189357.85,
2026-09-12T13:01:40.324030+00:00,200,273329.63,
2026-09-12T13:03:36.864559+00:00,200,156827.0,
2026-09-12T13:01:38.478135+00:00,200,275224.74,
2026-09-12T13:01:38.351764+00:00,200,275352.15,
2026-09-12T13:01:46.766117+00:00,200,266942.89,
2026-09-12T13:03:10.658613+00:00,200,183055.68,
2026-09-12T13:02:39.963724+00:00,200,213754.68,
2026-09-12T13:01:49.772458+00:00,200,263955.27,
2026-09-12T13:02:04.356884+00:00,200,249380.75,
2026-09-12T13:03:01.501802+00:00,200,192251.56,
2026-09-12T13:03:42.743073+00:00,200,151015.85,
2026-09-12T13:00:54.351587+00:00,200,319418.98,
2026-09-12T13:01:52.744246+00:00,200,261035.4,
2026-09-12T13:02:43.765314+00:00,200,210023.42,
2026-09-12T13:02:52.707085+00:00,200,201083.62,
2026-09-12T13:02:33.422236+00:00,200,220384.78,
2026-09-12T13:02:16.305969+00:00,200,237503.87,
2026-09-12T13:03:21.991362+00:00,200,171829.04,
2026-09-12T13:01:48.689738+00:00,200,265131.61,
2026-09-12T13:03:20.952692+00:00,200,172880.13,
2026-09-12T13:01:03.973597+00:00,200,309864.42,
2026-09-12T13:01:14.737446+00:00,200,299101.15,
2026-09-12T13:01:44.684374+00:00,200,269165.76,
2026-09-12T13:02:00.697868+00:00,200,253159.14,
2026-09-12T13:03:20.423130+00:00,200,173443.07,
2026-09-12T13:02:05.018302+00:00,200,248857.12,
2026-09-12T13:01:08.267034+00:00,200,305618.27,
2026-09-12T13:01:48.248965+00:00,200,265643.92,
2026-09-12T13:03:19.411808+00:00,200,174486.33,
2026-09-12T13:02:30.388158+00:00,200,223522.04,
2026-09-12T13:02:57.997192+00:00,200,195913.64,
2026-09-12T13:02:32.481472+00:00,200,221437.91,
2026-09-12T13:01:24.638630+00:00,200,289290.34,
2026-09-12T13:02:30.685285+00:00,200,223250.33,
2026-09-12T13:03:34.692760+00:00,200,159247.74,
2026-09-12T13:01:29.364605+00:00,200,284581.4,
2026-09-12T13:01:26.657103+00:00,200,287298.9,
2026-09-12T13:02:18.839836+00:00,200,235121.45,
2026-09-12T13:03:14.033220+00:00,200,179936.13,
2026-09-12T13:02:40.379614+00:00,200,213592.12,
2026-09-12T13:03:28.032729+00:00,200,165940.7,
2026-09-12T13:02:31.335016+00:00,200,222642.97,
2026-09-12T13:01:59.415570+00:00,200,254567.27,
2026-09-12T13:02:29.423746+00:00,200,224564.55,
