timestamp_iso,status_code,latency_ms,error
2026-09-11T18:15:43.142169+00:00,200,78.49,
2026-09-11T18:15:43.185522+00:00,200,48.93,
2026-09-11T18:15:43.220672+00:00,200,19.15,
2026-09-11T18:15:43.234463+00:00,200,21.14,
2026-09-11T18:15:43.235367+00:00,200,25.81,
2026-09-11T18:15:43.255617+00:00,200,21.96,
2026-09-11T18:15:43.261194+00:00,200,28.55,
2026-09-11T18:15:43.277590+00:00,200,25.63,
2026-09-11T18:15:43.239825+00:00,200,65.36,
2026-09-11T18:15:43.289751+00:00,200,35.69,
2026-09-11T18:15:43.303232+00:00,200,25.33,
2026-09-11T18:15:43.305196+00:00,200,26.43,
2026-09-11T18:15:43.325467+00:00,200,26.33,
2026-09-11T18:15:43.328570+00:00,200,26.81,
2026-09-11T18:15:43.288513+00:00,200,68.96,
2026-09-11T18:15:43.331639+00:00,200,28.99,
2026-09-11T18:15:43.355391+00:00,200,26.79,
2026-09-11T18:15:43.351809+00:00,200,32.62,
2026-09-11T18:15:43.357485+00:00,200,30.45,
2026-09-11T18:15:43.360645+00:00,200,28.19,
2026-09-11T18:15:43.341580+00:00,200,54.08,
2026-09-11T18:15:43.382199+00:00,200,27.59,
2026-09-11T18:15:43.388842+00:00,200,23.1,
2026-09-11T18:15:43.387940+00:00,200,25.71,
2026-09-11T18:15:43.384430+00:00,200,31.24,
2026-09-11T18:15:43.395676+00:00,200,23.34,
2026-09-11T18:15:43.409808+00:00,200,29.27,
2026-09-11T18:15:43.411956+00:00,200,28.08,
2026-09-11T18:15:43.413663+00:00,200,30.36,
2026-09-11T18:15:43.415676+00:00,200,29.27,
2026-09-11T18:15:43.419027+00:00,200,26.78,
2026-09-11T18:15:43.389431+00:00,200,59.59,
2026-09-11T18:15:43.439091+00:00,200,26.4,
2026-09-11T18:15:43.440045+00:00,200,28.25,
2026-09-11T18:15:43.444036+00:00,200,26.48,
2026-09-11T18:15:43.444954+00:00,200,29.36,
2026-09-11T18:15:43.445813+00:00,200,30.18,
2026-09-11T18:15:43.435314+00:00,200,43.27,
2026-09-11T18:15:43.478589+00:00,200,20.71,
2026-09-11T18:15:43.476002+00:00,200,26.91,
2026-09-11T18:15:43.468303+00:00,200,35.51,
2026-09-11T18:15:43.465511+00:00,200,39.12,
2026-09-11T18:15:43.470523+00:00,200,37.52,
2026-09-11T18:15:43.474331+00:00,200,34.6,
2026-09-11T18:15:43.449027+00:00,200,62.85,
2026-09-11T18:15:43.499310+00:00,200,35.7,
2026-09-11T18:15:43.502921+00:00,200,39.14,
2026-09-11T18:15:43.503816+00:00,200,40.5,
2026-09-11T18:15:43.508933+00:00,200,42.19,
2026-09-11T18:15:43.508047+00:00,200,44.68,
2026-09-11T18:15:43.498040+00:00,200,57.4,
2026-09-11T18:15:43.504633+00:00,200,51.77,
2026-09-11T18:15:43.535037+00:00,200,29.55,
2026-09-11T18:15:43.511889+00:00,200,70.18,
2026-09-11T18:15:43.544330+00:00,200,41.78,
2026-09-11T18:15:43.552739+00:00,200,34.39,
2026-09-11T18:15:43.542090+00:00,200,47.14,
2026-09-11T18:15:43.551144+00:00,200,41.5,
2026-09-11T18:15:43.555447+00:00,200,38.16,
2026-09-11T18:15:43.536384+00:00,200,60.01,
2026-09-11T18:15:43.556412+00:00,200,44.12,
2026-09-11T18:15:43.582098+00:00,200,37.23,
2026-09-11T18:15:43.586119+00:00,200,38.62,
2026-09-11T18:15:43.600543+00:00,200,30.89,
2026-09-11T18:15:43.592655+00:00,200,42.53,
2026-09-11T18:15:43.596407+00:00,200,42.19,
2026-09-11T18:15:43.564603+00:00,200,78.94,
2026-09-11T18:15:43.593617+00:00,200,51.22,
2026-09-11T18:15:43.587136+00:00,200,61.1,
2026-09-11T18:15:43.591349+00:00,200,60.43,
2026-09-11T18:15:43.619346+00:00,200,35.62,
2026-09-11T18:15:43.624759+00:00,200,36.41,
2026-09-11T18:15:43.589234+00:00,200,73.85,
2026-09-11T18:15:43.631452+00:00,200,36.51,
2026-09-11T18:15:43.635202+00:00,200,37.5,
2026-09-11T18:15:43.638610+00:00,200,41.37,
2026-09-11T18:15:43.643560+00:00,200,44.41,
2026-09-11T18:15:43.651798+00:00,200,37.58,
2026-09-11T18:15:43.648258+00:00,200,42.61,
2026-09-11T18:15:43.654978+00:00,200,42.3,
2026-09-11T18:15:43.661194+00:00,200,41.6,
2026-09-11T18:15:43.644851+00:00,200,59.84,
2026-09-11T18:15:43.667985+00:00,200,41.45,
2026-09-11T18:15:43.672718+00:00,200,40.58,
2026-09-11T18:15:43.639510+00:00,200,84.22,
2026-09-11T18:15:43.680002+00:00,200,50.51,
2026-09-11T18:15:43.687997+00:00,200,49.59,
2026-09-11T18:15:43.690886+00:00,200,50.79,
2026-09-11T18:15:43.702808+00:00,200,64.34,
2026-09-11T18:15:43.697299+00:00,200,76.18,
2026-09-11T18:15:43.689390+00:00,200,85.68,
2026-09-11T18:15:43.713315+00:00,200,67.35,
2026-09-11T18:15:43.709450+00:00,200,89.92,
2026-09-11T18:15:43.663100+00:00,200,147.23,
2026-09-11T18:15:43.692433+00:00,200,120.16,
2026-09-11T18:15:43.754054+00:00,200,72.58,
2026-09-11T18:15:43.730534+00:00,200,107.95,
2026-09-11T18:15:43.780683+00:00,200,65.05,
2026-09-11T18:15:43.773490+00:00,200,77.08,
2026-09-11T18:15:43.767169+00:00,200,93.01,
2026-09-11T18:15:43.799394+00:00,200,62.67,
2026-09-11T18:15:43.741701+00:00,200,127.24,
2026-09-11T18:15:43.723749+00:00,200,150.44,
2026-09-11T18:15:43.826647+00:00,200,56.04,
2026-09-11T18:15:43.775567+00:00,200,118.63,
2026-09-11T18:15:43.838499+00:00,200,57.05,
2026-09-11T18:15:43.845756+00:00,200,58.7,
2026-09-11T18:15:43.860200+00:00,200,49.75,
2026-09-11T18:15:43.868954+00:00,200,48.68,
2026-09-11T18:15:43.882706+00:00,200,44.19,
2026-09-11T18:15:43.800459+00:00,200,128.19,
2026-09-11T18:15:43.895563+00:00,200,43.58,
2026-09-11T18:15:43.812611+00:00,200,131.8,
2026-09-11T18:15:43.904476+00:00,200,46.0,
2026-09-11T18:15:43.909965+00:00,200,49.67,
2026-09-11T18:15:43.917658+00:00,200,46.02,
2026-09-11T18:15:43.893731+00:00,200,79.01,
2026-09-11T18:15:43.926912+00:00,200,47.38,
2026-09-11T18:15:43.939160+00:00,200,43.39,
2026-09-11T18:15:43.850584+00:00,200,135.48,
2026-09-11T18:15:43.950486+00:00,200,46.64,
2026-09-11T18:15:43.959655+00:00,200,44.5,
2026-09-11T18:15:43.854484+00:00,200,156.12,
2026-09-11T18:15:43.982564+00:00,200,39.66,
2026-09-11T18:15:43.704705+00:00,200,318.91,
2026-09-11T18:15:43.974303+00:00,200,56.79,
2026-09-11T18:15:43.997144+00:00,200,39.44,
2026-09-11T18:15:44.004173+00:00,200,38.62,
2026-09-11T18:15:44.010621+00:00,200,44.21,
2026-09-11T18:15:43.737611+00:00,200,323.78,
2026-09-11T18:15:44.022246+00:00,200,44.28,
2026-09-11T18:15:43.896884+00:00,200,180.07,
2026-09-11T18:15:44.036605+00:00,200,49.29,
2026-09-11T18:15:44.042811+00:00,200,44.33,
2026-09-11T18:15:43.928669+00:00,200,165.68,
2026-09-11T18:15:44.054858+00:00,200,46.46,
2026-09-11T18:15:44.061409+00:00,200,57.7,
2026-09-11T18:15:44.066542+00:00,200,54.56,
2026-09-11T18:15:44.076984+00:00,200,59.1,
2026-09-11T18:15:44.085913+00:00,200,56.66,
2026-09-11T18:15:44.087153+00:00,200,57.29,
2026-09-11T18:15:44.094369+00:00,200,62.23,
2026-09-11T18:15:44.101343+00:00,200,57.24,
2026-09-11T18:15:44.119134+00:00,200,49.68,
2026-09-11T18:15:43.862078+00:00,200,312.38,
2026-09-11T18:15:44.121117+00:00,200,54.99,
2026-09-11T18:15:43.944431+00:00,200,242.77,
2026-09-11T18:15:44.136094+00:00,200,52.73,
2026-09-11T18:15:44.144457+00:00,200,59.68,
2026-09-11T18:15:44.142595+00:00,200,62.88,
2026-09-11T18:15:44.156622+00:00,200,57.08,
2026-09-11T18:15:44.158598+00:00,200,56.75,
2026-09-11T18:15:44.168832+00:00,200,52.44,
2026-09-11T18:15:44.176118+00:00,200,50.77,
2026-09-11T18:15:44.044168+00:00,200,190.04,
2026-09-11T18:15:44.188838+00:00,200,50.6,
2026-09-11T18:15:44.198644+00:00,200,46.56,
2026-09-11T18:15:44.204158+00:00,200,50.28,
2026-09-11T18:15:43.992133+00:00,200,274.72,
2026-09-11T18:15:44.226903+00:00,200,48.05,
2026-09-11T18:15:44.234230+00:00,200,51.07,
2026-09-11T18:15:44.245217+00:00,200,48.81,
2026-09-11T18:15:44.254455+00:00,200,46.27,
2026-09-11T18:15:43.963694+00:00,200,341.1,
2026-09-11T18:15:44.031109+00:00,200,275.18,
2026-09-11T18:15:44.274968+00:00,200,41.58,
2026-09-11T18:15:43.874211+00:00,200,448.85,
2026-09-11T18:15:44.285320+00:00,200,42.95,
2026-09-11T18:15:44.294046+00:00,200,42.02,
2026-09-11T18:15:44.300742+00:00,200,47.13,
2026-09-11T18:15:44.187221+00:00,200,169.55,
2026-09-11T18:15:43.986076+00:00,200,377.55,
2026-09-11T18:15:44.306298+00:00,200,67.07,
2026-09-11T18:15:44.328277+00:00,200,49.23,
2026-09-11T18:15:44.336087+00:00,200,51.55,
2026-09-11T18:15:44.347887+00:00,200,50.46,
2026-09-11T18:15:44.174477+00:00,200,229.11,
2026-09-11T18:15:44.356824+00:00,200,49.98,
2026-09-11T18:15:43.946710+00:00,200,467.22,
2026-09-11T18:15:44.373386+00:00,200,44.21,
2026-09-11T18:15:44.377552+00:00,200,44.48,
2026-09-11T18:15:44.304805+00:00,200,125.83,
2026-09-11T18:15:44.387649+00:00,200,49.41,
2026-09-11T18:15:44.398358+00:00,200,44.48,
2026-09-11T18:15:44.295415+00:00,200,154.05,
2026-09-11T18:15:44.406809+00:00,200,44.18,
2026-09-11T18:15:44.413947+00:00,200,46.58,
2026-09-11T18:15:44.417603+00:00,200,50.32,
2026-09-11T18:15:44.422038+00:00,200,48.06,
2026-09-11T18:15:44.430653+00:00,200,44.9,
2026-09-11T18:15:44.396548+00:00,200,85.19,
2026-09-11T18:15:44.323089+00:00,200,166.94,
2026-09-11T18:15:44.442847+00:00,200,51.07,
2026-09-11T18:15:44.215355+00:00,200,287.86,
2026-09-11T18:15:43.810348+00:00,200,697.68,
2026-09-11T18:15:44.470108+00:00,200,46.79,
2026-09-11T18:15:44.449477+00:00,200,82.23,
2026-09-11T18:15:44.481752+00:00,200,50.94,
2026-09-11T18:15:44.266877+00:00,200,269.79,
2026-09-11T18:15:44.490046+00:00,200,51.34,
2026-09-11T18:15:44.316557+00:00,200,234.79,
2026-09-11T18:15:44.023632+00:00,200,529.12,
2026-09-11T18:15:44.239459+00:00,200,314.64,
2026-09-11T18:15:44.516921+00:00,200,41.28,
2026-09-11T18:15:44.503230+00:00,200,63.73,
2026-09-11T18:15:44.532698+00:00,200,39.21,
2026-09-11T18:15:44.531724+00:00,200,41.64,
2026-09-11T18:15:44.437069+00:00,200,141.44,
2026-09-11T18:15:44.536673+00:00,200,46.39,
2026-09-11T18:15:44.547719+00:00,200,41.93,
2026-09-11T18:15:44.551362+00:00,200,48.63,
2026-09-11T18:15:44.150608+00:00,200,455.93,
2026-09-11T18:15:44.566973+00:00,200,49.91,
2026-09-11T18:15:44.578523+00:00,200,46.21,
2026-09-11T18:15:43.972758+00:00,200,658.03,
2026-09-11T18:15:44.246392+00:00,200,392.92,
2026-09-11T18:15:44.495809+00:00,200,148.43,
2026-09-11T18:15:44.541390+00:00,200,113.76,
2026-09-11T18:15:44.606578+00:00,200,52.62,
2026-09-11T18:15:44.475567+00:00,200,186.5,
2026-09-11T18:15:44.624753+00:00,200,49.73,
2026-09-11T18:15:44.630807+00:00,200,47.72,
2026-09-11T18:15:44.493928+00:00,200,192.61,
2026-09-11T18:15:44.644258+00:00,200,50.02,
2026-09-11T18:15:44.598027+00:00,200,106.47,
2026-09-11T18:15:44.349002+00:00,200,356.67,
2026-09-11T18:15:44.655160+00:00,200,51.61,
2026-09-11T18:15:44.600009+00:00,200,116.7,
2026-09-11T18:15:44.096198+00:00,200,628.16,
2026-09-11T18:15:44.674496+00:00,200,50.9,
2026-09-11T18:15:44.678551+00:00,200,53.74,
2026-09-11T18:15:44.460546+00:00,200,275.64,
2026-09-11T18:15:44.451001+00:00,200,289.4,
2026-09-11T18:15:44.467943+00:00,200,281.66,
2026-09-11T18:15:44.704508+00:00,200,46.27,
2026-09-11T18:15:44.705678+00:00,200,50.73,
2026-09-11T18:15:44.363640+00:00,200,398.68,
2026-09-11T18:15:44.616898+00:00,200,147.26,
2026-09-11T18:15:44.725402+00:00,200,44.59,
2026-09-11T18:15:44.732311+00:00,200,42.27,
2026-09-11T18:15:44.659216+00:00,200,127.89,
2026-09-11T18:15:44.645347+00:00,200,151.75,
2026-09-11T18:15:44.589658+00:00,200,209.01,
2026-09-11T18:15:44.762325+00:00,200,43.48,
2026-09-11T18:15:44.639331+00:00,200,171.6,
2026-09-11T18:15:44.764167+00:00,200,48.55,
2026-09-11T18:15:44.552761+00:00,200,264.66,
2026-09-11T18:15:44.686555+00:00,200,139.62,
2026-09-11T18:15:44.205491+00:00,200,624.51,
2026-09-11T18:15:44.716727+00:00,200,118.75,
2026-09-11T18:15:44.797110+00:00,200,41.87,
2026-09-11T18:15:44.805817+00:00,200,43.15,
2026-09-11T18:15:44.810937+00:00,200,44.33,
2026-09-11T18:15:44.554105+00:00,200,315.62,
2026-09-11T18:15:44.769997+00:00,200,102.83,
2026-09-11T18:15:44.830008+00:00,200,44.53,
2026-09-11T18:15:44.750782+00:00,200,126.8,
2026-09-11T18:15:44.213712+00:00,200,671.29,
2026-09-11T18:15:44.221287+00:00,200,669.6,
2026-09-11T18:15:44.848978+00:00,200,43.35,
2026-09-11T18:15:44.812727+00:00,200,89.03,
2026-09-11T18:15:44.445260+00:00,200,462.78,
2026-09-11T18:15:44.872833+00:00,200,39.13,
2026-09-11T18:15:44.869741+00:00,200,48.33,
2026-09-11T18:15:44.874543+00:00,200,48.2,
2026-09-11T18:15:44.756417+00:00,200,172.78,
2026-09-11T18:15:44.706773+00:00,200,227.42,
2026-09-11T18:15:44.890895+00:00,200,45.91,
2026-09-11T18:15:44.798683+00:00,200,142.8,
2026-09-11T18:15:44.787121+00:00,200,157.28,
2026-09-11T18:15:44.793321+00:00,200,161.32,
2026-09-11T18:15:44.908055+00:00,200,47.68,
2026-09-11T18:15:44.911973+00:00,200,48.91,
2026-09-11T18:15:44.835483+00:00,200,137.56,
2026-09-11T18:15:44.922755+00:00,200,52.04,
2026-09-11T18:15:44.934209+00:00,200,49.69,
2026-09-11T18:15:44.558205+00:00,200,426.85,
2026-09-11T18:15:44.944407+00:00,200,51.37,
2026-09-11T18:15:44.954654+00:00,200,48.01,
2026-09-11T18:15:44.826188+00:00,200,183.17,
2026-09-11T18:15:44.842051+00:00,200,177.32,
2026-09-11T18:15:44.508047+00:00,200,512.51,
2026-09-11T18:15:44.973057+00:00,200,54.92,
2026-09-11T18:15:44.983919+00:00,200,45.07,
2026-09-11T18:15:44.985067+00:00,200,47.45,
2026-09-11T18:15:44.941508+00:00,200,97.69,
2026-09-11T18:15:44.993494+00:00,200,46.69,
2026-09-11T18:15:45.002679+00:00,200,47.7,
2026-09-11T18:15:45.009374+00:00,200,46.59,
2026-09-11T18:15:45.019389+00:00,200,48.15,
2026-09-11T18:15:44.662073+00:00,200,410.32,
2026-09-11T18:15:44.974801+00:00,200,99.21,
2026-09-11T18:15:44.995787+00:00,200,90.61,
2026-09-11T18:15:44.945091+00:00,200,145.84,
2026-09-11T18:15:44.571922+00:00,200,524.38,
2026-09-11T18:15:44.774584+00:00,200,334.28,
2026-09-11T18:15:45.028991+00:00,200,83.15,
2026-09-11T18:15:44.403599+00:00,200,714.47,
2026-09-11T18:15:45.072402+00:00,200,48.27,
2026-09-11T18:15:44.749608+00:00,200,376.76,
2026-09-11T18:15:44.892331+00:00,200,236.2,
2026-09-11T18:15:45.039201+00:00,200,98.42,
2026-09-11T18:15:44.573367+00:00,200,573.15,
2026-09-11T18:15:45.096316+00:00,200,55.01,
2026-09-11T18:15:44.695741+00:00,200,458.25,
2026-09-11T18:15:45.112151+00:00,200,45.85,
2026-09-11T18:15:45.040193+00:00,200,127.59,
2026-09-11T18:15:44.936810+00:00,200,235.0,
2026-09-11T18:15:45.126375+00:00,200,46.45,
2026-09-11T18:15:44.740413+00:00,200,435.48,
2026-09-11T18:15:45.137628+00:00,200,47.23,
2026-09-11T18:15:45.146530+00:00,200,43.8,
2026-09-11T18:15:44.855282+00:00,200,341.65,
2026-09-11T18:15:45.086419+00:00,200,119.02,
2026-09-11T18:15:45.158012+00:00,200,50.68,
2026-09-11T18:15:44.817433+00:00,200,397.52,
2026-09-11T18:15:45.167798+00:00,200,49.14,
2026-09-11T18:15:45.027990+00:00,200,199.52,
2026-09-11T18:15:45.032528+00:00,200,198.01,
2026-09-11T18:15:45.090943+00:00,200,151.97,
2026-09-11T18:15:44.724370+00:00,200,521.23,
2026-09-11T18:15:45.205448+00:00,200,50.52,
2026-09-11T18:15:44.583070+00:00,200,673.89,
2026-09-11T18:15:44.893070+00:00,200,364.75,
2026-09-11T18:15:44.694283+00:00,200,573.01,
2026-09-11T18:15:45.214972+00:00,200,53.78,
2026-09-11T18:15:45.227523+00:00,200,53.12,
2026-09-11T18:15:45.044610+00:00,200,239.85,
2026-09-11T18:15:45.194522+00:00,200,91.58,
2026-09-11T18:15:45.128536+00:00,200,164.65,
2026-09-11T18:15:45.242928+00:00,200,52.75,
2026-09-11T18:15:44.877588+00:00,200,426.69,
2026-09-11T18:15:45.255985+00:00,200,50.19,
2026-09-11T18:15:45.257823+00:00,200,56.78,
2026-09-11T18:15:45.208703+00:00,200,112.79,
2026-09-11T18:15:45.245605+00:00,200,80.54,
2026-09-11T18:15:44.901841+00:00,200,429.79,
2026-09-11T18:15:45.020561+00:00,200,325.53,
2026-09-11T18:15:44.918090+00:00,200,432.76,
2026-09-11T18:15:44.955742+00:00,200,397.63,
2026-09-11T18:15:45.306191+00:00,200,49.9,
2026-09-11T18:15:45.172838+00:00,200,192.81,
2026-09-11T18:15:45.120682+00:00,200,248.29,
2026-09-11T18:15:45.050388+00:00,200,320.19,
2026-09-11T18:15:45.321500+00:00,200,53.85,
2026-09-11T18:15:45.284477+00:00,200,99.77,
2026-09-11T18:15:45.151335+00:00,200,239.85,
2026-09-11T18:15:45.346101+00:00,200,46.06,
2026-09-11T18:15:45.350864+00:00,200,49.44,
2026-09-11T18:15:44.736193+00:00,200,682.63,
2026-09-11T18:15:44.744970+00:00,200,675.37,
2026-09-11T18:15:45.365668+00:00,200,67.74,
2026-09-11T18:15:45.149163+00:00,200,288.02,
2026-09-11T18:15:45.280664+00:00,200,161.81,
2026-09-11T18:15:45.368986+00:00,200,88.62,
2026-09-11T18:15:45.118080+00:00,200,340.53,
2026-09-11T18:15:45.356101+00:00,200,105.1,
2026-09-11T18:15:45.392169+00:00,200,70.63,
2026-09-11T18:15:45.268760+00:00,200,200.63,
2026-09-11T18:15:45.267307+00:00,200,213.21,
2026-09-11T18:15:45.418842+00:00,200,68.38,
2026-09-11T18:15:45.175899+00:00,200,318.56,
2026-09-11T18:15:45.349460+00:00,200,155.91,
2026-09-11T18:15:45.295683+00:00,200,210.93,
2026-09-11T18:15:45.458614+00:00,200,52.25,
2026-09-11T18:15:45.384263+00:00,200,128.94,
2026-09-11T18:15:45.461212+00:00,200,56.59,
2026-09-11T18:15:45.196941+00:00,200,322.78,
2026-09-11T18:15:45.375361+00:00,200,153.27,
2026-09-11T18:15:45.286113+00:00,200,245.06,
2026-09-11T18:15:45.480535+00:00,200,56.59,
2026-09-11T18:15:45.494466+00:00,200,53.07,
2026-09-11T18:15:45.256969+00:00,200,297.84,
2026-09-11T18:15:45.510876+00:00,200,44.87,
2026-09-11T18:15:45.452215+00:00,200,106.36,
2026-09-11T18:15:45.304295+00:00,200,261.6,
2026-09-11T18:15:45.171826+00:00,200,408.98,
2026-09-11T18:15:45.190338+00:00,200,392.07,
2026-09-11T18:15:45.531182+00:00,200,52.11,
2026-09-11T18:15:45.314617+00:00,200,272.23,
2026-09-11T18:15:45.370588+00:00,200,220.43,
2026-09-11T18:15:45.154002+00:00,200,442.98,
2026-09-11T18:15:45.555749+00:00,200,42.83,
2026-09-11T18:15:45.554819+00:00,200,51.54,
2026-09-11T18:15:45.501900+00:00,200,105.56,
2026-09-11T18:15:45.558583+00:00,200,49.85,
2026-09-11T18:15:45.565906+00:00,200,57.2,
2026-09-11T18:15:45.580822+00:00,200,44.88,
2026-09-11T18:15:45.583299+00:00,200,43.57,
2026-09-11T18:15:44.960898+00:00,200,669.42,
2026-09-11T18:15:45.591021+00:00,200,51.47,
2026-09-11T18:15:45.598588+00:00,200,48.64,
2026-09-11T18:15:45.067547+00:00,200,580.65,
2026-09-11T18:15:45.519727+00:00,200,132.96,
2026-09-11T18:15:45.437195+00:00,200,226.29,
2026-09-11T18:15:45.457617+00:00,200,208.18,
2026-09-11T18:15:45.420347+00:00,200,247.08,
2026-09-11T18:15:45.506626+00:00,200,169.03,
2026-09-11T18:15:45.630325+00:00,200,48.32,
2026-09-11T18:15:45.606373+00:00,200,81.61,
2026-09-11T18:15:45.596995+00:00,200,99.09,
2026-09-11T18:15:45.648203+00:00,200,49.39,
2026-09-11T18:15:45.547552+00:00,200,151.19,
2026-09-11T18:15:45.623121+00:00,200,87.29,
2026-09-11T18:15:45.528651+00:00,200,189.9,
2026-09-11T18:15:45.517812+00:00,200,203.04,
2026-09-11T18:15:45.675669+00:00,200,46.05,
2026-09-11T18:15:45.462804+00:00,200,263.27,
2026-09-11T18:15:45.608440+00:00,200,119.13,
2026-09-11T18:15:45.688000+00:00,200,52.33,
2026-09-11T18:15:45.647240+00:00,200,94.24,
2026-09-11T18:15:45.697603+00:00,200,49.76,
2026-09-11T18:15:45.353381+00:00,200,399.58,
2026-09-11T18:15:45.698747+00:00,200,56.39,
2026-09-11T18:15:45.513206+00:00,200,249.4,
2026-09-11T18:15:45.710422+00:00,200,57.51,
2026-09-11T18:15:45.665806+00:00,200,105.57,
2026-09-11T18:15:44.885012+00:00,200,887.53,
2026-09-11T18:15:45.625706+00:00,200,150.21,
2026-09-11T18:15:45.696100+00:00,200,85.05,
2026-09-11T18:15:45.704862+00:00,200,83.35,
2026-09-11T18:15:45.740345+00:00,200,50.47,
2026-09-11T18:15:45.747372+00:00,200,44.45,
2026-09-11T18:15:45.607468+00:00,200,194.3,
2026-09-11T18:15:44.929211+00:00,200,881.41,
2026-09-11T18:15:45.762623+00:00,200,53.51,
2026-09-11T18:15:45.396279+00:00,200,420.78,
2026-09-11T18:15:45.772546+00:00,200,50.31,
2026-09-11T18:15:44.838990+00:00,200,989.45,
2026-09-11T18:15:45.781158+00:00,200,54.29,
2026-09-11T18:15:45.790825+00:00,200,47.58,
2026-09-11T18:15:45.755141+00:00,200,84.14,
2026-09-11T18:15:45.652699+00:00,200,189.87,
2026-09-11T18:15:45.752970+00:00,200,91.43,
2026-09-11T18:15:45.771394+00:00,200,88.86,
2026-09-11T18:15:45.741491+00:00,200,121.84,
2026-09-11T18:15:45.810635+00:00,200,54.09,
2026-09-11T18:15:45.816146+00:00,200,53.66,
2026-09-11T18:15:45.678650+00:00,200,198.5,
2026-09-11T18:15:45.644323+00:00,200,236.05,
2026-09-11T18:15:45.667434+00:00,200,214.6,
2026-09-11T18:15:45.838413+00:00,200,47.78,
2026-09-11T18:15:45.487239+00:00,200,405.94,
2026-09-11T18:15:45.849136+00:00,200,48.9,
2026-09-11T18:15:45.860264+00:00,200,46.63,
2026-09-11T18:15:45.216950+00:00,200,692.56,
2026-09-11T18:15:45.537139+00:00,200,375.43,
2026-09-11T18:15:45.869817+00:00,200,45.02,
2026-09-11T18:15:45.074017+00:00,200,858.36,
2026-09-11T18:15:45.505385+00:00,200,431.16,
2026-09-11T18:15:45.886206+00:00,200,57.66,
2026-09-11T18:15:45.801779+00:00,200,144.67,
2026-09-11T18:15:45.721729+00:00,200,227.35,
2026-09-11T18:15:45.839283+00:00,200,115.48,
2026-09-11T18:15:45.726080+00:00,200,229.98,
2026-09-11T18:15:45.906909+00:00,200,49.98,
2026-09-11T18:15:45.817061+00:00,200,142.05,
2026-09-11T18:15:45.586858+00:00,200,380.31,
2026-09-11T18:15:45.791828+00:00,200,178.45,
2026-09-11T18:15:45.793613+00:00,200,188.35,
2026-09-11T18:15:45.932394+00:00,200,55.21,
2026-09-11T18:15:45.788227+00:00,200,209.22,
2026-09-11T18:15:45.898048+00:00,200,100.54,
2026-09-11T18:15:45.946457+00:00,200,54.83,
2026-09-11T18:15:45.912574+00:00,200,92.76,
2026-09-11T18:15:45.626872+00:00,200,384.65,
2026-09-11T18:15:45.642509+00:00,200,371.72,
2026-09-11T18:15:45.293199+00:00,200,730.17,
2026-09-11T18:15:45.882046+00:00,200,147.38,
2026-09-11T18:15:45.877160+00:00,200,159.16,
2026-09-11T18:15:45.893188+00:00,200,145.47,
2026-09-11T18:15:45.997456+00:00,200,49.86,
2026-09-11T18:15:45.749263+00:00,200,300.98,
2026-09-11T18:15:45.184874+00:00,200,876.16,
2026-09-11T18:15:46.005345+00:00,200,57.23,
2026-09-11T18:15:45.331641+00:00,200,738.82,
2026-09-11T18:15:46.023382+00:00,200,55.71,
2026-09-11T18:15:45.981983+00:00,200,98.12,
2026-09-11T18:15:46.036334+00:00,200,50.41,
2026-09-11T18:15:46.047325+00:00,200,48.02,
2026-09-11T18:15:45.987617+00:00,200,109.93,
2026-09-11T18:15:46.011526+00:00,200,94.41,
2026-09-11T18:15:46.001291+00:00,200,105.65,
2026-09-11T18:15:46.061049+00:00,200,49.94,
2026-09-11T18:15:46.070474+00:00,200,54.6,
2026-09-11T18:15:46.029436+00:00,200,98.93,
2026-09-11T18:15:45.391204+00:00,200,745.43,
2026-09-11T18:15:46.095360+00:00,200,47.74,
2026-09-11T18:15:45.767949+00:00,200,381.08,
2026-09-11T18:15:45.230554+00:00,200,921.25,
2026-09-11T18:15:45.999214+00:00,200,161.92,
2026-09-11T18:15:45.247559+00:00,200,914.57,
2026-09-11T18:15:45.601452+00:00,200,568.07,
2026-09-11T18:15:45.943881+00:00,200,229.1,
2026-09-11T18:15:46.079099+00:00,200,97.32,
2026-09-11T18:15:45.727573+00:00,200,451.97,
2026-09-11T18:15:45.546146+00:00,200,640.58,
2026-09-11T18:15:45.822871+00:00,200,371.7,
2026-09-11T18:15:45.842579+00:00,200,353.97,
2026-09-11T18:15:45.828452+00:00,200,369.1,
2026-09-11T18:15:46.143112+00:00,200,58.35,
2026-09-11T18:15:45.956068+00:00,200,257.76,
2026-09-11T18:15:46.162133+00:00,200,57.0,
2026-09-11T18:15:46.128379+00:00,200,102.66,
2026-09-11T18:15:45.108880+00:00,200,1125.83,
2026-09-11T18:15:46.136643+00:00,200,99.32,
2026-09-11T18:15:45.400320+00:00,200,838.67,
2026-09-11T18:15:46.048026+00:00,200,192.26,
2026-09-11T18:15:45.864729+00:00,200,381.63,
2026-09-11T18:15:46.149045+00:00,200,99.63,
2026-09-11T18:15:46.197557+00:00,200,52.64,
2026-09-11T18:15:45.294081+00:00,200,973.03,
2026-09-11T18:15:46.213847+00:00,200,57.33,
2026-09-11T18:15:46.106945+00:00,200,170.13,
2026-09-11T18:15:46.194581+00:00,200,90.4,
2026-09-11T18:15:46.186735+00:00,200,101.73,
2026-09-11T18:15:46.231051+00:00,200,61.73,
2026-09-11T18:15:45.718563+00:00,200,575.32,
2026-09-11T18:15:46.172988+00:00,200,132.13,
2026-09-11T18:15:46.179550+00:00,200,127.47,
2026-09-11T18:15:46.246363+00:00,200,63.4,
2026-09-11T18:15:46.248681+00:00,200,63.85,
2026-09-11T18:15:45.775927+00:00,200,540.17,
2026-09-11T18:15:46.267122+00:00,200,60.82,
2026-09-11T18:15:46.271189+00:00,200,58.03,
2026-09-11T18:15:46.277091+00:00,200,61.25,
2026-09-11T18:15:46.219145+00:00,200,135.31,
2026-09-11T18:15:46.293886+00:00,200,67.33,
2026-09-11T18:15:46.105952+00:00,200,256.76,
2026-09-11T18:15:46.014237+00:00,200,349.37,
2026-09-11T18:15:45.959125+00:00,200,411.2,
2026-09-11T18:15:45.097165+00:00,200,1274.05,
2026-09-11T18:15:46.201469+00:00,200,171.27,
2026-09-11T18:15:46.062586+00:00,200,317.51,
2026-09-11T18:15:45.967182+00:00,200,413.86,
2026-09-11T18:15:45.949093+00:00,200,435.95,
2026-09-11T18:15:46.202850+00:00,200,188.12,
2026-09-11T18:15:46.096566+00:00,200,295.44,
2026-09-11T18:15:46.151811+00:00,200,241.13,
2026-09-11T18:15:46.329223+00:00,200,67.53,
2026-09-11T18:15:46.238999+00:00,200,161.57,
2026-09-11T18:15:46.169533+00:00,200,242.4,
2026-09-11T18:15:46.302601+00:00,200,116.43,
2026-09-11T18:15:46.176425+00:00,200,244.04,
2026-09-11T18:15:46.371217+00:00,200,50.2,
2026-09-11T18:15:46.086754+00:00,200,336.73,
2026-09-11T18:15:46.380105+00:00,200,62.42,
2026-09-11T18:15:46.305133+00:00,200,138.74,
2026-09-11T18:15:46.316103+00:00,200,138.01,
2026-09-11T18:15:45.998597+00:00,200,457.49,
2026-09-11T18:15:45.835456+00:00,200,625.81,
2026-09-11T18:15:46.312537+00:00,200,150.17,
2026-09-11T18:15:46.284996+00:00,200,183.17,
2026-09-11T18:15:46.423492+00:00,200,47.07,
2026-09-11T18:15:46.309768+00:00,200,164.84,
2026-09-11T18:15:46.411947+00:00,200,79.41,
2026-09-11T18:15:46.362720+00:00,200,145.66,
2026-09-11T18:15:45.433434+00:00,200,1075.88,
2026-09-11T18:15:46.363610+00:00,200,147.96,
2026-09-11T18:15:45.663496+00:00,200,856.29,
2026-09-11T18:15:46.405685+00:00,200,117.91,
2026-09-11T18:15:46.235969+00:00,200,290.01,
2026-09-11T18:15:46.110996+00:00,200,416.31,
2026-09-11T18:15:46.461267+00:00,200,67.13,
2026-09-11T18:15:45.582416+00:00,200,962.46,
2026-09-11T18:15:45.951228+00:00,200,603.2,
2026-09-11T18:15:45.055972+00:00,200,1510.44,
2026-09-11T18:15:46.292786+00:00,200,276.41,
2026-09-11T18:15:45.326160+00:00,200,1248.1,
2026-09-11T18:15:45.442488+00:00,200,1134.24,
2026-09-11T18:15:46.523608+00:00,200,57.32,
2026-09-11T18:15:45.895141+00:00,200,697.31,
2026-09-11T18:15:46.080110+00:00,200,519.69,
2026-09-11T18:15:45.909516+00:00,200,700.7,
2026-09-11T18:15:46.196563+00:00,200,415.35,
2026-09-11T18:15:46.249326+00:00,200,365.09,
2026-09-11T18:15:46.519795+00:00,200,101.2,
2026-09-11T18:15:46.250203+00:00,200,372.02,
2026-09-11T18:15:46.419046+00:00,200,217.55,
2026-09-11T18:15:46.574270+00:00,200,69.72,
2026-09-11T18:15:46.038664+00:00,200,608.17,
2026-09-11T18:15:45.880384+00:00,200,775.86,
2026-09-11T18:15:45.844408+00:00,200,816.78,
2026-09-11T18:15:46.592462+00:00,200,83.71,
2026-09-11T18:15:46.454124+00:00,200,223.43,
2026-09-11T18:15:46.240290+00:00,200,448.19,
2026-09-11T18:15:46.554445+00:00,200,145.47,
2026-09-11T18:15:46.621007+00:00,200,81.81,
2026-09-11T18:15:46.449403+00:00,200,260.42,
2026-09-11T18:15:45.863346+00:00,200,853.96,
2026-09-11T18:15:46.580937+00:00,200,141.15,
2026-09-11T18:15:46.390987+00:00,200,338.54,
2026-09-11T18:15:46.602924+00:00,200,131.57,
2026-09-11T18:15:46.610226+00:00,200,131.47,
2026-09-11T18:15:46.527307+00:00,200,220.43,
2026-09-11T18:15:46.307031+00:00,200,461.83,
2026-09-11T18:15:46.392948+00:00,200,385.85,
2026-09-11T18:15:46.699934+00:00,200,79.75,
2026-09-11T18:15:46.636610+00:00,200,143.9,
2026-09-11T18:15:46.400581+00:00,200,380.75,
2026-09-11T18:15:46.644007+00:00,200,141.94,
2026-09-11T18:15:46.556628+00:00,200,235.1,
2026-09-11T18:15:46.348094+00:00,200,445.38,
2026-09-11T18:15:46.729546+00:00,200,65.86,
2026-09-11T18:15:46.381047+00:00,200,416.27,
2026-09-11T18:15:46.468182+00:00,200,337.41,
2026-09-11T18:15:46.676191+00:00,200,141.89,
2026-09-11T18:15:45.469401+00:00,200,1350.55,
2026-09-11T18:15:46.498108+00:00,200,333.56,
2026-09-11T18:15:45.954778+00:00,200,881.3,
2026-09-11T18:15:46.785950+00:00,200,69.15,
2026-09-11T18:15:46.704818+00:00,200,151.33,
2026-09-11T18:15:46.722100+00:00,200,136.12,
2026-09-11T18:15:46.385051+00:00,200,479.31,
2026-09-11T18:15:46.652878+00:00,200,230.5,
2026-09-11T18:15:46.370340+00:00,200,517.41,
2026-09-11T18:15:46.150775+00:00,200,738.57,
2026-09-11T18:15:45.720857+00:00,200,1171.88,
2026-09-11T18:15:46.768884+00:00,200,131.34,
2026-09-11T18:15:46.050315+00:00,200,851.2,
2026-09-11T18:15:46.508397+00:00,200,395.99,
2026-09-11T18:15:46.793474+00:00,200,120.48,
2026-09-11T18:15:46.528405+00:00,200,391.56,
2026-09-11T18:15:46.456093+00:00,200,465.8,
2026-09-11T18:15:46.864369+00:00,200,65.41,
2026-09-11T18:15:46.392010+00:00,200,542.19,
2026-09-11T18:15:46.338364+00:00,200,600.83,
2026-09-11T18:15:46.288472+00:00,200,652.42,
2026-09-11T18:15:46.443884+00:00,200,498.98,
2026-09-11T18:15:46.599813+00:00,200,351.23,
2026-09-11T18:15:46.474625+00:00,200,484.56,
2026-09-11T18:15:46.611927+00:00,200,352.62,
2026-09-11T18:15:46.161149+00:00,200,814.05,
2026-09-11T18:15:46.677559+00:00,200,301.22,
2026-09-11T18:15:46.913970+00:00,200,67.22,
2026-09-11T18:15:46.462715+00:00,200,521.17,
2026-09-11T18:15:46.396767+00:00,200,590.85,
2026-09-11T18:15:46.836085+00:00,200,160.22,
2026-09-11T18:15:46.566423+00:00,200,435.89,
2026-09-11T18:15:46.887760+00:00,200,119.14,
2026-09-11T18:15:46.896943+00:00,200,118.63,
2026-09-11T18:15:46.421424+00:00,200,603.16,
2026-09-11T18:15:46.818096+00:00,200,210.24,
2026-09-11T18:15:46.919974+00:00,200,117.17,
2026-09-11T18:15:46.939202+00:00,200,99.03,
2026-09-11T18:15:46.975216+00:00,200,69.92,
2026-09-11T18:15:45.914839+00:00,200,1131.69,
2026-09-11T18:15:46.996332+00:00,200,63.91,
2026-09-11T18:15:46.850140+00:00,200,212.89,
2026-09-11T18:15:46.856151+00:00,200,209.48,
2026-09-11T18:15:46.795411+00:00,200,280.86,
2026-09-11T18:15:45.956891+00:00,200,1121.7,
2026-09-11T18:15:46.921902+00:00,200,158.76,
2026-09-11T18:15:46.756543+00:00,200,325.68,
2026-09-11T18:15:46.661208+00:00,200,427.09,
2026-09-11T18:15:46.354472+00:00,200,747.13,
2026-09-11T18:15:46.987622+00:00,200,115.9,
2026-09-11T18:15:47.037165+00:00,200,71.58,
2026-09-11T18:15:46.981192+00:00,200,135.28,
2026-09-11T18:15:46.959197+00:00,200,159.99,
2026-09-11T18:15:46.702832+00:00,200,418.41,
2026-09-11T18:15:46.747759+00:00,200,384.76,
2026-09-11T18:15:46.646839+00:00,200,495.82,
2026-09-11T18:15:46.327954+00:00,200,816.86,
2026-09-11T18:15:46.470571+00:00,200,680.98,
2026-09-11T18:15:46.709842+00:00,200,449.62,
2026-09-11T18:15:47.101620+00:00,200,60.55,
2026-09-11T18:15:46.372740+00:00,200,791.97,
2026-09-11T18:15:46.831685+00:00,200,338.81,
2026-09-11T18:15:46.978788+00:00,200,196.05,
2026-09-11T18:15:47.116487+00:00,200,64.38,
2026-09-11T18:15:47.038234+00:00,200,147.62,
2026-09-11T18:15:46.797328+00:00,200,390.69,
2026-09-11T18:15:47.132537+00:00,200,62.67,
2026-09-11T18:15:46.717314+00:00,200,488.02,
2026-09-11T18:15:46.942870+00:00,200,269.22,
2026-09-11T18:15:46.892748+00:00,200,327.68,
2026-09-11T18:15:46.780512+00:00,200,448.56,
2026-09-11T18:15:47.080671+00:00,200,160.36,
2026-09-11T18:15:46.889354+00:00,200,360.18,
2026-09-11T18:15:46.858224+00:00,200,396.66,
2026-09-11T18:15:47.180878+00:00,200,79.08,
2026-09-11T18:15:47.015581+00:00,200,247.85,
2026-09-11T18:15:46.125095+00:00,200,1150.74,
2026-09-11T18:15:47.203420+00:00,200,74.62,
2026-09-11T18:15:46.734518+00:00,200,552.23,
2026-09-11T18:15:47.103529+00:00,200,189.63,
2026-09-11T18:15:46.741715+00:00,200,558.48,
2026-09-11T18:15:46.929797+00:00,200,389.02,
2026-09-11T18:15:47.241059+00:00,200,100.93,
2026-09-11T18:15:46.778808+00:00,200,574.64,
2026-09-11T18:15:46.420468+00:00,200,937.75,
2026-09-11T18:15:47.159473+00:00,200,208.02,
2026-09-11T18:15:47.063040+00:00,200,308.22,
2026-09-11T18:15:47.088310+00:00,200,290.44,
2026-09-11T18:15:47.119197+00:00,200,266.6,
2026-09-11T18:15:47.220441+00:00,200,174.41,
2026-09-11T18:15:46.791733+00:00,200,608.22,
2026-09-11T18:15:47.195225+00:00,200,206.24,
2026-09-11T18:15:47.155422+00:00,200,253.98,
2026-09-11T18:15:47.249554+00:00,200,163.19,
2026-09-11T18:15:46.802266+00:00,200,630.15,
2026-09-11T18:15:47.185868+00:00,200,251.72,
2026-09-11T18:15:47.263446+00:00,200,182.1,
2026-09-11T18:15:46.855117+00:00,200,592.74,
2026-09-11T18:15:47.121245+00:00,200,328.25,
2026-09-11T18:15:47.385811+00:00,200,68.7,
2026-09-11T18:15:47.170503+00:00,200,301.62,
2026-09-11T18:15:47.318836+00:00,200,156.79,
2026-09-11T18:15:46.819963+00:00,200,656.65,
2026-09-11T18:15:47.409415+00:00,200,69.68,
2026-09-11T18:15:46.934210+00:00,200,554.98,
2026-09-11T18:15:47.358234+00:00,200,132.19,
2026-09-11T18:15:47.144821+00:00,200,354.09,
2026-09-11T18:15:47.432430+00:00,200,72.36,
2026-09-11T18:15:47.006915+00:00,200,509.35,
2026-09-11T18:15:47.082228+00:00,200,441.96,
2026-09-11T18:15:46.361232+00:00,200,1172.62,
2026-09-11T18:15:47.293174+00:00,200,247.69,
2026-09-11T18:15:47.278059+00:00,200,268.57,
2026-09-11T18:15:45.936552+00:00,200,1611.76,
2026-09-11T18:15:46.656254+00:00,200,901.09,
2026-09-11T18:15:47.476620+00:00,200,92.47,
2026-09-11T18:15:47.108754+00:00,200,464.81,
2026-09-11T18:15:47.300216+00:00,200,280.93,
2026-09-11T18:15:46.491376+00:00,200,1095.18,
2026-09-11T18:15:47.162169+00:00,200,432.36,
2026-09-11T18:15:47.516285+00:00,200,79.85,
2026-09-11T18:15:47.504804+00:00,200,94.6,
2026-09-11T18:15:47.054405+00:00,200,558.13,
2026-09-11T18:15:47.024598+00:00,200,606.63,
2026-09-11T18:15:47.260739+00:00,200,372.32,
2026-09-11T18:15:46.951048+00:00,200,683.6,
2026-09-11T18:15:46.544900+00:00,200,1090.82,
2026-09-11T18:15:46.983888+00:00,200,653.0,
2026-09-11T18:15:47.060254+00:00,200,580.58,
2026-09-11T18:15:47.573575+00:00,200,82.24,
2026-09-11T18:15:47.142672+00:00,200,514.32,
2026-09-11T18:15:47.151564+00:00,200,507.08,
2026-09-11T18:15:47.594544+00:00,200,68.54,
2026-09-11T18:15:46.509313+00:00,200,1159.1,
2026-09-11T18:15:47.367506+00:00,200,303.23,
2026-09-11T18:15:47.612546+00:00,200,68.36,
2026-09-11T18:15:47.524217+00:00,200,168.28,
2026-09-11T18:15:47.394863+00:00,200,299.16,
2026-09-11T18:15:47.635724+00:00,200,59.34,
2026-09-11T18:15:47.631244+00:00,200,70.84,
2026-09-11T18:15:47.009032+00:00,200,705.7,
2026-09-11T18:15:47.649246+00:00,200,72.85,
2026-09-11T18:15:47.286778+00:00,200,437.88,
2026-09-11T18:15:46.883395+00:00,200,844.86,
2026-09-11T18:15:47.546642+00:00,200,183.3,
2026-09-11T18:15:46.569206+00:00,200,1168.89,
2026-09-11T18:15:47.212118+00:00,200,527.58,
2026-09-11T18:15:47.498928+00:00,200,248.17,
2026-09-11T18:15:46.525983+00:00,200,1222.48,
2026-09-11T18:15:47.694030+00:00,200,68.07,
2026-09-11T18:15:47.695072+00:00,200,77.25,
2026-09-11T18:15:47.490430+00:00,200,297.78,
2026-09-11T18:15:47.102352+00:00,200,686.91,
2026-09-11T18:15:47.714744+00:00,200,79.19,
2026-09-11T18:15:47.342003+00:00,200,472.16,
2026-09-11T18:15:47.076288+00:00,200,739.15,
2026-09-11T18:15:47.663092+00:00,200,163.19,
2026-09-11T18:15:47.599413+00:00,200,230.26,
2026-09-11T18:15:47.412753+00:00,200,420.0,
2026-09-11T18:15:47.028353+00:00,200,805.84,
2026-09-11T18:15:47.762117+00:00,200,74.78,
2026-09-11T18:15:47.633063+00:00,200,208.05,
2026-09-11T18:15:47.275855+00:00,200,568.46,
2026-09-11T18:15:47.557369+00:00,200,299.0,
2026-09-11T18:15:47.788220+00:00,200,76.54,
2026-09-11T18:15:47.399963+00:00,200,471.92,
2026-09-11T18:15:47.729949+00:00,200,145.88,
2026-09-11T18:15:47.806764+00:00,200,77.43,
2026-09-11T18:15:47.814176+00:00,200,79.23,
2026-09-11T18:15:47.164721+00:00,200,735.52,
2026-09-11T18:15:47.205345+00:00,200,699.04,
2026-09-11T18:15:46.901524+00:00,200,1016.03,
2026-09-11T18:15:47.702102+00:00,200,218.51,
2026-09-11T18:15:47.449525+00:00,200,479.83,
2026-09-11T18:15:47.581157+00:00,200,351.09,
2026-09-11T18:15:46.805598+00:00,200,1129.28,
2026-09-11T18:15:47.472148+00:00,200,467.33,
2026-09-11T18:15:47.454516+00:00,200,487.87,
2026-09-11T18:15:47.229094+00:00,200,717.53,
2026-09-11T18:15:46.576736+00:00,200,1376.51,
2026-09-11T18:15:47.548325+00:00,200,410.67,
2026-09-11T18:15:47.893427+00:00,200,74.53,
2026-09-11T18:15:47.815449+00:00,200,158.51,
2026-09-11T18:15:47.254897+00:00,200,729.07,
2026-09-11T18:15:47.636895+00:00,200,350.25,
2026-09-11T18:15:47.401472+00:00,200,594.26,
2026-09-11T18:15:46.097555+00:00,200,1899.22,
2026-09-11T18:15:46.949447+00:00,200,1048.39,
2026-09-11T18:15:47.748470+00:00,200,250.37,
2026-09-11T18:15:47.602432+00:00,200,407.6,
2026-09-11T18:15:47.739708+00:00,200,276.65,
2026-09-11T18:15:47.658652+00:00,200,365.09,
2026-09-11T18:15:46.779683+00:00,200,1252.5,
2026-09-11T18:15:47.596138+00:00,200,439.54,
2026-09-11T18:15:47.829680+00:00,200,211.42,
2026-09-11T18:15:46.781331+00:00,200,1261.47,
2026-09-11T18:15:47.533882+00:00,200,511.66,
2026-09-11T18:15:47.398293+00:00,200,651.44,
2026-09-11T18:15:47.920617+00:00,200,140.08,
2026-09-11T18:15:47.854399+00:00,200,209.72,
2026-09-11T18:15:47.995744+00:00,200,76.63,
2026-09-11T18:15:47.188032+00:00,200,889.08,
2026-09-11T18:15:47.738106+00:00,200,349.28,
2026-09-11T18:15:47.259973+00:00,200,832.41,
2026-09-11T18:15:47.378759+00:00,200,716.69,
2026-09-11T18:15:47.826295+00:00,200,270.75,
2026-09-11T18:15:47.934882+00:00,200,173.05,
2026-09-11T18:15:47.457162+00:00,200,652.89,
2026-09-11T18:15:48.010044+00:00,200,109.99,
2026-09-11T18:15:47.489205+00:00,200,636.93,
2026-09-11T18:15:47.078604+00:00,200,1051.89,
2026-09-11T18:15:47.875841+00:00,200,259.1,
2026-09-11T18:15:46.900236+00:00,200,1237.73,
2026-09-11T18:15:46.904399+00:00,200,1241.96,
2026-09-11T18:15:47.445614+00:00,200,707.77,
2026-09-11T18:15:48.016362+00:00,200,146.22,
2026-09-11T18:15:47.997840+00:00,200,175.23,
2026-09-11T18:15:47.900255+00:00,200,275.43,
2026-09-11T18:15:47.967977+00:00,200,212.99,
2026-09-11T18:15:47.844323+00:00,200,345.93,
2026-09-11T18:15:47.046535+00:00,200,1155.82,
2026-09-11T18:15:47.973977+00:00,200,232.5,
2026-09-11T18:15:47.998846+00:00,200,208.64,
2026-09-11T18:15:47.793952+00:00,200,421.24,
2026-09-11T18:15:47.959008+00:00,200,258.25,
2026-09-11T18:15:48.045548+00:00,200,175.77,
2026-09-11T18:15:47.834202+00:00,200,397.83,
2026-09-11T18:15:48.162596+00:00,200,81.36,
2026-09-11T18:15:47.856441+00:00,200,394.52,
2026-09-11T18:15:46.234719+00:00,200,2030.49,
2026-09-11T18:15:47.475628+00:00,200,795.25,
2026-09-11T18:15:47.507135+00:00,200,767.6,
2026-09-11T18:15:47.310164+00:00,200,965.91,
2026-09-11T18:15:47.724666+00:00,200,553.26,
2026-09-11T18:15:46.964568+00:00,200,1322.18,
2026-09-11T18:15:48.155512+00:00,200,135.77,
2026-09-11T18:15:48.032200+00:00,200,280.72,
2026-09-11T18:15:48.097056+00:00,200,219.05,
2026-09-11T18:15:48.232052+00:00,200,92.16,
2026-09-11T18:15:47.371271+00:00,200,954.87,
2026-09-11T18:15:48.064159+00:00,200,267.79,
2026-09-11T18:15:47.929365+00:00,200,412.79,
2026-09-11T18:15:48.200711+00:00,200,143.57,
2026-09-11T18:15:47.836899+00:00,200,511.83,
2026-09-11T18:15:47.932256+00:00,200,431.44,
2026-09-11T18:15:47.789274+00:00,200,587.33,
2026-09-11T18:15:47.953254+00:00,200,427.45,
2026-09-11T18:15:47.680918+00:00,200,705.46,
2026-09-11T18:15:48.286752+00:00,200,104.13,
2026-09-11T18:15:48.175695+00:00,200,224.25,
2026-09-11T18:15:47.987154+00:00,200,417.0,
2026-09-11T18:15:48.250920+00:00,200,155.74,
2026-09-11T18:15:47.540916+00:00,200,866.71,
2026-09-11T18:15:47.447862+00:00,200,968.1,
2026-09-11T18:15:48.344298+00:00,200,88.27,
2026-09-11T18:15:48.342175+00:00,200,91.58,
2026-09-11T18:15:47.942393+00:00,200,492.44,
2026-09-11T18:15:46.940901+00:00,200,1501.58,
2026-09-11T18:15:48.206487+00:00,200,238.74,
2026-09-11T18:15:48.363723+00:00,200,84.33,
2026-09-11T18:15:48.023748+00:00,200,431.28,
2026-09-11T18:15:48.102213+00:00,200,371.2,
2026-09-11T18:15:48.130504+00:00,200,344.24,
2026-09-11T18:15:47.983978+00:00,200,497.4,
2026-09-11T18:15:48.265217+00:00,200,224.62,
2026-09-11T18:15:47.722113+00:00,200,771.19,
2026-09-11T18:15:48.432578+00:00,200,75.34,
2026-09-11T18:15:47.366297+00:00,200,1142.66,
2026-09-11T18:15:47.668423+00:00,200,844.36,
2026-09-11T18:15:46.622227+00:00,200,1892.46,
2026-09-11T18:15:48.180978+00:00,200,355.09,
2026-09-11T18:15:47.692514+00:00,200,846.93,
2026-09-11T18:15:48.047899+00:00,200,493.11,
2026-09-11T18:15:48.243984+00:00,200,303.25,
2026-09-11T18:15:47.772339+00:00,200,782.88,
2026-09-11T18:15:47.656998+00:00,200,910.23,
2026-09-11T18:15:47.946633+00:00,200,622.1,
2026-09-11T18:15:48.324225+00:00,200,246.06,
2026-09-11T18:15:48.404167+00:00,200,170.26,
2026-09-11T18:15:48.035682+00:00,200,544.95,
2026-09-11T18:15:48.508957+00:00,200,85.54,
2026-09-11T18:15:48.312934+00:00,200,291.55,
2026-09-11T18:15:48.448060+00:00,200,159.05,
2026-09-11T18:15:48.276081+00:00,200,340.64,
2026-09-11T18:15:48.390895+00:00,200,227.66,
2026-09-11T18:15:48.331933+00:00,200,294.98,
2026-09-11T18:15:47.353470+00:00,200,1277.04,
2026-09-11T18:15:48.134955+00:00,200,508.0,
2026-09-11T18:15:48.077123+00:00,200,578.98,
2026-09-11T18:15:48.190262+00:00,200,469.55,
2026-09-11T18:15:45.970292+00:00,200,2694.81,
2026-09-11T18:15:47.703347+00:00,200,969.44,
2026-09-11T18:15:48.416095+00:00,200,259.92,
2026-09-11T18:15:48.452400+00:00,200,225.62,
2026-09-11T18:15:48.604501+00:00,200,74.57,
2026-09-11T18:15:48.547237+00:00,200,132.87,
2026-09-11T18:15:47.752384+00:00,200,929.71,
2026-09-11T18:15:48.348764+00:00,200,334.39,
2026-09-11T18:15:48.568748+00:00,200,133.86,
2026-09-11T18:15:48.386393+00:00,200,324.83,
2026-09-11T18:15:48.120055+00:00,200,596.28,
2026-09-11T18:15:47.904397+00:00,200,815.34,
2026-09-11T18:15:48.291291+00:00,200,429.83,
2026-09-11T18:15:46.442544+00:00,200,2284.16,
2026-09-11T18:15:47.864781+00:00,200,872.62,
2026-09-11T18:15:48.473426+00:00,200,272.64,
2026-09-11T18:15:47.670742+00:00,200,1092.76,
2026-09-11T18:15:48.618562+00:00,200,148.79,
2026-09-11T18:15:48.507933+00:00,200,269.03,
2026-09-11T18:15:47.655828+00:00,200,1123.71,
2026-09-11T18:15:48.277939+00:00,200,502.6,
2026-09-11T18:15:47.841121+00:00,200,942.17,
2026-09-11T18:15:48.217262+00:00,200,572.61,
2026-09-11T18:15:48.512790+00:00,200,290.08,
2026-09-11T18:15:48.594520+00:00,200,218.47,
2026-09-11T18:15:47.174846+00:00,200,1647.24,
2026-09-11T18:15:48.737418+00:00,200,85.97,
2026-09-11T18:15:48.270893+00:00,200,565.93,
2026-09-11T18:15:46.688499+00:00,200,2151.56,
2026-09-11T18:15:48.763515+00:00,200,82.98,
2026-09-11T18:15:47.479098+00:00,200,1375.1,
2026-09-11T18:15:48.006060+00:00,200,853.49,
2026-09-11T18:15:48.678034+00:00,200,182.81,
2026-09-11T18:15:48.406661+00:00,200,464.79,
2026-09-11T18:15:48.173089+00:00,200,706.95,
2026-09-11T18:15:47.747117+00:00,200,1137.49,
2026-09-11T18:15:48.802895+00:00,200,93.95,
2026-09-11T18:15:47.002336+00:00,200,1896.31,
2026-09-11T18:15:48.262956+00:00,200,649.38,
2026-09-11T18:15:48.711235+00:00,200,208.99,
2026-09-11T18:15:48.399964+00:00,200,522.11,
2026-09-11T18:15:48.407628+00:00,200,517.08,
2026-09-11T18:15:48.854215+00:00,200,90.89,
2026-09-11T18:15:48.661069+00:00,200,289.57,
2026-09-11T18:15:48.376621+00:00,200,581.69,
2026-09-11T18:15:48.860848+00:00,200,99.64,
2026-09-11T18:15:46.614427+00:00,200,2352.01,
2026-09-11T18:15:48.680116+00:00,200,290.6,
2026-09-11T18:15:48.481385+00:00,200,492.03,
2026-09-11T18:15:48.221330+00:00,200,755.52,
2026-09-11T18:15:48.676027+00:00,200,304.06,
2026-09-11T18:15:48.898653+00:00,200,90.32,
2026-09-11T18:15:48.719745+00:00,200,270.93,
2026-09-11T18:15:48.672798+00:00,200,328.34,
2026-09-11T18:15:48.683153+00:00,200,345.69,
2026-09-11T18:15:48.945122+00:00,200,85.65,
2026-09-11T18:15:48.510420+00:00,200,524.21,
2026-09-11T18:15:48.656123+00:00,200,384.16,
2026-09-11T18:15:48.570295+00:00,200,492.61,
2026-09-11T18:15:48.580645+00:00,200,491.96,
2026-09-11T18:15:48.137982+00:00,200,941.19,
2026-09-11T18:15:48.626923+00:00,200,454.23,
2026-09-11T18:15:48.990679+00:00,200,92.71,
2026-09-11T18:15:48.042805+00:00,200,1046.71,
2026-09-11T18:15:48.095458+00:00,200,1001.35,
2026-09-11T18:15:48.153391+00:00,200,944.74,
2026-09-11T18:15:47.569114+00:00,200,1533.87,
2026-09-11T18:15:48.092391+00:00,200,1024.48,
2026-09-11T18:15:49.034655+00:00,200,94.43,
2026-09-11T18:15:48.536087+00:00,200,596.14,
2026-09-11T18:15:48.789883+00:00,200,354.53,
2026-09-11T18:15:48.616738+00:00,200,529.46,
2026-09-11T18:15:49.053947+00:00,200,94.78,
2026-09-11T18:15:49.062923+00:00,200,95.96,
2026-09-11T18:15:48.489849+00:00,200,671.21,
2026-09-11T18:15:47.832765+00:00,200,1329.51,
2026-09-11T18:15:48.215204+00:00,200,972.35,
2026-09-11T18:15:48.721123+00:00,200,478.52,
2026-09-11T18:15:48.705170+00:00,200,495.78,
2026-09-11T18:15:48.514698+00:00,200,693.01,
2026-09-11T18:15:48.316118+00:00,200,894.29,
2026-09-11T18:15:48.455040+00:00,200,760.54,
2026-09-11T18:15:48.433764+00:00,200,785.54,
2026-09-11T18:15:48.980098+00:00,200,241.76,
2026-09-11T18:15:48.780546+00:00,200,442.28,
2026-09-11T18:15:48.607121+00:00,200,618.01,
2026-09-11T18:15:49.146202+00:00,200,83.28,
2026-09-11T18:15:48.207494+00:00,200,1030.81,
2026-09-11T18:15:48.434838+00:00,200,811.19,
2026-09-11T18:15:49.040291+00:00,200,218.88,
2026-09-11T18:15:48.966448+00:00,200,294.36,
2026-09-11T18:15:48.779545+00:00,200,491.61,
2026-09-11T18:15:47.640836+00:00,200,1663.14,
2026-09-11T18:15:48.956037+00:00,200,352.35,
2026-09-11T18:15:48.567246+00:00,200,744.38,
2026-09-11T18:15:49.083399+00:00,200,232.21,
2026-09-11T18:15:47.907157+00:00,200,1409.5,
2026-09-11T18:15:48.317517+00:00,200,1007.01,
2026-09-11T18:15:47.884207+00:00,200,1446.26,
2026-09-11T18:15:48.880052+00:00,200,452.48,
2026-09-11T18:15:48.682106+00:00,200,665.23,
2026-09-11T18:15:47.065642+00:00,200,2286.12,
2026-09-11T18:15:48.970724+00:00,200,382.3,
2026-09-11T18:15:49.271172+00:00,200,86.51,
2026-09-11T18:15:48.776978+00:00,200,601.77,
2026-09-11T18:15:49.303996+00:00,200,85.37,
2026-09-11T18:15:49.210413+00:00,200,187.36,
2026-09-11T18:15:48.840073+00:00,200,574.56,
2026-09-11T18:15:49.161071+00:00,200,260.9,
2026-09-11T18:15:48.474754+00:00,200,953.68,
2026-09-11T18:15:47.045143+00:00,200,2384.68,
2026-09-11T18:15:48.659824+00:00,200,787.77,
2026-09-11T18:15:48.813009+00:00,200,637.5,
2026-09-11T18:15:48.726709+00:00,200,726.58,
2026-09-11T18:15:48.922078+00:00,200,538.07,
2026-09-11T18:15:48.884624+00:00,200,578.98,
2026-09-11T18:15:49.389555+00:00,200,80.88,
2026-09-11T18:15:48.380722+00:00,200,1091.84,
2026-09-11T18:15:49.397795+00:00,200,78.6,
2026-09-11T18:15:48.087403+00:00,200,1400.28,
2026-09-11T18:15:47.952212+00:00,200,1536.64,
2026-09-11T18:15:48.630510+00:00,200,866.92,
2026-09-11T18:15:48.274753+00:00,200,1242.3,
2026-09-11T18:15:48.539457+00:00,200,979.9,
2026-09-11T18:15:49.229491+00:00,200,290.96,
2026-09-11T18:15:49.187576+00:00,200,342.74,
2026-09-11T18:15:49.199662+00:00,200,332.82,
2026-09-11T18:15:49.158895+00:00,200,382.43,
2026-09-11T18:15:48.920242+00:00,200,629.61,
2026-09-11T18:15:49.315614+00:00,200,244.33,
2026-09-11T18:15:48.896858+00:00,200,667.06,
2026-09-11T18:15:49.316667+00:00,200,249.61,
2026-09-11T18:15:49.488866+00:00,200,84.75,
2026-09-11T18:15:48.418874+00:00,200,1166.59,
2026-09-11T18:15:48.110058+00:00,200,1476.52,
2026-09-11T18:15:48.356130+00:00,200,1236.08,
2026-09-11T18:15:49.506679+00:00,200,88.08,
2026-09-11T18:15:48.702631+00:00,200,901.07,
2026-09-11T18:15:49.162288+00:00,200,444.7,
2026-09-11T18:15:49.530326+00:00,200,92.55,
2026-09-11T18:15:49.214065+00:00,200,417.87,
2026-09-11T18:15:49.541470+00:00,200,94.85,
2026-09-11T18:15:48.989008+00:00,200,676.57,
2026-09-11T18:15:48.107946+00:00,200,1561.92,
2026-09-11T18:15:48.493307+00:00,200,1180.3,
2026-09-11T18:15:47.586569+00:00,200,2091.44,
2026-09-11T18:15:49.585486+00:00,200,98.05,
2026-09-11T18:15:49.030780+00:00,200,662.68,
2026-09-11T18:15:47.996776+00:00,200,1700.87,
2026-09-11T18:15:49.098141+00:00,200,608.33,
2026-09-11T18:15:49.200962+00:00,200,509.34,
2026-09-11T18:15:49.603720+00:00,200,109.47,
2026-09-11T18:15:49.219312+00:00,200,499.64,
2026-09-11T18:15:49.476408+00:00,200,256.41,
2026-09-11T18:15:47.939478+00:00,200,1797.39,
2026-09-11T18:15:49.028859+00:00,200,716.49,
2026-09-11T18:15:48.767368+00:00,200,982.84,
2026-09-11T18:15:48.846512+00:00,200,916.5,
2026-09-11T18:15:49.260812+00:00,200,506.96,
2026-09-11T18:15:47.728262+00:00,200,2042.98,
2026-09-11T18:15:49.470440+00:00,200,308.14,
2026-09-11T18:15:49.215583+00:00,200,576.25,
2026-09-11T18:15:48.550729+00:00,200,1245.75,
2026-09-11T18:15:49.096826+00:00,200,717.06,
2026-09-11T18:15:48.049736+00:00,200,1765.14,
2026-09-11T18:15:48.859570+00:00,200,959.85,
2026-09-11T18:15:48.958321+00:00,200,863.44,
2026-09-11T18:15:49.745368+00:00,200,80.25,
2026-09-11T18:15:49.763023+00:00,200,73.41,
2026-09-11T18:15:49.011448+00:00,200,826.03,
2026-09-11T18:15:48.950678+00:00,200,888.94,
2026-09-11T18:15:49.559953+00:00,200,305.46,
2026-09-11T18:15:49.778589+00:00,200,88.19,
2026-09-11T18:15:49.351773+00:00,200,520.09,
2026-09-11T18:15:48.126155+00:00,200,1747.11,
2026-09-11T18:15:49.072616+00:00,200,809.1,
2026-09-11T18:15:48.445237+00:00,200,1439.14,
2026-09-11T18:15:48.060714+00:00,200,1833.76,
2026-09-11T18:15:49.108845+00:00,200,795.45,
2026-09-11T18:15:49.487700+00:00,200,424.27,
2026-09-11T18:15:49.144423+00:00,200,774.37,
2026-09-11T18:15:49.836444+00:00,200,91.65,
2026-09-11T18:15:49.710303+00:00,200,234.18,
2026-09-11T18:15:49.857852+00:00,200,92.9,
2026-09-11T18:15:48.555227+00:00,200,1400.08,
2026-09-11T18:15:49.736877+00:00,200,219.64,
2026-09-11T18:15:48.822096+00:00,200,1136.73,
2026-09-11T18:15:49.497455+00:00,200,465.73,
2026-09-11T18:15:49.450522+00:00,200,513.63,
2026-09-11T18:15:49.463608+00:00,200,506.97,
2026-09-11T18:15:49.673623+00:00,200,315.67,
2026-09-11T18:15:48.976858+00:00,200,1019.9,
2026-09-11T18:15:49.904320+00:00,200,96.98,
2026-09-11T18:15:49.414644+00:00,200,588.85,
2026-09-11T18:15:49.678031+00:00,200,330.55,
2026-09-11T18:15:48.854950+00:00,200,1155.64,
2026-09-11T18:15:49.911986+00:00,200,101.72,
2026-09-11T18:15:49.660770+00:00,200,361.09,
2026-09-11T18:15:47.917571+00:00,200,2116.08,
2026-09-11T18:15:49.129095+00:00,200,905.87,
2026-09-11T18:15:49.871880+00:00,200,167.54,
2026-09-11T18:15:49.324540+00:00,200,725.25,
2026-09-11T18:15:49.821770+00:00,200,267.47,
2026-09-11T18:15:48.973424+00:00,200,1118.47,
2026-09-11T18:15:49.238319+00:00,200,859.12,
2026-09-11T18:15:48.871468+00:00,200,1237.94,
2026-09-11T18:15:49.549868+00:00,200,562.13,
2026-09-11T18:15:48.679074+00:00,200,1434.03,
2026-09-11T18:15:49.814886+00:00,200,302.95,
2026-09-11T18:15:47.437611+00:00,200,2693.6,
2026-09-11T18:15:49.825623+00:00,200,306.68,
2026-09-11T18:15:49.913729+00:00,200,219.89,
2026-09-11T18:15:50.033669+00:00,200,101.12,
2026-09-11T18:15:50.034975+00:00,200,101.76,
2026-09-11T18:15:49.796492+00:00,200,349.88,
2026-09-11T18:15:49.566290+00:00,200,586.14,
2026-09-11T18:15:48.836835+00:00,200,1317.01,
2026-09-11T18:15:49.771255+00:00,200,383.81,
2026-09-11T18:15:49.132237+00:00,200,1024.02,
2026-09-11T18:15:49.259191+00:00,200,898.31,
2026-09-11T18:15:48.146376+00:00,200,2014.47,
2026-09-11T18:15:49.970586+00:00,200,191.54,
2026-09-11T18:15:49.462410+00:00,200,702.31,
2026-09-11T18:15:50.049811+00:00,200,118.99,
2026-09-11T18:15:50.091927+00:00,200,94.24,
2026-09-11T18:15:50.089276+00:00,200,99.84,
2026-09-11T18:15:48.541015+00:00,200,1656.32,
2026-09-11T18:15:49.607000+00:00,200,601.26,
2026-09-11T18:15:49.586588+00:00,200,652.13,
2026-09-11T18:15:50.146389+00:00,200,97.45,
2026-09-11T18:15:49.732839+00:00,200,512.73,
2026-09-11T18:15:49.866789+00:00,200,383.25,
2026-09-11T18:15:49.164412+00:00,200,1093.18,
2026-09-11T18:15:49.225142+00:00,200,1050.83,
2026-09-11T18:15:49.453304+00:00,200,824.98,
2026-09-11T18:15:49.592221+00:00,200,708.39,
2026-09-11T18:15:49.360271+00:00,200,942.6,
2026-09-11T18:15:49.718964+00:00,200,585.18,
2026-09-11T18:15:47.563203+00:00,200,2742.21,
2026-09-11T18:15:49.918810+00:00,200,387.98,
2026-09-11T18:15:48.912353+00:00,200,1395.7,
2026-09-11T18:15:48.754924+00:00,200,1554.41,
2026-09-11T18:15:50.001306+00:00,200,312.26,
2026-09-11T18:15:49.311639+00:00,200,1010.13,
2026-09-11T18:15:48.041113+00:00,200,2290.21,
2026-09-11T18:15:50.156263+00:00,200,180.41,
2026-09-11T18:15:50.155069+00:00,200,191.38,
2026-09-11T18:15:49.989313+00:00,200,359.87,
2026-09-11T18:15:49.532493+00:00,200,818.28,
2026-09-11T18:15:50.238745+00:00,200,116.3,
2026-09-11T18:15:50.136739+00:00,200,223.95,
2026-09-11T18:15:49.519376+00:00,200,861.56,
2026-09-11T18:15:49.116909+00:00,200,1266.3,
2026-09-11T18:15:49.894494+00:00,200,496.83,
2026-09-11T18:15:50.010603+00:00,200,383.08,
2026-09-11T18:15:49.472566+00:00,200,927.96,
2026-09-11T18:15:48.914324+00:00,200,1492.01,
2026-09-11T18:15:49.996786+00:00,200,413.92,
2026-09-11T18:15:49.447615+00:00,200,983.59,
2026-09-11T18:15:49.873269+00:00,200,560.97,
2026-09-11T18:15:49.428452+00:00,200,1008.75,
2026-09-11T18:15:50.336680+00:00,200,113.57,
2026-09-11T18:15:49.330483+00:00,200,1124.9,
2026-09-11T18:15:49.955319+00:00,200,513.14,
2026-09-11T18:15:48.924719+00:00,200,1546.26,
2026-09-11T18:15:50.272802+00:00,200,200.91,
2026-09-11T18:15:49.791845+00:00,200,686.38,
2026-09-11T18:15:50.380951+00:00,200,105.65,
2026-09-11T18:15:49.966825+00:00,200,522.64,
2026-09-11T18:15:49.081157+00:00,200,1412.45,
2026-09-11T18:15:49.706489+00:00,200,808.68,
2026-09-11T18:15:49.305644+00:00,200,1224.64,
2026-09-11T18:15:50.168808+00:00,200,362.85,
2026-09-11T18:15:49.622906+00:00,200,922.29,
2026-09-11T18:15:50.160847+00:00,200,389.07,
2026-09-11T18:15:50.153851+00:00,200,397.57,
2026-09-11T18:15:50.300624+00:00,200,268.61,
2026-09-11T18:15:50.306794+00:00,200,265.73,
2026-09-11T18:15:50.360702+00:00,200,219.49,
2026-09-11T18:15:49.837499+00:00,200,749.83,
2026-09-11T18:15:49.881723+00:00,200,711.33,
2026-09-11T18:15:49.148731+00:00,200,1453.79,
2026-09-11T18:15:49.520454+00:00,200,1087.15,
2026-09-11T18:15:49.813893+00:00,200,807.52,
2026-09-11T18:15:50.164731+00:00,200,487.51,
2026-09-11T18:15:48.442492+00:00,200,2211.31,
2026-09-11T18:15:50.562422+00:00,200,97.92,
2026-09-11T18:15:50.278287+00:00,200,386.35,
2026-09-11T18:15:50.350777+00:00,200,320.56,
2026-09-11T18:15:49.308400+00:00,200,1389.16,
2026-09-11T18:15:49.865428+00:00,200,844.34,
2026-09-11T18:15:50.364754+00:00,200,346.46,
2026-09-11T18:15:50.008590+00:00,200,704.1,
2026-09-11T18:15:48.574435+00:00,200,2142.86,
2026-09-11T18:15:50.621434+00:00,200,106.66,
2026-09-11T18:15:50.305416+00:00,200,436.36,
2026-09-11T18:15:49.683551+00:00,200,1060.44,
2026-09-11T18:15:49.408634+00:00,200,1347.28,
2026-09-11T18:15:50.551428+00:00,200,216.95,
2026-09-11T18:15:50.355053+00:00,200,425.38,
2026-09-11T18:15:49.563930+00:00,200,1219.14,
2026-09-11T18:15:49.353030+00:00,200,1440.92,
2026-09-11T18:15:48.665112+00:00,200,2132.42,
2026-09-11T18:15:49.669885+00:00,200,1137.52,
2026-09-11T18:15:50.331331+00:00,200,482.72,
2026-09-11T18:15:50.257613+00:00,200,567.74,
2026-09-11T18:15:49.357685+00:00,200,1470.26,
2026-09-11T18:15:47.871896+00:00,200,2958.32,
2026-09-11T18:15:50.400538+00:00,200,433.38,
2026-09-11T18:15:50.545211+00:00,200,312.99,
2026-09-11T18:15:50.410707+00:00,200,457.16,
2026-09-11T18:15:50.593063+00:00,200,289.01,
2026-09-11T18:15:49.944498+00:00,200,942.18,
2026-09-11T18:15:49.079177+00:00,200,1812.64,
2026-09-11T18:15:50.793969+00:00,200,100.56,
2026-09-11T18:15:50.346460+00:00,200,558.45,
2026-09-11T18:15:50.470992+00:00,200,451.03,
2026-09-11T18:15:50.587329+00:00,200,347.15,
2026-09-11T18:15:50.473716+00:00,200,464.05,
2026-09-11T18:15:50.211273+00:00,200,727.96,
2026-09-11T18:15:50.409180+00:00,200,542.49,
2026-09-11T18:15:50.697584+00:00,200,267.33,
2026-09-11T18:15:50.189126+00:00,200,783.42,
2026-09-11T18:15:50.493616+00:00,200,483.07,
2026-09-11T18:15:50.464309+00:00,200,514.07,
2026-09-11T18:15:48.642977+00:00,200,2355.38,
2026-09-11T18:15:50.904920+00:00,200,104.0,
2026-09-11T18:15:49.594766+00:00,200,1426.07,
2026-09-11T18:15:50.309337+00:00,200,719.29,
2026-09-11T18:15:48.072390+00:00,200,2958.53,
2026-09-11T18:15:49.928106+00:00,200,1110.47,
2026-09-11T18:15:50.728102+00:00,200,331.26,
2026-09-11T18:15:50.186185+00:00,200,878.01,
2026-09-11T18:15:50.302884+00:00,200,768.31,
2026-09-11T18:15:49.819433+00:00,200,1260.99,
2026-09-11T18:15:50.134794+00:00,200,948.15,
2026-09-11T18:15:50.709781+00:00,200,381.08,
2026-09-11T18:15:50.998369+00:00,200,110.18,
2026-09-11T18:15:50.580209+00:00,200,535.08,
2026-09-11T18:15:50.450269+00:00,200,670.6,
2026-09-11T18:15:50.664649+00:00,200,460.25,
2026-09-11T18:15:50.827960+00:00,200,299.05,
2026-09-11T18:15:50.858216+00:00,200,300.43,
2026-09-11T18:15:48.326153+00:00,200,2834.95,
2026-09-11T18:15:50.783085+00:00,200,398.59,
2026-09-11T18:15:46.511576+00:00,200,4677.92,
2026-09-11T18:15:50.455390+00:00,200,740.98,
2026-09-11T18:15:49.693471+00:00,200,1511.14,
2026-09-11T18:15:50.662366+00:00,200,545.73,
2026-09-11T18:15:51.008935+00:00,200,203.79,
2026-09-11T18:15:49.207713+00:00,200,2011.3,
2026-09-11T18:15:50.934495+00:00,200,285.9,
2026-09-11T18:15:50.132311+00:00,200,1093.32,
2026-09-11T18:15:50.250059+00:00,200,981.17,
2026-09-11T18:15:50.660350+00:00,200,579.11,
2026-09-11T18:15:50.166121+00:00,200,1077.76,
2026-09-11T18:15:50.652260+00:00,200,619.97,
2026-09-11T18:15:51.110556+00:00,200,164.0,
2026-09-11T18:15:50.468468+00:00,200,811.06,
2026-09-11T18:15:49.631986+00:00,200,1653.38,
2026-09-11T18:15:49.757012+00:00,200,1529.92,
2026-09-11T18:15:50.003507+00:00,200,1296.03,
2026-09-11T18:15:49.222829+00:00,200,2087.9,
2026-09-11T18:15:50.768388+00:00,200,564.03,
2026-09-11T18:15:49.964157+00:00,200,1370.61,
2026-09-11T18:15:49.347356+00:00,200,1991.85,
2026-09-11T18:15:49.958835+00:00,200,1384.05,
2026-09-11T18:15:50.489472+00:00,200,854.91,
2026-09-11T18:15:51.064200+00:00,200,283.55,
2026-09-11T18:15:51.028637+00:00,200,334.12,
2026-09-11T18:15:51.016156+00:00,200,349.28,
2026-09-11T18:15:51.071200+00:00,200,309.22,
2026-09-11T18:15:51.272239+00:00,200,114.01,
2026-09-11T18:15:50.123273+00:00,200,1269.2,
2026-09-11T18:15:51.279533+00:00,200,116.0,
2026-09-11T18:15:51.231233+00:00,200,206.22,
2026-09-11T18:15:50.886684+00:00,200,557.86,
2026-09-11T18:15:51.212730+00:00,200,240.66,
2026-09-11T18:15:51.080431+00:00,200,375.4,
2026-09-11T18:15:49.089523+00:00,200,2373.31,
2026-09-11T18:15:50.972564+00:00,200,492.11,
2026-09-11T18:15:50.744000+00:00,200,727.76,
2026-09-11T18:15:50.825364+00:00,200,655.21,
2026-09-11T18:15:51.380437+00:00,200,110.32,
2026-09-11T18:15:51.365451+00:00,200,129.71,
2026-09-11T18:15:50.530302+00:00,200,971.25,
2026-09-11T18:15:50.406346+00:00,200,1109.17,
2026-09-11T18:15:50.383218+00:00,200,1137.53,
2026-09-11T18:15:49.378766+00:00,200,2143.91,
2026-09-11T18:15:50.245579+00:00,200,1287.39,
2026-09-11T18:15:50.393696+00:00,200,1160.32,
2026-09-11T18:15:51.453401+00:00,200,107.44,
2026-09-11T18:15:50.152441+00:00,200,1410.93,
2026-09-11T18:15:50.478232+00:00,200,1094.35,
2026-09-11T18:15:50.711220+00:00,200,865.78,
2026-09-11T18:15:50.718666+00:00,200,868.45,
2026-09-11T18:15:51.189511+00:00,200,410.72,
2026-09-11T18:15:50.797545+00:00,200,806.57,
2026-09-11T18:15:50.097449+00:00,200,1520.8,
2026-09-11T18:15:51.196376+00:00,200,428.35,
2026-09-11T18:15:49.810119+00:00,200,1828.92,
2026-09-11T18:15:49.636334+00:00,200,2005.11,
2026-09-11T18:15:49.460168+00:00,200,2194.3,
2026-09-11T18:15:50.162128+00:00,200,1518.06,
2026-09-11T18:15:51.219022+00:00,200,463.75,
2026-09-11T18:15:51.263602+00:00,200,425.02,
2026-09-11T18:15:48.823398+00:00,200,2873.64,
2026-09-11T18:15:51.368527+00:00,200,332.25,
2026-09-11T18:15:50.549929+00:00,200,1164.51,
2026-09-11T18:15:50.304146+00:00,200,1414.66,
2026-09-11T18:15:50.109424+00:00,200,1616.31,
2026-09-11T18:15:50.939243+00:00,200,794.44,
2026-09-11T18:15:51.522685+00:00,200,218.52,
2026-09-11T18:15:50.780446+00:00,200,965.49,
2026-09-11T18:15:50.059366+00:00,200,1693.32,
2026-09-11T18:15:49.102993+00:00,200,2676.42,
2026-09-11T18:15:51.082948+00:00,200,703.77,
2026-09-11T18:15:51.362773+00:00,200,439.13,
2026-09-11T18:15:51.680204+00:00,200,123.44,
2026-09-11T18:15:51.437469+00:00,200,389.49,
2026-09-11T18:15:51.392491+00:00,200,450.55,
2026-09-11T18:15:51.285374+00:00,200,562.88,
2026-09-11T18:15:50.814065+00:00,200,1044.37,
2026-09-11T18:15:51.163435+00:00,200,700.11,
2026-09-11T18:15:50.208275+00:00,200,1662.38,
2026-09-11T18:15:49.750218+00:00,200,2128.03,
2026-09-11T18:15:49.332551+00:00,200,2550.59,
2026-09-11T18:15:50.607617+00:00,200,1279.82,
2026-09-11T18:15:51.515533+00:00,200,376.48,
2026-09-11T18:15:50.809033+00:00,200,1090.81,
2026-09-11T18:15:51.344391+00:00,200,561.23,
2026-09-11T18:15:50.602533+00:00,200,1312.36,
2026-09-11T18:15:51.803645+00:00,200,114.5,
2026-09-11T18:15:51.124904+00:00,200,800.26,
2026-09-11T18:15:51.722081+00:00,200,207.16,
2026-09-11T18:15:51.572589+00:00,200,359.71,
2026-09-11T18:15:51.843058+00:00,200,101.15,
2026-09-11T18:15:49.421985+00:00,200,2523.85,
2026-09-11T18:15:51.848266+00:00,200,126.83,
2026-09-11T18:15:50.112004+00:00,200,1888.52,
2026-09-11T18:15:50.515185+00:00,200,1488.05,
2026-09-11T18:15:50.961571+00:00,200,1079.29,
2026-09-11T18:15:51.038583+00:00,200,1003.7,
2026-09-11T18:15:51.733704+00:00,200,319.23,
2026-09-11T18:15:49.429830+00:00,200,2630.93,
2026-09-11T18:15:51.618256+00:00,200,448.47,
2026-09-11T18:15:51.501569+00:00,200,572.47,
2026-09-11T18:15:50.133626+00:00,200,1941.8,
2026-09-11T18:15:49.956526+00:00,200,2125.65,
2026-09-11T18:15:51.945845+00:00,200,139.54,
2026-09-11T18:15:51.944221+00:00,200,143.55,
2026-09-11T18:15:51.656889+00:00,200,438.97,
2026-09-11T18:15:52.000534+00:00,200,98.56,
2026-09-11T18:15:51.700783+00:00,200,402.17,
2026-09-11T18:15:52.003248+00:00,200,105.15,
2026-09-11T18:15:51.342895+00:00,200,772.51,
2026-09-11T18:15:50.807420+00:00,200,1324.06,
2026-09-11T18:15:51.332433+00:00,200,807.39,
2026-09-11T18:15:51.455837+00:00,200,697.14,
2026-09-11T18:15:49.884383+00:00,200,2277.33,
2026-09-11T18:15:47.634659+00:00,200,4533.27,
2026-09-11T18:15:49.573630+00:00,200,2609.3,
2026-09-11T18:15:50.013715+00:00,200,2176.29,
2026-09-11T18:15:52.115416+00:00,200,89.3,
2026-09-11T18:15:49.517074+00:00,200,2692.13,
2026-09-11T18:15:51.286936+00:00,200,939.13,
2026-09-11T18:15:51.682787+00:00,200,554.58,
2026-09-11T18:15:50.917122+00:00,200,1330.34,
2026-09-11T18:15:51.613612+00:00,200,635.33,
2026-09-11T18:15:52.152989+00:00,200,108.0,
2026-09-11T18:15:51.108572+00:00,200,1156.94,
2026-09-11T18:15:50.978391+00:00,200,1290.96,
2026-09-11T18:15:50.039673+00:00,200,2239.55,
2026-09-11T18:15:51.213694+00:00,200,1068.07,
2026-09-11T18:15:51.741223+00:00,200,558.65,
2026-09-11T18:15:51.688636+00:00,200,616.62,
2026-09-11T18:15:51.181685+00:00,200,1131.48,
2026-09-11T18:15:49.564618+00:00,200,2763.12,
2026-09-11T18:15:51.752702+00:00,200,577.28,
2026-09-11T18:15:51.641449+00:00,200,704.27,
2026-09-11T18:15:52.052946+00:00,200,305.35,
2026-09-11T18:15:51.334773+00:00,200,1030.29,
2026-09-11T18:15:50.349184+00:00,200,2018.35,
2026-09-11T18:15:51.932305+00:00,200,441.95,
2026-09-11T18:15:51.918154+00:00,200,458.26,
2026-09-11T18:15:50.431218+00:00,200,1951.49,
2026-09-11T18:15:51.120882+00:00,200,1270.48,
2026-09-11T18:15:51.905636+00:00,200,487.7,
2026-09-11T18:15:51.475085+00:00,200,937.12,
2026-09-11T18:15:51.059377+00:00,200,1360.43,
2026-09-11T18:15:51.090868+00:00,200,1334.15,
2026-09-11T18:15:52.085398+00:00,200,346.59,
2026-09-11T18:15:52.329987+00:00,200,104.42,
2026-09-11T18:15:51.532980+00:00,200,907.06,
2026-09-11T18:15:50.486614+00:00,200,1957.1,
2026-09-11T18:15:52.261000+00:00,200,184.48,
2026-09-11T18:15:52.374263+00:00,200,80.96,
2026-09-11T18:15:51.868901+00:00,200,616.97,
2026-09-11T18:15:52.265518+00:00,200,225.03,
2026-09-11T18:15:50.922031+00:00,200,1581.48,
2026-09-11T18:15:50.157508+00:00,200,2354.22,
2026-09-11T18:15:51.858448+00:00,200,670.03,
2026-09-11T18:15:51.914906+00:00,200,615.17,
2026-09-11T18:15:51.395543+00:00,200,1141.55,
2026-09-11T18:15:49.001160+00:00,200,3539.0,
2026-09-11T18:15:52.455240+00:00,200,86.43,
2026-09-11T18:15:50.882089+00:00,200,1671.08,
2026-09-11T18:15:48.746082+00:00,200,3814.69,
2026-09-11T18:15:52.237380+00:00,200,333.77,
2026-09-11T18:15:51.817551+00:00,200,773.04,
2026-09-11T18:15:48.716342+00:00,200,3876.33,
2026-09-11T18:15:52.131501+00:00,200,468.71,
2026-09-11T18:15:52.528487+00:00,200,99.14,
2026-09-11T18:15:52.204730+00:00,200,432.24,
2026-09-11T18:15:52.530085+00:00,200,113.66,
2026-09-11T18:15:48.783302+00:00,200,3864.93,
2026-09-11T18:15:50.437212+00:00,200,2226.94,
2026-09-11T18:15:49.605246+00:00,200,3080.61,
2026-09-11T18:15:49.767781+00:00,200,2920.92,
2026-09-11T18:15:52.139836+00:00,200,556.86,
2026-09-11T18:15:49.713199+00:00,200,2989.74,
2026-09-11T18:15:52.099108+00:00,200,611.56,
2026-09-11T18:15:52.391382+00:00,200,327.03,
2026-09-11T18:15:51.464679+00:00,200,1258.02,
2026-09-11T18:15:52.042295+00:00,200,708.26,
2026-09-11T18:15:52.269358+00:00,200,483.83,
2026-09-11T18:15:50.891828+00:00,200,1863.71,
2026-09-11T18:15:51.870658+00:00,200,916.22,
2026-09-11T18:15:51.779430+00:00,200,1019.42,
2026-09-11T18:15:52.627646+00:00,200,174.29,
2026-09-11T18:15:49.221860+00:00,200,3597.39,
2026-09-11T18:15:52.590608+00:00,200,234.36,
2026-09-11T18:15:50.572537+00:00,200,2272.21,
2026-09-11T18:15:51.520759+00:00,200,1342.89,
2026-09-11T18:15:52.541671+00:00,200,327.93,
2026-09-11T18:15:52.279231+00:00,200,596.34,
2026-09-11T18:15:50.308058+00:00,200,2570.74,
2026-09-11T18:15:51.312937+00:00,200,1577.32,
2026-09-11T18:15:52.636982+00:00,200,261.61,
2026-09-11T18:15:48.202371+00:00,200,4698.48,
2026-09-11T18:15:51.208106+00:00,200,1698.69,
2026-09-11T18:15:52.167939+00:00,200,740.36,
2026-09-11T18:15:52.786894+00:00,200,127.53,
2026-09-11T18:15:50.518179+00:00,200,2398.71,
2026-09-11T18:15:52.819265+00:00,200,120.68,
2026-09-11T18:15:51.725744+00:00,200,1233.46,
2026-09-11T18:15:52.074052+00:00,200,890.1,
2026-09-11T18:15:48.960498+00:00,200,4005.84,
2026-09-11T18:15:51.554052+00:00,200,1418.88,
2026-09-11T18:15:51.899852+00:00,200,1081.82,
2026-09-11T18:15:52.553182+00:00,200,442.05,
2026-09-11T18:15:52.890270+00:00,200,115.02,
2026-09-11T18:15:51.718825+00:00,200,1288.33,
2026-09-11T18:15:52.616213+00:00,200,423.32,
2026-09-11T18:15:52.518106+00:00,200,524.21,
2026-09-11T18:15:52.592675+00:00,200,455.61,
2026-09-11T18:15:52.600230+00:00,200,455.5,
2026-09-11T18:15:51.204626+00:00,200,1856.57,
2026-09-11T18:15:50.569251+00:00,200,2495.95,
2026-09-11T18:15:52.210797+00:00,200,859.28,
2026-09-11T18:15:52.161722+00:00,200,910.61,
2026-09-11T18:15:52.722720+00:00,200,353.87,
2026-09-11T18:15:51.347756+00:00,200,1750.38,
2026-09-11T18:15:52.414365+00:00,200,689.29,
2026-09-11T18:15:52.382710+00:00,200,722.54,
2026-09-11T18:15:51.604119+00:00,200,1514.44,
2026-09-11T18:15:52.860393+00:00,200,265.27,
2026-09-11T18:15:51.161111+00:00,200,1974.41,
2026-09-11T18:15:52.844768+00:00,200,299.92,
2026-09-11T18:15:51.310750+00:00,200,1837.31,
2026-09-11T18:15:52.434413+00:00,200,718.29,
2026-09-11T18:15:53.061206+00:00,200,98.97,
2026-09-11T18:15:52.110120+00:00,200,1056.89,
2026-09-11T18:15:53.065210+00:00,200,103.23,
2026-09-11T18:15:51.988335+00:00,200,1194.53,
2026-09-11T18:15:52.540162+00:00,200,653.51,
2026-09-11T18:15:52.368931+00:00,200,853.46,
2026-09-11T18:15:53.005302+00:00,200,219.21,
2026-09-11T18:15:50.275991+00:00,200,2950.93,
2026-09-11T18:15:50.833931+00:00,200,2400.16,
2026-09-11T18:15:52.021920+00:00,200,1215.03,
2026-09-11T18:15:52.445491+00:00,200,798.25,
2026-09-11T18:15:52.299892+00:00,200,963.25,
2026-09-11T18:15:53.072343+00:00,200,194.53,
2026-09-11T18:15:52.685874+00:00,200,600.04,
2026-09-11T18:15:52.741313+00:00,200,548.91,
2026-09-11T18:15:52.327756+00:00,200,973.69,
2026-09-11T18:15:49.262773+00:00,200,4052.52,
2026-09-11T18:15:52.376416+00:00,200,940.35,
2026-09-11T18:15:52.798861+00:00,200,535.38,
2026-09-11T18:15:53.135530+00:00,200,202.36,
2026-09-11T18:15:52.718426+00:00,200,629.88,
2026-09-11T18:15:52.190017+00:00,200,1160.08,
2026-09-11T18:15:51.786735+00:00,200,1566.87,
2026-09-11T18:15:51.920784+00:00,200,1434.97,
2026-09-11T18:15:53.182878+00:00,200,184.46,
2026-09-11T18:15:52.648241+00:00,200,732.91,
2026-09-11T18:15:52.567684+00:00,200,835.9,
2026-09-11T18:15:53.048302+00:00,200,368.2,
2026-09-11T18:15:50.717303+00:00,200,2702.25,
2026-09-11T18:15:52.165537+00:00,200,1266.83,
2026-09-11T18:15:50.113109+00:00,200,3321.45,
2026-09-11T18:15:52.820753+00:00,200,617.01,
2026-09-11T18:15:50.937779+00:00,200,2524.39,
2026-09-11T18:15:52.824982+00:00,200,643.0,
2026-09-11T18:15:51.020844+00:00,200,2451.29,
2026-09-11T18:15:52.710689+00:00,200,768.44,
2026-09-11T18:15:50.951682+00:00,200,2530.88,
2026-09-11T18:15:53.381168+00:00,200,106.47,
2026-09-11T18:15:52.226079+00:00,200,1279.71,
2026-09-11T18:15:53.105263+00:00,200,402.87,
2026-09-11T18:15:52.263082+00:00,200,1250.49,
2026-09-11T18:15:51.878254+00:00,200,1653.36,
2026-09-11T18:15:51.624733+00:00,200,1917.18,
2026-09-11T18:15:53.434573+00:00,200,118.83,
2026-09-11T18:15:52.981684+00:00,200,575.07,
2026-09-11T18:15:52.995247+00:00,200,567.15,
2026-09-11T18:15:53.458526+00:00,200,106.67,
2026-09-11T18:15:52.425028+00:00,200,1151.87,
2026-09-11T18:15:53.467994+00:00,200,118.85,
2026-09-11T18:15:52.914434+00:00,200,685.27,
2026-09-11T18:15:50.653810+00:00,200,2956.31,
2026-09-11T18:15:51.929250+00:00,200,1686.81,
2026-09-11T18:15:52.358311+00:00,200,1264.14,
2026-09-11T18:15:53.148065+00:00,200,499.75,
2026-09-11T18:15:53.531636+00:00,200,118.46,
2026-09-11T18:15:52.696724+00:00,200,954.78,
2026-09-11T18:15:50.117848+00:00,200,3536.53,
2026-09-11T18:15:53.541930+00:00,200,117.57,
2026-09-11T18:15:51.745953+00:00,200,1921.07,
2026-09-11T18:15:51.462847+00:00,200,2213.27,
2026-09-11T18:15:52.571163+00:00,200,1113.17,
2026-09-11T18:15:53.576904+00:00,200,114.99,
2026-09-11T18:15:53.285930+00:00,200,407.87,
2026-09-11T18:15:52.863748+00:00,200,836.32,
2026-09-11T18:15:50.197350+00:00,200,3504.98,
2026-09-11T18:15:50.755931+00:00,200,2956.27,
2026-09-11T18:15:51.654477+00:00,200,2073.74,
2026-09-11T18:15:51.560859+00:00,200,2170.98,
2026-09-11T18:15:50.741794+00:00,200,2991.73,
2026-09-11T18:15:52.393341+00:00,200,1365.09,
2026-09-11T18:15:53.039550+00:00,200,721.25,
2026-09-11T18:15:51.826975+00:00,200,1944.67,
2026-09-11T18:15:51.225641+00:00,200,2552.96,
2026-09-11T18:15:52.643758+00:00,200,1143.93,
2026-09-11T18:15:52.412222+00:00,200,1393.3,
2026-09-11T18:15:53.472138+00:00,200,335.65,
2026-09-11T18:15:53.700078+00:00,200,115.42,
2026-09-11T18:15:51.773759+00:00,200,2044.14,
2026-09-11T18:15:53.168442+00:00,200,661.11,
2026-09-11T18:15:50.976694+00:00,200,2863.52,
2026-09-11T18:15:53.676135+00:00,200,180.17,
2026-09-11T18:15:51.413133+00:00,200,2450.68,
2026-09-11T18:15:53.416517+00:00,200,460.16,
2026-09-11T18:15:53.437769+00:00,200,442.07,
2026-09-11T18:15:52.075437+00:00,200,1807.33,
2026-09-11T18:15:52.485884+00:00,200,1418.71,
2026-09-11T18:15:52.060776+00:00,200,1857.0,
2026-09-11T18:15:53.787704+00:00,200,133.4,
2026-09-11T18:15:52.970047+00:00,200,964.59,
2026-09-11T18:15:52.095875+00:00,200,1846.09,
2026-09-11T18:15:53.702335+00:00,200,244.38,
2026-09-11T18:15:52.248945+00:00,200,1709.17,
2026-09-11T18:15:53.301456+00:00,200,666.44,
2026-09-11T18:15:53.479230+00:00,200,492.5,
2026-09-11T18:15:50.671351+00:00,200,3304.67,
2026-09-11T18:15:52.906804+00:00,200,1070.6,
2026-09-11T18:15:51.220398+00:00,200,2762.29,
2026-09-11T18:15:53.505802+00:00,200,487.63,
2026-09-11T18:15:51.587134+00:00,200,2420.74,
2026-09-11T18:15:51.274561+00:00,200,2743.0,
2026-09-11T18:15:51.480582+00:00,200,2541.76,
2026-09-11T18:15:53.760810+00:00,200,267.0,
2026-09-11T18:15:52.313173+00:00,200,1727.12,
2026-09-11T18:15:50.243857+00:00,200,3798.7,
2026-09-11T18:15:53.070081+00:00,200,979.96,
2026-09-11T18:15:50.021872+00:00,200,4030.82,
2026-09-11T18:15:53.958131+00:00,200,109.87,
2026-09-11T18:15:52.443724+00:00,200,1627.41,
2026-09-11T18:15:53.419559+00:00,200,669.14,
2026-09-11T18:15:50.391334+00:00,200,3701.31,
2026-09-11T18:15:53.647833+00:00,200,451.54,
2026-09-11T18:15:50.964920+00:00,200,3141.67,
2026-09-11T18:15:52.209212+00:00,200,1918.46,
2026-09-11T18:15:53.161339+00:00,200,968.8,
2026-09-11T18:15:52.367543+00:00,200,1766.14,
2026-09-11T18:15:50.531666+00:00,200,3619.15,
2026-09-11T18:15:48.605454+00:00,200,5557.82,
2026-09-11T18:15:51.697047+00:00,200,2471.24,
2026-09-11T18:15:53.353623+00:00,200,820.97,
2026-09-11T18:15:53.654385+00:00,200,521.66,
2026-09-11T18:15:53.904607+00:00,200,273.1,
2026-09-11T18:15:52.875582+00:00,200,1310.21,
2026-09-11T18:15:50.015186+00:00,200,4194.64,
2026-09-11T18:15:53.767771+00:00,200,463.09,
2026-09-11T18:15:51.386264+00:00,200,2854.79,
2026-09-11T18:15:53.152711+00:00,200,1090.4,
2026-09-11T18:15:53.098152+00:00,200,1147.79,
2026-09-11T18:15:50.434251+00:00,200,3818.5,
2026-09-11T18:15:53.337902+00:00,200,920.55,
2026-09-11T18:15:52.939958+00:00,200,1323.53,
2026-09-11T18:15:54.150834+00:00,200,114.44,
2026-09-11T18:15:53.513585+00:00,200,753.03,
2026-09-11T18:15:53.934655+00:00,200,339.41,
2026-09-11T18:15:51.863553+00:00,200,2451.32,
2026-09-11T18:15:53.565204+00:00,200,752.68,
2026-09-11T18:15:51.444562+00:00,200,2884.14,
2026-09-11T18:15:53.482567+00:00,200,851.16,
2026-09-11T18:15:53.224520+00:00,200,1114.71,
2026-09-11T18:15:53.016803+00:00,200,1329.63,
2026-09-11T18:15:53.924782+00:00,200,424.63,
2026-09-11T18:15:53.917791+00:00,200,442.5,
2026-09-11T18:15:52.182945+00:00,200,2182.41,
2026-09-11T18:15:52.065082+00:00,200,2304.98,
2026-09-11T18:15:52.305269+00:00,200,2070.6,
2026-09-11T18:15:53.562413+00:00,200,834.13,
2026-09-11T18:15:49.665599+00:00,200,4735.75,
2026-09-11T18:15:54.225488+00:00,200,185.64,
2026-09-11T18:15:50.131220+00:00,200,4286.6,
2026-09-11T18:15:53.167023+00:00,200,1261.02,
2026-09-11T18:15:52.345735+00:00,200,2091.95,
2026-09-11T18:15:54.007885+00:00,200,436.44,
2026-09-11T18:15:52.440047+00:00,200,2009.57,
2026-09-11T18:15:52.419817+00:00,200,2035.97,
2026-09-11T18:15:50.894542+00:00,200,3572.32,
2026-09-11T18:15:54.265285+00:00,200,204.35,
2026-09-11T18:15:53.659508+00:00,200,822.83,
2026-09-11T18:15:53.236954+00:00,200,1246.91,
2026-09-11T18:15:51.158666+00:00,200,3337.49,
2026-09-11T18:15:54.165445+00:00,200,333.11,
2026-09-11T18:15:54.401357+00:00,200,109.64,
2026-09-11T18:15:52.490557+00:00,200,2050.65,
2026-09-11T18:15:52.869610+00:00,200,1673.08,
2026-09-11T18:15:54.365361+00:00,200,196.02,
2026-09-11T18:15:53.599719+00:00,200,970.17,
2026-09-11T18:15:52.365145+00:00,200,2217.52,
2026-09-11T18:15:53.315312+00:00,200,1269.74,
2026-09-11T18:15:53.243748+00:00,200,1342.63,
2026-09-11T18:15:53.208268+00:00,200,1380.21,
2026-09-11T18:15:54.245952+00:00,200,375.39,
2026-09-11T18:15:52.537114+00:00,200,2094.83,
2026-09-11T18:15:54.269242+00:00,200,365.58,
2026-09-11T18:15:53.960668+00:00,200,675.85,
2026-09-11T18:15:54.176052+00:00,200,473.82,
2026-09-11T18:15:53.508142+00:00,200,1146.37,
2026-09-11T18:15:51.239471+00:00,200,3429.71,
2026-09-11T18:15:54.027821+00:00,200,648.49,
2026-09-11T18:15:54.582678+00:00,200,108.31,
2026-09-11T18:15:54.052698+00:00,200,645.23,
2026-09-11T18:15:54.586385+00:00,200,113.92,
2026-09-11T18:15:54.266624+00:00,200,436.6,
2026-09-11T18:15:53.234102+00:00,200,1471.48,
2026-09-11T18:15:54.071147+00:00,200,659.1,
2026-09-11T18:15:53.815535+00:00,200,924.44,
2026-09-11T18:15:51.883148+00:00,200,2862.4,
2026-09-11T18:15:51.471773+00:00,200,3281.17,
2026-09-11T18:15:52.916894+00:00,200,1837.46,
2026-09-11T18:15:53.651511+00:00,200,1104.17,
2026-09-11T18:15:52.431997+00:00,200,2326.62,
2026-09-11T18:15:54.375873+00:00,200,389.69,
2026-09-11T18:15:52.102962+00:00,200,2667.27,
2026-09-11T18:15:54.511011+00:00,200,265.74,
2026-09-11T18:15:53.222410+00:00,200,1584.95,
2026-09-11T18:15:51.714458+00:00,200,3095.07,
2026-09-11T18:15:54.691001+00:00,200,127.17,
2026-09-11T18:15:54.619627+00:00,200,199.97,
2026-09-11T18:15:54.414863+00:00,200,411.89,
2026-09-11T18:15:54.498565+00:00,200,345.2,
2026-09-11T18:15:53.882779+00:00,200,964.91,
2026-09-11T18:15:50.712694+00:00,200,4136.44,
2026-09-11T18:15:53.263188+00:00,200,1594.0,
2026-09-11T18:15:54.119252+00:00,200,740.28,
2026-09-11T18:15:51.801912+00:00,200,3059.08,
2026-09-11T18:15:53.355761+00:00,200,1523.29,
2026-09-11T18:15:53.691908+00:00,200,1189.35,
2026-09-11T18:15:50.325393+00:00,200,4580.89,
2026-09-11T18:15:54.069649+00:00,200,840.57,
2026-09-11T18:15:53.290233+00:00,200,1627.57,
2026-09-11T18:15:53.805538+00:00,200,1124.82,
2026-09-11T18:15:54.469641+00:00,200,475.54,
2026-09-11T18:15:54.133693+00:00,200,825.82,
2026-09-11T18:15:54.328712+00:00,200,635.55,
2026-09-11T18:15:52.087780+00:00,200,2880.66,
2026-09-11T18:15:54.163290+00:00,200,807.26,
2026-09-11T18:15:54.847698+00:00,200,124.93,
2026-09-11T18:15:54.873906+00:00,200,117.99,
2026-09-11T18:15:54.879058+00:00,200,119.21,
2026-09-11T18:15:54.463166+00:00,200,537.4,
2026-09-11T18:15:54.807380+00:00,200,200.39,
2026-09-11T18:15:53.421677+00:00,200,1602.7,
2026-09-11T18:15:53.733537+00:00,200,1294.33,
2026-09-11T18:15:52.966347+00:00,200,2087.87,
2026-09-11T18:15:51.518886+00:00,200,3545.0,
2026-09-11T18:15:51.339211+00:00,200,3727.71,
2026-09-11T18:15:53.684348+00:00,200,1392.91,
2026-09-11T18:15:51.577004+00:00,200,3502.92,
2026-09-11T18:15:54.363014+00:00,200,719.13,
2026-09-11T18:15:54.968444+00:00,200,123.37,
2026-09-11T18:15:54.177708+00:00,200,926.23,
2026-09-11T18:15:54.243117+00:00,200,872.77,
2026-09-11T18:15:52.900859+00:00,200,2217.32,
2026-09-11T18:15:53.921119+00:00,200,1212.14,
2026-09-11T18:15:53.624832+00:00,200,1511.26,
2026-09-11T18:15:49.963186+00:00,200,5206.69,
2026-09-11T18:15:51.887448+00:00,200,3288.06,
2026-09-11T18:15:52.908303+00:00,200,2271.93,
2026-09-11T18:15:54.230877+00:00,200,959.43,
2026-09-11T18:15:55.063931+00:00,200,135.8,
2026-09-11T18:15:54.703235+00:00,200,504.05,
2026-09-11T18:15:54.975369+00:00,200,237.34,
2026-09-11T18:15:53.055743+00:00,200,2160.56,
2026-09-11T18:15:54.843790+00:00,200,383.07,
2026-09-11T18:15:53.610137+00:00,200,1637.15,
2026-09-11T18:15:53.829590+00:00,200,1420.68,
2026-09-11T18:15:49.839622+00:00,200,5415.66,
2026-09-11T18:15:53.258324+00:00,200,1999.84,
2026-09-11T18:15:54.676324+00:00,200,583.16,
2026-09-11T18:15:54.663464+00:00,200,601.13,
2026-09-11T18:15:54.765571+00:00,200,500.33,
2026-09-11T18:15:54.258457+00:00,200,1016.92,
2026-09-11T18:15:54.185803+00:00,200,1119.02,
2026-09-11T18:15:53.113940+00:00,200,2202.65,
2026-09-11T18:15:55.175524+00:00,200,144.99,
2026-09-11T18:15:52.702960+00:00,200,2633.57,
2026-09-11T18:15:51.490765+00:00,200,3851.13,
2026-09-11T18:15:53.616070+00:00,200,1730.0,
2026-09-11T18:15:54.333739+00:00,200,1018.18,
2026-09-11T18:15:53.318469+00:00,200,2037.4,
2026-09-11T18:15:54.106600+00:00,200,1251.16,
2026-09-11T18:15:53.403605+00:00,200,1968.25,
2026-09-11T18:15:53.350108+00:00,200,2030.69,
2026-09-11T18:15:53.820816+00:00,200,1562.85,
2026-09-11T18:15:54.849145+00:00,200,539.06,
2026-09-11T18:15:53.941969+00:00,200,1448.51,
2026-09-11T18:15:54.068016+00:00,200,1336.54,
2026-09-11T18:15:54.972631+00:00,200,447.52,
2026-09-11T18:15:53.771659+00:00,200,1656.68,
2026-09-11T18:15:54.437698+00:00,200,999.85,
2026-09-11T18:15:53.553420+00:00,200,1888.82,
2026-09-11T18:15:53.731854+00:00,200,1715.14,
2026-09-11T18:15:54.360299+00:00,200,1099.75,
2026-09-11T18:15:53.348313+00:00,200,2114.59,
2026-09-11T18:15:55.103953+00:00,200,360.35,
2026-09-11T18:15:53.160178+00:00,200,2305.49,
2026-09-11T18:15:53.876694+00:00,200,1592.04,
2026-09-11T18:15:53.728228+00:00,200,1749.4,
2026-09-11T18:15:54.776760+00:00,200,702.08,
2026-09-11T18:15:54.099382+00:00,200,1387.36,
2026-09-11T18:15:51.065943+00:00,200,4450.68,
2026-09-11T18:15:54.859536+00:00,200,659.29,
2026-09-11T18:15:54.314890+00:00,200,1205.11,
2026-09-11T18:15:48.816281+00:00,200,6706.63,
2026-09-11T18:15:55.420177+00:00,200,104.03,
2026-09-11T18:15:54.945195+00:00,200,607.89,
2026-09-11T18:15:54.881266+00:00,200,681.14,
2026-09-11T18:15:54.766468+00:00,200,799.44,
2026-09-11T18:15:54.088717+00:00,200,1486.78,
2026-09-11T18:15:54.857202+00:00,200,732.18,
2026-09-11T18:15:54.127686+00:00,200,1465.33,
2026-09-11T18:15:53.856322+00:00,200,1743.74,
2026-09-11T18:15:55.007792+00:00,200,594.62,
2026-09-11T18:15:54.252757+00:00,200,1366.64,
2026-09-11T18:15:53.877834+00:00,200,1745.17,
2026-09-11T18:15:54.588485+00:00,200,1037.67,
2026-09-11T18:15:55.026318+00:00,200,605.93,
2026-09-11T18:15:53.367350+00:00,200,2275.98,
2026-09-11T18:15:54.745562+00:00,200,901.0,
2026-09-11T18:15:53.778613+00:00,200,1869.92,
2026-09-11T18:15:50.830226+00:00,200,4820.86,
2026-09-11T18:15:54.649882+00:00,200,1020.05,
2026-09-11T18:15:53.193685+00:00,200,2500.47,
2026-09-11T18:15:53.879851+00:00,200,1821.43,
2026-09-11T18:15:54.991913+00:00,200,716.7,
2026-09-11T18:15:55.115900+00:00,200,593.94,
2026-09-11T18:15:54.019935+00:00,200,1695.84,
2026-09-11T18:15:53.462178+00:00,200,2268.82,
2026-09-11T18:15:54.346445+00:00,200,1391.45,
2026-09-11T18:15:53.758446+00:00,200,1981.2,
2026-09-11T18:15:55.082157+00:00,200,659.64,
2026-09-11T18:15:55.259490+00:00,200,483.62,
2026-09-11T18:15:52.878809+00:00,200,2873.82,
2026-09-11T18:15:53.519469+00:00,200,2243.34,
2026-09-11T18:15:54.721573+00:00,200,1059.39,
2026-09-11T18:15:55.669945+00:00,200,112.78,
2026-09-11T18:15:54.466874+00:00,200,1319.74,
2026-09-11T18:15:54.449628+00:00,200,1344.63,
2026-09-11T18:15:54.910229+00:00,200,885.96,
2026-09-11T18:15:52.972937+00:00,200,2828.63,
2026-09-11T18:15:53.967908+00:00,200,1841.83,
2026-09-11T18:15:55.708625+00:00,200,105.14,
2026-09-11T18:15:55.304840+00:00,200,510.54,
2026-09-11T18:15:54.998281+00:00,200,818.7,
2026-09-11T18:15:52.788479+00:00,200,3029.6,
2026-09-11T18:15:54.752958+00:00,200,1070.04,
2026-09-11T18:15:53.693807+00:00,200,2169.93,
2026-09-11T18:15:55.407212+00:00,200,460.61,
2026-09-11T18:15:55.623015+00:00,200,251.41,
2026-09-11T18:15:55.786623+00:00,200,95.13,
2026-09-11T18:15:52.959221+00:00,200,2932.43,
2026-09-11T18:15:55.066933+00:00,200,827.47,
2026-09-11T18:15:54.042565+00:00,200,1862.1,
2026-09-11T18:15:52.108402+00:00,200,3797.44,
2026-09-11T18:15:50.611613+00:00,200,5302.43,
2026-09-11T18:15:55.180247+00:00,200,734.97,
2026-09-11T18:15:55.118187+00:00,200,808.97,
2026-09-11T18:15:54.209841+00:00,200,1722.42,
2026-09-11T18:15:55.646576+00:00,200,303.21,
2026-09-11T18:15:55.694167+00:00,200,257.92,
2026-09-11T18:15:54.050049+00:00,200,1907.16,
2026-09-11T18:15:52.668429+00:00,200,3292.54,
2026-09-11T18:15:52.281778+00:00,200,3682.68,
2026-09-11T18:15:53.840236+00:00,200,2126.12,
2026-09-11T18:15:55.486756+00:00,200,523.06,
2026-09-11T18:15:55.813780+00:00,200,208.23,
2026-09-11T18:15:53.664710+00:00,200,2367.57,
2026-09-11T18:15:50.763836+00:00,200,5272.75,
2026-09-11T18:15:55.794276+00:00,200,246.02,
2026-09-11T18:15:55.619413+00:00,200,430.87,
2026-09-11T18:15:55.216317+00:00,200,835.48,
2026-09-11T18:15:55.572880+00:00,200,495.4,
2026-09-11T18:15:55.190319+00:00,200,890.47,
2026-09-11T18:15:52.755549+00:00,200,3336.63,
2026-09-11T18:15:54.541224+00:00,200,1552.72,
2026-09-11T18:15:54.755690+00:00,200,1350.37,
2026-09-11T18:15:54.130150+00:00,200,1980.35,
2026-09-11T18:15:55.250281+00:00,200,868.24,
2026-09-11T18:15:55.891659+00:00,200,229.85,
2026-09-11T18:15:55.741809+00:00,200,388.12,
2026-09-11T18:15:54.821643+00:00,200,1309.64,
2026-09-11T18:15:55.632265+00:00,200,502.03,
2026-09-11T18:15:55.782729+00:00,200,358.44,
2026-09-11T18:15:54.411139+00:00,200,1732.56,
2026-09-11T18:15:55.136105+00:00,200,1014.7,
2026-09-11T18:15:53.144701+00:00,200,3015.88,
2026-09-11T18:15:55.133275+00:00,200,1032.44,
2026-09-11T18:15:55.737905+00:00,200,437.05,
2026-09-11T18:15:54.542693+00:00,200,1635.8,
2026-09-11T18:15:50.321773+00:00,200,5858.43,
2026-09-11T18:15:54.569898+00:00,200,1611.99,
2026-09-11T18:15:56.106073+00:00,200,96.17,
2026-09-11T18:15:55.801579+00:00,200,401.73,
2026-09-11T18:15:55.247303+00:00,200,982.89,
2026-09-11T18:15:55.462910+00:00,200,776.66,
2026-09-11T18:15:49.707221+00:00,200,6535.22,
2026-09-11T18:15:55.465676+00:00,200,784.41,
2026-09-11T18:15:55.346080+00:00,200,917.65,
2026-09-11T18:15:55.818086+00:00,200,447.06,
2026-09-11T18:15:56.068291+00:00,200,200.18,
2026-09-11T18:15:54.770243+00:00,200,1506.95,
2026-09-11T18:15:54.417822+00:00,200,1860.99,
2026-09-11T18:15:56.181901+00:00,200,98.5,
2026-09-11T18:15:53.432381+00:00,200,2853.7,
2026-09-11T18:15:55.769754+00:00,200,519.28,
2026-09-11T18:15:56.202260+00:00,200,107.94,
2026-09-11T18:15:55.522914+00:00,200,792.3,
2026-09-11T18:15:53.971644+00:00,200,2352.2,
2026-09-11T18:15:55.468740+00:00,200,860.01,
2026-09-11T18:15:54.561388+00:00,200,1779.8,
2026-09-11T18:15:56.032294+00:00,200,312.17,
2026-09-11T18:15:51.565013+00:00,200,4795.92,
2026-09-11T18:15:55.207315+00:00,200,1154.91,
2026-09-11T18:15:56.263746+00:00,200,99.78,
2026-09-11T18:15:51.563382+00:00,200,4806.14,
2026-09-11T18:15:54.739986+00:00,200,1637.88,
2026-09-11T18:15:54.669197+00:00,200,1711.05,
2026-09-11T18:15:56.168509+00:00,200,212.81,
2026-09-11T18:15:55.908058+00:00,200,475.31,
2026-09-11T18:15:52.503523+00:00,200,3882.54,
2026-09-11T18:15:55.271007+00:00,200,1124.25,
2026-09-11T18:15:55.024400+00:00,200,1374.23,
2026-09-11T18:15:55.520005+00:00,200,885.81,
2026-09-11T18:15:52.066736+00:00,200,4360.43,
2026-09-11T18:15:51.892026+00:00,200,4537.95,
2026-09-11T18:15:55.371870+00:00,200,1073.04,
2026-09-11T18:15:56.360958+00:00,200,107.19,
2026-09-11T18:15:55.467090+00:00,200,1006.53,
2026-09-11T18:15:56.363535+00:00,200,116.76,
2026-09-11T18:15:55.351927+00:00,200,1130.28,
2026-09-11T18:15:54.482347+00:00,200,2004.07,
2026-09-11T18:15:53.334260+00:00,200,3156.71,
2026-09-11T18:15:55.881764+00:00,200,616.29,
2026-09-11T18:15:54.809538+00:00,200,1700.25,
2026-09-11T18:15:55.932270+00:00,200,579.15,
2026-09-11T18:15:54.428049+00:00,200,2090.23,
2026-09-11T18:15:54.349420+00:00,200,2178.43,
2026-09-11T18:15:54.396563+00:00,200,2132.47,
2026-09-11T18:15:53.817905+00:00,200,2715.34,
2026-09-11T18:15:55.369603+00:00,200,1164.79,
2026-09-11T18:15:51.299542+00:00,200,5238.05,
2026-09-11T18:15:51.127012+00:00,200,5415.51,
2026-09-11T18:15:56.444925+00:00,200,106.84,
2026-09-11T18:15:55.927174+00:00,200,638.16,
2026-09-11T18:15:55.613418+00:00,200,960.8,
2026-09-11T18:15:56.468158+00:00,200,115.3,
2026-09-11T18:15:56.110504+00:00,200,483.31,
2026-09-11T18:15:53.712212+00:00,200,2883.29,
2026-09-11T18:15:53.074877+00:00,200,3531.65,
2026-09-11T18:15:56.509800+00:00,200,98.34,
2026-09-11T18:15:55.964471+00:00,200,677.36,
2026-09-11T18:15:53.118571+00:00,200,3524.35,
2026-09-11T18:15:55.383679+00:00,200,1262.12,
2026-09-11T18:15:54.730262+00:00,200,1925.63,
2026-09-11T18:15:52.560782+00:00,200,4104.94,
2026-09-11T18:15:50.313576+00:00,200,6354.81,
2026-09-11T18:15:51.030928+00:00,200,5642.69,
2026-09-11T18:15:53.586856+00:00,200,3095.52,
2026-09-11T18:15:56.118526+00:00,200,568.16,
2026-09-11T18:15:55.589394+00:00,200,1100.73,
2026-09-11T18:15:54.168295+00:00,200,2530.68,
2026-09-11T18:15:53.042328+00:00,200,3662.12,
2026-09-11T18:15:54.512721+00:00,200,2197.06,
2026-09-11T18:15:56.608148+00:00,200,104.73,
2026-09-11T18:15:56.344477+00:00,200,384.41,
2026-09-11T18:15:54.860999+00:00,200,1868.9,
2026-09-11T18:15:56.551785+00:00,200,192.0,
2026-09-11T18:15:54.758618+00:00,200,2002.31,
2026-09-11T18:15:56.310228+00:00,200,453.6,
2026-09-11T18:15:56.668397+00:00,200,108.87,
2026-09-11T18:15:55.390490+00:00,200,1392.68,
2026-09-11T18:15:54.970560+00:00,200,1815.65,
2026-09-11T18:15:55.518836+00:00,200,1275.77,
2026-09-11T18:15:50.860538+00:00,200,5938.95,
2026-09-11T18:15:55.960983+00:00,200,848.74,
2026-09-11T18:15:53.717382+00:00,200,3094.52,
2026-09-11T18:15:56.165725+00:00,200,659.97,
2026-09-11T18:15:56.064314+00:00,200,764.27,
2026-09-11T18:15:56.178501+00:00,200,660.56,
2026-09-11T18:15:56.486420+00:00,200,358.14,
2026-09-11T18:15:55.442257+00:00,200,1410.34,
2026-09-11T18:15:55.651096+00:00,200,1209.21,
2026-09-11T18:15:55.336545+00:00,200,1529.22,
2026-09-11T18:15:56.533255+00:00,200,335.73,
2026-09-11T18:15:55.079937+00:00,200,1794.4,
2026-09-11T18:15:56.419771+00:00,200,457.12,
2026-09-11T18:15:56.777281+00:00,200,106.21,
2026-09-11T18:15:56.537603+00:00,200,360.76,
2026-09-11T18:15:54.444330+00:00,200,2457.66,
2026-09-11T18:15:56.250096+00:00,200,659.71,
2026-09-11T18:15:54.017578+00:00,200,2896.8,
2026-09-11T18:15:56.036592+00:00,200,889.37,
2026-09-11T18:15:54.818177+00:00,200,2109.82,
2026-09-11T18:15:52.688719+00:00,200,4240.33,
2026-09-11T18:15:54.906303+00:00,200,2034.06,
2026-09-11T18:15:55.816994+00:00,200,1129.23,
2026-09-11T18:15:56.575882+00:00,200,397.16,
2026-09-11T18:15:55.671523+00:00,200,1306.13,
2026-09-11T18:15:54.634833+00:00,200,2350.72,
2026-09-11T18:15:55.867832+00:00,200,1118.77,
2026-09-11T18:15:55.275386+00:00,200,1714.84,
2026-09-11T18:15:56.839082+00:00,200,152.33,
2026-09-11T18:15:52.918599+00:00,200,4084.51,
2026-09-11T18:15:53.863825+00:00,200,3181.08,
2026-09-11T18:15:56.323876+00:00,200,723.01,
2026-09-11T18:15:54.631963+00:00,200,2417.77,
2026-09-11T18:15:56.366049+00:00,200,685.32,
2026-09-11T18:15:55.979913+00:00,200,1073.28,
2026-09-11T18:15:55.966367+00:00,200,1098.79,
2026-09-11T18:15:56.783181+00:00,200,298.88,
2026-09-11T18:15:55.388220+00:00,200,1698.67,
2026-09-11T18:15:54.754363+00:00,200,2336.05,
2026-09-11T18:15:56.593830+00:00,200,503.06,
2026-09-11T18:15:53.807796+00:00,200,3303.22,
2026-09-11T18:15:56.265159+00:00,200,850.88,
2026-09-11T18:15:56.362227+00:00,200,756.42,
2026-09-11T18:15:57.003119+00:00,200,120.01,
2026-09-11T18:15:56.606772+00:00,200,527.44,
2026-09-11T18:15:54.564034+00:00,200,2576.71,
2026-09-11T18:15:53.982699+00:00,200,3159.03,
2026-09-11T18:15:56.009836+00:00,200,1133.49,
2026-09-11T18:15:56.534404+00:00,200,632.25,
2026-09-11T18:15:56.542534+00:00,200,627.97,
2026-09-11T18:15:56.286084+00:00,200,894.24,
2026-09-11T18:15:55.320516+00:00,200,1863.11,
2026-09-11T18:15:55.762827+00:00,200,1430.87,
2026-09-11T18:15:56.473639+00:00,200,734.67,
2026-09-11T18:15:55.602417+00:00,200,1610.16,
2026-09-11T18:15:56.565656+00:00,200,655.63,
2026-09-11T18:15:57.111031+00:00,200,117.07,
2026-09-11T18:15:55.321500+00:00,200,1910.48,
2026-09-11T18:15:53.556765+00:00,200,3687.85,
2026-09-11T18:15:56.040306+00:00,200,1223.74,
2026-09-11T18:15:56.239582+00:00,200,1027.42,
2026-09-11T18:15:55.355884+00:00,200,1927.22,
2026-09-11T18:15:55.731012+00:00,200,1573.45,
2026-09-11T18:15:56.928008+00:00,200,382.17,
2026-09-11T18:15:56.901998+00:00,200,424.54,
2026-09-11T18:15:52.664163+00:00,200,4682.1,
2026-09-11T18:15:52.082183+00:00,200,5268.26,
2026-09-11T18:15:55.709846+00:00,200,1643.47,
2026-09-11T18:15:56.080806+00:00,200,1278.28,
2026-09-11T18:15:55.357767+00:00,200,2020.15,
2026-09-11T18:15:53.578470+00:00,200,3800.89,
2026-09-11T18:15:55.643347+00:00,200,1749.89,
2026-09-11T18:15:57.231994+00:00,200,169.7,
2026-09-11T18:15:56.799498+00:00,200,603.78,
2026-09-11T18:15:56.217475+00:00,200,1189.68,
2026-09-11T18:15:55.715784+00:00,200,1704.65,
2026-09-11T18:15:56.527859+00:00,200,897.6,
2026-09-11T18:15:55.478844+00:00,200,1953.56,
2026-09-11T18:15:56.704466+00:00,200,731.36,
2026-09-11T18:15:54.263493+00:00,200,3181.74,
2026-09-11T18:15:55.404564+00:00,200,2044.54,
2026-09-11T18:15:54.964272+00:00,200,2494.95,
2026-09-11T18:15:49.950770+00:00,200,7517.21,
2026-09-11T18:15:56.686696+00:00,200,789.39,
2026-09-11T18:15:57.377928+00:00,200,99.33,
2026-09-11T18:15:53.622461+00:00,200,3867.82,
2026-09-11T18:15:57.379414+00:00,200,113.08,
2026-09-11T18:15:57.393254+00:00,200,106.97,
2026-09-11T18:15:56.129939+00:00,200,1377.58,
2026-09-11T18:15:54.636526+00:00,200,2883.39,
2026-09-11T18:15:54.274076+00:00,200,3253.97,
2026-09-11T18:15:57.435835+00:00,200,100.35,
2026-09-11T18:15:55.553100+00:00,200,1988.95,
2026-09-11T18:15:55.915225+00:00,200,1629.71,
2026-09-11T18:15:54.241062+00:00,200,3318.17,
2026-09-11T18:15:57.459233+00:00,200,121.03,
2026-09-11T18:15:56.862843+00:00,200,721.44,
2026-09-11T18:15:56.690151+00:00,200,899.51,
2026-09-11T18:15:56.381332+00:00,200,1214.12,
2026-09-11T18:15:54.959527+00:00,200,2637.61,
2026-09-11T18:15:53.376286+00:00,200,4223.94,
2026-09-11T18:15:55.739654+00:00,200,1863.71,
2026-09-11T18:15:55.091832+00:00,200,2516.41,
2026-09-11T18:15:55.218432+00:00,200,2407.81,
2026-09-11T18:15:57.418529+00:00,200,208.92,
2026-09-11T18:15:54.819608+00:00,200,2808.91,
2026-09-11T18:15:56.910538+00:00,200,724.18,
2026-09-11T18:15:56.116581+00:00,200,1525.31,
2026-09-11T18:15:53.316772+00:00,200,4327.36,
2026-09-11T18:15:54.826763+00:00,200,2818.71,
2026-09-11T18:15:56.141180+00:00,200,1505.47,
2026-09-11T18:15:57.267013+00:00,200,384.12,
2026-09-11T18:15:53.667028+00:00,200,3988.46,
2026-09-11T18:15:57.183641+00:00,200,480.36,
2026-09-11T18:15:56.529035+00:00,200,1139.74,
2026-09-11T18:15:54.585063+00:00,200,3084.95,
2026-09-11T18:15:57.559248+00:00,200,121.26,
2026-09-11T18:15:55.714153+00:00,200,1972.65,
2026-09-11T18:15:56.028032+00:00,200,1678.18,
2026-09-11T18:15:56.180210+00:00,200,1537.05,
2026-09-11T18:15:55.796195+00:00,200,1923.62,
2026-09-11T18:15:53.226929+00:00,200,4505.47,
2026-09-11T18:15:57.566004+00:00,200,178.16,
2026-09-11T18:15:55.199753+00:00,200,2547.81,
2026-09-11T18:15:57.141730+00:00,200,607.87,
2026-09-11T18:15:57.046890+00:00,200,711.34,
2026-09-11T18:15:57.490296+00:00,200,274.13,
2026-09-11T18:15:53.125676+00:00,200,4640.78,
2026-09-11T18:15:54.483867+00:00,200,3295.18,
2026-09-11T18:15:54.496169+00:00,200,3285.09,
2026-09-11T18:15:55.264597+00:00,200,2526.14,
2026-09-11T18:15:55.904683+00:00,200,1904.59,
2026-09-11T18:15:55.863746+00:00,200,1949.88,
2026-09-11T18:15:57.277735+00:00,200,537.11,
2026-09-11T18:15:55.957234+00:00,200,1865.38,
2026-09-11T18:15:57.732417+00:00,200,99.91,
2026-09-11T18:15:57.744183+00:00,200,101.32,
2026-09-11T18:15:56.641848+00:00,200,1211.92,
2026-09-11T18:15:56.203317+00:00,200,1652.43,
2026-09-11T18:15:56.280407+00:00,200,1591.96,
2026-09-11T18:15:57.403284+00:00,200,484.01,
2026-09-11T18:15:55.820330+00:00,200,2069.48,
2026-09-11T18:15:51.639051+00:00,200,6251.92,
2026-09-11T18:15:57.655492+00:00,200,239.68,
2026-09-11T18:15:55.593030+00:00,200,2305.89,
2026-09-11T18:15:54.339241+00:00,200,3568.72,
2026-09-11T18:15:52.801942+00:00,200,5109.59,
2026-09-11T18:15:57.628529+00:00,200,301.92,
2026-09-11T18:15:55.177578+00:00,200,2755.11,
2026-09-11T18:15:56.712887+00:00,200,1223.01,
2026-09-11T18:15:54.317894+00:00,200,3630.15,
2026-09-11T18:15:57.845518+00:00,200,103.78,
2026-09-11T18:15:56.386075+00:00,200,1581.62,
2026-09-11T18:15:56.377879+00:00,200,1608.65,
2026-09-11T18:15:57.477258+00:00,200,511.84,
2026-09-11T18:15:55.169883+00:00,200,2833.76,
2026-09-11T18:15:57.090437+00:00,200,914.78,
2026-09-11T18:15:57.140755+00:00,200,867.69,
2026-09-11T18:15:56.610270+00:00,200,1399.26,
2026-09-11T18:15:57.608252+00:00,200,402.33,
2026-09-11T18:15:57.350460+00:00,200,661.72,
2026-09-11T18:15:53.007158+00:00,200,5008.75,
2026-09-11T18:15:55.858700+00:00,200,2160.33,
2026-09-11T18:15:56.131297+00:00,200,1891.79,
2026-09-11T18:15:56.427178+00:00,200,1602.59,
2026-09-11T18:15:57.096905+00:00,200,940.73,
2026-09-11T18:15:51.243891+00:00,200,6819.23,
2026-09-11T18:15:57.670017+00:00,200,399.09,
2026-09-11T18:15:51.115300+00:00,200,6958.13,
2026-09-11T18:15:57.717274+00:00,200,358.61,
2026-09-11T18:15:57.962168+00:00,200,115.97,
2026-09-11T18:15:53.076595+00:00,200,5036.7,
2026-09-11T18:15:57.595496+00:00,200,523.5,
2026-09-11T18:15:55.701297+00:00,200,2420.92,
2026-09-11T18:15:57.082086+00:00,200,1041.45,
2026-09-11T18:15:57.907966+00:00,200,220.19,
2026-09-11T18:15:55.068557+00:00,200,3061.45,
2026-09-11T18:15:56.825718+00:00,200,1324.71,
2026-09-11T18:15:57.310201+00:00,200,864.52,
2026-09-11T18:15:57.492501+00:00,200,686.82,
2026-09-11T18:15:54.705587+00:00,200,3492.29,
2026-09-11T18:15:53.977405+00:00,200,4222.28,
2026-09-11T18:15:52.319532+00:00,200,5881.59,
2026-09-11T18:15:51.600247+00:00,200,6623.07,
2026-09-11T18:15:55.648543+00:00,200,2577.43,
2026-09-11T18:15:51.495168+00:00,200,6732.93,
2026-09-11T18:15:56.511429+00:00,200,1721.29,
2026-09-11T18:15:57.813633+00:00,200,421.94,
2026-09-11T18:15:58.037649+00:00,200,199.35,
2026-09-11T18:15:55.437563+00:00,200,2815.28,
2026-09-11T18:15:57.872385+00:00,200,386.33,
2026-09-11T18:15:57.467990+00:00,200,794.53,
2026-09-11T18:15:57.143329+00:00,200,1123.57,
2026-09-11T18:15:57.935908+00:00,200,342.71,
2026-09-11T18:15:57.425474+00:00,200,855.29,
2026-09-11T18:15:57.948063+00:00,200,336.14,
2026-09-11T18:15:56.268476+00:00,200,2024.2,
2026-09-11T18:15:56.968569+00:00,200,1326.57,
2026-09-11T18:15:57.911538+00:00,200,394.05,
2026-09-11T18:15:57.420467+00:00,200,894.67,
2026-09-11T18:15:58.212095+00:00,200,107.56,
2026-09-11T18:15:57.930462+00:00,200,394.71,
2026-09-11T18:15:57.764435+00:00,200,581.69,
2026-09-11T18:15:57.111737+00:00,200,1238.17,
2026-09-11T18:15:56.655910+00:00,200,1695.81,
2026-09-11T18:15:57.627457+00:00,200,725.46,
2026-09-11T18:15:56.405867+00:00,200,1959.89,
2026-09-11T18:15:56.860319+00:00,200,1525.91,
2026-09-11T18:15:57.824728+00:00,200,570.34,
2026-09-11T18:15:55.952106+00:00,200,2444.96,
2026-09-11T18:15:55.054236+00:00,200,3346.85,
2026-09-11T18:15:50.867880+00:00,200,7539.66,
2026-09-11T18:15:56.709789+00:00,200,1702.25,
2026-09-11T18:15:57.212591+00:00,200,1206.03,
2026-09-11T18:15:58.325176+00:00,200,103.85,
2026-09-11T18:15:56.383372+00:00,200,2049.92,
2026-09-11T18:15:57.051372+00:00,200,1383.25,
2026-09-11T18:15:56.645803+00:00,200,1816.07,
2026-09-11T18:15:53.976027+00:00,200,4493.5,
2026-09-11T18:15:57.445241+00:00,200,1027.97,
2026-09-11T18:15:57.044918+00:00,200,1435.15,
2026-09-11T18:15:57.536202+00:00,200,947.49,
2026-09-11T18:15:55.077262+00:00,200,3427.8,
2026-09-11T18:15:56.143705+00:00,200,2364.36,
2026-09-11T18:15:52.456261+00:00,200,6054.64,
2026-09-11T18:15:56.369534+00:00,200,2146.18,
2026-09-11T18:15:57.932703+00:00,200,586.12,
2026-09-11T18:15:57.713217+00:00,200,812.52,
2026-09-11T18:15:58.434626+00:00,200,96.79,
2026-09-11T18:15:58.199697+00:00,200,341.05,
2026-09-11T18:15:58.461893+00:00,200,88.32,
2026-09-11T18:15:58.456804+00:00,200,99.86,
2026-09-11T18:15:56.665737+00:00,200,1893.66,
2026-09-11T18:15:57.123145+00:00,200,1447.74,
2026-09-11T18:15:56.150816+00:00,200,2438.08,
2026-09-11T18:15:56.991416+00:00,200,1603.28,
2026-09-11T18:15:57.989110+00:00,200,610.03,
2026-09-11T18:15:56.121518+00:00,200,2480.65,
2026-09-11T18:15:55.823004+00:00,200,2799.23,
2026-09-11T18:15:55.255291+00:00,200,3383.41,
2026-09-11T18:15:57.614067+00:00,200,1029.23,
2026-09-11T18:15:49.246047+00:00,200,9403.68,
2026-09-11T18:15:57.500228+00:00,200,1151.47,
2026-09-11T18:15:58.128159+00:00,200,525.77,
2026-09-11T18:15:52.753209+00:00,200,5922.05,
2026-09-11T18:15:54.700316+00:00,200,3976.14,
2026-09-11T18:15:57.067084+00:00,200,1618.62,
2026-09-11T18:15:55.265902+00:00,200,3444.6,
2026-09-11T18:15:57.580285+00:00,200,1142.84,
2026-09-11T18:15:56.482211+00:00,200,2242.39,
2026-09-11T18:15:56.242448+00:00,200,2483.43,
2026-09-11T18:15:57.832333+00:00,200,895.56,
2026-09-11T18:15:57.049735+00:00,200,1690.16,
2026-09-11T18:15:58.295146+00:00,200,449.15,
2026-09-11T18:15:57.065174+00:00,200,1690.36,
2026-09-11T18:15:58.235581+00:00,200,521.17,
2026-09-11T18:15:57.507528+00:00,200,1253.7,
2026-09-11T18:15:57.407162+00:00,200,1357.94,
2026-09-11T18:15:57.890975+00:00,200,877.14,
2026-09-11T18:15:56.574240+00:00,200,2204.7,
2026-09-11T18:15:56.874353+00:00,200,1909.29,
2026-09-11T18:15:55.562422+00:00,200,3222.42,
2026-09-11T18:15:55.341912+00:00,200,3444.71,
2026-09-11T18:15:58.273470+00:00,200,524.52,
2026-09-11T18:15:58.510911+00:00,200,293.21,
2026-09-11T18:15:56.341200+00:00,200,2467.04,
2026-09-11T18:15:58.508081+00:00,200,310.17,
2026-09-11T18:15:58.667542+00:00,200,152.87,
2026-09-11T18:15:58.724615+00:00,200,96.89,
2026-09-11T18:15:58.725889+00:00,200,109.0,
2026-09-11T18:15:57.769244+00:00,200,1073.91,
2026-09-11T18:15:57.680517+00:00,200,1167.09,
2026-09-11T18:15:57.053200+00:00,200,1817.43,
2026-09-11T18:15:49.697659+00:00,200,9182.45,
2026-09-11T18:15:57.749607+00:00,200,1135.3,
2026-09-11T18:15:54.022353+00:00,200,4867.89,
2026-09-11T18:15:56.929056+00:00,200,1967.56,
2026-09-11T18:15:56.990232+00:00,200,1908.62,
2026-09-11T18:15:57.949307+00:00,200,956.52,
2026-09-11T18:15:55.316606+00:00,200,3598.44,
2026-09-11T18:15:55.575507+00:00,200,3352.82,
2026-09-11T18:15:56.050289+00:00,200,2881.11,
2026-09-11T18:15:58.821510+00:00,200,112.04,
2026-09-11T18:15:58.834901+00:00,200,108.89,
2026-09-11T18:15:55.212726+00:00,200,3739.18,
2026-09-11T18:15:57.809284+00:00,200,1150.88,
2026-09-11T18:15:58.859709+00:00,200,105.9,
2026-09-11T18:15:57.134220+00:00,200,1847.27,
2026-09-11T18:15:58.063157+00:00,200,920.23,
2026-09-11T18:15:58.884916+00:00,200,100.44,
2026-09-11T18:15:55.126738+00:00,200,3859.76,
2026-09-11T18:15:57.668785+00:00,200,1330.86,
2026-09-11T18:15:56.642930+00:00,200,2365.92,
2026-09-11T18:15:58.012189+00:00,200,998.35,
2026-09-11T18:15:56.051805+00:00,200,2963.51,
2026-09-11T18:15:57.166670+00:00,200,1862.4,
2026-09-11T18:15:58.351728+00:00,200,685.13,
2026-09-11T18:15:58.258729+00:00,200,779.33,
2026-09-11T18:15:56.289045+00:00,200,2758.67,
2026-09-11T18:15:56.659083+00:00,200,2410.63,
2026-09-11T18:15:58.981505+00:00,200,90.05,
2026-09-11T18:15:57.019883+00:00,200,2056.4,
2026-09-11T18:15:55.894465+00:00,200,3189.8,
2026-09-11T18:15:58.599152+00:00,200,488.84,
2026-09-11T18:15:55.226872+00:00,200,3872.42,
2026-09-11T18:15:57.790755+00:00,200,1310.3,
2026-09-11T18:15:57.779065+00:00,200,1331.07,
2026-09-11T18:15:57.986550+00:00,200,1131.14,
2026-09-11T18:15:56.898376+00:00,200,2225.85,
2026-09-11T18:15:58.676465+00:00,200,455.11,
2026-09-11T18:15:59.029085+00:00,200,118.71,
2026-09-11T18:15:58.309895+00:00,200,844.2,
2026-09-11T18:15:58.075901+00:00,200,1083.86,
2026-09-11T18:15:58.847617+00:00,200,320.32,
2026-09-11T18:15:55.809748+00:00,200,3360.03,
2026-09-11T18:15:58.675276+00:00,200,500.79,
2026-09-11T18:15:57.895181+00:00,200,1291.21,
2026-09-11T18:15:58.395083+00:00,200,793.92,
2026-09-11T18:15:56.883505+00:00,200,2308.59,
2026-09-11T18:15:59.099296+00:00,200,94.52,
2026-09-11T18:15:58.473221+00:00,200,729.82,
2026-09-11T18:15:56.480304+00:00,200,2752.89,
2026-09-11T18:15:58.512438+00:00,200,732.39,
2026-09-11T18:15:59.018177+00:00,200,236.86,
2026-09-11T18:15:56.767080+00:00,200,2493.48,
2026-09-11T18:15:58.588907+00:00,200,675.45,
2026-09-11T18:15:54.914180+00:00,200,4353.78,
2026-09-11T18:15:58.008455+00:00,200,1260.83,
2026-09-11T18:15:58.319659+00:00,200,961.58,
2026-09-11T18:15:56.277211+00:00,200,3008.72,
2026-09-11T18:15:58.784848+00:00,200,513.24,
2026-09-11T18:15:52.750565+00:00,200,6551.16,
2026-09-11T18:15:57.174776+00:00,200,2129.12,
2026-09-11T18:15:55.447002+00:00,200,3864.92,
2026-09-11T18:15:58.401099+00:00,200,919.12,
2026-09-11T18:15:58.943803+00:00,200,400.49,
2026-09-11T18:15:58.540765+00:00,200,811.28,
2026-09-11T18:15:58.278626+00:00,200,1076.81,
2026-09-11T18:15:59.255051+00:00,200,104.99,
2026-09-11T18:15:56.786217+00:00,200,2586.8,
2026-09-11T18:15:59.264360+00:00,200,110.04,
2026-09-11T18:15:59.244831+00:00,200,133.73,
2026-09-11T18:15:52.247476+00:00,200,7169.76,
2026-09-11T18:15:53.103671+00:00,200,6319.42,
2026-09-11T18:15:58.433307+00:00,200,995.0,
2026-09-11T18:15:56.868993+00:00,200,2577.52,
2026-09-11T18:15:58.078147+00:00,200,1372.17,
2026-09-11T18:15:58.651703+00:00,200,823.32,
2026-09-11T18:15:56.595506+00:00,200,2880.71,
2026-09-11T18:15:58.480076+00:00,200,997.56,
2026-09-11T18:15:58.079138+00:00,200,1410.64,
2026-09-11T18:15:59.269295+00:00,200,228.72,
2026-09-11T18:15:55.428356+00:00,200,4075.53,
2026-09-11T18:15:58.017758+00:00,200,1490.38,
2026-09-11T18:15:58.262526+00:00,200,1251.47,
2026-09-11T18:15:58.896620+00:00,200,619.35,
2026-09-11T18:15:55.780985+00:00,200,3740.2,
2026-09-11T18:15:59.161140+00:00,200,385.91,
2026-09-11T18:15:58.870648+00:00,200,678.35,
2026-09-11T18:15:58.315141+00:00,200,1239.35,
2026-09-11T18:15:58.594701+00:00,200,964.13,
2026-09-11T18:15:57.589679+00:00,200,1972.33,
2026-09-11T18:15:58.971810+00:00,200,593.91,
2026-09-11T18:15:58.009531+00:00,200,1561.78,
2026-09-11T18:15:58.905831+00:00,200,687.55,
2026-09-11T18:15:59.101054+00:00,200,497.43,
2026-09-11T18:15:56.865771+00:00,200,2741.96,
2026-09-11T18:15:55.914059+00:00,200,3703.84,
2026-09-11T18:15:57.180342+00:00,200,2440.56,
2026-09-11T18:15:58.768121+00:00,200,857.3,
2026-09-11T18:15:57.664017+00:00,200,1970.83,
2026-09-11T18:15:59.071567+00:00,200,575.35,
2026-09-11T18:15:58.783649+00:00,200,864.5,
2026-09-11T18:15:59.344315+00:00,200,332.07,
2026-09-11T18:15:59.593401+00:00,200,94.55,
2026-09-11T18:15:51.925179+00:00,200,7769.73,
2026-09-11T18:15:56.946233+00:00,200,2751.69,
2026-09-11T18:15:57.363278+00:00,200,2341.92,
2026-09-11T18:15:56.583473+00:00,200,3123.64,
2026-09-11T18:15:58.744305+00:00,200,968.09,
2026-09-11T18:15:58.765152+00:00,200,953.8,
2026-09-11T18:15:58.766173+00:00,200,968.19,
2026-09-11T18:15:56.519038+00:00,200,3220.98,
2026-09-11T18:15:56.518290+00:00,200,3225.53,
2026-09-11T18:15:58.559406+00:00,200,1198.39,
2026-09-11T18:15:59.661032+00:00,200,113.75,
2026-09-11T18:15:59.355439+00:00,200,424.78,
2026-09-11T18:15:54.040305+00:00,200,5741.26,
2026-09-11T18:15:56.698989+00:00,200,3086.95,
2026-09-11T18:15:57.889821+00:00,200,1903.68,
2026-09-11T18:15:59.154104+00:00,200,644.04,
2026-09-11T18:15:59.419400+00:00,200,380.01,
2026-09-11T18:15:58.069125+00:00,200,1753.73,
2026-09-11T18:15:54.621358+00:00,200,5203.76,
2026-09-11T18:15:58.880123+00:00,200,953.05,
2026-09-11T18:15:58.525740+00:00,200,1311.41,
2026-09-11T18:15:58.123546+00:00,200,1714.74,
2026-09-11T18:15:58.798004+00:00,200,1070.31,
2026-09-11T18:15:57.822626+00:00,200,2052.82,
2026-09-11T18:15:52.040879+00:00,200,7838.14,
2026-09-11T18:15:56.330176+00:00,200,3553.79,
2026-09-11T18:15:58.931412+00:00,200,954.95,
2026-09-11T18:15:57.401710+00:00,200,2493.54,
2026-09-11T18:15:58.756760+00:00,200,1145.85,
2026-09-11T18:15:59.498030+00:00,200,410.2,
2026-09-11T18:15:58.418634+00:00,200,1494.76,
2026-09-11T18:15:58.029781+00:00,200,1902.6,
2026-09-11T18:15:58.386245+00:00,200,1550.5,
2026-09-11T18:15:55.511574+00:00,200,4427.59,
2026-09-11T18:15:58.349917+00:00,200,1596.3,
2026-09-11T18:15:59.549005+00:00,200,398.64,
2026-09-11T18:15:57.193710+00:00,200,2759.06,
2026-09-11T18:15:58.913439+00:00,200,1056.76,
2026-09-11T18:15:59.521187+00:00,200,462.33,
2026-09-11T18:15:53.266879+00:00,200,6722.29,
2026-09-11T18:15:57.476099+00:00,200,2519.83,
2026-09-11T18:15:59.812280+00:00,200,191.68,
2026-09-11T18:15:59.503894+00:00,200,511.36,
2026-09-11T18:15:52.964167+00:00,200,7053.23,
2026-09-11T18:15:53.487642+00:00,200,6544.48,
2026-09-11T18:15:59.475040+00:00,200,562.75,
2026-09-11T18:15:57.116055+00:00,200,2929.69,
2026-09-11T18:15:57.645481+00:00,200,2405.53,
2026-09-11T18:15:56.876896+00:00,200,3199.8,
2026-09-11T18:15:58.073442+00:00,200,2008.5,
2026-09-11T18:15:59.970217+00:00,200,118.94,
2026-09-11T18:15:59.303902+00:00,200,791.23,
2026-09-11T18:15:58.284213+00:00,200,1818.54,
2026-09-11T18:15:56.470053+00:00,200,3643.02,
2026-09-11T18:15:55.565921+00:00,200,4559.33,
2026-09-11T18:15:58.003655+00:00,200,2127.37,
2026-09-11T18:15:58.410737+00:00,200,1729.62,
2026-09-11T18:15:58.197889+00:00,200,1959.67,
2026-09-11T18:15:57.542058+00:00,200,2640.84,
2026-09-11T18:15:56.092193+00:00,200,4098.2,
2026-09-11T18:15:59.446529+00:00,200,749.01,
2026-09-11T18:15:58.280773+00:00,200,1916.75,
2026-09-11T18:15:59.131581+00:00,200,1067.94,
2026-09-11T18:16:00.076719+00:00,200,130.53,
2026-09-11T18:16:00.081957+00:00,200,132.09,
2026-09-11T18:15:59.617910+00:00,200,597.64,
2026-09-11T18:15:57.853785+00:00,200,2367.7,
2026-09-11T18:15:57.873809+00:00,200,2362.89,
2026-09-11T18:15:58.739911+00:00,200,1504.41,
2026-09-11T18:15:59.886366+00:00,200,364.97,
2026-09-11T18:15:58.755545+00:00,200,1506.25,
2026-09-11T18:15:58.225986+00:00,200,2056.59,
2026-09-11T18:15:58.483696+00:00,200,1806.78,
2026-09-11T18:15:55.905848+00:00,200,4399.97,
2026-09-11T18:16:00.182906+00:00,200,126.14,
2026-09-11T18:15:58.710527+00:00,200,1599.73,
2026-09-11T18:15:59.285936+00:00,200,1030.14,
2026-09-11T18:15:59.147812+00:00,200,1173.05,
2026-09-11T18:15:58.638713+00:00,200,1692.41,
2026-09-11T18:16:00.236718+00:00,200,100.23,
2026-09-11T18:15:59.203055+00:00,200,1136.66,
2026-09-11T18:15:58.505083+00:00,200,1849.97,
2026-09-11T18:15:59.793513+00:00,200,575.43,
2026-09-11T18:15:56.811948+00:00,200,3563.53,
2026-09-11T18:15:58.649735+00:00,200,1735.97,
2026-09-11T18:15:57.672385+00:00,200,2723.38,
2026-09-11T18:15:59.952776+00:00,200,454.14,
2026-09-11T18:15:55.000576+00:00,200,5410.5,
2026-09-11T18:15:55.516636+00:00,200,4895.62,
2026-09-11T18:15:55.524215+00:00,200,4897.29,
2026-09-11T18:15:56.230206+00:00,200,4194.72,
2026-09-11T18:16:00.190409+00:00,200,237.15,
2026-09-11T18:15:59.983535+00:00,200,447.79,
2026-09-11T18:15:59.108762+00:00,200,1326.18,
2026-09-11T18:15:57.516371+00:00,200,2925.8,
2026-09-11T18:15:56.852614+00:00,200,3603.63,
2026-09-11T18:15:57.170519+00:00,200,3299.44,
2026-09-11T18:15:52.511732+00:00,200,7960.11,
2026-09-11T18:15:59.193826+00:00,200,1294.75,
2026-09-11T18:16:00.131043+00:00,200,376.18,
2026-09-11T18:15:52.898601+00:00,200,7612.55,
2026-09-11T18:16:00.395780+00:00,200,125.22,
2026-09-11T18:15:58.985359+00:00,200,1549.04,
2026-09-11T18:15:57.462503+00:00,200,3073.09,
2026-09-11T18:15:55.460064+00:00,200,5105.74,
2026-09-11T18:15:57.719820+00:00,200,2847.98,
2026-09-11T18:16:00.064867+00:00,200,508.71,
2026-09-11T18:15:53.993443+00:00,200,6584.92,
2026-09-11T18:15:59.015322+00:00,200,1570.67,
2026-09-11T18:15:56.490979+00:00,200,4103.79,
2026-09-11T18:15:59.258295+00:00,200,1345.78,
2026-09-11T18:15:58.237004+00:00,200,2372.43,
2026-09-11T18:15:59.167947+00:00,200,1463.77,
2026-09-11T18:15:59.260562+00:00,200,1375.23,
2026-09-11T18:16:00.199529+00:00,200,439.59,
2026-09-11T18:16:00.534417+00:00,200,108.35,
2026-09-11T18:15:59.989185+00:00,200,655.8,
2026-09-11T18:15:59.110137+00:00,200,1537.62,
2026-09-11T18:15:59.378579+00:00,200,1272.06,
2026-09-11T18:15:59.718958+00:00,200,933.58,
2026-09-11T18:16:00.535597+00:00,200,118.49,
2026-09-11T18:15:57.359112+00:00,200,3324.45,
2026-09-11T18:16:00.561219+00:00,200,129.24,
2026-09-11T18:16:00.565817+00:00,200,128.66,
2026-09-11T18:15:59.069727+00:00,200,1637.37,
2026-09-11T18:15:59.373035+00:00,200,1365.61,
2026-09-11T18:15:58.119010+00:00,200,2639.29,
2026-09-11T18:15:56.940383+00:00,200,3819.63,
2026-09-11T18:15:57.855754+00:00,200,2909.52,
2026-09-11T18:15:55.258176+00:00,200,5509.16,
2026-09-11T18:15:58.174740+00:00,200,2598.58,
2026-09-11T18:15:55.626163+00:00,200,5149.71,
2026-09-11T18:15:59.087999+00:00,200,1692.6,
2026-09-11T18:15:56.498076+00:00,200,4285.7,
2026-09-11T18:16:00.411095+00:00,200,402.76,
2026-09-11T18:16:00.406932+00:00,200,420.4,
2026-09-11T18:16:00.707118+00:00,200,122.79,
2026-09-11T18:15:59.192106+00:00,200,1646.92,
2026-09-11T18:15:56.315234+00:00,200,4530.45,
2026-09-11T18:15:59.076297+00:00,200,1774.82,
2026-09-11T18:15:57.626255+00:00,200,3226.94,
2026-09-11T18:15:58.653939+00:00,200,2203.23,
2026-09-11T18:15:59.374410+00:00,200,1486.72,
2026-09-11T18:15:59.883971+00:00,200,982.55,
2026-09-11T18:15:59.281248+00:00,200,1591.23,
2026-09-11T18:15:59.267967+00:00,200,1605.92,
2026-09-11T18:15:58.999656+00:00,200,1897.99,
2026-09-11T18:15:57.208326+00:00,200,3696.8,
2026-09-11T18:15:58.019039+00:00,200,2887.39,
2026-09-11T18:15:58.986498+00:00,200,1938.65,
2026-09-11T18:16:00.813868+00:00,200,121.98,
2026-09-11T18:15:59.939175+00:00,200,1002.24,
2026-09-11T18:15:57.706227+00:00,200,3238.21,
2026-09-11T18:16:00.827351+00:00,200,122.11,
2026-09-11T18:15:57.398503+00:00,200,3552.91,
2026-09-11T18:16:00.594783+00:00,200,362.0,
2026-09-11T18:15:59.476228+00:00,200,1490.39,
2026-09-11T18:15:59.320233+00:00,200,1647.94,
2026-09-11T18:15:59.908237+00:00,200,1089.53,
2026-09-11T18:16:00.385720+00:00,200,626.03,
2026-09-11T18:16:00.305829+00:00,200,708.73,
2026-09-11T18:15:57.814848+00:00,200,3238.21,
2026-09-11T18:15:55.477638+00:00,200,5579.61,
2026-09-11T18:15:58.010590+00:00,200,3051.96,
2026-09-11T18:16:00.694487+00:00,200,369.7,
2026-09-11T18:15:56.794611+00:00,200,4271.36,
2026-09-11T18:15:58.346146+00:00,200,2722.56,
2026-09-11T18:16:00.429200+00:00,200,649.07,
2026-09-11T18:16:00.431328+00:00,200,648.21,
2026-09-11T18:15:59.837151+00:00,200,1245.13,
2026-09-11T18:16:00.037805+00:00,200,1060.33,
2026-09-11T18:15:59.895265+00:00,200,1222.97,
2026-09-11T18:15:54.697946+00:00,200,6422.1,
2026-09-11T18:15:59.694917+00:00,200,1426.8,
2026-09-11T18:15:57.264060+00:00,200,3875.42,
2026-09-11T18:15:56.728896+00:00,200,4411.97,
2026-09-11T18:16:00.511170+00:00,200,631.66,
2026-09-11T18:15:56.814023+00:00,200,4342.11,
2026-09-11T18:15:58.933555+00:00,200,2226.92,
2026-09-11T18:15:56.727677+00:00,200,4440.17,
2026-09-11T18:16:00.215559+00:00,200,970.4,
2026-09-11T18:16:00.966628+00:00,200,220.6,
2026-09-11T18:15:56.743796+00:00,200,4446.33,
2026-09-11T18:16:00.925162+00:00,200,274.63,
2026-09-11T18:15:53.650098+00:00,200,7573.58,
2026-09-11T18:15:58.617016+00:00,200,2608.89,
2026-09-11T18:16:00.652547+00:00,200,578.55,
2026-09-11T18:16:00.635811+00:00,200,602.0,
2026-09-11T18:15:56.925976+00:00,200,4323.35,
2026-09-11T18:16:00.853198+00:00,200,402.98,
2026-09-11T18:15:57.353332+00:00,200,3905.83,
2026-09-11T18:16:01.139498+00:00,200,122.95,
2026-09-11T18:15:54.323019+00:00,200,6945.45,
2026-09-11T18:16:00.261816+00:00,200,1019.48,
2026-09-11T18:16:00.310254+00:00,200,981.34,
2026-09-11T18:16:01.185983+00:00,200,107.47,
2026-09-11T18:15:59.298102+00:00,200,2006.57,
2026-09-11T18:15:59.716681+00:00,200,1590.01,
2026-09-11T18:16:01.187239+00:00,200,123.05,
2026-09-11T18:15:59.124237+00:00,200,2208.84,
2026-09-11T18:16:01.214397+00:00,200,120.67,
2026-09-11T18:15:51.975118+00:00,200,9377.46,
2026-09-11T18:15:58.778958+00:00,200,2579.11,
2026-09-11T18:15:54.654524+00:00,200,6710.37,
2026-09-11T18:15:56.380256+00:00,200,4987.11,
2026-09-11T18:16:01.078278+00:00,200,294.11,
2026-09-11T18:15:57.766459+00:00,200,3622.68,
2026-09-11T18:15:57.584303+00:00,200,3806.0,
2026-09-11T18:16:00.089161+00:00,200,1320.58,
2026-09-11T18:16:00.644995+00:00,200,767.6,
2026-09-11T18:15:59.646932+00:00,200,1769.81,
2026-09-11T18:16:00.478147+00:00,200,940.4,
2026-09-11T18:15:59.567099+00:00,200,1864.12,
2026-09-11T18:15:54.370065+00:00,200,7065.74,
2026-09-11T18:15:55.874434+00:00,200,5568.81,
2026-09-11T18:16:01.068713+00:00,200,378.67,
2026-09-11T18:15:58.951920+00:00,200,2507.24,
2026-09-11T18:15:59.825122+00:00,200,1645.73,
2026-09-11T18:15:59.060677+00:00,200,2419.47,
2026-09-11T18:16:00.861144+00:00,200,621.32,
2026-09-11T18:16:00.921915+00:00,200,576.74,
2026-09-11T18:16:00.944448+00:00,200,565.96,
2026-09-11T18:16:00.331133+00:00,200,1189.14,
2026-09-11T18:16:00.873898+00:00,200,659.09,
2026-09-11T18:15:57.967714+00:00,200,3568.91,
2026-09-11T18:15:56.985571+00:00,200,4553.43,
2026-09-11T18:15:56.844574+00:00,200,4702.13,
2026-09-11T18:15:56.258408+00:00,200,5294.75,
2026-09-11T18:15:58.266910+00:00,200,3289.0,
2026-09-11T18:16:01.435820+00:00,200,121.35,
2026-09-11T18:15:54.917815+00:00,200,6647.32,
2026-09-11T18:15:57.326555+00:00,200,4246.21,
2026-09-11T18:15:59.360043+00:00,200,2217.75,
2026-09-11T18:15:57.449110+00:00,200,4135.94,
2026-09-11T18:16:00.309053+00:00,200,1282.49,
2026-09-11T18:16:00.760024+00:00,200,833.2,
2026-09-11T18:15:55.464311+00:00,200,6135.42,
2026-09-11T18:15:58.960176+00:00,200,2641.96,
2026-09-11T18:16:01.498675+00:00,200,129.4,
2026-09-11T18:15:58.714784+00:00,200,2914.56,
2026-09-11T18:15:59.625430+00:00,200,2026.3,
2026-09-11T18:15:58.412044+00:00,200,3245.12,
2026-09-11T18:16:00.368958+00:00,200,1294.86,
2026-09-11T18:15:58.015910+00:00,200,3656.64,
2026-09-11T18:16:01.079547+00:00,200,604.14,
2026-09-11T18:15:59.611065+00:00,200,2076.42,
2026-09-11T18:16:00.968183+00:00,200,720.64,
2026-09-11T18:16:01.223699+00:00,200,481.96,
2026-09-11T18:15:59.676400+00:00,200,2030.5,
2026-09-11T18:16:00.906439+00:00,200,802.32,
2026-09-11T18:15:58.824114+00:00,200,2890.49,
2026-09-11T18:16:00.604083+00:00,200,1130.01,
2026-09-11T18:16:00.523777+00:00,200,1229.37,
2026-09-11T18:16:01.134279+00:00,200,621.53,
2026-09-11T18:16:00.355071+00:00,200,1418.1,
2026-09-11T18:15:56.175028+00:00,200,5600.84,
2026-09-11T18:16:00.905140+00:00,200,889.73,
2026-09-11T18:16:00.670055+00:00,200,1128.67,
2026-09-11T18:15:59.648159+00:00,200,2155.25,
2026-09-11T18:15:59.036872+00:00,200,2773.48,
2026-09-11T18:16:00.507237+00:00,200,1306.48,
2026-09-11T18:15:59.785953+00:00,200,2042.75,
2026-09-11T18:16:00.857172+00:00,200,983.33,
2026-09-11T18:15:59.210648+00:00,200,2639.81,
2026-09-11T18:16:00.631726+00:00,200,1222.86,
2026-09-11T18:15:59.781574+00:00,200,2075.88,
2026-09-11T18:15:58.965624+00:00,200,2897.51,
2026-09-11T18:15:55.815388+00:00,200,6050.3,
2026-09-11T18:15:59.301737+00:00,200,2581.14,
2026-09-11T18:15:57.086908+00:00,200,4803.27,
2026-09-11T18:16:00.316080+00:00,200,1579.62,
2026-09-11T18:15:58.518828+00:00,200,3392.75,
2026-09-11T18:16:00.187995+00:00,200,1729.51,
2026-09-11T18:16:01.803421+00:00,200,117.18,
2026-09-11T18:15:58.232725+00:00,200,3699.39,
2026-09-11T18:16:01.390307+00:00,200,562.36,
2026-09-11T18:15:58.407544+00:00,200,3551.48,
2026-09-11T18:16:01.854599+00:00,200,114.45,
2026-09-11T18:15:57.528065+00:00,200,4450.48,
2026-09-11T18:15:57.887313+00:00,200,4098.32,
2026-09-11T18:15:59.489788+00:00,200,2504.7,
2026-09-11T18:16:01.416750+00:00,200,582.61,
2026-09-11T18:16:01.118272+00:00,200,898.1,
2026-09-11T18:16:00.290498+00:00,200,1727.76,
2026-09-11T18:16:00.690542+00:00,200,1344.68,
2026-09-11T18:16:01.306701+00:00,200,729.64,
2026-09-11T18:15:58.223333+00:00,200,3815.11,
2026-09-11T18:15:58.550228+00:00,200,3496.52,
2026-09-11T18:15:58.005227+00:00,200,4045.43,
2026-09-11T18:15:58.727899+00:00,200,3325.96,
2026-09-11T18:15:58.643311+00:00,200,3412.2,
2026-09-11T18:16:01.053071+00:00,200,1003.86,
2026-09-11T18:15:59.740031+00:00,200,2319.48,
2026-09-11T18:15:59.973141+00:00,200,2090.19,
2026-09-11T18:16:01.533005+00:00,200,532.94,
2026-09-11T18:15:58.372143+00:00,200,3710.33,
2026-09-11T18:15:55.949814+00:00,200,6154.54,
2026-09-11T18:16:00.609447+00:00,200,1497.17,
2026-09-11T18:15:58.469532+00:00,200,3660.29,
2026-09-11T18:16:00.023797+00:00,200,2116.26,
2026-09-11T18:15:57.747565+00:00,200,4399.18,
2026-09-11T18:16:01.021827+00:00,200,1132.53,
2026-09-11T18:15:57.244636+00:00,200,4911.44,
2026-09-11T18:15:59.932405+00:00,200,2229.99,
2026-09-11T18:15:58.429041+00:00,200,3739.82,
2026-09-11T18:16:00.897667+00:00,200,1281.36,
2026-09-11T18:16:00.195554+00:00,200,1985.75,
2026-09-11T18:15:59.311932+00:00,200,2877.75,
2026-09-11T18:15:57.597143+00:00,200,4606.83,
2026-09-11T18:15:56.328763+00:00,200,5877.3,
2026-09-11T18:16:01.064191+00:00,200,1159.65,
2026-09-11T18:16:00.271099+00:00,200,1958.65,
2026-09-11T18:16:01.706903+00:00,200,536.86,
2026-09-11T18:16:02.129839+00:00,200,120.16,
2026-09-11T18:16:00.721171+00:00,200,1534.41,
2026-09-11T18:16:01.291610+00:00,200,975.55,
2026-09-11T18:16:02.140074+00:00,200,142.44,
2026-09-11T18:16:02.156083+00:00,200,148.25,
2026-09-11T18:15:58.556682+00:00,200,3752.8,
2026-09-11T18:15:59.687962+00:00,200,2636.54,
2026-09-11T18:15:59.875459+00:00,200,2453.33,
2026-09-11T18:15:57.644134+00:00,200,4687.01,
2026-09-11T18:16:01.084242+00:00,200,1248.82,
2026-09-11T18:15:58.602174+00:00,200,3734.07,
2026-09-11T18:15:59.774804+00:00,200,2564.99,
2026-09-11T18:16:00.125275+00:00,200,2220.12,
2026-09-11T18:16:01.895714+00:00,200,452.26,
2026-09-11T18:15:58.179337+00:00,200,4171.54,
2026-09-11T18:16:00.320868+00:00,200,2031.14,
2026-09-11T18:16:01.372401+00:00,200,986.7,
2026-09-11T18:16:02.223864+00:00,200,137.95,
2026-09-11T18:15:59.388238+00:00,200,2991.55,
2026-09-11T18:15:58.570890+00:00,200,3812.66,
2026-09-11T18:16:01.708772+00:00,200,694.55,
2026-09-11T18:16:01.714616+00:00,200,695.11,
2026-09-11T18:15:59.697928+00:00,200,2717.23,
2026-09-11T18:16:01.459186+00:00,200,958.36,
2026-09-11T18:16:00.829915+00:00,200,1608.42,
2026-09-11T18:16:02.347980+00:00,200,103.12,
2026-09-11T18:15:58.983390+00:00,200,3479.62,
2026-09-11T18:16:01.536632+00:00,200,927.59,
2026-09-11T18:16:01.256188+00:00,200,1213.17,
2026-09-11T18:15:58.159548+00:00,200,4314.09,
2026-09-11T18:15:59.554504+00:00,200,2929.16,
2026-09-11T18:16:01.890232+00:00,200,614.25,
2026-09-11T18:16:00.412260+00:00,200,2111.54,
2026-09-11T18:16:01.057258+00:00,200,1471.83,
2026-09-11T18:15:57.781269+00:00,200,4749.58,
2026-09-11T18:16:01.362367+00:00,200,1173.02,
2026-09-11T18:15:59.562016+00:00,200,2978.66,
2026-09-11T18:16:01.520288+00:00,200,1023.94,
2026-09-11T18:16:01.367373+00:00,200,1178.03,
2026-09-11T18:16:00.114669+00:00,200,2441.81,
2026-09-11T18:15:58.515722+00:00,200,4043.17,
2026-09-11T18:16:01.574288+00:00,200,992.71,
2026-09-11T18:15:59.869437+00:00,200,2711.6,
2026-09-11T18:15:55.600072+00:00,200,6983.53,
2026-09-11T18:15:58.201126+00:00,200,4389.04,
2026-09-11T18:16:00.586007+00:00,200,2011.97,
2026-09-11T18:16:01.599741+00:00,200,1005.07,
2026-09-11T18:16:01.304689+00:00,200,1301.87,
2026-09-11T18:15:59.571314+00:00,200,3045.6,
2026-09-11T18:16:01.281302+00:00,200,1340.33,
2026-09-11T18:16:02.529105+00:00,200,109.97,
2026-09-11T18:16:02.523818+00:00,200,122.18,
2026-09-11T18:15:58.818260+00:00,200,3840.01,
2026-09-11T18:16:01.412605+00:00,200,1251.81,
2026-09-11T18:16:01.555918+00:00,200,1128.07,
2026-09-11T18:16:01.514585+00:00,200,1172.8,
2026-09-11T18:16:01.447399+00:00,200,1248.84,
2026-09-11T18:16:00.214063+00:00,200,2483.48,
2026-09-11T18:16:02.243781+00:00,200,461.2,
2026-09-11T18:15:59.838294+00:00,200,2876.65,
2026-09-11T18:15:55.752644+00:00,200,6963.69,
2026-09-11T18:16:00.113086+00:00,200,2607.06,
2026-09-11T18:16:02.639088+00:00,200,105.81,
2026-09-11T18:16:01.865703+00:00,200,903.93,
2026-09-11T18:15:59.508148+00:00,200,3263.28,
2026-09-11T18:16:00.949471+00:00,200,1828.36,
2026-09-11T18:16:02.683996+00:00,200,95.53,
2026-09-11T18:15:58.890250+00:00,200,3901.89,
2026-09-11T18:15:57.686814+00:00,200,5112.91,
2026-09-11T18:15:58.113323+00:00,200,4697.89,
2026-09-11T18:15:59.707116+00:00,200,3105.45,
2026-09-11T18:16:02.046758+00:00,200,772.2,
2026-09-11T18:16:02.056932+00:00,200,768.35,
2026-09-11T18:16:00.488591+00:00,200,2339.53,
2026-09-11T18:16:00.244339+00:00,200,2585.02,
2026-09-11T18:15:58.761239+00:00,200,4080.07,
2026-09-11T18:16:02.072018+00:00,200,777.95,
2026-09-11T18:15:59.780234+00:00,200,3073.6,
2026-09-11T18:16:01.011771+00:00,200,1844.69,
2026-09-11T18:16:02.556486+00:00,200,309.63,
2026-09-11T18:16:02.545413+00:00,200,325.52,
2026-09-11T18:15:59.902620+00:00,200,2973.15,
2026-09-11T18:16:02.366672+00:00,200,528.21,
2026-09-11T18:16:02.792177+00:00,200,113.24,
2026-09-11T18:16:00.045757+00:00,200,2862.1,
2026-09-11T18:15:56.760942+00:00,200,6170.63,
2026-09-11T18:16:00.456259+00:00,200,2479.85,
2026-09-11T18:16:02.544234+00:00,200,404.61,
2026-09-11T18:16:01.014564+00:00,200,1951.07,
2026-09-11T18:16:00.434951+00:00,200,2536.94,
2026-09-11T18:16:00.207263+00:00,200,2766.8,
2026-09-11T18:16:02.304367+00:00,200,672.86,
2026-09-11T18:16:01.920613+00:00,200,1059.83,
2026-09-11T18:16:02.581056+00:00,200,404.25,
2026-09-11T18:15:59.515975+00:00,200,3471.51,
2026-09-11T18:16:00.839043+00:00,200,2155.5,
2026-09-11T18:16:00.140369+00:00,200,2855.33,
2026-09-11T18:16:01.190137+00:00,200,1815.7,
2026-09-11T18:16:02.473648+00:00,200,536.8,
2026-09-11T18:16:02.170125+00:00,200,843.44,
2026-09-11T18:15:57.646661+00:00,200,5375.85,
2026-09-11T18:15:59.712402+00:00,200,3347.87,
2026-09-11T18:16:01.278205+00:00,200,1785.24,
2026-09-11T18:15:59.514013+00:00,200,3553.74,
2026-09-11T18:15:57.634731+00:00,200,5438.21,
2026-09-11T18:15:54.455796+00:00,200,8618.97,
2026-09-11T18:16:02.948858+00:00,200,129.52,
2026-09-11T18:16:02.016367+00:00,200,1063.13,
2026-09-11T18:16:00.642782+00:00,200,2437.82,
2026-09-11T18:15:58.305603+00:00,200,4793.1,
2026-09-11T18:16:02.894899+00:00,200,228.45,
2026-09-11T18:16:02.339797+00:00,200,789.54,
2026-09-11T18:16:02.229768+00:00,200,903.15,
2026-09-11T18:15:56.914387+00:00,200,6220.24,
2026-09-11T18:16:02.050669+00:00,200,1085.05,
2026-09-11T18:16:00.775883+00:00,200,2363.41,
2026-09-11T18:16:02.614731+00:00,200,533.24,
2026-09-11T18:16:02.350883+00:00,200,816.35,
2026-09-11T18:16:01.098149+00:00,200,2083.13,
2026-09-11T18:15:56.134302+00:00,200,7055.73,
2026-09-11T18:16:02.971898+00:00,200,220.62,
2026-09-11T18:16:00.051021+00:00,200,3144.11,
2026-09-11T18:16:00.424938+00:00,200,2772.68,
2026-09-11T18:15:58.898854+00:00,200,4305.54,
2026-09-11T18:16:01.352592+00:00,200,1861.39,
2026-09-11T18:16:02.206073+00:00,200,1009.55,
2026-09-11T18:15:58.352927+00:00,200,4874.27,
2026-09-11T18:15:54.930366+00:00,200,8326.51,
2026-09-11T18:15:59.038062+00:00,200,4220.33,
2026-09-11T18:15:56.093953+00:00,200,7168.23,
2026-09-11T18:16:02.812577+00:00,200,456.54,
2026-09-11T18:16:02.646011+00:00,200,624.79,
2026-09-11T18:16:01.651758+00:00,200,1621.95,
2026-09-11T18:16:00.767349+00:00,200,2507.63,
2026-09-11T18:15:59.176069+00:00,200,4115.0,
2026-09-11T18:16:02.383556+00:00,200,910.96,
2026-09-11T18:15:57.228117+00:00,200,6070.84,
2026-09-11T18:16:03.098711+00:00,200,207.41,
2026-09-11T18:16:02.697544+00:00,200,637.33,
2026-09-11T18:15:56.986609+00:00,200,6368.65,
2026-09-11T18:16:02.361820+00:00,200,999.73,
2026-09-11T18:16:02.359110+00:00,200,1004.37,
2026-09-11T18:16:01.773183+00:00,200,1591.57,
2026-09-11T18:15:57.544945+00:00,200,5820.91,
2026-09-11T18:16:00.095143+00:00,200,3279.64,
2026-09-11T18:16:02.345406+00:00,200,1032.32,
2026-09-11T18:16:01.172454+00:00,200,2210.08,
2026-09-11T18:16:00.683583+00:00,200,2701.15,
2026-09-11T18:15:59.995940+00:00,200,3407.8,
2026-09-11T18:16:01.167863+00:00,200,2241.13,
2026-09-11T18:16:02.877428+00:00,200,535.2,
2026-09-11T18:16:02.817827+00:00,200,611.79,
2026-09-11T18:15:58.804138+00:00,200,4629.21,
2026-09-11T18:16:02.666990+00:00,200,768.55,
2026-09-11T18:16:02.379800+00:00,200,1057.53,
2026-09-11T18:16:00.956790+00:00,200,2507.83,
2026-09-11T18:16:01.822027+00:00,200,1647.02,
2026-09-11T18:16:00.015265+00:00,200,3458.77,
2026-09-11T18:15:57.346277+00:00,200,6135.31,
2026-09-11T18:16:03.355272+00:00,200,128.04,
2026-09-11T18:16:02.658280+00:00,200,836.35,
2026-09-11T18:16:01.310295+00:00,200,2192.28,
2026-09-11T18:16:03.382542+00:00,200,128.14,
2026-09-11T18:15:57.758246+00:00,200,5757.19,
2026-09-11T18:16:03.412639+00:00,200,113.03,
2026-09-11T18:16:03.323632+00:00,200,230.85,
2026-09-11T18:16:03.063452+00:00,200,492.15,
2026-09-11T18:16:02.616926+00:00,200,943.25,
2026-09-11T18:16:01.585063+00:00,200,1982.33,
2026-09-11T18:16:00.783783+00:00,200,2788.15,
2026-09-11T18:15:56.278820+00:00,200,7295.55,
2026-09-11T18:15:59.558840+00:00,200,4019.89,
2026-09-11T18:15:56.973065+00:00,200,6606.94,
2026-09-11T18:15:57.519934+00:00,200,6070.02,
2026-09-11T18:16:02.331158+00:00,200,1261.09,
2026-09-11T18:16:03.118491+00:00,200,476.52,
2026-09-11T18:16:00.578372+00:00,200,3022.19,
2026-09-11T18:16:01.722209+00:00,200,1879.98,
2026-09-11T18:16:03.494634+00:00,200,111.81,
2026-09-11T18:15:59.620911+00:00,200,3989.94,
2026-09-11T18:15:56.398640+00:00,200,7216.63,
2026-09-11T18:16:01.775876+00:00,200,1846.42,
2026-09-11T18:16:02.710610+00:00,200,925.97,
2026-09-11T18:16:00.964129+00:00,200,2679.96,
2026-09-11T18:16:01.389156+00:00,200,2261.84,
2026-09-11T18:16:03.555608+00:00,200,110.44,
2026-09-11T18:16:01.231117+00:00,200,2437.63,
2026-09-11T18:16:03.060294+00:00,200,621.74,
2026-09-11T18:16:03.078385+00:00,200,614.9,
2026-09-11T18:16:02.162397+00:00,200,1533.94,
2026-09-11T18:16:00.845698+00:00,200,2863.09,
2026-09-11T18:16:03.364759+00:00,200,348.07,
2026-09-11T18:16:02.104375+00:00,200,1609.54,
2026-09-11T18:16:03.469057+00:00,200,248.43,
2026-09-11T18:15:59.598503+00:00,200,4137.12,
2026-09-11T18:16:01.160489+00:00,200,2577.33,
2026-09-11T18:16:01.443258+00:00,200,2299.42,
2026-09-11T18:16:03.427601+00:00,200,321.76,
2026-09-11T18:16:02.606564+00:00,200,1144.13,
2026-09-11T18:16:02.464225+00:00,200,1288.28,
2026-09-11T18:16:03.554496+00:00,200,202.84,
2026-09-11T18:16:00.567814+00:00,200,3191.49,
2026-09-11T18:16:03.571939+00:00,200,194.1,
2026-09-11T18:16:00.654100+00:00,200,3113.05,
2026-09-11T18:16:02.931585+00:00,200,837.2,
2026-09-11T18:16:02.352019+00:00,200,1431.58,
2026-09-11T18:15:59.010541+00:00,200,4784.44,
2026-09-11T18:16:00.157578+00:00,200,3641.2,
2026-09-11T18:16:02.027704+00:00,200,1773.1,
2026-09-11T18:16:03.696352+00:00,200,114.32,
2026-09-11T18:15:56.729907+00:00,200,7084.11,
2026-09-11T18:16:02.059519+00:00,200,1775.42,
2026-09-11T18:16:02.818967+00:00,200,1024.78,
2026-09-11T18:16:00.375497+00:00,200,3469.55,
2026-09-11T18:16:01.734110+00:00,200,2114.63,
2026-09-11T18:16:01.593229+00:00,200,2259.78,
2026-09-11T18:16:00.282597+00:00,200,3572.92,
2026-09-11T18:16:02.687392+00:00,200,1179.85,
2026-09-11T18:15:59.233217+00:00,200,4636.09,
2026-09-11T18:15:59.734381+00:00,200,4146.72,
2026-09-11T18:16:02.853844+00:00,200,1032.67,
2026-09-11T18:16:03.195144+00:00,200,704.27,
2026-09-11T18:15:54.092657+00:00,200,9808.05,
2026-09-11T18:16:01.671275+00:00,200,2259.16,
2026-09-11T18:16:03.132919+00:00,200,802.81,
2026-09-11T18:16:01.672562+00:00,200,2278.05,
2026-09-11T18:16:03.615281+00:00,200,339.99,
2026-09-11T18:16:01.688828+00:00,200,2267.75,
2026-09-11T18:16:02.965650+00:00,200,992.55,
2026-09-11T18:16:03.834954+00:00,200,127.72,
2026-09-11T18:16:01.810367+00:00,200,2154.0,
2026-09-11T18:15:56.809735+00:00,200,7183.85,
2026-09-11T18:15:56.763836+00:00,200,7242.08,
2026-09-11T18:15:59.743825+00:00,200,4271.55,
2026-09-11T18:16:01.663829+00:00,200,2354.6,
2026-09-11T18:16:03.074774+00:00,200,954.06,
2026-09-11T18:16:02.720156+00:00,200,1309.83,
2026-09-11T18:15:57.600233+00:00,200,6434.37,
2026-09-11T18:15:56.977662+00:00,200,7064.84,
2026-09-11T18:16:02.474627+00:00,200,1570.33,
2026-09-11T18:16:01.121725+00:00,200,2927.76,
2026-09-11T18:16:01.813729+00:00,200,2238.14,
2026-09-11T18:16:01.924538+00:00,200,2132.92,
2026-09-11T18:16:03.848744+00:00,200,219.02,
2026-09-11T18:16:03.082716+00:00,200,987.83,
2026-09-11T18:15:57.913545+00:00,200,6159.17,
2026-09-11T18:16:03.525682+00:00,200,568.75,
2026-09-11T18:16:02.799736+00:00,200,1304.59,
2026-09-11T18:16:03.181296+00:00,200,925.8,
2026-09-11T18:16:01.591558+00:00,200,2523.49,
2026-09-11T18:16:03.334897+00:00,200,798.34,
2026-09-11T18:16:00.102759+00:00,200,4031.74,
2026-09-11T18:16:01.798730+00:00,200,2350.2,
2026-09-11T18:16:04.049495+00:00,200,107.71,
2026-09-11T18:16:02.336251+00:00,200,1835.27,
2026-09-11T18:16:03.270804+00:00,200,909.0,
2026-09-11T18:16:03.478963+00:00,200,703.48,
2026-09-11T18:16:03.510702+00:00,200,674.41,
2026-09-11T18:15:59.428321+00:00,200,4759.24,
2026-09-11T18:16:02.063342+00:00,200,2126.92,
2026-09-11T18:16:00.442181+00:00,200,3752.59,
2026-09-11T18:16:04.104343+00:00,200,91.63,
2026-09-11T18:16:03.262185+00:00,200,935.74,
2026-09-11T18:16:03.567398+00:00,200,631.89,
2026-09-11T18:16:03.197622+00:00,200,1041.32,
2026-09-11T18:16:00.573584+00:00,200,3680.23,
2026-09-11T18:16:03.919184+00:00,200,342.97,
2026-09-11T18:16:00.851126+00:00,200,3412.2,
2026-09-11T18:16:01.959042+00:00,200,2305.83,
2026-09-11T18:15:58.786630+00:00,200,5490.01,
2026-09-11T18:15:58.023095+00:00,200,6260.15,
2026-09-11T18:16:02.053870+00:00,200,2240.08,
2026-09-11T18:16:03.267193+00:00,200,1029.14,
2026-09-11T18:16:03.800809+00:00,200,498.73,
2026-09-11T18:16:03.757341+00:00,200,558.24,
2026-09-11T18:16:02.914610+00:00,200,1409.58,
2026-09-11T18:15:58.685721+00:00,200,5641.97,
2026-09-11T18:16:03.274990+00:00,200,1058.43,
2026-09-11T18:16:01.553165+00:00,200,2781.99,
2026-09-11T18:16:03.574375+00:00,200,765.14,
2026-09-11T18:16:01.615525+00:00,200,2727.97,
2026-09-11T18:16:01.082287+00:00,200,3267.33,
2026-09-11T18:16:04.276651+00:00,200,95.99,
2026-09-11T18:16:02.065953+00:00,200,2326.42,
2026-09-11T18:15:54.174604+00:00,200,10233.26,
2026-09-11T18:16:03.668758+00:00,200,754.93,
2026-09-11T18:15:59.417260+00:00,200,5009.92,
2026-09-11T18:16:03.515451+00:00,200,916.4,
2026-09-11T18:16:03.722835+00:00,200,715.52,
2026-09-11T18:16:02.038448+00:00,200,2403.16,
2026-09-11T18:16:03.409002+00:00,200,1041.47,
2026-09-11T18:16:02.825289+00:00,200,1662.66,
2026-09-11T18:16:04.372669+00:00,200,119.82,
2026-09-11T18:16:03.855523+00:00,200,650.17,
2026-09-11T18:15:58.124339+00:00,200,6384.19,
2026-09-11T18:16:00.003969+00:00,200,4508.01,
2026-09-11T18:15:59.047726+00:00,200,5466.35,
2026-09-11T18:16:04.194781+00:00,200,321.69,
2026-09-11T18:16:03.863146+00:00,200,657.61,
2026-09-11T18:16:04.133252+00:00,200,388.82,
2026-09-11T18:15:53.946731+00:00,200,10581.62,
2026-09-11T18:16:01.753170+00:00,200,2782.28,
2026-09-11T18:16:02.987493+00:00,200,1559.93,
2026-09-11T18:16:00.866537+00:00,200,3691.03,
2026-09-11T18:16:03.147973+00:00,200,1411.0,
2026-09-11T18:16:02.035224+00:00,200,2530.06,
2026-09-11T18:16:04.238961+00:00,200,349.8,
2026-09-11T18:16:03.134633+00:00,200,1457.38,
2026-09-11T18:16:04.487969+00:00,200,113.55,
2026-09-11T18:16:02.769649+00:00,200,1835.33,
2026-09-11T18:16:03.622314+00:00,200,983.72,
2026-09-11T18:16:01.994507+00:00,200,2626.51,
2026-09-11T18:16:02.510740+00:00,200,2122.62,
2026-09-11T18:16:04.535457+00:00,200,106.81,
2026-09-11T18:15:59.084278+00:00,200,5589.47,
2026-09-11T18:16:02.463021+00:00,200,2214.9,
2026-09-11T18:16:01.850494+00:00,200,2832.43,
2026-09-11T18:16:02.856470+00:00,200,1829.7,
2026-09-11T18:16:03.269123+00:00,200,1427.6,
2026-09-11T18:16:00.469976+00:00,200,4229.62,
2026-09-11T18:16:03.978384+00:00,200,731.09,
2026-09-11T18:16:04.618849+00:00,200,96.23,
2026-09-11T18:16:04.034611+00:00,200,686.51,
2026-09-11T18:16:03.843764+00:00,200,879.14,
2026-09-11T18:16:01.268483+00:00,200,3466.94,
2026-09-11T18:15:56.673643+00:00,200,8065.02,
2026-09-11T18:16:02.540688+00:00,200,2201.65,
2026-09-11T18:16:02.597998+00:00,200,2152.04,
2026-09-11T18:15:57.304485+00:00,200,7453.07,
2026-09-11T18:16:03.735640+00:00,200,1026.63,
2026-09-11T18:16:04.197931+00:00,200,579.6,
2026-09-11T18:16:03.377735+00:00,200,1405.68,
2026-09-11T18:16:02.716339+00:00,200,2072.99,
2026-09-11T18:16:01.480166+00:00,200,3314.67,
2026-09-11T18:15:59.946244+00:00,200,4852.57,
2026-09-11T18:16:04.299542+00:00,200,505.74,
2026-09-11T18:16:04.696735+00:00,200,112.28,
2026-09-11T18:16:03.481595+00:00,200,1345.45,
2026-09-11T18:15:58.365774+00:00,200,6473.58,
2026-09-11T18:16:01.470879+00:00,200,3372.73,
2026-09-11T18:16:01.687490+00:00,200,3165.84,
2026-09-11T18:16:04.060865+00:00,200,807.61,
2026-09-11T18:16:02.696252+00:00,200,2173.87,
2026-09-11T18:16:03.483320+00:00,200,1398.58,
2026-09-11T18:16:02.714955+00:00,200,2170.18,
2026-09-11T18:16:03.595015+00:00,200,1294.55,
2026-09-11T18:16:04.315595+00:00,200,587.54,
2026-09-11T18:16:02.415171+00:00,200,2498.2,
2026-09-11T18:16:03.930454+00:00,200,985.74,
2026-09-11T18:16:00.951417+00:00,200,3966.25,
2026-09-11T18:16:00.780613+00:00,200,4138.69,
2026-09-11T18:16:03.798786+00:00,200,1125.75,
2026-09-11T18:16:04.070554+00:00,200,855.71,
2026-09-11T18:16:04.843616+00:00,200,92.56,
2026-09-11T18:16:03.231349+00:00,200,1714.73,
2026-09-11T18:16:04.120912+00:00,200,829.73,
2026-09-11T18:16:03.435545+00:00,200,1522.52,
2026-09-11T18:16:04.881918+00:00,200,96.47,
2026-09-11T18:16:04.709483+00:00,200,282.76,
2026-09-11T18:15:59.757843+00:00,200,5243.26,
2026-09-11T18:16:04.044965+00:00,200,959.22,
2026-09-11T18:16:04.427184+00:00,200,582.62,
2026-09-11T18:16:03.365856+00:00,200,1662.47,
2026-09-11T18:16:02.036345+00:00,200,2994.44,
2026-09-11T18:16:01.237834+00:00,200,3794.82,
2026-09-11T18:16:04.182448+00:00,200,851.81,
2026-09-11T18:16:02.288019+00:00,200,2747.42,
2026-09-11T18:16:01.335080+00:00,200,3704.71,
2026-09-11T18:15:55.380815+00:00,200,9663.01,
2026-09-11T18:16:02.438351+00:00,200,2619.64,
2026-09-11T18:16:04.392397+00:00,200,676.96,
2026-09-11T18:16:03.771372+00:00,200,1312.85,
2026-09-11T18:16:00.935855+00:00,200,4152.41,
2026-09-11T18:16:03.560185+00:00,200,1549.08,
2026-09-11T18:16:03.606457+00:00,200,1503.94,
2026-09-11T18:16:04.992257+00:00,200,119.89,
2026-09-11T18:15:59.159770+00:00,200,5959.97,
2026-09-11T18:16:00.336956+00:00,200,4805.13,
2026-09-11T18:15:59.763939+00:00,200,5379.67,
2026-09-11T18:16:04.423702+00:00,200,734.32,
2026-09-11T18:16:04.762282+00:00,200,400.52,
2026-09-11T18:15:59.565722+00:00,200,5608.49,
2026-09-11T18:16:01.857467+00:00,200,3318.38,
2026-09-11T18:16:00.366519+00:00,200,4822.33,
2026-09-11T18:16:04.601534+00:00,200,589.43,
2026-09-11T18:15:58.622244+00:00,200,6573.58,
2026-09-11T18:16:00.997784+00:00,200,4214.13,
2026-09-11T18:16:00.427569+00:00,200,4787.17,
2026-09-11T18:16:01.557175+00:00,200,3658.65,
2026-09-11T18:15:59.936759+00:00,200,5288.81,
2026-09-11T18:15:56.160601+00:00,200,9067.01,
2026-09-11T18:16:04.606034+00:00,200,623.33,
2026-09-11T18:16:03.374803+00:00,200,1865.14,
2026-09-11T18:16:03.636593+00:00,200,1606.74,
2026-09-11T18:16:04.517790+00:00,200,743.07,
2026-09-11T18:16:03.766061+00:00,200,1496.99,
2026-09-11T18:16:04.757564+00:00,200,522.05,
2026-09-11T18:16:03.291093+00:00,200,2001.27,
2026-09-11T18:16:02.567010+00:00,200,2728.48,
2026-09-11T18:16:04.441620+00:00,200,856.6,
2026-09-11T18:16:03.192526+00:00,200,2109.19,
2026-09-11T18:16:05.076033+00:00,200,229.03,
2026-09-11T18:16:03.958213+00:00,200,1361.21,
2026-09-11T18:16:03.437336+00:00,200,1885.14,
2026-09-11T18:16:03.429628+00:00,200,1893.94,
2026-09-11T18:16:03.306129+00:00,200,2019.16,
2026-09-11T18:16:03.708799+00:00,200,1620.69,
2026-09-11T18:16:04.633377+00:00,200,715.92,
2026-09-11T18:16:03.079505+00:00,200,2271.09,
2026-09-11T18:16:05.260862+00:00,200,97.87,
2026-09-11T18:16:01.657186+00:00,200,3703.8,
2026-09-11T18:16:01.565149+00:00,200,3798.96,
2026-09-11T18:16:03.759314+00:00,200,1621.41,
2026-09-11T18:16:01.767047+00:00,200,3623.68,
2026-09-11T18:16:04.738675+00:00,200,653.33,
2026-09-11T18:16:00.647764+00:00,200,4762.7,
2026-09-11T18:16:03.752514+00:00,200,1672.29,
2026-09-11T18:16:04.179817+00:00,200,1246.57,
2026-09-11T18:16:03.962685+00:00,200,1465.75,
2026-09-11T18:16:02.777835+00:00,200,2652.69,
2026-09-11T18:16:02.255597+00:00,200,3188.87,
2026-09-11T18:16:01.431241+00:00,200,4014.55,
2026-09-11T18:16:03.899426+00:00,200,1548.75,
2026-09-11T18:16:03.666072+00:00,200,1799.09,
2026-09-11T18:16:05.188857+00:00,200,278.02,
2026-09-11T18:16:02.771440+00:00,200,2709.72,
2026-09-11T18:16:04.913385+00:00,200,577.27,
2026-09-11T18:16:04.115057+00:00,200,1384.17,
2026-09-11T18:16:03.768787+00:00,200,1733.85,
2026-09-11T18:15:59.798151+00:00,200,5710.61,
2026-09-11T18:16:04.917680+00:00,200,593.66,
2026-09-11T18:16:03.005848+00:00,200,2508.44,
2026-09-11T18:16:05.215837+00:00,200,302.44,
2026-09-11T18:16:02.767050+00:00,200,2767.52,
2026-09-11T18:16:03.384738+00:00,200,2170.53,
2026-09-11T18:15:59.352053+00:00,200,6206.0,
2026-09-11T18:16:04.333434+00:00,200,1226.62,
2026-09-11T18:16:01.156146+00:00,200,4413.59,
2026-09-11T18:16:02.309494+00:00,200,3261.59,
2026-09-11T18:16:05.270937+00:00,200,306.89,
2026-09-11T18:16:01.602144+00:00,200,3985.41,
2026-09-11T18:16:02.963713+00:00,200,2625.04,
2026-09-11T18:16:05.243346+00:00,200,349.14,
2026-09-11T18:15:57.651138+00:00,200,7944.22,
2026-09-11T18:16:05.195846+00:00,200,403.71,
2026-09-11T18:16:04.547438+00:00,200,1058.02,
2026-09-11T18:16:03.749368+00:00,200,1884.69,
2026-09-11T18:16:02.321409+00:00,200,3320.36,
2026-09-11T18:15:59.423104+00:00,200,6238.01,
2026-09-11T18:16:05.448182+00:00,200,230.05,
2026-09-11T18:15:59.314254+00:00,200,6366.2,
2026-09-11T18:16:04.262169+00:00,200,1428.65,
2026-09-11T18:15:59.914994+00:00,200,5781.11,
2026-09-11T18:16:03.367244+00:00,200,2331.14,
2026-09-11T18:16:03.072956+00:00,200,2626.55,
2026-09-11T18:15:59.450332+00:00,200,6257.7,
2026-09-11T18:16:01.539010+00:00,200,4173.01,
2026-09-11T18:16:01.572778+00:00,200,4145.79,
2026-09-11T18:15:59.879026+00:00,200,5856.04,
2026-09-11T18:16:02.704985+00:00,200,3044.18,
2026-09-11T18:16:04.592024+00:00,200,1166.75,
2026-09-11T18:16:03.713916+00:00,200,2058.75,
2026-09-11T18:16:05.410474+00:00,200,371.29,
2026-09-11T18:16:03.783625+00:00,200,2004.14,
2026-09-11T18:16:04.051873+00:00,200,1739.33,
2026-09-11T18:16:02.936123+00:00,200,2856.7,
2026-09-11T18:16:04.885144+00:00,200,915.97,
2026-09-11T18:16:05.696115+00:00,200,105.99,
2026-09-11T18:16:04.094444+00:00,200,1718.36,
2026-09-11T18:16:05.349312+00:00,200,473.83,
2026-09-11T18:15:59.799422+00:00,200,6027.61,
2026-09-11T18:16:03.900713+00:00,200,1933.07,
2026-09-11T18:16:00.311597+00:00,200,5524.81,
2026-09-11T18:16:04.005936+00:00,200,1842.88,
2026-09-11T18:16:01.978559+00:00,200,3872.5,
2026-09-11T18:16:05.035442+00:00,200,822.09,
2026-09-11T18:16:05.558055+00:00,200,302.89,
2026-09-11T18:16:01.259170+00:00,200,4603.66,
2026-09-11T18:15:58.122231+00:00,200,7744.29,
2026-09-11T18:16:03.812677+00:00,200,2059.31,
2026-09-11T18:15:58.820421+00:00,200,7062.41,
2026-09-11T18:15:58.252862+00:00,200,7660.1,
2026-09-11T18:16:04.505705+00:00,200,1414.03,
2026-09-11T18:16:03.814027+00:00,200,2123.95,
2026-09-11T18:16:01.333093+00:00,200,4608.53,
2026-09-11T18:16:05.231823+00:00,200,712.54,
2026-09-11T18:16:03.810684+00:00,200,2134.7,
2026-09-11T18:16:05.043830+00:00,200,922.98,
2026-09-11T18:16:01.364903+00:00,200,4609.78,
2026-09-11T18:16:05.028344+00:00,200,948.59,
2026-09-11T18:16:04.492496+00:00,200,1485.55,
2026-09-11T18:16:04.407881+00:00,200,1572.45,
2026-09-11T18:16:02.451122+00:00,200,3530.56,
2026-09-11T18:16:05.502646+00:00,200,481.98,
2026-09-11T18:16:02.127276+00:00,200,3859.56,
2026-09-11T18:16:05.084235+00:00,200,906.79,
2026-09-11T18:16:05.490670+00:00,200,508.91,
2026-09-11T18:16:00.758312+00:00,200,5248.21,
2026-09-11T18:16:04.699600+00:00,200,1311.79,
2026-09-11T18:16:04.919312+00:00,200,1094.99,
2026-09-11T18:16:03.881120+00:00,200,2149.64,
2026-09-11T18:16:04.343499+00:00,200,1722.7,
2026-09-11T18:16:05.301723+00:00,200,772.29,
2026-09-11T18:16:05.182901+00:00,200,892.58,
2026-09-11T18:16:03.853016+00:00,200,2224.62,
2026-09-11T18:16:05.984634+00:00,200,111.86,
2026-09-11T18:15:59.913403+00:00,200,6185.04,
2026-09-11T18:16:05.974688+00:00,200,127.46,
2026-09-11T18:16:01.546713+00:00,200,4575.51,
2026-09-11T18:16:04.264881+00:00,200,1876.41,
2026-09-11T18:16:05.812809+00:00,200,334.25,
2026-09-11T18:16:04.950654+00:00,200,1198.2,
2026-09-11T18:16:04.296345+00:00,200,1854.54,
2026-09-11T18:16:05.445800+00:00,200,707.41,
2026-09-11T18:16:03.258408+00:00,200,2895.99,
2026-09-11T18:16:03.227212+00:00,200,2943.96,
2026-09-11T18:16:04.568572+00:00,200,1610.97,
2026-09-11T18:16:03.671788+00:00,200,2513.08,
2026-09-11T18:16:04.794853+00:00,200,1393.78,
2026-09-11T18:16:04.783433+00:00,200,1406.66,
2026-09-11T18:16:04.903146+00:00,200,1292.28,
2026-09-11T18:16:04.978406+00:00,200,1223.22,
2026-09-11T18:16:05.465171+00:00,200,741.36,
2026-09-11T18:16:03.139306+00:00,200,3071.65,
2026-09-11T18:16:02.744911+00:00,200,3476.01,
2026-09-11T18:16:03.474046+00:00,200,2752.92,
2026-09-11T18:16:03.956594+00:00,200,2280.22,
2026-09-11T18:16:05.112155+00:00,200,1132.64,
2026-09-11T18:15:56.909819+00:00,200,9341.54,
2026-09-11T18:16:05.833793+00:00,200,431.9,
2026-09-11T18:16:02.535399+00:00,200,3731.43,
2026-09-11T18:16:03.464642+00:00,200,2806.0,
2026-09-11T18:16:05.787775+00:00,200,494.69,
2026-09-11T18:16:03.022530+00:00,200,3266.63,
2026-09-11T18:16:00.831476+00:00,200,5466.48,
2026-09-11T18:16:05.848823+00:00,200,456.0,
2026-09-11T18:15:57.603368+00:00,200,8705.86,
2026-09-11T18:16:01.828720+00:00,200,4500.48,
2026-09-11T18:16:02.417552+00:00,200,3915.27,
2026-09-11T18:16:04.310275+00:00,200,2023.73,
2026-09-11T18:16:03.869316+00:00,200,2467.31,
2026-09-11T18:16:05.390743+00:00,200,947.99,
2026-09-11T18:16:04.508543+00:00,200,1854.42,
2026-09-11T18:16:05.329499+00:00,200,1043.48,
2026-09-11T18:16:02.866131+00:00,200,3517.5,
2026-09-11T18:16:05.279628+00:00,200,1106.04,
2026-09-11T18:16:04.750054+00:00,200,1642.68,
2026-09-11T18:16:04.028845+00:00,200,2378.84,
2026-09-11T18:16:04.916203+00:00,200,1496.32,
2026-09-11T18:16:05.999601+00:00,200,414.63,
2026-09-11T18:16:05.827039+00:00,200,599.07,
2026-09-11T18:16:05.058005+00:00,200,1379.73,
2026-09-11T18:16:05.319426+00:00,200,1121.19,
2026-09-11T18:16:06.122236+00:00,200,326.66,
2026-09-11T18:16:05.966821+00:00,200,483.36,
2026-09-11T18:16:01.062565+00:00,200,5396.72,
2026-09-11T18:16:05.142099+00:00,200,1319.13,
2026-09-11T18:16:04.171530+00:00,200,2301.97,
2026-09-11T18:15:58.928342+00:00,200,7561.16,
2026-09-11T18:15:59.519612+00:00,200,6986.21,
2026-09-11T18:16:04.742350+00:00,200,1770.02,
2026-09-11T18:16:04.018438+00:00,200,2500.55,
2026-09-11T18:16:05.499237+00:00,200,1023.92,
2026-09-11T18:16:03.955286+00:00,200,2577.3,
2026-09-11T18:16:06.407697+00:00,200,131.55,
2026-09-11T18:16:05.735086+00:00,200,820.55,
2026-09-11T18:15:59.868333+00:00,200,6697.13,
2026-09-11T18:16:03.215628+00:00,200,3357.18,
2026-09-11T18:16:04.946096+00:00,200,1644.81,
2026-09-11T18:16:05.360994+00:00,200,1234.4,
2026-09-11T18:16:02.828127+00:00,200,3769.15,
2026-09-11T18:16:00.738660+00:00,200,5863.33,
2026-09-11T18:15:59.186402+00:00,200,7421.77,
2026-09-11T18:16:06.505848+00:00,200,105.49,
2026-09-11T18:16:06.096505+00:00,200,520.6,
2026-09-11T18:16:06.270647+00:00,200,354.31,
2026-09-11T18:16:04.657639+00:00,200,1976.75,
2026-09-11T18:16:05.978046+00:00,200,662.77,
2026-09-11T18:16:05.174219+00:00,200,1472.05,
2026-09-11T18:16:06.332831+00:00,200,320.86,
2026-09-11T18:16:03.767154+00:00,200,2892.77,
2026-09-11T18:16:05.699508+00:00,200,979.26,
2026-09-11T18:16:05.920627+00:00,200,759.91,
2026-09-11T18:16:06.282475+00:00,200,404.68,
2026-09-11T18:16:05.937990+00:00,200,763.91,
2026-09-11T18:16:06.634400+00:00,200,85.1,
2026-09-11T18:16:04.072719+00:00,200,2647.9,
2026-09-11T18:15:58.531427+00:00,200,8194.0,
2026-09-11T18:16:03.204400+00:00,200,3530.24,
2026-09-11T18:16:04.263334+00:00,200,2479.08,
2026-09-11T18:16:05.669477+00:00,200,1080.43,
2026-09-11T18:16:04.924540+00:00,200,1827.0,
2026-09-11T18:15:58.150437+00:00,200,8603.97,
2026-09-11T18:16:04.339526+00:00,200,2418.76,
2026-09-11T18:16:06.304833+00:00,200,456.24,
2026-09-11T18:16:02.779530+00:00,200,4008.18,
2026-09-11T18:16:05.612843+00:00,200,1183.47,
2026-09-11T18:16:06.572818+00:00,200,228.66,
2026-09-11T18:16:02.168866+00:00,200,4634.44,
2026-09-11T18:16:05.325294+00:00,200,1482.38,
2026-09-11T18:16:00.197539+00:00,200,6612.89,
2026-09-11T18:16:04.798825+00:00,200,2015.13,
2026-09-11T18:16:02.974116+00:00,200,3848.36,
2026-09-11T18:16:04.868493+00:00,200,1973.48,
2026-09-11T18:16:06.236828+00:00,200,622.21,
2026-09-11T18:16:06.372998+00:00,200,487.44,
2026-09-11T18:16:04.621031+00:00,200,2250.69,
2026-09-11T18:16:01.952688+00:00,200,4924.39,
2026-09-11T18:16:03.602193+00:00,200,3281.25,
2026-09-11T18:16:03.213990+00:00,200,3691.95,
2026-09-11T18:16:06.150889+00:00,200,760.83,
2026-09-11T18:16:00.616936+00:00,200,6296.98,
2026-09-11T18:16:06.412528+00:00,200,508.72,
2026-09-11T18:16:01.142842+00:00,200,5791.38,
2026-09-11T18:16:03.167254+00:00,200,3781.98,
2026-09-11T18:16:03.693303+00:00,200,3263.81,
2026-09-11T18:16:05.791215+00:00,200,1177.06,
2026-09-11T18:16:05.323576+00:00,200,1646.33,
2026-09-11T18:16:06.532597+00:00,200,438.87,
2026-09-11T18:16:04.157215+00:00,200,2821.85,
2026-09-11T18:16:02.811226+00:00,200,4174.7,
2026-09-11T18:16:00.421524+00:00,200,6568.81,
2026-09-11T18:16:05.919745+00:00,200,1076.59,
2026-09-11T18:16:05.802113+00:00,200,1204.48,
2026-09-11T18:16:02.403341+00:00,200,4609.21,
2026-09-11T18:16:01.409756+00:00,200,5626.14,
2026-09-11T18:16:03.010458+00:00,200,4029.89,
2026-09-11T18:16:01.794879+00:00,200,5251.42,
2026-09-11T18:16:00.251346+00:00,200,6797.96,
2026-09-11T18:16:06.787724+00:00,200,269.27,
2026-09-11T18:16:05.521707+00:00,200,1536.32,
2026-09-11T18:16:05.511352+00:00,200,1551.32,
2026-09-11T18:16:03.886526+00:00,200,3184.64,
2026-09-11T18:16:03.520843+00:00,200,3583.79,
2026-09-11T18:16:06.877084+00:00,200,231.9,
2026-09-11T18:16:05.772683+00:00,200,1340.03,
2026-09-11T18:16:04.516482+00:00,200,2605.46,
2026-09-11T18:16:02.483670+00:00,200,4639.51,
2026-09-11T18:16:05.295496+00:00,200,1828.85,
2026-09-11T18:16:06.437740+00:00,200,689.24,
2026-09-11T18:16:06.226977+00:00,200,901.26,
2026-09-11T18:16:02.977230+00:00,200,4163.64,
2026-09-11T18:16:06.022929+00:00,200,1121.78,
2026-09-11T18:16:04.715096+00:00,200,2437.78,
2026-09-11T18:16:05.569747+00:00,200,1595.69,
2026-09-11T18:16:06.524907+00:00,200,656.74,
2026-09-11T18:16:06.597285+00:00,200,587.58,
2026-09-11T18:15:55.027874+00:00,200,12168.81,
2026-09-11T18:16:06.334015+00:00,200,876.55,
2026-09-11T18:16:01.863148+00:00,200,5356.29,
2026-09-11T18:16:06.719510+00:00,200,508.95,
2026-09-11T18:16:04.715905+00:00,200,2527.71,
2026-09-11T18:16:05.634086+00:00,200,1623.57,
2026-09-11T18:16:05.749184+00:00,200,1510.57,
2026-09-11T18:16:06.006538+00:00,200,1255.34,
2026-09-11T18:16:06.450188+00:00,200,837.69,
2026-09-11T18:16:04.805293+00:00,200,2483.79,
2026-09-11T18:16:01.755811+00:00,200,5536.15,
2026-09-11T18:16:03.578737+00:00,200,3719.89,
2026-09-11T18:16:01.510420+00:00,200,5795.3,
2026-09-11T18:16:05.792829+00:00,200,1530.0,
2026-09-11T18:16:06.426123+00:00,200,930.84,
2026-09-11T18:15:57.221008+00:00,200,10137.44,
2026-09-11T18:16:06.448913+00:00,200,913.8,
2026-09-11T18:16:07.210585+00:00,200,168.44,
2026-09-11T18:16:05.034263+00:00,200,2346.55,
2026-09-11T18:16:02.583609+00:00,200,4811.29,
2026-09-11T18:16:03.361569+00:00,200,4039.58,
2026-09-11T18:15:56.022021+00:00,200,11382.96,
2026-09-11T18:16:07.261891+00:00,200,155.66,
2026-09-11T18:16:07.121951+00:00,200,307.97,
2026-09-11T18:16:02.250011+00:00,200,5186.73,
2026-09-11T18:16:03.580011+00:00,200,3858.27,
2026-09-11T18:16:06.813955+00:00,200,631.39,
2026-09-11T18:16:05.305068+00:00,200,2141.88,
2026-09-11T18:16:06.659934+00:00,200,791.39,
2026-09-11T18:16:04.029995+00:00,200,3425.48,
2026-09-11T18:16:06.640828+00:00,200,817.66,
2026-09-11T18:16:02.267171+00:00,200,5209.06,
2026-09-11T18:16:06.957128+00:00,200,529.96,
2026-09-11T18:16:02.106669+00:00,200,5392.86,
2026-09-11T18:16:04.253824+00:00,200,3250.94,
2026-09-11T18:16:03.256891+00:00,200,4252.83,
2026-09-11T18:16:00.339722+00:00,200,7177.29,
2026-09-11T18:16:05.444479+00:00,200,2080.64,
2026-09-11T18:16:07.429931+00:00,200,110.79,
2026-09-11T18:16:03.170839+00:00,200,4385.16,
2026-09-11T18:16:04.199296+00:00,200,3374.03,
2026-09-11T18:16:06.678791+00:00,200,899.65,
2026-09-11T18:16:06.476953+00:00,200,1109.99,
2026-09-11T18:16:01.999371+00:00,200,5591.04,
2026-09-11T18:16:00.872487+00:00,200,6724.71,
2026-09-11T18:16:06.289167+00:00,200,1309.97,
2026-09-11T18:16:06.461239+00:00,200,1141.9,
2026-09-11T18:16:07.144716+00:00,200,459.92,
2026-09-11T18:16:04.511988+00:00,200,3093.97,
2026-09-11T18:16:06.392738+00:00,200,1216.23,
2026-09-11T18:16:03.298966+00:00,200,4313.86,
2026-09-11T18:16:05.158034+00:00,200,2463.85,
2026-09-11T18:16:06.969916+00:00,200,671.64,
2026-09-11T18:16:00.876730+00:00,200,6768.39,
2026-09-11T18:16:05.718570+00:00,200,1936.9,
2026-09-11T18:16:06.440627+00:00,200,1224.64,
2026-09-11T18:16:05.801116+00:00,200,1870.88,
2026-09-11T18:16:07.556019+00:00,200,118.03,
2026-09-11T18:16:05.418436+00:00,200,2270.64,
2026-09-11T18:15:59.169786+00:00,200,8521.61,
2026-09-11T18:16:07.578450+00:00,200,115.68,
2026-09-11T18:16:06.860446+00:00,200,839.07,
2026-09-11T18:16:02.604818+00:00,200,5095.97,
2026-09-11T18:16:05.661125+00:00,200,2050.97,
2026-09-11T18:16:04.107108+00:00,200,3612.01,
2026-09-11T18:16:04.377819+00:00,200,3363.18,
2026-09-11T18:16:00.521017+00:00,200,7224.01,
2026-09-11T18:16:06.244808+00:00,200,1509.1,
2026-09-11T18:16:06.680546+00:00,200,1096.35,
2026-09-11T18:16:06.459303+00:00,200,1319.89,
2026-09-11T18:16:03.433353+00:00,200,4353.62,
2026-09-11T18:16:04.187568+00:00,200,3600.61,
2026-09-11T18:16:06.075487+00:00,200,1721.37,
2026-09-11T18:15:57.898929+00:00,200,9907.53,
2026-09-11T18:16:04.212516+00:00,200,3595.55,
2026-09-11T18:16:04.777549+00:00,200,3032.68,
2026-09-11T18:16:03.403751+00:00,200,4418.07,
2026-09-11T18:16:07.712105+00:00,200,115.87,
2026-09-11T18:16:07.741012+00:00,200,112.49,
2026-09-11T18:16:04.450484+00:00,200,3407.04,
2026-09-11T18:16:07.404989+00:00,200,457.76,
2026-09-11T18:16:07.767539+00:00,200,100.29,
2026-09-11T18:16:03.363490+00:00,200,4519.61,
2026-09-11T18:16:06.611342+00:00,200,1276.03,
2026-09-11T18:16:06.859056+00:00,200,1031.09,
2026-09-11T18:16:02.849981+00:00,200,5041.26,
2026-09-11T18:16:06.565474+00:00,200,1333.4,
2026-09-11T18:16:05.009816+00:00,200,2897.26,
2026-09-11T18:16:07.291974+00:00,200,621.95,
2026-09-11T18:16:07.401157+00:00,200,513.82,
2026-09-11T18:16:01.322469+00:00,200,6624.78,
2026-09-11T18:16:04.067776+00:00,200,3881.65,
2026-09-11T18:16:07.446953+00:00,200,506.23,
2026-09-11T18:16:00.224506+00:00,200,7730.97,
2026-09-11T18:16:05.227620+00:00,200,2730.25,
2026-09-11T18:16:05.322484+00:00,200,2641.89,
2026-09-11T18:16:06.883457+00:00,200,1095.12,
2026-09-11T18:16:01.420511+00:00,200,6569.2,
2026-09-11T18:15:55.743123+00:00,200,12267.89,
2026-09-11T18:16:07.604642+00:00,200,407.6,
2026-09-11T18:16:06.102156+00:00,200,1927.59,
2026-09-11T18:16:04.557584+00:00,200,3483.96,
2026-09-11T18:16:03.682049+00:00,200,4364.72,
2026-09-11T18:15:59.947659+00:00,200,8124.32,
2026-09-11T18:16:02.504449+00:00,200,5569.12,
2026-09-11T18:16:03.737826+00:00,200,4340.78,
2026-09-11T18:16:06.720630+00:00,200,1362.14,
2026-09-11T18:16:07.603144+00:00,200,485.78,
2026-09-11T18:16:05.190972+00:00,200,2899.68,
2026-09-11T18:16:07.989734+00:00,200,107.41,
2026-09-11T18:16:06.866785+00:00,200,1233.41,
2026-09-11T18:16:00.471852+00:00,200,7638.52,
2026-09-11T18:16:05.870021+00:00,200,2247.25,
2026-09-11T18:16:07.358456+00:00,200,773.72,
2026-09-11T18:16:06.410033+00:00,200,1734.11,
2026-09-11T18:16:06.822436+00:00,200,1326.13,
2026-09-11T18:16:06.968287+00:00,200,1187.43,
2026-09-11T18:16:08.025299+00:00,200,131.75,
2026-09-11T18:16:05.162818+00:00,200,3000.16,
2026-09-11T18:16:07.298642+00:00,200,881.41,
2026-09-11T18:16:04.839372+00:00,200,3370.7,
2026-09-11T18:16:07.340956+00:00,200,871.68,
2026-09-11T18:16:01.911601+00:00,200,6307.09,
2026-09-11T18:16:07.504778+00:00,200,722.15,
2026-09-11T18:16:07.586955+00:00,200,645.56,
2026-09-11T18:16:03.569640+00:00,200,4664.5,
2026-09-11T18:16:06.251374+00:00,200,1984.32,
2026-09-11T18:16:03.712837+00:00,200,4540.17,
2026-09-11T18:16:00.032140+00:00,200,8221.99,
2026-09-11T18:16:07.691410+00:00,200,565.69,
2026-09-11T18:16:06.761076+00:00,200,1506.17,
2026-09-11T18:16:04.853338+00:00,200,3421.11,
2026-09-11T18:16:01.917516+00:00,200,6367.32,
2026-09-11T18:16:07.786980+00:00,200,502.71,
2026-09-11T18:16:06.065003+00:00,200,2235.56,
2026-09-11T18:16:08.060776+00:00,200,261.54,
2026-09-11T18:16:06.905961+00:00,200,1423.9,
2026-09-11T18:15:59.833180+00:00,200,8503.52,
2026-09-11T18:16:00.773337+00:00,200,7570.52,
2026-09-11T18:16:07.694138+00:00,200,660.56,
2026-09-11T18:16:05.573907+00:00,200,2805.56,
2026-09-11T18:16:04.812576+00:00,200,3588.64,
2026-09-11T18:16:05.708037+00:00,200,2696.78,
2026-09-11T18:16:06.519006+00:00,200,1890.2,
2026-09-11T18:16:05.715037+00:00,200,2718.47,
2026-09-11T18:16:02.905404+00:00,200,5538.63,
2026-09-11T18:16:07.890156+00:00,200,578.81,
2026-09-11T18:16:07.040363+00:00,200,1434.39,
2026-09-11T18:16:02.994559+00:00,200,5481.64,
2026-09-11T18:16:07.451327+00:00,200,1026.08,
2026-09-11T18:15:58.723134+00:00,200,9762.31,
2026-09-11T18:16:05.263065+00:00,200,3223.7,
2026-09-11T18:16:02.985308+00:00,200,5507.27,
2026-09-11T18:16:04.735429+00:00,200,3758.61,
2026-09-11T18:16:08.073569+00:00,200,421.79,
2026-09-11T18:16:06.801482+00:00,200,1704.42,
2026-09-11T18:16:04.185120+00:00,200,4325.85,
2026-09-11T18:16:02.018270+00:00,200,6495.78,
2026-09-11T18:16:07.058036+00:00,200,1457.99,
2026-09-11T18:16:06.917323+00:00,200,1599.98,
2026-09-11T18:16:03.795006+00:00,200,4723.56,
2026-09-11T18:16:06.098451+00:00,200,2421.47,
2026-09-11T18:16:07.468434+00:00,200,1052.81,
2026-09-11T18:16:06.653701+00:00,200,1868.87,
2026-09-11T18:16:06.376470+00:00,200,2147.69,
2026-09-11T18:16:03.502587+00:00,200,5023.13,
2026-09-11T18:16:01.293586+00:00,200,7233.61,
2026-09-11T18:16:08.354710+00:00,200,190.6,
2026-09-11T18:16:05.981681+00:00,200,2565.33,
2026-09-11T18:16:01.867825+00:00,200,6680.8,
2026-09-11T18:16:08.162991+00:00,200,387.22,
2026-09-11T18:16:04.682927+00:00,200,3868.84,
2026-09-11T18:16:05.534589+00:00,200,3018.75,
2026-09-11T18:16:07.476245+00:00,200,1078.7,
2026-09-11T18:16:05.941629+00:00,200,2614.99,
2026-09-11T18:16:07.806472+00:00,200,795.78,
2026-09-11T18:16:02.146762+00:00,200,6464.59,
2026-09-11T18:16:05.588756+00:00,200,3044.42,
2026-09-11T18:16:07.071170+00:00,200,1568.18,
2026-09-11T18:16:07.436746+00:00,200,1213.16,
2026-09-11T18:16:08.322336+00:00,200,332.32,
2026-09-11T18:16:05.781777+00:00,200,2875.67,
2026-09-11T18:16:07.123186+00:00,200,1546.31,
2026-09-11T18:16:06.338739+00:00,200,2348.29,
2026-09-11T18:16:08.510979+00:00,200,186.49,
2026-09-11T18:16:03.742683+00:00,200,4972.37,
2026-09-11T18:16:02.980455+00:00,200,5743.41,
2026-09-11T18:15:58.292689+00:00,200,10443.1,
2026-09-11T18:16:07.745038+00:00,200,992.43,
2026-09-11T18:16:05.560059+00:00,200,3180.28,
2026-09-11T18:16:05.871999+00:00,200,2902.63,
2026-09-11T18:16:05.980331+00:00,200,2796.2,
2026-09-11T18:16:06.066213+00:00,200,2744.96,
2026-09-11T18:16:04.324199+00:00,200,4490.29,
2026-09-11T18:16:01.629357+00:00,200,7205.03,
2026-09-11T18:16:05.039799+00:00,200,3799.67,
2026-09-11T18:16:08.516038+00:00,200,326.46,
2026-09-11T18:16:01.577807+00:00,200,7268.21,
2026-09-11T18:16:04.677936+00:00,200,4173.31,
2026-09-11T18:16:02.841328+00:00,200,6037.4,
2026-09-11T18:16:06.184879+00:00,200,2700.72,
2026-09-11T18:15:59.547070+00:00,200,9357.59,
2026-09-11T18:16:03.935737+00:00,200,4977.68,
2026-09-11T18:16:08.774646+00:00,200,150.46,
2026-09-11T18:16:04.327709+00:00,200,4612.18,
2026-09-11T18:16:05.001109+00:00,200,3945.86,
2026-09-11T18:16:05.678247+00:00,200,3271.73,
2026-09-11T18:16:04.722910+00:00,200,4253.08,
2026-09-11T18:16:07.808070+00:00,200,1172.28,
2026-09-11T18:16:06.595405+00:00,200,2387.14,
2026-09-11T18:16:08.525720+00:00,200,502.32,
2026-09-11T18:16:02.282527+00:00,200,6751.93,
2026-09-11T18:16:08.212644+00:00,200,838.6,
2026-09-11T18:16:04.906324+00:00,200,4165.18,
2026-09-11T18:16:07.394913+00:00,200,1680.01,
2026-09-11T18:16:06.568214+00:00,200,2511.76,
2026-09-11T18:16:03.867249+00:00,200,5215.48,
2026-09-11T18:15:56.395278+00:00,200,12693.59,
2026-09-11T18:16:08.110387+00:00,200,991.32,
2026-09-11T18:16:08.090662+00:00,200,1014.39,
2026-09-11T18:16:07.612835+00:00,200,1494.31,
2026-09-11T18:16:08.949989+00:00,200,174.75,
2026-09-11T18:16:06.265708+00:00,200,2899.47,
2026-09-11T18:16:02.590177+00:00,200,6593.33,
2026-09-11T18:16:00.765287+00:00,200,8448.87,
2026-09-11T18:16:04.293958+00:00,200,4924.07,
2026-09-11T18:16:07.487107+00:00,200,1753.31,
2026-09-11T18:16:05.587568+00:00,200,3657.94,
2026-09-11T18:16:02.216854+00:00,200,7033.06,
2026-09-11T18:16:06.841992+00:00,200,2419.83,
2026-09-11T18:16:05.473285+00:00,200,3803.23,
2026-09-11T18:16:06.911736+00:00,200,2369.15,
2026-09-11T18:16:06.489519+00:00,200,2808.41,
2026-09-11T18:16:04.015387+00:00,200,5291.36,
2026-09-11T18:16:08.602273+00:00,200,707.97,
2026-09-11T18:16:08.521252+00:00,200,794.55,
2026-09-11T18:16:04.604985+00:00,200,4712.83,
2026-09-11T18:16:07.776909+00:00,200,1544.23,
2026-09-11T18:16:08.088939+00:00,200,1251.89,
2026-09-11T18:15:59.705188+00:00,200,9641.83,
2026-09-11T18:16:07.796870+00:00,200,1562.26,
2026-09-11T18:16:07.196703+00:00,200,2206.18,
2026-09-11T18:16:02.181322+00:00,200,7226.38,
2026-09-11T18:15:57.432429+00:00,200,11981.97,
2026-09-11T18:16:08.144159+00:00,200,1278.16,
2026-09-11T18:16:07.540733+00:00,200,1896.71,
2026-09-11T18:16:09.276524+00:00,200,173.49,
2026-09-11T18:16:06.613648+00:00,200,2858.85,
2026-09-11T18:16:08.494092+00:00,200,990.53,
2026-09-11T18:16:05.518284+00:00,200,3984.08,
2026-09-11T18:16:06.523175+00:00,200,2984.72,
2026-09-11T18:16:08.939911+00:00,200,570.32,
2026-09-11T18:16:08.234146+00:00,200,1287.32,
2026-09-11T18:16:08.547015+00:00,200,983.05,
2026-09-11T18:16:05.350601+00:00,200,4183.89,
2026-09-11T18:16:07.419632+00:00,200,2118.18,
2026-09-11T18:16:09.336968+00:00,200,202.83,
2026-09-11T18:16:08.401244+00:00,200,1145.72,
2026-09-11T18:16:06.754420+00:00,200,2806.94,
2026-09-11T18:16:06.742419+00:00,200,2820.94,
2026-09-11T18:16:08.737479+00:00,200,829.46,
2026-09-11T18:16:02.664422+00:00,200,6906.45,
2026-09-11T18:16:09.397194+00:00,200,175.89,
2026-09-11T18:16:09.450023+00:00,200,165.87,
2026-09-11T18:16:05.866525+00:00,200,3785.02,
2026-09-11T18:16:08.226933+00:00,200,1436.92,
2026-09-11T18:16:04.528362+00:00,200,5182.53,
2026-09-11T18:16:06.385680+00:00,200,3332.16,
2026-09-11T18:16:08.814502+00:00,200,908.55,
2026-09-11T18:16:06.206541+00:00,200,3543.0,
2026-09-11T18:16:09.127018+00:00,200,630.51,
2026-09-11T18:16:07.953209+00:00,200,1814.22,
2026-09-11T18:16:07.949439+00:00,200,1820.59,
2026-09-11T18:16:05.292372+00:00,200,4486.27,
2026-09-11T18:16:03.013581+00:00,200,6771.34,
2026-09-11T18:16:05.641787+00:00,200,4145.65,
2026-09-11T18:16:06.664770+00:00,200,3124.71,
2026-09-11T18:16:07.907095+00:00,200,1887.25,
2026-09-11T18:16:08.124718+00:00,200,1685.48,
2026-09-11T18:16:05.851068+00:00,200,3963.54,
2026-09-11T18:16:06.985934+00:00,200,2840.13,
2026-09-11T18:16:02.870942+00:00,200,6958.0,
2026-09-11T18:16:04.558982+00:00,200,5285.67,
2026-09-11T18:16:06.758300+00:00,200,3107.57,
2026-09-11T18:16:09.105064+00:00,200,788.58,
2026-09-11T18:16:08.495370+00:00,200,1411.43,
2026-09-11T18:16:06.913919+00:00,200,3007.83,
2026-09-11T18:16:09.589708+00:00,200,333.73,
2026-09-11T18:16:02.154373+00:00,200,7772.85,
2026-09-11T18:16:05.004199+00:00,200,4930.76,
2026-09-11T18:16:07.913939+00:00,200,2045.83,
2026-09-11T18:16:07.228473+00:00,200,2735.51,
2026-09-11T18:16:01.140944+00:00,200,8855.2,
2026-09-11T18:16:05.114648+00:00,200,4896.24,
2026-09-11T18:16:05.428437+00:00,200,4592.98,
2026-09-11T18:16:03.592255+00:00,200,6432.25,
2026-09-11T18:16:08.148577+00:00,200,1881.35,
2026-09-11T18:16:04.267858+00:00,200,5771.37,
2026-09-11T18:16:05.088274+00:00,200,4983.11,
2026-09-11T18:16:05.298230+00:00,200,4778.33,
2026-09-11T18:16:07.968496+00:00,200,2123.22,
2026-09-11T18:16:09.566952+00:00,200,527.44,
2026-09-11T18:16:08.885618+00:00,200,1212.78,
2026-09-11T18:16:09.249919+00:00,200,853.34,
2026-09-11T18:15:56.828588+00:00,200,13279.62,
2026-09-11T18:16:07.438287+00:00,200,2680.22,
2026-09-11T18:16:07.165455+00:00,200,3004.87,
2026-09-11T18:16:06.077645+00:00,200,4102.0,
2026-09-11T18:15:58.228110+00:00,200,11955.56,
2026-09-11T18:15:58.843205+00:00,200,11352.06,
2026-09-11T18:16:07.287896+00:00,200,2913.11,
2026-09-11T18:16:06.971475+00:00,200,3233.35,
2026-09-11T18:16:06.871736+00:00,200,3361.16,
2026-09-11T18:16:07.955486+00:00,200,2280.31,
2026-09-11T18:16:07.869168+00:00,200,2378.5,
2026-09-11T18:16:07.978590+00:00,200,2277.19,
2026-09-11T18:16:08.735801+00:00,200,1525.72,
2026-09-11T18:16:04.926273+00:00,200,5336.99,
2026-09-11T18:16:06.266832+00:00,200,4015.3,
2026-09-11T18:16:07.753920+00:00,200,2530.17,
2026-09-11T18:16:04.438364+00:00,200,5879.21,
2026-09-11T18:16:09.051253+00:00,200,1284.57,
2026-09-11T18:16:08.029756+00:00,200,2316.49,
2026-09-11T18:16:05.836418+00:00,200,4525.46,
2026-09-11T18:16:07.126983+00:00,200,3252.05,
2026-09-11T18:16:08.476209+00:00,200,1910.41,
2026-09-11T18:16:06.179555+00:00,200,4218.17,
2026-09-11T18:16:08.604192+00:00,200,1796.42,
2026-09-11T18:16:09.810212+00:00,200,592.69,
2026-09-11T18:16:03.950620+00:00,200,6454.31,
2026-09-11T18:16:06.646280+00:00,200,3763.36,
2026-09-11T18:16:04.148943+00:00,200,6265.97,
2026-09-11T18:16:01.985640+00:00,200,8436.68,
2026-09-11T18:16:08.327500+00:00,200,2121.44,
2026-09-11T18:16:08.046773+00:00,200,2415.43,
2026-09-11T18:16:07.356978+00:00,200,3108.55,
2026-09-11T18:16:05.018100+00:00,200,5464.04,
2026-09-11T18:16:10.151906+00:00,200,352.19,
2026-09-11T18:16:05.758787+00:00,200,4756.01,
2026-09-11T18:16:09.923465+00:00,200,612.27,
2026-09-11T18:16:09.757540+00:00,200,793.75,
2026-09-11T18:16:08.117291+00:00,200,2435.86,
2026-09-11T18:16:05.592498+00:00,200,4962.25,
2026-09-11T18:16:04.862257+00:00,200,5728.15,
2026-09-11T18:16:06.030774+00:00,200,4576.66,
2026-09-11T18:16:09.549685+00:00,200,1068.37,
2026-09-11T18:16:05.380744+00:00,200,5240.4,
2026-09-11T18:16:09.521477+00:00,200,1107.84,
2026-09-11T18:16:08.157055+00:00,200,2477.53,
2026-09-11T18:16:08.505915+00:00,200,2183.96,
2026-09-11T18:16:07.263853+00:00,200,3446.65,
2026-09-11T18:16:09.615912+00:00,200,1098.94,
2026-09-11T18:16:06.154410+00:00,200,4569.64,
2026-09-11T18:16:10.237963+00:00,200,488.92,
2026-09-11T18:16:06.210964+00:00,200,4535.33,
2026-09-11T18:16:09.291668+00:00,200,1462.29,
2026-09-11T18:16:10.094404+00:00,200,679.16,
2026-09-11T18:16:08.232519+00:00,200,2552.22,
2026-09-11T18:16:05.690832+00:00,200,5108.4,
2026-09-11T18:16:05.030797+00:00,200,5776.7,
2026-09-11T18:16:08.982548+00:00,200,1826.65,
2026-09-11T18:16:03.600575+00:00,200,7213.45,
2026-09-11T18:16:08.011033+00:00,200,2817.65,
2026-09-11T18:16:04.721129+00:00,200,6110.69,
2026-09-11T18:16:08.778886+00:00,200,2073.66,
2026-09-11T18:15:58.130011+00:00,200,12728.87,
2026-09-11T18:16:09.437458+00:00,200,1436.02,
2026-09-11T18:16:08.155735+00:00,200,2722.27,
2026-09-11T18:16:07.700797+00:00,200,3181.91,
2026-09-11T18:16:04.673763+00:00,200,6215.89,
2026-09-11T18:16:09.906806+00:00,200,990.91,
2026-09-11T18:16:06.608186+00:00,200,4297.18,
2026-09-11T18:16:06.990337+00:00,200,3954.08,
2026-09-11T18:16:06.171180+00:00,200,4819.18,
2026-09-11T18:16:10.024517+00:00,200,967.65,
2026-09-11T18:16:03.631861+00:00,200,7364.57,
2026-09-11T18:16:01.932133+00:00,200,9073.08,
2026-09-11T18:16:05.225581+00:00,200,5790.0,
2026-09-11T18:16:10.201011+00:00,200,818.65,
2026-09-11T18:16:05.857545+00:00,200,5177.77,
2026-09-11T18:16:05.424820+00:00,200,5618.31,
2026-09-11T18:16:08.669511+00:00,200,2382.99,
2026-09-11T18:16:00.221494+00:00,200,10850.54,
2026-09-11T18:16:02.829370+00:00,200,8255.21,
2026-09-11T18:16:10.103263+00:00,200,994.66,
2026-09-11T18:16:10.039241+00:00,200,1062.08,
2026-09-11T18:15:59.479624+00:00,200,11643.13,
2026-09-11T18:16:10.261529+00:00,200,881.42,
2026-09-11T18:16:06.715543+00:00,200,4437.59,
2026-09-11T18:16:10.021429+00:00,200,1135.72,
2026-09-11T18:16:08.300569+00:00,200,2876.22,
2026-09-11T18:16:07.569261+00:00,200,3612.85,
2026-09-11T18:16:10.170343+00:00,200,1025.45,
2026-09-11T18:16:08.477410+00:00,200,2725.16,
2026-09-11T18:16:08.654662+00:00,200,2554.39,
2026-09-11T18:16:01.249343+00:00,200,9980.67,
2026-09-11T18:16:10.618070+00:00,200,617.58,
2026-09-11T18:16:05.577835+00:00,200,5685.78,
2026-09-11T18:16:10.462217+00:00,200,815.88,
2026-09-11T18:16:09.507902+00:00,200,1774.8,
2026-09-11T18:16:05.175857+00:00,200,6131.37,
2026-09-11T18:16:05.912980+00:00,200,5396.82,
2026-09-11T18:16:09.963986+00:00,200,1347.65,
2026-09-11T18:16:11.122764+00:00,200,191.12,
2026-09-11T18:16:08.329867+00:00,200,3001.27,
2026-09-11T18:16:01.199809+00:00,200,10143.33,
2026-09-11T18:16:10.010899+00:00,200,1374.08,
2026-09-11T18:16:08.257111+00:00,200,3152.18,
2026-09-11T18:16:05.595363+00:00,200,5817.94,
2026-09-11T18:16:03.129343+00:00,200,8287.27,
2026-09-11T18:16:04.522076+00:00,200,6901.61,
2026-09-11T18:16:11.278107+00:00,200,154.13,
2026-09-11T18:16:05.367656+00:00,200,6073.35,
2026-09-11T18:16:09.245525+00:00,200,2202.79,
2026-09-11T18:16:09.561377+00:00,200,1890.94,
2026-09-11T18:16:08.220245+00:00,200,3235.46,
2026-09-11T18:16:11.282712+00:00,200,177.37,
2026-09-11T18:16:10.590427+00:00,200,882.14,
2026-09-11T18:16:10.091727+00:00,200,1384.18,
2026-09-11T18:16:05.762708+00:00,200,5734.28,
2026-09-11T18:16:05.229375+00:00,200,6280.52,
2026-09-11T18:16:05.680460+00:00,200,5837.16,
2026-09-11T18:16:07.608974+00:00,200,3931.62,
2026-09-11T18:16:10.255793+00:00,200,1314.92,
2026-09-11T18:16:10.029934+00:00,200,1542.64,
2026-09-11T18:16:11.409326+00:00,200,164.91,
2026-09-11T18:16:05.945392+00:00,200,5646.51,
2026-09-11T18:16:05.119756+00:00,200,6503.99,
2026-09-11T18:16:09.359142+00:00,200,2267.18,
2026-09-11T18:16:08.517305+00:00,200,3125.4,
2026-09-11T18:16:04.763195+00:00,200,6885.33,
2026-09-11T18:15:58.915053+00:00,200,12739.81,
2026-09-11T18:16:07.104645+00:00,200,4555.19,
2026-09-11T18:16:09.317824+00:00,200,2360.92,
2026-09-11T18:16:10.448963+00:00,200,1244.17,
2026-09-11T18:16:10.784754+00:00,200,920.34,
2026-09-11T18:16:10.710513+00:00,200,1001.54,
2026-09-11T18:16:07.689091+00:00,200,4036.25,
2026-09-11T18:16:09.921757+00:00,200,1833.82,
2026-09-11T18:16:08.554954+00:00,200,3218.05,
2026-09-11T18:16:10.535752+00:00,200,1249.89,
2026-09-11T18:16:07.029912+00:00,200,4764.85,
2026-09-11T18:16:08.519925+00:00,200,3297.57,
2026-09-11T18:16:07.857576+00:00,200,3962.39,
2026-09-11T18:16:02.420072+00:00,200,9408.57,
2026-09-11T18:16:08.474760+00:00,200,3356.37,
2026-09-11T18:16:08.687046+00:00,200,3158.52,
2026-09-11T18:16:10.263265+00:00,200,1586.64,
2026-09-11T18:16:07.641577+00:00,200,4211.22,
2026-09-11T18:16:03.067766+00:00,200,8789.02,
2026-09-11T18:16:08.468985+00:00,200,3415.86,
2026-09-11T18:16:07.362722+00:00,200,4540.99,
2026-09-11T18:16:07.222483+00:00,200,4690.42,
2026-09-11T18:16:07.417566+00:00,200,4501.82,
2026-09-11T18:16:08.553339+00:00,200,3369.3,
2026-09-11T18:16:08.643669+00:00,200,3281.55,
2026-09-11T18:16:09.828952+00:00,200,2119.1,
2026-09-11T18:16:08.890126+00:00,200,3066.28,
2026-09-11T18:16:10.098405+00:00,200,1879.69,
2026-09-11T18:16:09.340842+00:00,200,2648.59,
2026-09-11T18:16:11.819977+00:00,200,179.61,
2026-09-11T18:16:08.904676+00:00,200,3111.01,
2026-09-11T18:16:08.811184+00:00,200,3216.01,
2026-09-11T18:16:08.657457+00:00,200,3371.46,
2026-09-11T18:16:04.789346+00:00,200,7265.69,
2026-09-11T18:16:10.490497+00:00,200,1570.01,
2026-09-11T18:16:03.644107+00:00,200,8420.98,
2026-09-11T18:16:06.601998+00:00,200,5465.62,
2026-09-11T18:16:09.539806+00:00,200,2534.76,
2026-09-11T18:16:09.444016+00:00,200,2656.61,
2026-09-11T18:16:10.437584+00:00,200,1670.01,
2026-09-11T18:16:02.055519+00:00,200,10053.64,
2026-09-11T18:16:03.750707+00:00,200,8364.69,
2026-09-11T18:16:10.753971+00:00,200,1370.41,
2026-09-11T18:16:07.817477+00:00,200,4325.23,
2026-09-11T18:16:06.074019+00:00,200,6086.46,
2026-09-11T18:16:11.828649+00:00,200,341.14,
2026-09-11T18:16:10.379051+00:00,200,1793.5,
2026-09-11T18:16:07.445350+00:00,200,4761.79,
2026-09-11T18:16:09.074931+00:00,200,3145.03,
2026-09-11T18:16:07.827983+00:00,200,4405.48,
2026-09-11T18:16:11.390978+00:00,200,849.56,
2026-09-11T18:16:11.432238+00:00,200,811.53,
2026-09-11T18:16:11.626325+00:00,200,627.9,
2026-09-11T18:16:11.648531+00:00,200,608.59,
2026-09-11T18:16:09.893661+00:00,200,2423.58,
2026-09-11T18:16:09.684582+00:00,200,2648.29,
2026-09-11T18:16:10.044225+00:00,200,2316.97,
2026-09-11T18:16:09.347026+00:00,200,3017.12,
2026-09-11T18:16:07.699526+00:00,200,4666.69,
2026-09-11T18:16:06.148859+00:00,200,6221.2,
2026-09-11T18:16:06.190099+00:00,200,6189.86,
2026-09-11T18:16:09.042190+00:00,200,3342.24,
2026-09-11T18:16:11.478934+00:00,200,909.87,
2026-09-11T18:16:09.847037+00:00,200,2552.75,
2026-09-11T18:16:07.509722+00:00,200,4891.77,
2026-09-11T18:16:12.089099+00:00,200,316.98,
2026-09-11T18:16:11.209062+00:00,200,1198.74,
2026-09-11T18:16:11.176800+00:00,200,1233.64,
2026-09-11T18:16:09.306754+00:00,200,3106.95,
2026-09-11T18:15:59.117702+00:00,200,13305.32,
2026-09-11T18:16:08.980365+00:00,200,3468.84,
2026-09-11T18:16:10.514811+00:00,200,1959.56,
2026-09-11T18:16:11.452328+00:00,200,1032.28,
2026-09-11T18:16:07.674059+00:00,200,4844.35,
2026-09-11T18:16:12.055046+00:00,200,472.73,
2026-09-11T18:16:10.282138+00:00,200,2266.84,
2026-09-11T18:16:07.713591+00:00,200,4843.78,
2026-09-11T18:16:07.115546+00:00,200,5447.14,
2026-09-11T18:16:07.499543+00:00,200,5069.66,
2026-09-11T18:16:11.678758+00:00,200,896.95,
2026-09-11T18:16:07.380820+00:00,200,5203.88,
2026-09-11T18:16:08.132193+00:00,200,4454.36,
2026-09-11T18:16:11.131985+00:00,200,1487.36,
2026-09-11T18:16:09.628640+00:00,200,2998.15,
2026-09-11T18:16:06.362980+00:00,200,6265.55,
2026-09-11T18:16:08.550219+00:00,200,4088.63,
2026-09-11T18:16:11.654868+00:00,200,985.67,
2026-09-11T18:16:02.409743+00:00,200,10241.56,
2026-09-11T18:16:10.858892+00:00,200,1800.66,
2026-09-11T18:16:05.571089+00:00,200,7116.88,
2026-09-11T18:16:02.621647+00:00,200,10074.12,
2026-09-11T18:16:07.219457+00:00,200,5494.38,
2026-09-11T18:16:03.610859+00:00,200,9181.44,
2026-09-11T18:16:09.079982+00:00,200,3719.44,
2026-09-11T18:16:10.831828+00:00,200,1969.5,
2026-09-11T18:16:09.784930+00:00,200,3018.2,
2026-09-11T18:16:01.628087+00:00,200,11180.68,
2026-09-11T18:16:02.875785+00:00,200,9941.28,
2026-09-11T18:16:04.190268+00:00,200,8635.54,
2026-09-11T18:16:05.944373+00:00,200,6883.42,
2026-09-11T18:16:07.887384+00:00,200,4946.78,
2026-09-11T18:16:06.803318+00:00,200,6038.32,
2026-09-11T18:16:08.210081+00:00,200,4641.07,
2026-09-11T18:16:06.725437+00:00,200,6130.89,
2026-09-11T18:16:09.534500+00:00,200,3343.9,
2026-09-11T18:16:04.057477+00:00,200,8825.16,
2026-09-11T18:16:07.035910+00:00,200,5858.5,
2026-09-11T18:16:06.771025+00:00,200,6126.93,
2026-09-11T18:16:11.773023+00:00,200,1157.45,
2026-09-11T18:16:08.404839+00:00,200,4527.33,
2026-09-11T18:16:08.829765+00:00,200,4104.4,
2026-09-11T18:16:08.501524+00:00,200,4460.48,
2026-09-11T18:16:06.014315+00:00,200,6949.49,
2026-09-11T18:16:12.799434+00:00,200,166.02,
2026-09-11T18:16:11.142971+00:00,200,1837.71,
2026-09-11T18:16:12.060513+00:00,200,922.51,
2026-09-11T18:16:04.417627+00:00,200,8579.4,
2026-09-11T18:16:08.492586+00:00,200,4528.5,
2026-09-11T18:16:11.912919+00:00,200,1131.64,
2026-09-11T18:16:08.846019+00:00,200,4200.86,
2026-09-11T18:16:08.518564+00:00,200,4541.51,
2026-09-11T18:16:09.780536+00:00,200,3324.99,
2026-09-11T18:16:10.193396+00:00,200,2913.93,
2026-09-11T18:16:08.878743+00:00,200,4234.82,
2026-09-11T18:16:10.724069+00:00,200,2394.5,
2026-09-11T18:16:12.962022+00:00,200,163.74,
2026-09-11T18:16:01.969058+00:00,200,11160.7,
2026-09-11T18:16:05.555283+00:00,200,7589.36,
2026-09-11T18:16:12.965461+00:00,200,180.77,
2026-09-11T18:16:09.297942+00:00,200,3864.42,
2026-09-11T18:16:11.413315+00:00,200,1759.03,
2026-09-11T18:16:09.717859+00:00,200,3467.65,
2026-09-11T18:16:10.553155+00:00,200,2641.08,
2026-09-11T18:16:04.025477+00:00,200,9174.54,
2026-09-11T18:16:11.831131+00:00,200,1424.31,
2026-09-11T18:16:09.034473+00:00,200,4223.49,
2026-09-11T18:16:07.947266+00:00,200,5327.52,
2026-09-11T18:16:10.247675+00:00,200,3028.77,
2026-09-11T18:16:11.384995+00:00,200,1896.44,
2026-09-11T18:16:09.261828+00:00,200,4031.03,
2026-09-11T18:16:09.218033+00:00,200,4101.89,
2026-09-11T18:16:01.358078+00:00,200,11966.22,
2026-09-11T18:16:10.852557+00:00,200,2500.0,
2026-09-11T18:16:07.964386+00:00,200,5391.49,
2026-09-11T18:16:10.897722+00:00,200,2463.34,
2026-09-11T18:16:07.525125+00:00,200,5838.82,
2026-09-11T18:16:01.882894+00:00,200,11505.64,
2026-09-11T18:16:04.335165+00:00,200,9104.81,
2026-09-11T18:16:07.305734+00:00,200,6138.03,
2026-09-11T18:16:07.867839+00:00,200,5590.29,
2026-09-11T18:16:11.817511+00:00,200,1644.99,
2026-09-11T18:16:06.329209+00:00,200,7142.63,
2026-09-11T18:16:07.573337+00:00,200,5900.96,
2026-09-11T18:16:07.597206+00:00,200,5881.37,
2026-09-11T18:16:04.958082+00:00,200,8540.54,
2026-09-11T18:16:12.169803+00:00,200,1331.59,
2026-09-11T18:16:08.842504+00:00,200,4669.61,
2026-09-11T18:16:04.042510+00:00,200,9490.13,
2026-09-11T18:16:12.004168+00:00,200,1529.95,
2026-09-11T18:16:00.639128+00:00,200,12919.76,
2026-09-11T18:16:10.183683+00:00,200,3378.4,
2026-09-11T18:16:04.134509+00:00,200,9450.61,
2026-09-11T18:16:06.124344+00:00,200,7462.09,
2026-09-11T18:16:04.970459+00:00,200,8626.18,
2026-09-11T18:16:09.778655+00:00,200,3820.16,
2026-09-11T18:16:08.633190+00:00,200,4986.06,
2026-09-11T18:16:11.693141+00:00,200,1928.46,
2026-09-11T18:16:12.370067+00:00,200,1266.82,
2026-09-11T18:16:07.599148+00:00,200,6060.47,
2026-09-11T18:16:07.719123+00:00,200,5941.84,
2026-09-11T18:16:08.639366+00:00,200,5023.61,
2026-09-11T18:16:08.253020+00:00,200,5419.0,
2026-09-11T18:16:06.921255+00:00,200,6752.05,
2026-09-11T18:16:08.336714+00:00,200,5339.07,
2026-09-11T18:16:10.504102+00:00,200,3180.26,
2026-09-11T18:16:05.698391+00:00,200,7993.43,
2026-09-11T18:16:09.082737+00:00,200,4619.61,
2026-09-11T18:16:06.734654+00:00,200,6969.69,
2026-09-11T18:16:06.336635+00:00,200,7373.06,
2026-09-11T18:16:07.779197+00:00,200,5939.66,
2026-09-11T18:16:12.746785+00:00,200,989.51,
2026-09-11T18:16:09.310250+00:00,200,4432.45,
2026-09-11T18:16:09.502374+00:00,200,4242.99,
2026-09-11T18:16:08.486773+00:00,200,5260.27,
2026-09-11T18:16:12.634109+00:00,200,1139.92,
2026-09-11T18:16:09.770038+00:00,200,4005.09,
2026-09-11T18:16:12.856334+00:00,200,935.8,
2026-09-11T18:16:10.982934+00:00,200,2816.27,
2026-09-11T18:16:04.827060+00:00,200,8981.53,
2026-09-11T18:16:12.695784+00:00,200,1121.51,
2026-09-11T18:16:08.611368+00:00,200,5231.05,
2026-09-11T18:16:11.157163+00:00,200,2702.57,
2026-09-11T18:16:12.827801+00:00,200,1039.86,
2026-09-11T18:16:08.459321+00:00,200,5412.96,
2026-09-11T18:16:07.108994+00:00,200,6777.59,
2026-09-11T18:16:11.540613+00:00,200,2357.39,
2026-09-11T18:16:13.774037+00:00,200,126.46,
2026-09-11T18:16:03.845050+00:00,200,10056.98,
2026-09-11T18:16:12.384440+00:00,200,1525.28,
2026-09-11T18:16:12.124397+00:00,200,1787.69,
2026-09-11T18:16:11.497000+00:00,200,2419.96,
2026-09-11T18:16:11.416616+00:00,200,2508.76,
2026-09-11T18:16:09.088875+00:00,200,4842.12,
2026-09-11T18:16:12.100637+00:00,200,1857.41,
2026-09-11T18:16:12.569210+00:00,200,1395.88,
2026-09-11T18:16:09.086151+00:00,200,4885.63,
2026-09-11T18:16:10.235804+00:00,200,3738.12,
2026-09-11T18:16:10.885210+00:00,200,3091.89,
2026-09-11T18:16:12.015696+00:00,200,1962.63,
2026-09-11T18:16:11.043133+00:00,200,2942.82,
2026-09-11T18:16:12.207153+00:00,200,1781.45,
2026-09-11T18:16:05.430528+00:00,200,8563.05,
2026-09-11T18:16:11.623754+00:00,200,2395.24,
2026-09-11T18:16:12.801333+00:00,200,1261.47,
2026-09-11T18:16:06.273468+00:00,200,7798.05,
2026-09-11T18:16:09.723059+00:00,200,4351.16,
2026-09-11T18:16:08.012250+00:00,200,6089.57,
2026-09-11T18:16:12.243772+00:00,200,1861.48,
2026-09-11T18:16:11.785653+00:00,200,2333.28,
2026-09-11T18:16:07.645143+00:00,200,6494.08,
2026-09-11T18:16:10.076576+00:00,200,4070.24,
2026-09-11T18:16:13.129762+00:00,200,1018.26,
2026-09-11T18:16:10.465540+00:00,200,3683.6,
2026-09-11T18:16:12.854094+00:00,200,1296.08,
2026-09-11T18:16:11.847261+00:00,200,2304.01,
2026-09-11T18:16:13.971794+00:00,200,190.24,
2026-09-11T18:16:11.084593+00:00,200,3080.19,
2026-09-11T18:16:09.959777+00:00,200,4210.09,
2026-09-11T18:16:10.284094+00:00,200,3891.0,
2026-09-11T18:16:10.889661+00:00,200,3286.74,
2026-09-11T18:16:13.471847+00:00,200,705.94,
2026-09-11T18:16:13.046889+00:00,200,1132.28,
2026-09-11T18:16:11.794797+00:00,200,2385.76,
2026-09-11T18:16:06.617116+00:00,200,7564.78,
2026-09-11T18:16:04.349637+00:00,200,9837.11,
2026-09-11T18:16:10.532307+00:00,200,3664.65,
2026-09-11T18:16:10.195272+00:00,200,4003.34,
2026-09-11T18:16:09.570879+00:00,200,4631.11,
2026-09-11T18:16:12.808772+00:00,200,1418.01,
2026-09-11T18:16:06.168142+00:00,200,8060.74,
2026-09-11T18:16:12.361206+00:00,200,1872.32,
2026-09-11T18:16:13.512127+00:00,200,729.17,
2026-09-11T18:16:14.062821+00:00,200,193.23,
2026-09-11T18:16:10.346258+00:00,200,3912.37,
2026-09-11T18:16:11.035327+00:00,200,3244.07,
2026-09-11T18:16:07.458498+00:00,200,6832.73,
2026-09-11T18:16:12.930489+00:00,200,1364.24,
2026-09-11T18:16:13.736312+00:00,200,569.29,
2026-09-11T18:16:08.649911+00:00,200,5657.96,
2026-09-11T18:16:12.413708+00:00,200,1913.87,
2026-09-11T18:16:13.977110+00:00,200,352.66,
2026-09-11T18:16:12.619361+00:00,200,1735.36,
2026-09-11T18:16:08.485450+00:00,200,5905.4,
2026-09-11T18:16:11.755601+00:00,200,2643.15,
2026-09-11T18:16:12.474393+00:00,200,1927.83,
2026-09-11T18:16:10.278650+00:00,200,4136.25,
2026-09-11T18:16:07.821831+00:00,200,6596.9,
2026-09-11T18:16:08.524169+00:00,200,5900.16,
2026-09-11T18:16:09.794350+00:00,200,4643.1,
2026-09-11T18:16:12.406102+00:00,200,2034.48,
2026-09-11T18:16:07.957879+00:00,200,6486.36,
2026-09-11T18:16:04.158754+00:00,200,10291.27,
2026-09-11T18:16:14.291248+00:00,200,172.26,
2026-09-11T18:16:08.834396+00:00,200,5636.51,
2026-09-11T18:16:07.057000+00:00,200,7416.22,
2026-09-11T18:16:11.570726+00:00,200,2906.64,
2026-09-11T18:16:13.867672+00:00,200,620.37,
2026-09-11T18:16:11.956421+00:00,200,2557.7,
2026-09-11T18:16:07.810232+00:00,200,6710.06,
2026-09-11T18:16:13.983058+00:00,200,542.25,
2026-09-11T18:16:14.354727+00:00,200,175.02,
2026-09-11T18:16:06.796324+00:00,200,7755.6,
2026-09-11T18:16:06.972184+00:00,200,7586.53,
2026-09-11T18:16:13.281444+00:00,200,1278.71,
2026-09-11T18:16:13.596652+00:00,200,967.2,
2026-09-11T18:16:11.642724+00:00,200,2932.84,
2026-09-11T18:16:07.455478+00:00,200,7137.26,
2026-09-11T18:15:57.283132+00:00,200,17311.97,
2026-09-11T18:16:07.012564+00:00,200,7590.38,
2026-09-11T18:16:10.809199+00:00,200,3801.56,
2026-09-11T18:16:11.903731+00:00,200,2721.75,
2026-09-11T18:16:09.028057+00:00,200,5618.61,
2026-09-11T18:15:57.641901+00:00,200,17024.12,
2026-09-11T18:16:02.469369+00:00,200,12211.33,
2026-09-11T18:16:14.074236+00:00,200,618.84,
2026-09-11T18:16:07.626465+00:00,200,7075.17,
2026-09-11T18:16:12.651316+00:00,200,2052.21,
2026-09-11T18:16:13.817307+00:00,200,891.8,
2026-09-11T18:15:56.682389+00:00,200,18028.89,
2026-09-11T18:16:04.642286+00:00,200,10070.64,
2026-09-11T18:16:14.162043+00:00,200,557.29,
2026-09-11T18:16:06.687163+00:00,200,8072.79,
2026-09-11T18:16:14.610771+00:00,200,165.92,
2026-09-11T18:16:13.978334+00:00,200,829.98,
2026-09-11T18:16:09.247674+00:00,200,5566.18,
2026-09-11T18:16:11.097935+00:00,200,3722.31,
2026-09-11T18:16:14.305615+00:00,200,522.85,
2026-09-11T18:16:14.666035+00:00,200,165.76,
2026-09-11T18:16:11.934152+00:00,200,2900.48,
2026-09-11T18:16:07.289089+00:00,200,7558.4,
2026-09-11T18:16:12.945086+00:00,200,1905.37,
2026-09-11T18:16:10.948292+00:00,200,3904.59,
2026-09-11T18:16:06.195440+00:00,200,8665.03,
2026-09-11T18:16:13.790654+00:00,200,1112.79,
2026-09-11T18:16:09.787441+00:00,200,5126.07,
2026-09-11T18:16:13.586442+00:00,200,1343.49,
2026-09-11T18:16:11.101331+00:00,200,3839.89,
2026-09-11T18:16:09.651564+00:00,200,5292.28,
2026-09-11T18:16:12.590487+00:00,200,2358.88,
2026-09-11T18:16:08.071994+00:00,200,6893.51,
2026-09-11T18:16:06.153221+00:00,200,8813.81,
2026-09-11T18:16:05.860955+00:00,200,9108.27,
2026-09-11T18:16:14.169871+00:00,200,801.3,
2026-09-11T18:16:14.808327+00:00,200,173.26,
2026-09-11T18:16:14.813861+00:00,200,174.25,
2026-09-11T18:16:09.749552+00:00,200,5252.99,
2026-09-11T18:16:12.659565+00:00,200,2359.33,
2026-09-11T18:16:14.151278+00:00,200,872.07,
2026-09-11T18:16:08.289700+00:00,200,6739.19,
2026-09-11T18:16:03.717495+00:00,200,11341.71,
2026-09-11T18:16:11.423688+00:00,200,3648.0,
2026-09-11T18:16:03.273714+00:00,200,11800.64,
2026-09-11T18:16:05.109285+00:00,200,9970.87,
2026-09-11T18:16:10.343124+00:00,200,4770.43,
2026-09-11T18:16:06.512387+00:00,200,8603.75,
2026-09-11T18:16:09.996090+00:00,200,5146.03,
2026-09-11T18:16:00.650646+00:00,200,14495.1,
2026-09-11T18:16:12.484623+00:00,200,2665.15,
2026-09-11T18:16:14.398757+00:00,200,755.45,
2026-09-11T18:16:10.882716+00:00,200,4280.35,
2026-09-11T18:16:14.949375+00:00,200,219.34,
2026-09-11T18:16:10.402909+00:00,200,4836.8,
2026-09-11T18:16:14.179180+00:00,200,1062.69,
2026-09-11T18:16:13.792145+00:00,200,1457.65,
2026-09-11T18:16:13.458140+00:00,200,1793.94,
2026-09-11T18:16:06.188644+00:00,200,9069.06,
2026-09-11T18:16:08.839471+00:00,200,6419.68,
2026-09-11T18:16:11.989447+00:00,200,3283.77,
2026-09-11T18:16:10.746307+00:00,200,4530.53,
2026-09-11T18:16:03.018639+00:00,200,12269.73,
2026-09-11T18:16:11.856796+00:00,200,3441.8,
2026-09-11T18:16:12.640545+00:00,200,2683.5,
2026-09-11T18:16:13.675789+00:00,200,1654.43,
2026-09-11T18:16:11.182123+00:00,200,4159.91,
2026-09-11T18:16:14.828475+00:00,200,525.66,
2026-09-11T18:16:11.845578+00:00,200,3511.35,
2026-09-11T18:16:14.294740+00:00,200,1065.75,
2026-09-11T18:16:12.065094+00:00,200,3296.81,
2026-09-11T18:16:13.742708+00:00,200,1630.98,
2026-09-11T18:16:13.201056+00:00,200,2174.61,
2026-09-11T18:16:11.849909+00:00,200,3531.36,
2026-09-11T18:16:08.444062+00:00,200,6956.15,
2026-09-11T18:16:11.307237+00:00,200,4125.4,
2026-09-11T18:16:14.226798+00:00,200,1213.15,
2026-09-11T18:16:11.448325+00:00,200,4002.44,
2026-09-11T18:16:05.481171+00:00,200,9988.09,
2026-09-11T18:16:04.520761+00:00,200,10949.98,
2026-09-11T18:16:14.961436+00:00,200,521.13,
2026-09-11T18:16:14.881566+00:00,200,603.27,
2026-09-11T18:16:09.402892+00:00,200,6095.16,
2026-09-11T18:16:12.364161+00:00,200,3136.98,
2026-09-11T18:16:14.300969+00:00,200,1209.92,
2026-09-11T18:16:13.388555+00:00,200,2146.07,
2026-09-11T18:16:06.141314+00:00,200,9410.13,
2026-09-11T18:16:15.002565+00:00,200,557.76,
2026-09-11T18:16:06.751545+00:00,200,8811.09,
2026-09-11T18:16:01.471885+00:00,200,14105.63,
2026-09-11T18:16:06.414227+00:00,200,9165.66,
2026-09-11T18:16:15.439953+00:00,200,157.55,
2026-09-11T18:16:08.343860+00:00,200,7264.28,
2026-09-11T18:16:04.889576+00:00,200,10720.99,
2026-09-11T18:16:11.019671+00:00,200,4592.44,
2026-09-11T18:16:15.432656+00:00,200,185.39,
2026-09-11T18:16:11.441014+00:00,200,4195.51,
2026-09-11T18:16:11.517635+00:00,200,4155.4,
2026-09-11T18:16:14.233530+00:00,200,1451.08,
2026-09-11T18:16:08.274469+00:00,200,7424.42,
2026-09-11T18:16:12.527788+00:00,200,3180.16,
2026-09-11T18:16:11.884861+00:00,200,3832.92,
2026-09-11T18:16:07.074220+00:00,200,8645.26,
2026-09-11T18:16:15.212744+00:00,200,519.99,
2026-09-11T18:16:09.124751+00:00,200,6616.63,
2026-09-11T18:16:06.820303+00:00,200,8928.07,
2026-09-11T18:16:06.701911+00:00,200,9052.7,
2026-09-11T18:16:13.081624+00:00,200,2680.69,
2026-09-11T18:16:14.712933+00:00,200,1056.01,
2026-09-11T18:16:13.745374+00:00,200,2029.4,
2026-09-11T18:16:13.662986+00:00,200,2115.17,
2026-09-11T18:16:15.608158+00:00,200,176.01,
2026-09-11T18:16:10.108220+00:00,200,5709.41,
2026-09-11T18:16:06.220929+00:00,200,9608.36,
2026-09-11T18:16:10.389073+00:00,200,5453.42,
2026-09-11T18:16:13.105539+00:00,200,2743.08,
2026-09-11T18:16:09.546976+00:00,200,6309.33,
2026-09-11T18:16:11.705111+00:00,200,4190.85,
2026-09-11T18:16:12.687982+00:00,200,3210.81,
2026-09-11T18:16:12.988563+00:00,200,2913.29,
2026-09-11T18:16:12.401494+00:00,200,3502.28,
2026-09-11T18:16:07.046313+00:00,200,8858.93,
2026-09-11T18:16:15.741400+00:00,200,181.01,
2026-09-11T18:16:10.828691+00:00,200,5120.72,
2026-09-11T18:16:08.743227+00:00,200,7208.33,
2026-09-11T18:16:12.200856+00:00,200,3752.92,
2026-09-11T18:16:15.636552+00:00,200,318.68,
2026-09-11T18:16:12.626798+00:00,200,3346.72,
2026-09-11T18:16:11.088219+00:00,200,4906.18,
2026-09-11T18:16:15.104569+00:00,200,902.71,
2026-09-11T18:16:08.433538+00:00,200,7582.71,
2026-09-11T18:16:14.414910+00:00,200,1612.49,
2026-09-11T18:16:15.023367+00:00,200,1010.53,
2026-09-11T18:16:05.815296+00:00,200,10240.15,
2026-09-11T18:16:14.969232+00:00,200,1087.66,
2026-09-11T18:16:09.710912+00:00,200,6369.78,
2026-09-11T18:16:14.470920+00:00,200,1621.9,
2026-09-11T18:16:15.748382+00:00,200,347.51,
2026-09-11T18:16:14.148031+00:00,200,1967.48,
2026-09-11T18:16:12.997039+00:00,200,3141.16,
2026-09-11T18:16:08.558907+00:00,200,7597.63,
2026-09-11T18:16:13.060091+00:00,200,3101.37,
2026-09-11T18:16:14.525317+00:00,200,1642.42,
2026-09-11T18:16:12.219976+00:00,200,3953.94,
2026-09-11T18:16:14.241303+00:00,200,1934.77,
2026-09-11T18:16:13.680970+00:00,200,2496.76,
2026-09-11T18:16:14.279413+00:00,200,1916.44,
2026-09-11T18:16:07.788180+00:00,200,8423.93,
2026-09-11T18:16:16.033909+00:00,200,179.72,
2026-09-11T18:16:09.844665+00:00,200,6373.33,
2026-09-11T18:16:06.320490+00:00,200,9900.21,
2026-09-11T18:16:15.562647+00:00,200,664.88,
2026-09-11T18:16:00.941434+00:00,200,15289.43,
2026-09-11T18:16:15.145758+00:00,200,1090.54,
2026-09-11T18:16:09.927224+00:00,200,6340.63,
2026-09-11T18:15:59.634858+00:00,200,16643.39,
2026-09-11T18:16:14.514139+00:00,200,1766.86,
2026-09-11T18:16:10.232911+00:00,200,6057.02,
2026-09-11T18:16:14.529760+00:00,200,1778.43,
2026-09-11T18:16:12.449213+00:00,200,3860.31,
2026-09-11T18:16:15.360500+00:00,200,979.93,
2026-09-11T18:16:09.932181+00:00,200,6422.71,
2026-09-11T18:16:01.482475+00:00,200,14873.87,
2026-09-11T18:16:13.934435+00:00,200,2431.76,
2026-09-11T18:16:11.735128+00:00,200,4632.58,
2026-09-11T18:16:14.071541+00:00,200,2301.43,
2026-09-11T18:16:15.390322+00:00,200,991.53,
2026-09-11T18:16:05.214749+00:00,200,11176.27,
2026-09-11T18:16:09.814616+00:00,200,6578.63,
2026-09-11T18:16:01.418557+00:00,200,14991.15,
2026-09-11T18:16:10.751110+00:00,200,5679.51,
2026-09-11T18:16:05.110404+00:00,200,11327.6,
2026-09-11T18:16:09.414409+00:00,200,7034.03,
2026-09-11T18:16:12.028923+00:00,200,4435.4,
2026-09-11T18:16:12.342602+00:00,200,4144.77,
2026-09-11T18:16:10.598180+00:00,200,5904.39,
2026-09-11T18:16:14.852893+00:00,200,1660.28,
2026-09-11T18:16:14.541917+00:00,200,1977.25,
2026-09-11T18:16:12.391794+00:00,200,4128.82,
2026-09-11T18:16:09.484642+00:00,200,7050.36,
2026-09-11T18:16:14.130750+00:00,200,2414.61,
2026-09-11T18:16:12.562688+00:00,200,3988.43,
2026-09-11T18:16:13.148281+00:00,200,3405.95,
2026-09-11T18:16:15.257710+00:00,200,1320.56,
2026-09-11T18:16:15.149781+00:00,200,1432.02,
2026-09-11T18:16:15.673051+00:00,200,916.05,
2026-09-11T18:16:16.051671+00:00,200,538.97,
2026-09-11T18:16:03.993600+00:00,200,12600.14,
2026-09-11T18:16:07.621896+00:00,200,8979.11,
2026-09-11T18:16:13.827421+00:00,200,2794.06,
2026-09-11T18:16:15.895973+00:00,200,727.95,
2026-09-11T18:16:12.251727+00:00,200,4378.04,
2026-09-11T18:16:14.730400+00:00,200,1905.84,
2026-09-11T18:16:08.715066+00:00,200,7944.28,
2026-09-11T18:16:12.878418+00:00,200,3811.59,
2026-09-11T18:16:05.599566+00:00,200,11093.02,
2026-09-11T18:16:16.141512+00:00,200,564.05,
2026-09-11T18:16:08.170799+00:00,200,8537.16,
2026-09-11T18:16:15.330235+00:00,200,1384.73,
2026-09-11T18:16:13.691833+00:00,200,3024.57,
2026-09-11T18:16:15.774782+00:00,200,958.31,
2026-09-11T18:16:12.047502+00:00,200,4694.95,
2026-09-11T18:16:13.931004+00:00,200,2824.39,
2026-09-11T18:16:14.903466+00:00,200,1853.65,
2026-09-11T18:16:12.109165+00:00,200,4667.78,
2026-09-11T18:16:13.585129+00:00,200,3194.19,
2026-09-11T18:16:16.493212+00:00,200,289.45,
2026-09-11T18:16:14.791737+00:00,200,1993.37,
2026-09-11T18:16:13.973937+00:00,200,2821.61,
2026-09-11T18:16:08.776546+00:00,200,8025.27,
2026-09-11T18:15:59.607744+00:00,200,17197.02,
2026-09-11T18:16:13.659637+00:00,200,3151.63,
2026-09-11T18:16:16.690025+00:00,200,136.7,
2026-09-11T18:16:13.886592+00:00,200,2965.41,
2026-09-11T18:16:14.693089+00:00,200,2165.01,
2026-09-11T18:16:16.731377+00:00,200,135.06,
2026-09-11T18:16:15.354138+00:00,200,1519.73,
2026-09-11T18:16:13.808600+00:00,200,3071.69,
2026-09-11T18:16:10.551306+00:00,200,6349.55,
2026-09-11T18:16:02.573477+00:00,200,14332.12,
2026-09-11T18:16:02.189693+00:00,200,14723.26,
2026-09-11T18:16:12.803134+00:00,200,4111.37,
2026-09-11T18:15:57.214268+00:00,200,19706.78,
2026-09-11T18:16:01.683696+00:00,200,15252.12,
2026-09-11T18:16:07.853516+00:00,200,9090.31,
2026-09-11T18:16:14.186754+00:00,200,2797.6,
2026-09-11T18:16:16.230874+00:00,200,768.85,
2026-09-11T18:16:13.985965+00:00,200,3045.61,
2026-09-11T18:16:12.134307+00:00,200,4907.11,
2026-09-11T18:16:16.826741+00:00,200,220.84,
2026-09-11T18:16:09.240433+00:00,200,7812.35,
2026-09-11T18:16:14.450026+00:00,200,2607.76,
2026-09-11T18:16:16.900874+00:00,200,162.43,
2026-09-11T18:16:16.716413+00:00,200,359.59,
2026-09-11T18:16:16.935833+00:00,200,173.7,
2026-09-11T18:16:10.621152+00:00,200,6499.91,
2026-09-11T18:16:16.659358+00:00,200,473.15,
2026-09-11T18:16:14.149145+00:00,200,2991.13,
2026-09-11T18:16:10.386634+00:00,200,6769.42,
2026-09-11T18:16:16.308201+00:00,200,850.48,
2026-09-11T18:16:11.852799+00:00,200,5310.85,
2026-09-11T18:16:06.934234+00:00,200,10238.92,
2026-09-11T18:16:13.898011+00:00,200,3285.5,
2026-09-11T18:16:05.605482+00:00,200,11585.81,
2026-09-11T18:16:13.200026+00:00,200,3993.96,
2026-09-11T18:16:15.154210+00:00,200,2043.19,
2026-09-11T18:16:15.618054+00:00,200,1582.56,
2026-09-11T18:16:11.436002+00:00,200,5769.82,
2026-09-11T18:16:15.324063+00:00,200,1897.76,
2026-09-11T18:16:12.298947+00:00,200,4926.76,
2026-09-11T18:16:09.422333+00:00,200,7818.1,
2026-09-11T18:16:11.689409+00:00,200,5574.62,
2026-09-11T18:16:12.805911+00:00,200,4552.71,
2026-09-11T18:16:14.551936+00:00,200,2820.64,
2026-09-11T18:16:11.346234+00:00,200,6030.65,
2026-09-11T18:16:16.445809+00:00,200,932.72,
2026-09-11T18:16:13.362076+00:00,200,4020.46,
2026-09-11T18:16:06.996348+00:00,200,10388.93,
2026-09-11T18:16:16.367712+00:00,200,1027.55,
2026-09-11T18:16:14.703539+00:00,200,2706.84,
2026-09-11T18:16:12.983035+00:00,200,4436.49,
2026-09-11T18:16:12.980689+00:00,200,4455.03,
2026-09-11T18:16:10.607443+00:00,200,6830.97,
2026-09-11T18:16:07.181661+00:00,200,10268.96,
2026-09-11T18:16:15.482577+00:00,200,2004.64,
2026-09-11T18:16:13.413569+00:00,200,4075.87,
2026-09-11T18:16:16.409722+00:00,200,1099.17,
2026-09-11T18:16:09.530077+00:00,200,7981.45,
2026-09-11T18:16:08.100212+00:00,200,9437.9,
2026-09-11T18:16:05.211934+00:00,200,12344.13,
2026-09-11T18:16:12.233471+00:00,200,5324.15,
2026-09-11T18:16:13.842435+00:00,200,3723.27,
2026-09-11T18:16:16.000059+00:00,200,1569.79,
2026-09-11T18:16:10.807506+00:00,200,6765.9,
2026-09-11T18:16:13.925389+00:00,200,3659.59,
2026-09-11T18:16:07.140879+00:00,200,10452.59,
2026-09-11T18:16:05.239960+00:00,200,12360.46,
2026-09-11T18:16:15.548901+00:00,200,2059.04,
2026-09-11T18:16:15.592508+00:00,200,2023.64,
2026-09-11T18:16:06.147069+00:00,200,11473.87,
2026-09-11T18:16:10.414925+00:00,200,7213.06,
2026-09-11T18:16:13.534939+00:00,200,4116.24,
2026-09-11T18:16:15.273220+00:00,200,2400.67,
2026-09-11T18:16:14.967034+00:00,200,2713.26,
2026-09-11T18:16:13.276449+00:00,200,4453.24,
2026-09-11T18:16:03.123364+00:00,200,14608.93,
2026-09-11T18:16:17.181514+00:00,200,559.12,
2026-09-11T18:16:05.143613+00:00,200,12599.36,
2026-09-11T18:16:15.450775+00:00,200,2304.16,
2026-09-11T18:16:12.713848+00:00,200,5044.65,
2026-09-11T18:16:07.517019+00:00,200,10254.85,
2026-09-11T18:16:13.125768+00:00,200,4663.4,
2026-09-11T18:16:10.083076+00:00,200,7710.83,
2026-09-11T18:16:16.590648+00:00,200,1210.25,
2026-09-11T18:16:11.455718+00:00,200,6347.2,
2026-09-11T18:16:13.883282+00:00,200,3925.39,
2026-09-11T18:16:15.470749+00:00,200,2379.08,
2026-09-11T18:16:07.590419+00:00,200,10262.0,
2026-09-11T18:16:13.443773+00:00,200,4410.2,
2026-09-11T18:16:14.463516+00:00,200,3416.5,
2026-09-11T18:16:13.912091+00:00,200,3999.32,
2026-09-11T18:16:02.179041+00:00,200,15739.5,
2026-09-11T18:16:16.551129+00:00,200,1371.46,
2026-09-11T18:16:09.280896+00:00,200,8644.29,
2026-09-11T18:16:15.973523+00:00,200,1976.77,
2026-09-11T18:16:17.643798+00:00,200,309.82,
2026-09-11T18:16:14.118942+00:00,200,3837.03,
2026-09-11T18:16:12.107603+00:00,200,5849.84,
2026-09-11T18:16:14.092099+00:00,200,3896.18,
2026-09-11T18:16:14.646680+00:00,200,3359.55,
2026-09-11T18:16:14.444252+00:00,200,3567.58,
2026-09-11T18:16:14.344094+00:00,200,3672.13,
2026-09-11T18:16:17.358651+00:00,200,663.67,
2026-09-11T18:16:09.510238+00:00,200,8513.79,
2026-09-11T18:16:14.196962+00:00,200,3841.14,
2026-09-11T18:16:15.381281+00:00,200,2663.09,
2026-09-11T18:16:14.019011+00:00,200,4031.58,
2026-09-11T18:16:10.118516+00:00,200,7939.5,
2026-09-11T18:16:15.168717+00:00,200,2918.68,
2026-09-11T18:16:02.328806+00:00,200,15765.03,
2026-09-11T18:16:14.488049+00:00,200,3608.72,
2026-09-11T18:16:09.573089+00:00,200,8526.96,
2026-09-11T18:16:08.522578+00:00,200,9603.37,
2026-09-11T18:16:16.366231+00:00,200,1778.49,
2026-09-11T18:16:17.029082+00:00,200,1124.5,
2026-09-11T18:16:10.873487+00:00,200,7288.1,
2026-09-11T18:16:00.017402+00:00,200,18148.04,
2026-09-11T18:16:15.994408+00:00,200,2177.48,
2026-09-11T18:16:14.860485+00:00,200,3314.34,
2026-09-11T18:16:17.191296+00:00,200,1002.64,
2026-09-11T18:16:10.990372+00:00,200,7223.12,
2026-09-11T18:16:17.876911+00:00,200,339.0,
2026-09-11T18:16:08.684215+00:00,200,9570.18,
2026-09-11T18:16:18.087415+00:00,200,174.4,
2026-09-11T18:16:13.113574+00:00,200,5158.22,
2026-09-11T18:16:15.400226+00:00,200,2893.84,
2026-09-11T18:16:13.902033+00:00,200,4393.97,
2026-09-11T18:16:06.624974+00:00,200,11677.38,
2026-09-11T18:16:07.184873+00:00,200,11120.28,
2026-09-11T18:16:18.125969+00:00,200,182.2,
2026-09-11T18:16:18.038116+00:00,200,271.55,
2026-09-11T18:16:08.925170+00:00,200,9388.26,
2026-09-11T18:16:15.951566+00:00,200,2375.01,
2026-09-11T18:16:14.836947+00:00,200,3495.98,
2026-09-11T18:16:07.891248+00:00,200,10449.03,
2026-09-11T18:16:16.309523+00:00,200,2053.83,
2026-09-11T18:16:17.840809+00:00,200,527.31,
2026-09-11T18:16:12.897965+00:00,200,5486.87,
2026-09-11T18:15:59.008863+00:00,200,19407.0,
2026-09-11T18:16:16.999740+00:00,200,1419.68,
2026-09-11T18:16:17.121079+00:00,200,1300.51,
2026-09-11T18:16:06.749914+00:00,200,11688.18,
2026-09-11T18:16:08.697483+00:00,200,9742.09,
2026-09-11T18:16:07.391363+00:00,200,11053.59,
2026-09-11T18:16:14.847503+00:00,200,3602.22,
2026-09-11T18:16:16.176086+00:00,200,2276.67,
2026-09-11T18:16:12.825822+00:00,200,5637.33,
2026-09-11T18:16:15.898800+00:00,200,2568.19,
2026-09-11T18:16:13.673310+00:00,200,4795.89,
2026-09-11T18:16:06.590923+00:00,200,11884.32,
2026-09-11T18:16:12.160494+00:00,200,6327.21,
2026-09-11T18:16:07.898883+00:00,200,10596.47,
2026-09-11T18:16:12.379966+00:00,200,6134.23,
2026-09-11T18:16:16.520621+00:00,200,2000.2,
2026-09-11T18:16:09.321147+00:00,200,9203.92,
2026-09-11T18:16:10.878010+00:00,200,7649.45,
2026-09-11T18:16:10.335899+00:00,200,8193.14,
2026-09-11T18:16:18.287188+00:00,200,277.12,
2026-09-11T18:16:12.548990+00:00,200,6019.38,
2026-09-11T18:16:13.355890+00:00,200,5214.01,
2026-09-11T18:16:12.834180+00:00,200,5746.8,
2026-09-11T18:16:13.044573+00:00,200,5538.01,
2026-09-11T18:16:15.754620+00:00,200,2842.94,
2026-09-11T18:16:15.356939+00:00,200,3243.8,
2026-09-11T18:16:14.563854+00:00,200,4053.83,
2026-09-11T18:16:16.937830+00:00,200,1698.28,
2026-09-11T18:16:10.361886+00:00,200,8293.77,
2026-09-11T18:16:15.239741+00:00,200,3417.53,
2026-09-11T18:16:17.076012+00:00,200,1585.97,
2026-09-11T18:16:17.090855+00:00,200,1573.43,
2026-09-11T18:16:14.228896+00:00,200,4439.85,
2026-09-11T18:16:16.372974+00:00,200,2325.36,
2026-09-11T18:16:08.409223+00:00,200,10303.19,
2026-09-11T18:16:11.460087+00:00,200,7273.27,
2026-09-11T18:16:09.537816+00:00,200,9205.61,
2026-09-11T18:16:08.379493+00:00,200,10372.28,
2026-09-11T18:16:17.953627+00:00,200,806.06,
2026-09-11T18:16:06.539259+00:00,200,12229.52,
2026-09-11T18:16:03.589971+00:00,200,15190.5,
2026-09-11T18:16:15.577531+00:00,200,3217.89,
2026-09-11T18:16:14.981596+00:00,200,3820.7,
2026-09-11T18:16:14.585525+00:00,200,4218.76,
2026-09-11T18:16:07.519974+00:00,200,11301.97,
2026-09-11T18:16:18.657277+00:00,200,168.94,
2026-09-11T18:16:15.241883+00:00,200,3591.94,
2026-09-11T18:16:14.709109+00:00,200,4130.66,
2026-09-11T18:16:16.177740+00:00,200,2673.2,
2026-09-11T18:16:13.619262+00:00,200,5258.84,
2026-09-11T18:16:17.511537+00:00,200,1373.8,
2026-09-11T18:16:18.050595+00:00,200,852.24,
2026-09-11T18:16:08.235699+00:00,200,10674.25,
2026-09-11T18:16:15.732746+00:00,200,3179.54,
2026-09-11T18:16:06.810437+00:00,200,12104.16,
2026-09-11T18:16:11.475912+00:00,200,7443.49,
2026-09-11T18:16:14.595106+00:00,200,4342.36,
2026-09-11T18:16:06.949245+00:00,200,12001.88,
2026-09-11T18:16:10.409647+00:00,200,8547.78,
2026-09-11T18:16:18.058030+00:00,200,904.4,
2026-09-11T18:16:17.600423+00:00,200,1365.98,
2026-09-11T18:16:18.405564+00:00,200,583.78,
2026-09-11T18:16:06.213917+00:00,200,12777.23,
2026-09-11T18:16:13.872282+00:00,200,5132.5,
2026-09-11T18:16:14.150180+00:00,200,4863.87,
2026-09-11T18:16:12.399796+00:00,200,6636.19,
2026-09-11T18:16:17.557628+00:00,200,1492.91,
2026-09-11T18:16:14.965527+00:00,200,4111.72,
2026-09-11T18:16:16.056900+00:00,200,3035.53,
2026-09-11T18:16:15.259156+00:00,200,3840.15,
2026-09-11T18:16:14.402223+00:00,200,4708.09,
2026-09-11T18:16:14.177791+00:00,200,4938.13,
2026-09-11T18:16:18.966415+00:00,200,153.15,
2026-09-11T18:16:18.989352+00:00,200,140.01,
2026-09-11T18:16:05.968852+00:00,200,13166.28,
2026-09-11T18:16:18.597574+00:00,200,543.31,
2026-09-11T18:16:16.914513+00:00,200,2232.57,
2026-09-11T18:16:05.466889+00:00,200,13689.85,
2026-09-11T18:16:05.862835+00:00,200,13302.98,
2026-09-11T18:16:04.588778+00:00,200,14591.44,
2026-09-11T18:16:19.036011+00:00,200,159.83,
2026-09-11T18:16:08.218693+00:00,200,10987.63,
2026-09-11T18:16:11.202588+00:00,200,8009.35,
2026-09-11T18:16:19.077262+00:00,200,148.58,
2026-09-11T18:16:18.712442+00:00,200,522.03,
2026-09-11T18:16:11.214066+00:00,200,8028.86,
2026-09-11T18:16:15.698926+00:00,200,3555.59,
2026-09-11T18:16:15.903781+00:00,200,3359.6,
2026-09-11T18:16:07.112718+00:00,200,12154.82,
2026-09-11T18:16:03.294533+00:00,200,15990.61,
2026-09-11T18:16:16.213636+00:00,200,3083.29,
2026-09-11T18:16:16.790379+00:00,200,2507.96,
2026-09-11T18:16:12.638855+00:00,200,6666.07,
2026-09-11T18:16:18.902858+00:00,200,403.52,
2026-09-11T18:16:09.472518+00:00,200,9839.81,
2026-09-11T18:16:16.858112+00:00,200,2473.23,
2026-09-11T18:16:14.101836+00:00,200,5240.36,
2026-09-11T18:16:18.620844+00:00,200,741.57,
2026-09-11T18:16:16.866453+00:00,200,2502.32,
2026-09-11T18:16:14.105268+00:00,200,5272.74,
2026-09-11T18:16:09.663871+00:00,200,9753.43,
2026-09-11T18:16:18.804293+00:00,200,614.79,
2026-09-11T18:16:19.140892+00:00,200,284.8,
2026-09-11T18:16:12.575714+00:00,200,6851.2,
2026-09-11T18:16:16.629780+00:00,200,2798.34,
2026-09-11T18:16:09.998498+00:00,200,9450.0,
2026-09-11T18:16:11.572586+00:00,200,7882.93,
2026-09-11T18:16:07.605964+00:00,200,11851.8,
2026-09-11T18:16:10.726897+00:00,200,8732.93,
2026-09-11T18:16:02.333072+00:00,200,17158.13,
2026-09-11T18:16:17.264049+00:00,200,2230.02,
2026-09-11T18:16:01.120057+00:00,200,18394.21,
2026-09-11T18:16:14.176405+00:00,200,5343.0,
2026-09-11T18:16:13.462508+00:00,200,6063.31,
2026-09-11T18:16:12.932179+00:00,200,6599.65,
2026-09-11T18:16:09.165204+00:00,200,10369.54,
2026-09-11T18:16:17.450632+00:00,200,2113.34,
2026-09-11T18:16:18.309667+00:00,200,1272.48,
2026-09-11T18:16:19.267541+00:00,200,328.33,
2026-09-11T18:16:17.225721+00:00,200,2378.23,
2026-09-11T18:16:17.880026+00:00,200,1728.77,
2026-09-11T18:16:18.384856+00:00,200,1226.14,
2026-09-11T18:16:17.197409+00:00,200,2422.38,
2026-09-11T18:16:18.850953+00:00,200,774.67,
2026-09-11T18:16:13.747053+00:00,200,5884.47,
2026-09-11T18:16:14.850459+00:00,200,4793.29,
2026-09-11T18:16:18.305163+00:00,200,1346.63,
2026-09-11T18:16:07.322848+00:00,200,12332.91,
2026-09-11T18:16:12.628534+00:00,200,7044.71,
2026-09-11T18:16:18.261827+00:00,200,1413.12,
2026-09-11T18:16:17.582153+00:00,200,2101.73,
2026-09-11T18:16:14.625495+00:00,200,5061.62,
2026-09-11T18:16:06.297964+00:00,200,13398.75,
2026-09-11T18:16:11.235658+00:00,200,8473.77,
2026-09-11T18:16:15.612123+00:00,200,4109.65,
2026-09-11T18:16:18.661993+00:00,200,1074.98,
2026-09-11T18:16:13.146240+00:00,200,6601.7,
2026-09-11T18:16:13.185525+00:00,200,6570.51,
2026-09-11T18:16:19.419094+00:00,200,352.74,
2026-09-11T18:16:10.944431+00:00,200,8833.68,
2026-09-11T18:16:17.780992+00:00,200,2000.12,
2026-09-11T18:16:01.262451+00:00,200,18523.88,
2026-09-11T18:16:14.139239+00:00,200,5664.99,
2026-09-11T18:16:18.664287+00:00,200,1145.58,
2026-09-11T18:16:07.379041+00:00,200,12432.6,
2026-09-11T18:16:18.887134+00:00,200,951.14,
2026-09-11T18:16:16.593747+00:00,200,3251.34,
2026-09-11T18:16:09.767444+00:00,200,10083.68,
2026-09-11T18:16:10.554754+00:00,200,9305.28,
2026-09-11T18:16:19.263395+00:00,200,602.78,
2026-09-11T18:16:08.548637+00:00,200,11332.49,
2026-09-11T18:16:19.771853+00:00,200,134.04,
2026-09-11T18:16:18.759695+00:00,200,1148.96,
2026-09-11T18:16:16.294190+00:00,200,3622.93,
2026-09-11T18:16:17.057797+00:00,200,2869.47,
2026-09-11T18:16:18.294077+00:00,200,1634.76,
2026-09-11T18:16:19.227737+00:00,200,704.85,
2026-09-11T18:16:18.676940+00:00,200,1261.4,
2026-09-11T18:16:10.482153+00:00,200,9458.97,
2026-09-11T18:16:19.362435+00:00,200,585.66,
2026-09-11T18:16:16.161471+00:00,200,3799.06,
2026-09-11T18:15:56.429985+00:00,200,23538.14,
2026-09-11T18:16:19.254525+00:00,200,714.78,
2026-09-11T18:16:14.447418+00:00,200,5524.69,
2026-09-11T18:16:07.259765+00:00,200,12730.99,
2026-09-11T18:16:19.211944+00:00,200,816.15,
2026-09-11T18:16:07.672003+00:00,200,12361.67,
2026-09-11T18:16:19.729064+00:00,200,313.39,
2026-09-11T18:16:10.996433+00:00,200,9051.0,
2026-09-11T18:16:16.245996+00:00,200,3817.89,
2026-09-11T18:16:18.088398+00:00,200,1976.61,
2026-09-11T18:16:15.842506+00:00,200,4227.84,
2026-09-11T18:16:11.999603+00:00,200,8081.9,
2026-09-11T18:16:08.913421+00:00,200,11175.73,
2026-09-11T18:16:16.173923+00:00,200,3918.43,
2026-09-11T18:16:18.885354+00:00,200,1211.59,
2026-09-11T18:16:19.050561+00:00,200,1058.93,
2026-09-11T18:16:02.082499+00:00,200,18037.23,
2026-09-11T18:16:14.256057+00:00,200,5870.79,
2026-09-11T18:16:15.579897+00:00,200,4548.95,
2026-09-11T18:16:16.714967+00:00,200,3429.51,
2026-09-11T18:16:11.659845+00:00,200,8505.62,
2026-09-11T18:16:14.820252+00:00,200,5347.67,
2026-09-11T18:16:18.006243+00:00,200,2174.54,
2026-09-11T18:16:17.410393+00:00,200,2781.17,
2026-09-11T18:16:19.425703+00:00,200,774.68,
2026-09-11T18:16:11.591912+00:00,200,8613.38,
2026-09-11T18:16:20.063904+00:00,200,144.12,
2026-09-11T18:16:05.317421+00:00,200,14892.16,
2026-09-11T18:16:11.978112+00:00,200,8235.88,
2026-09-11T18:16:17.245740+00:00,200,2973.34,
2026-09-11T18:16:17.483064+00:00,200,2753.98,
2026-09-11T18:16:15.510900+00:00,200,4746.97,
2026-09-11T18:16:16.707963+00:00,200,3577.46,
2026-09-11T18:16:17.221839+00:00,200,3066.97,
2026-09-11T18:16:10.992172+00:00,200,9301.27,
2026-09-11T18:16:13.319943+00:00,200,6981.13,
2026-09-11T18:16:19.119575+00:00,200,1186.59,
2026-09-11T18:16:19.037804+00:00,200,1278.69,
2026-09-11T18:16:11.263633+00:00,200,9053.93,
2026-09-11T18:16:08.551777+00:00,200,11776.13,
2026-09-11T18:16:18.828135+00:00,200,1501.59,
2026-09-11T18:16:13.916962+00:00,200,6418.26,
2026-09-11T18:16:17.620954+00:00,200,2716.3,
2026-09-11T18:16:17.939948+00:00,200,2399.2,
2026-09-11T18:16:11.005215+00:00,200,9353.47,
2026-09-11T18:16:18.586154+00:00,200,1779.61,
2026-09-11T18:16:14.630220+00:00,200,5739.32,
2026-09-11T18:16:20.237050+00:00,200,140.33,
2026-09-11T18:16:13.704358+00:00,200,6676.71,
2026-09-11T18:16:20.047444+00:00,200,336.71,
2026-09-11T18:16:16.785112+00:00,200,3627.9,
2026-09-11T18:16:18.833828+00:00,200,1581.81,
2026-09-11T18:16:19.721789+00:00,200,713.9,
2026-09-11T18:16:18.582593+00:00,200,1861.46,
2026-09-11T18:16:17.802929+00:00,200,2643.83,
2026-09-11T18:16:11.472577+00:00,200,8985.63,
2026-09-11T18:16:19.624314+00:00,200,849.19,
2026-09-11T18:16:13.632211+00:00,200,6852.13,
2026-09-11T18:16:12.894424+00:00,200,7594.5,
2026-09-11T18:16:07.124358+00:00,200,13372.3,
2026-09-11T18:16:04.514086+00:00,200,15984.54,
2026-09-11T18:16:10.905374+00:00,200,9594.92,
2026-09-11T18:16:19.811644+00:00,200,692.94,
2026-09-11T18:15:59.822869+00:00,200,20686.33,
2026-09-11T18:16:05.392012+00:00,200,15118.36,
2026-09-11T18:15:57.118654+00:00,200,23425.78,
2026-09-11T18:16:17.565712+00:00,200,2980.53,
2026-09-11T18:16:20.415692+00:00,200,133.0,
2026-09-11T18:16:19.322861+00:00,200,1242.25,
2026-09-11T18:16:17.047591+00:00,200,3520.62,
2026-09-11T18:16:19.129368+00:00,200,1446.03,
2026-09-11T18:16:16.095901+00:00,200,4484.56,
2026-09-11T18:16:12.257125+00:00,200,8348.51,
2026-09-11T18:16:05.358741+00:00,200,15256.31,
2026-09-11T18:16:06.309239+00:00,200,14309.48,
2026-09-11T18:16:19.428120+00:00,200,1193.39,
2026-09-11T18:16:18.093850+00:00,200,2531.43,
2026-09-11T18:16:11.256543+00:00,200,9381.58,
2026-09-11T18:16:15.361911+00:00,200,5279.22,
2026-09-11T18:16:10.317597+00:00,200,10328.31,
2026-09-11T18:16:19.643772+00:00,200,1010.43,
2026-09-11T18:16:13.684370+00:00,200,6971.16,
2026-09-11T18:16:20.288816+00:00,200,379.3,
2026-09-11T18:16:07.179296+00:00,200,13500.49,
2026-09-11T18:16:16.400281+00:00,200,4284.44,
2026-09-11T18:16:19.972115+00:00,200,730.74,
2026-09-11T18:16:18.368135+00:00,200,2339.82,
2026-09-11T18:16:17.918553+00:00,200,2797.16,
2026-09-11T18:16:19.092453+00:00,200,1630.94,
2026-09-11T18:16:19.582167+00:00,200,1150.85,
2026-09-11T18:16:20.615064+00:00,200,119.71,
2026-09-11T18:16:04.870133+00:00,200,15886.81,
2026-09-11T18:16:16.195865+00:00,200,4572.69,
2026-09-11T18:16:18.733374+00:00,200,2040.22,
2026-09-11T18:16:18.514216+00:00,200,2280.92,
2026-09-11T18:16:16.757127+00:00,200,4039.45,
2026-09-11T18:16:14.198616+00:00,200,6599.66,
2026-09-11T18:16:17.680301+00:00,200,3134.16,
2026-09-11T18:16:17.127065+00:00,200,3692.14,
2026-09-11T18:16:18.525080+00:00,200,2308.73,
2026-09-11T18:16:13.636897+00:00,200,7198.87,
2026-09-11T18:16:16.099732+00:00,200,4737.27,
2026-09-11T18:16:18.100056+00:00,200,2751.01,
2026-09-11T18:16:17.109553+00:00,200,3755.62,
2026-09-11T18:16:11.922645+00:00,200,8948.32,
2026-09-11T18:16:17.163663+00:00,200,3715.16,
2026-09-11T18:16:15.901868+00:00,200,4986.34,
2026-09-11T18:16:08.276726+00:00,200,12623.44,
2026-09-11T18:16:11.015587+00:00,200,9887.28,
2026-09-11T18:15:59.477648+00:00,200,21427.78,
2026-09-11T18:16:17.382546+00:00,200,3528.32,
2026-09-11T18:16:19.774808+00:00,200,1152.19,
2026-09-11T18:16:12.792319+00:00,200,8140.52,
2026-09-11T18:16:20.126856+00:00,200,812.66,
2026-09-11T18:16:17.376896+00:00,200,3570.61,
2026-09-11T18:16:19.494075+00:00,200,1461.42,
2026-09-11T18:16:17.758502+00:00,200,3206.84,
2026-09-11T18:16:13.709707+00:00,200,7268.4,
2026-09-11T18:16:20.209587+00:00,200,771.8,
2026-09-11T18:16:15.469274+00:00,200,5518.51,
2026-09-11T18:16:07.049314+00:00,200,13947.72,
2026-09-11T18:16:19.651815+00:00,200,1349.05,
2026-09-11T18:16:20.035672+00:00,200,967.08,
2026-09-11T18:16:20.865185+00:00,200,139.38,
2026-09-11T18:16:16.782671+00:00,200,4228.72,
2026-09-11T18:16:12.027208+00:00,200,9007.58,
2026-09-11T18:16:16.393251+00:00,200,4650.26,
2026-09-11T18:16:18.302357+00:00,200,2775.19,
2026-09-11T18:16:17.729709+00:00,200,3369.15,
2026-09-11T18:16:18.296013+00:00,200,2804.47,
2026-09-11T18:16:19.866180+00:00,200,1239.26,
2026-09-11T18:16:20.458217+00:00,200,648.86,
2026-09-11T18:16:20.339158+00:00,200,770.79,
2026-09-11T18:16:17.140282+00:00,200,3989.42,
2026-09-11T18:16:04.936183+00:00,200,16197.43,
2026-09-11T18:16:19.156753+00:00,200,1980.97,
2026-09-11T18:16:13.303851+00:00,200,7867.42,
2026-09-11T18:16:19.709442+00:00,200,1466.79,
2026-09-11T18:16:09.101713+00:00,200,12077.72,
2026-09-11T18:16:21.034802+00:00,200,153.71,
2026-09-11T18:16:16.623926+00:00,200,4570.18,
2026-09-11T18:16:13.582279+00:00,200,7624.41,
2026-09-11T18:16:10.689893+00:00,200,10518.04,
2026-09-11T18:16:12.423025+00:00,200,8790.15,
2026-09-11T18:16:17.922592+00:00,200,3291.69,
2026-09-11T18:16:03.651006+00:00,200,17591.12,
2026-09-11T18:16:21.068721+00:00,200,180.66,
2026-09-11T18:16:21.107088+00:00,200,145.99,
2026-09-11T18:16:21.098875+00:00,200,162.27,
2026-09-11T18:16:20.641142+00:00,200,623.24,
2026-09-11T18:16:07.655492+00:00,200,13612.52,
2026-09-11T18:16:19.004793+00:00,200,2271.01,
2026-09-11T18:16:19.141889+00:00,200,2136.71,
2026-09-11T18:16:16.801822+00:00,200,4493.97,
2026-09-11T18:16:16.776960+00:00,200,4525.09,
2026-09-11T18:16:21.002764+00:00,200,313.56,
2026-09-11T18:16:14.473227+00:00,200,6844.73,
2026-09-11T18:16:18.271807+00:00,200,3062.41,
2026-09-11T18:16:18.326586+00:00,200,3016.13,
2026-09-11T18:16:16.601014+00:00,200,4750.35,
2026-09-11T18:16:15.142131+00:00,200,6224.34,
2026-09-11T18:16:16.742465+00:00,200,4625.34,
2026-09-11T18:16:12.817073+00:00,200,8554.41,
2026-09-11T18:16:15.768961+00:00,200,5609.71,
2026-09-11T18:16:17.290840+00:00,200,4098.07,
2026-09-11T18:16:19.342215+00:00,200,2049.21,
2026-09-11T18:16:11.050509+00:00,200,10343.36,
2026-09-11T18:16:07.006605+00:00,200,14389.81,
2026-09-11T18:16:12.172563+00:00,200,9242.38,
2026-09-11T18:16:09.889075+00:00,200,11544.51,
2026-09-11T18:16:02.203994+00:00,200,19243.08,
2026-09-11T18:16:19.195852+00:00,200,2265.24,
2026-09-11T18:16:16.779329+00:00,200,4703.58,
2026-09-11T18:16:15.252091+00:00,200,6233.77,
2026-09-11T18:16:17.955977+00:00,200,3531.01,
2026-09-11T18:16:21.367808+00:00,200,120.25,
2026-09-11T18:16:20.316508+00:00,200,1176.2,
2026-09-11T18:16:19.736986+00:00,200,1769.09,
2026-09-11T18:16:16.636254+00:00,200,4892.1,
2026-09-11T18:16:19.696727+00:00,200,1834.12,
2026-09-11T18:16:13.194250+00:00,200,8357.64,
2026-09-11T18:16:17.742983+00:00,200,3818.55,
2026-09-11T18:16:15.719484+00:00,200,5843.53,
2026-09-11T18:16:20.798285+00:00,200,774.78,
2026-09-11T18:16:18.042760+00:00,200,3532.48,
2026-09-11T18:16:21.447083+00:00,200,132.29,
2026-09-11T18:16:18.748461+00:00,200,2833.17,
2026-09-11T18:16:20.837029+00:00,200,747.34,
2026-09-11T18:16:19.563995+00:00,200,2022.15,
2026-09-11T18:16:19.781119+00:00,200,1820.55,
2026-09-11T18:16:20.200391+00:00,200,1437.07,
2026-09-11T18:16:14.175100+00:00,200,7468.46,
2026-09-11T18:16:11.919392+00:00,200,9738.43,
2026-09-11T18:16:18.527470+00:00,200,3134.0,
2026-09-11T18:16:16.027421+00:00,200,5636.01,
2026-09-11T18:16:15.880642+00:00,200,5786.43,
2026-09-11T18:16:21.334229+00:00,200,336.91,
2026-09-11T18:16:18.022327+00:00,200,3662.56,
2026-09-11T18:16:11.889971+00:00,200,9797.94,
2026-09-11T18:16:12.882651+00:00,200,8838.2,
2026-09-11T18:16:11.712066+00:00,200,10019.36,
2026-09-11T18:16:13.532661+00:00,200,8207.2,
2026-09-11T18:16:19.296936+00:00,200,2460.87,
2026-09-11T18:16:21.268024+00:00,200,500.29,
2026-09-11T18:16:17.542856+00:00,200,4229.02,
2026-09-11T18:16:19.683895+00:00,200,2092.77,
2026-09-11T18:16:16.281009+00:00,200,5496.81,
2026-09-11T18:16:16.267871+00:00,200,5511.38,
2026-09-11T18:16:14.520308+00:00,200,7268.17,
2026-09-11T18:16:00.769341+00:00,200,21041.48,
2026-09-11T18:16:17.401801+00:00,200,4426.54,
2026-09-11T18:16:12.074576+00:00,200,9757.96,
2026-09-11T18:16:16.289942+00:00,200,5564.25,
2026-09-11T18:16:13.439998+00:00,200,8416.4,
2026-09-11T18:16:15.560342+00:00,200,6299.94,
2026-09-11T18:16:16.532743+00:00,200,5329.22,
2026-09-11T18:16:21.317967+00:00,200,573.14,
2026-09-11T18:16:15.059217+00:00,200,6834.32,
2026-09-11T18:16:13.474306+00:00,200,8450.19,
2026-09-11T18:16:20.365782+00:00,200,1563.16,
2026-09-11T18:16:17.950307+00:00,200,3987.45,
2026-09-11T18:16:19.242941+00:00,200,2696.46,
2026-09-11T18:16:19.756044+00:00,200,2192.44,
2026-09-11T18:16:14.205917+00:00,200,7747.33,
2026-09-11T18:16:07.062682+00:00,200,14891.65,
2026-09-11T18:16:02.324514+00:00,200,19636.91,
2026-09-11T18:16:09.407704+00:00,200,12571.27,
2026-09-11T18:16:13.498631+00:00,200,8491.01,
2026-09-11T18:16:21.020984+00:00,200,969.99,
2026-09-11T18:16:15.610575+00:00,200,6390.65,
2026-09-11T18:16:19.181213+00:00,200,2845.69,
2026-09-11T18:16:04.686176+00:00,200,17353.55,
2026-09-11T18:16:20.544455+00:00,200,1498.4,
2026-09-11T18:16:21.285787+00:00,200,767.11,
2026-09-11T18:16:05.364119+00:00,200,16693.97,
2026-09-11T18:16:12.332882+00:00,200,9732.31,
2026-09-11T18:16:07.243638+00:00,200,14824.53,
2026-09-11T18:16:20.939525+00:00,200,1142.26,
2026-09-11T18:16:15.116141+00:00,200,6967.59,
2026-09-11T18:16:13.958061+00:00,200,8137.0,
2026-09-11T18:16:10.645073+00:00,200,11459.89,
2026-09-11T18:15:59.189004+00:00,200,22918.8,
2026-09-11T18:16:14.201992+00:00,200,7906.95,
2026-09-11T18:16:16.138215+00:00,200,5981.94,
2026-09-11T18:16:15.163077+00:00,200,6960.77,
2026-09-11T18:16:14.971185+00:00,200,7160.39,
2026-09-11T18:16:10.634596+00:00,200,11511.51,
2026-09-11T18:16:15.784176+00:00,200,6365.77,
2026-09-11T18:16:20.773600+00:00,200,1385.0,
2026-09-11T18:16:17.732299+00:00,200,4438.53,
2026-09-11T18:16:19.687125+00:00,200,2490.28,
2026-09-11T18:16:20.387998+00:00,200,1797.97,
2026-09-11T18:16:18.363374+00:00,200,3830.56,
2026-09-11T18:16:05.823157+00:00,200,16378.97,
2026-09-11T18:16:21.109951+00:00,200,1112.17,
2026-09-11T18:16:19.960549+00:00,200,2263.94,
2026-09-11T18:16:19.115931+00:00,200,3110.15,
2026-09-11T18:16:19.809881+00:00,200,2422.88,
2026-09-11T18:16:17.723009+00:00,200,4511.25,
2026-09-11T18:16:18.878121+00:00,200,3372.79,
2026-09-11T18:16:20.092357+00:00,200,2183.06,
2026-09-11T18:16:15.942180+00:00,200,6334.98,
2026-09-11T18:16:20.936349+00:00,200,1351.89,
2026-09-11T18:16:17.063312+00:00,200,5229.05,
2026-09-11T18:16:15.680446+00:00,200,6620.5,
2026-09-11T18:16:15.018914+00:00,200,7314.56,
2026-09-11T18:16:18.564326+00:00,200,3774.57,
2026-09-11T18:16:18.937486+00:00,200,3410.78,
2026-09-11T18:16:19.079303+00:00,200,3277.73,
2026-09-11T18:16:20.736727+00:00,200,1623.02,
2026-09-11T18:16:16.438018+00:00,200,5933.29,
2026-09-11T18:16:19.426924+00:00,200,2948.36,
2026-09-11T18:16:18.153593+00:00,200,4227.04,
2026-09-11T18:16:16.278264+00:00,200,6103.43,
2026-09-11T18:16:18.962445+00:00,200,3437.51,
2026-09-11T18:16:19.532690+00:00,200,2869.51,
2026-09-11T18:16:20.504596+00:00,200,1898.82,
2026-09-11T18:16:20.568212+00:00,200,1840.76,
2026-09-11T18:16:18.600748+00:00,200,3832.24,
2026-09-11T18:16:18.780478+00:00,200,3661.27,
2026-09-11T18:16:20.684735+00:00,200,1759.65,
2026-09-11T18:16:21.351376+00:00,200,1096.46,
2026-09-11T18:16:21.295802+00:00,200,1173.11,
2026-09-11T18:16:15.949424+00:00,200,6528.82,
2026-09-11T18:16:19.165833+00:00,200,3333.97,
2026-09-11T18:16:21.194118+00:00,200,1313.93,
2026-09-11T18:16:19.804242+00:00,200,2733.78,
2026-09-11T18:16:09.107148+00:00,200,13440.01,
2026-09-11T18:16:22.129154+00:00,200,428.75,
2026-09-11T18:16:10.400619+00:00,200,12161.04,
2026-09-11T18:16:21.551905+00:00,200,1014.04,
2026-09-11T18:16:14.759967+00:00,200,7811.29,
2026-09-11T18:16:19.818095+00:00,200,2763.39,
2026-09-11T18:16:17.132518+00:00,200,5450.69,
2026-09-11T18:16:13.993582+00:00,200,8591.82,
2026-09-11T18:16:20.585003+00:00,200,2007.57,
2026-09-11T18:16:10.799250+00:00,200,11795.23,
2026-09-11T18:16:14.575571+00:00,200,8023.9,
2026-09-11T18:16:17.200618+00:00,200,5433.92,
2026-09-11T18:16:16.755415+00:00,200,5884.99,
2026-09-11T18:16:06.555655+00:00,200,16119.2,
2026-09-11T18:16:19.747957+00:00,200,2942.05,
2026-09-11T18:16:20.128855+00:00,200,2564.49,
2026-09-11T18:16:14.701645+00:00,200,7993.49,
2026-09-11T18:16:18.011843+00:00,200,4686.8,
2026-09-11T18:16:13.118573+00:00,200,9581.23,
2026-09-11T18:16:12.366222+00:00,200,10362.05,
2026-09-11T18:16:21.100491+00:00,200,1640.39,
2026-09-11T18:16:11.343144+00:00,200,11410.99,
2026-09-11T18:16:20.631832+00:00,200,2127.04,
2026-09-11T18:16:11.072048+00:00,200,11689.3,
2026-09-11T18:16:20.065012+00:00,200,2699.22,
2026-09-11T18:16:18.568381+00:00,200,4225.18,
2026-09-11T18:16:18.569905+00:00,200,4225.62,
2026-09-11T18:16:17.957447+00:00,200,4852.09,
2026-09-11T18:16:16.873878+00:00,200,5941.38,
2026-09-11T18:16:07.862759+00:00,200,14970.97,
2026-09-11T18:16:20.927025+00:00,200,1912.89,
2026-09-11T18:16:18.332945+00:00,200,4509.74,
2026-09-11T18:16:14.602949+00:00,200,8248.87,
2026-09-11T18:16:22.441757+00:00,200,416.72,
2026-09-11T18:16:20.381093+00:00,200,2480.77,
2026-09-11T18:16:19.534753+00:00,200,3341.92,
2026-09-11T18:16:06.383746+00:00,200,16496.99,
2026-09-11T18:16:19.595881+00:00,200,3294.16,
2026-09-11T18:16:22.104981+00:00,200,787.16,
2026-09-11T18:16:22.444397+00:00,200,467.46,
2026-09-11T18:16:18.743446+00:00,200,4179.17,
2026-09-11T18:16:05.976943+00:00,200,16951.55,
2026-09-11T18:16:20.377397+00:00,200,2559.28,
2026-09-11T18:16:18.421596+00:00,200,4524.13,
2026-09-11T18:16:13.621611+00:00,200,9326.16,
2026-09-11T18:16:21.242148+00:00,200,1707.7,
2026-09-11T18:16:10.422322+00:00,200,12548.73,
2026-09-11T18:16:12.963814+00:00,200,10009.66,
2026-09-11T18:16:21.661474+00:00,200,1330.53,
2026-09-11T18:16:21.573078+00:00,200,1422.44,
2026-09-11T18:16:13.274801+00:00,200,9723.92,
2026-09-11T18:16:17.584992+00:00,200,5416.42,
2026-09-11T18:16:21.461101+00:00,200,1572.03,
2026-09-11T18:16:21.011398+00:00,200,2034.94,
2026-09-11T18:16:21.077556+00:00,200,1979.29,
2026-09-11T18:16:11.230025+00:00,200,11831.87,
2026-09-11T18:16:12.444703+00:00,200,10618.62,
2026-09-11T18:16:14.988118+00:00,200,8093.69,
2026-09-11T18:16:22.107817+00:00,200,977.1,
2026-09-11T18:16:13.988607+00:00,200,9104.77,
2026-09-11T18:16:21.342728+00:00,200,1757.41,
2026-09-11T18:16:22.547168+00:00,200,557.38,
2026-09-11T18:16:06.201635+00:00,200,16904.15,
2026-09-11T18:16:16.578291+00:00,200,6528.71,
2026-09-11T18:16:16.621492+00:00,200,6486.85,
2026-09-11T18:16:17.158694+00:00,200,5950.89,
2026-09-11T18:16:21.302064+00:00,200,1830.05,
2026-09-11T18:16:14.329776+00:00,200,8811.29,
2026-09-11T18:16:19.786342+00:00,200,3362.46,
2026-09-11T18:16:22.170844+00:00,200,983.26,
2026-09-11T18:16:19.368784+00:00,200,3788.68,
2026-09-11T18:16:17.240454+00:00,200,5919.59,
2026-09-11T18:16:17.627997+00:00,200,5535.61,
2026-09-11T18:16:16.335937+00:00,200,6830.14,
2026-09-11T18:16:08.545322+00:00,200,14622.29,
2026-09-11T18:16:20.306174+00:00,200,2886.01,
2026-09-11T18:16:20.219088+00:00,200,3009.68,
2026-09-11T18:16:16.185396+00:00,200,7058.98,
2026-09-11T18:16:21.190834+00:00,200,2064.49,
2026-09-11T18:16:17.183520+00:00,200,6085.3,
2026-09-11T18:16:22.911874+00:00,200,372.83,
2026-09-11T18:16:20.446770+00:00,200,2859.53,
2026-09-11T18:16:22.384681+00:00,200,932.46,
2026-09-11T18:16:07.883108+00:00,200,15438.0,
2026-09-11T18:16:15.953778+00:00,200,7372.85,
2026-09-11T18:16:20.756966+00:00,200,2575.03,
2026-09-11T18:16:18.444963+00:00,200,4892.86,
2026-09-11T18:16:20.033682+00:00,200,3315.52,
2026-09-11T18:16:17.573416+00:00,200,5778.56,
2026-09-11T18:16:19.312330+00:00,200,4047.87,
2026-09-11T18:16:18.786058+00:00,200,4603.7,
2026-09-11T18:16:23.228788+00:00,200,168.49,
2026-09-11T18:16:10.814030+00:00,200,12594.18,
2026-09-11T18:16:22.973486+00:00,200,447.59,
2026-09-11T18:16:15.071703+00:00,200,8351.35,
2026-09-11T18:16:23.124713+00:00,200,304.49,
2026-09-11T18:16:17.031586+00:00,200,6399.82,
2026-09-11T18:16:08.740348+00:00,200,14723.42,
2026-09-11T18:16:18.438109+00:00,200,5040.96,
2026-09-11T18:16:15.080167+00:00,200,8417.42,
2026-09-11T18:16:22.288249+00:00,200,1211.71,
2026-09-11T18:16:14.181901+00:00,200,9329.23,
2026-09-11T18:16:15.300264+00:00,200,8224.63,
2026-09-11T18:16:21.264388+00:00,200,2264.16,
2026-09-11T18:16:21.000874+00:00,200,2530.04,
2026-09-11T18:16:21.275807+00:00,200,2268.87,
2026-09-11T18:15:58.808251+00:00,200,24745.9,
2026-09-11T18:16:20.337257+00:00,200,3218.6,
2026-09-11T18:16:14.592769+00:00,200,8972.67,
2026-09-11T18:16:22.740901+00:00,200,827.91,
2026-09-11T18:16:15.856313+00:00,200,7736.15,
2026-09-11T18:16:20.327921+00:00,200,3272.88,
2026-09-11T18:16:14.307874+00:00,200,9296.15,
2026-09-11T18:16:20.089158+00:00,200,3520.67,
2026-09-11T18:16:22.108956+00:00,200,1504.6,
2026-09-11T18:16:05.882844+00:00,200,17737.48,
2026-09-11T18:16:20.081514+00:00,200,3559.3,
2026-09-11T18:16:14.180560+00:00,200,9485.21,
2026-09-11T18:16:17.556081+00:00,200,6117.87,
2026-09-11T18:16:13.672034+00:00,200,10021.12,
2026-09-11T18:16:23.033147+00:00,200,661.36,
2026-09-11T18:16:08.527201+00:00,200,15173.17,
2026-09-11T18:16:19.147094+00:00,200,4557.43,
2026-09-11T18:16:21.657826+00:00,200,2088.99,
2026-09-11T18:16:01.705672+00:00,200,22043.23,
2026-09-11T18:16:20.654209+00:00,200,3096.72,
2026-09-11T18:16:13.775143+00:00,200,10006.82,
2026-09-11T18:16:22.081801+00:00,200,1711.83,
2026-09-11T18:16:20.638135+00:00,200,3157.45,
2026-09-11T18:16:20.435709+00:00,200,3361.11,
2026-09-11T18:16:21.523078+00:00,200,2277.4,
2026-09-11T18:16:19.778121+00:00,200,4032.24,
2026-09-11T18:16:19.851143+00:00,200,3964.71,
2026-09-11T18:16:05.508767+00:00,200,18309.36,
2026-09-11T18:16:21.731441+00:00,200,2087.76,
2026-09-11T18:16:20.230413+00:00,200,3598.24,
2026-09-11T18:16:12.388805+00:00,200,11455.87,
2026-09-11T18:16:21.575252+00:00,200,2298.6,
2026-09-11T18:16:08.928986+00:00,200,14955.71,
2026-09-11T18:16:11.195808+00:00,200,12690.98,
2026-09-11T18:16:23.497597+00:00,200,397.21,
2026-09-11T18:16:17.508900+00:00,200,6398.22,
2026-09-11T18:16:15.905252+00:00,200,8006.44,
2026-09-11T18:16:16.535009+00:00,200,7382.07,
2026-09-11T18:16:14.560156+00:00,200,9390.75,
2026-09-11T18:16:18.991153+00:00,200,4983.81,
2026-09-11T18:16:21.776673+00:00,200,2200.06,
2026-09-11T18:16:05.514296+00:00,200,18464.02,
2026-09-11T18:16:20.488936+00:00,200,3507.53,
2026-09-11T18:16:18.198047+00:00,200,5808.87,
2026-09-11T18:16:19.625635+00:00,200,4389.11,
2026-09-11T18:16:16.921053+00:00,200,7110.93,
2026-09-11T18:16:23.167622+00:00,200,867.27,
2026-09-11T18:16:12.317261+00:00,200,11724.89,
2026-09-11T18:16:23.421081+00:00,200,622.24,
2026-09-11T18:16:13.859749+00:00,200,10187.57,
2026-09-11T18:16:21.989658+00:00,200,2070.87,
2026-09-11T18:16:11.598793+00:00,200,12463.86,
2026-09-11T18:16:18.193946+00:00,200,5882.38,
2026-09-11T18:16:18.419425+00:00,200,5658.12,
2026-09-11T18:16:20.981402+00:00,200,3097.67,
2026-09-11T18:16:16.212127+00:00,200,7881.96,
2026-09-11T18:16:14.437467+00:00,200,9660.54,
2026-09-11T18:16:10.179658+00:00,200,13923.11,
2026-09-11T18:16:20.618732+00:00,200,3521.38,
2026-09-11T18:16:17.385281+00:00,200,6758.22,
2026-09-11T18:16:23.093387+00:00,200,1054.23,
2026-09-11T18:16:21.378672+00:00,200,2781.92,
2026-09-11T18:16:22.283382+00:00,200,1889.97,
2026-09-11T18:16:17.438423+00:00,200,6736.8,
2026-09-11T18:16:23.996479+00:00,200,179.87,
2026-09-11T18:16:15.342045+00:00,200,8847.28,
2026-09-11T18:16:07.914978+00:00,200,16292.75,
2026-09-11T18:16:24.032003+00:00,200,181.34,
2026-09-11T18:16:21.773994+00:00,200,2457.94,
2026-09-11T18:16:20.421220+00:00,200,3812.89,
2026-09-11T18:16:20.655541+00:00,200,3584.49,
2026-09-11T18:16:13.361074+00:00,200,10892.21,
2026-09-11T18:16:22.971070+00:00,200,1290.09,
2026-09-11T18:16:09.934969+00:00,200,14328.16,
2026-09-11T18:16:08.082772+00:00,200,16185.42,
2026-09-11T18:16:16.115528+00:00,200,8158.12,
2026-09-11T18:16:21.928952+00:00,200,2356.97,
2026-09-11T18:16:11.509913+00:00,200,12788.89,
2026-09-11T18:16:21.687918+00:00,200,2630.77,
2026-09-11T18:16:08.180066+00:00,200,16149.71,
2026-09-11T18:16:22.026919+00:00,200,2313.99,
2026-09-11T18:16:13.909732+00:00,200,10452.39,
2026-09-11T18:16:22.403419+00:00,200,1966.55,
2026-09-11T18:16:24.231954+00:00,200,149.29,
2026-09-11T18:16:08.976012+00:00,200,15407.85,
2026-09-11T18:16:20.413027+00:00,200,3992.3,
2026-09-11T18:16:22.065203+00:00,200,2353.71,
2026-09-11T18:16:18.909957+00:00,200,5520.1,
2026-09-11T18:16:22.202138+00:00,200,2229.17,
2026-09-11T18:16:23.244400+00:00,200,1191.13,
2026-09-11T18:16:11.948066+00:00,200,12492.14,
2026-09-11T18:16:12.115411+00:00,200,12328.97,
2026-09-11T18:16:23.693166+00:00,200,752.35,
2026-09-11T18:16:12.586558+00:00,200,11885.16,
2026-09-11T18:16:17.156071+00:00,200,7342.48,
2026-09-11T18:16:20.910874+00:00,200,3596.61,
2026-09-11T18:16:20.723408+00:00,200,3790.97,
2026-09-11T18:16:18.655671+00:00,200,5865.82,
2026-09-11T18:16:23.746842+00:00,200,779.46,
2026-09-11T18:16:20.213997+00:00,200,4326.12,
2026-09-11T18:16:18.174828+00:00,200,6366.45,
2026-09-11T18:16:09.071518+00:00,200,15471.0,
2026-09-11T18:16:20.500303+00:00,200,4061.99,
2026-09-11T18:16:12.702520+00:00,200,11864.45,
2026-09-11T18:16:10.773579+00:00,200,13795.79,
2026-09-11T18:16:14.327595+00:00,200,10243.45,
2026-09-11T18:16:20.384162+00:00,200,4192.29,
2026-09-11T18:16:16.804771+00:00,200,7772.87,
2026-09-11T18:16:24.285932+00:00,200,312.08,
2026-09-11T18:16:20.679803+00:00,200,3922.02,
2026-09-11T18:16:16.990019+00:00,200,7618.42,
2026-09-11T18:16:16.080702+00:00,200,8531.6,
2026-09-11T18:16:17.808685+00:00,200,6811.28,
2026-09-11T18:16:21.980939+00:00,200,2640.72,
2026-09-11T18:16:05.986842+00:00,200,18654.09,
2026-09-11T18:16:22.861873+00:00,200,1784.7,
2026-09-11T18:16:23.109593+00:00,200,1544.65,
2026-09-11T18:16:23.815858+00:00,200,842.98,
2026-09-11T18:16:22.158620+00:00,200,2506.46,
2026-09-11T18:16:20.987796+00:00,200,3688.29,
2026-09-11T18:16:14.711282+00:00,200,10015.5,
2026-09-11T18:16:15.249798+00:00,200,9479.7,
2026-09-11T18:16:17.372595+00:00,200,7358.88,
2026-09-11T18:16:24.362141+00:00,200,383.17,
2026-09-11T18:16:23.748911+00:00,200,1026.18,
2026-09-11T18:16:13.363953+00:00,200,11418.53,
2026-09-11T18:16:21.043531+00:00,200,3773.63,
2026-09-11T18:16:16.644178+00:00,200,8176.36,
2026-09-11T18:16:23.690139+00:00,200,1135.19,
2026-09-11T18:16:17.421314+00:00,200,7406.09,
2026-09-11T18:16:24.405337+00:00,200,433.81,
2026-09-11T18:16:21.488067+00:00,200,3352.9,
2026-09-11T18:16:15.113566+00:00,200,9729.79,
2026-09-11T18:16:18.171895+00:00,200,6672.92,
2026-09-11T18:16:09.214175+00:00,200,15641.58,
2026-09-11T18:16:23.950926+00:00,200,945.26,
2026-09-11T18:16:23.389776+00:00,200,1522.58,
2026-09-11T18:16:18.698351+00:00,200,6215.14,
2026-09-11T18:16:23.787711+00:00,200,1127.76,
2026-09-11T18:16:24.140131+00:00,200,783.05,
2026-09-11T18:16:15.793064+00:00,200,9147.78,
2026-09-11T18:16:23.148827+00:00,200,1797.56,
2026-09-11T18:16:14.440592+00:00,200,10506.88,
2026-09-11T18:16:22.380642+00:00,200,2568.43,
2026-09-11T18:16:22.561669+00:00,200,2388.66,
2026-09-11T18:16:22.052911+00:00,200,2905.7,
2026-09-11T18:16:22.809555+00:00,200,2160.0,
2026-09-11T18:16:17.365808+00:00,200,7612.91,
2026-09-11T18:16:21.924510+00:00,200,3057.96,
2026-09-11T18:16:21.487014+00:00,200,3498.83,
2026-09-11T18:16:14.558719+00:00,200,10479.0,
2026-09-11T18:16:22.634548+00:00,200,2414.94,
2026-09-11T18:16:23.132130+00:00,200,1922.95,
2026-09-11T18:16:05.712023+00:00,200,19350.03,
2026-09-11T18:16:07.152881+00:00,200,17919.73,
2026-09-11T18:16:21.601687+00:00,200,3473.32,
2026-09-11T18:16:22.473500+00:00,200,2621.36,
2026-09-11T18:16:08.097146+00:00,200,17023.05,
2026-09-11T18:16:20.565128+00:00,200,4564.41,
2026-09-11T18:16:23.844693+00:00,200,1294.14,
2026-09-11T18:16:18.466994+00:00,200,6674.72,
2026-09-11T18:16:24.079091+00:00,200,1068.92,
2026-09-11T18:16:23.781978+00:00,200,1380.4,
2026-09-11T18:16:11.554304+00:00,200,13609.76,
2026-09-11T18:16:20.096951+00:00,200,5068.61,
2026-09-11T18:16:19.928841+00:00,200,5241.02,
2026-09-11T18:16:22.995530+00:00,200,2180.69,
2026-09-11T18:16:23.819203+00:00,200,1373.51,
2026-09-11T18:16:20.548704+00:00,200,4650.12,
2026-09-11T18:16:17.793918+00:00,200,7407.05,
2026-09-11T18:16:21.506085+00:00,200,3696.18,
2026-09-11T18:16:22.876682+00:00,200,2327.63,
2026-09-11T18:16:16.830751+00:00,200,8405.93,
2026-09-11T18:16:22.728288+00:00,200,2521.32,
2026-09-11T18:16:23.056866+00:00,200,2200.21,
2026-09-11T18:16:13.718882+00:00,200,11551.32,
2026-09-11T18:16:13.469085+00:00,200,11802.26,
2026-09-11T18:16:20.317571+00:00,200,4959.53,
2026-09-11T18:16:14.690304+00:00,200,10588.54,
2026-09-11T18:16:20.510379+00:00,200,4793.9,
2026-09-11T18:16:25.148014+00:00,200,163.37,
2026-09-11T18:16:14.719341+00:00,200,10601.59,
2026-09-11T18:16:20.301084+00:00,200,5029.84,
2026-09-11T18:16:22.825675+00:00,200,2514.81,
2026-09-11T18:16:23.555866+00:00,200,1803.36,
2026-09-11T18:16:23.976737+00:00,200,1402.85,
2026-09-11T18:16:24.731479+00:00,200,664.83,
2026-09-11T18:16:22.068179+00:00,200,3331.88,
2026-09-11T18:16:18.580998+00:00,200,6828.66,
2026-09-11T18:16:24.261165+00:00,200,1149.95,
2026-09-11T18:16:16.430634+00:00,200,8990.73,
2026-09-11T18:16:20.775809+00:00,200,4670.52,
2026-09-11T18:16:16.340437+00:00,200,9110.03,
2026-09-11T18:16:24.440212+00:00,200,1013.0,
2026-09-11T18:16:18.495370+00:00,200,6968.72,
2026-09-11T18:16:23.600811+00:00,200,1879.49,
2026-09-11T18:16:04.470951+00:00,200,21019.7,
2026-09-11T18:16:20.484353+00:00,200,5016.41,
2026-09-11T18:16:23.565434+00:00,200,1947.48,
2026-09-11T18:16:21.990982+00:00,200,3526.57,
2026-09-11T18:16:15.817654+00:00,200,9702.67,
2026-09-11T18:16:20.498631+00:00,200,5028.47,
2026-09-11T18:16:08.946982+00:00,200,16581.26,
2026-09-11T18:16:19.285162+00:00,200,6244.89,
2026-09-11T18:16:21.433597+00:00,200,4100.95,
2026-09-11T18:16:24.094155+00:00,200,1445.28,
2026-09-11T18:16:04.283255+00:00,200,21263.24,
2026-09-11T18:16:23.107007+00:00,200,2449.48,
2026-09-11T18:16:21.939410+00:00,200,3635.61,
2026-09-11T18:16:22.039742+00:00,200,3558.94,
2026-09-11T18:16:23.620334+00:00,200,1989.49,
2026-09-11T18:16:15.778165+00:00,200,9838.72,
2026-09-11T18:16:23.255339+00:00,200,2365.63,
2026-09-11T18:16:19.838293+00:00,200,5794.0,
2026-09-11T18:16:19.631531+00:00,200,6026.61,
2026-09-11T18:16:20.833829+00:00,200,4828.7,
2026-09-11T18:16:14.834645+00:00,200,10830.1,
2026-09-11T18:16:18.243783+00:00,200,7436.21,
2026-09-11T18:16:22.193948+00:00,200,3495.43,
2026-09-11T18:16:09.183516+00:00,200,16507.01,
2026-09-11T18:16:24.383862+00:00,200,1317.65,
2026-09-11T18:16:21.954350+00:00,200,3766.92,
2026-09-11T18:16:22.557911+00:00,200,3167.39,
2026-09-11T18:16:21.232907+00:00,200,4494.27,
2026-09-11T18:16:11.153147+00:00,200,14584.03,
2026-09-11T18:16:19.941130+00:00,200,5806.2,
2026-09-11T18:16:08.381964+00:00,200,17370.14,
2026-09-11T18:16:19.298350+00:00,200,6455.15,
2026-09-11T18:16:17.435732+00:00,200,8320.03,
2026-09-11T18:16:19.608800+00:00,200,6149.51,
2026-09-11T18:16:23.974980+00:00,200,1791.61,
2026-09-11T18:16:21.563017+00:00,200,4223.46,
2026-09-11T18:16:25.049501+00:00,200,742.33,
2026-09-11T18:16:21.953253+00:00,200,3845.89,
2026-09-11T18:16:24.982483+00:00,200,826.87,
2026-09-11T18:16:23.306316+00:00,200,2507.42,
2026-09-11T18:16:22.177417+00:00,200,3649.4,
2026-09-11T18:16:22.226090+00:00,200,3625.9,
2026-09-11T18:16:21.133622+00:00,200,4737.11,
2026-09-11T18:16:22.371319+00:00,200,3505.49,
2026-09-11T18:16:19.603957+00:00,200,6276.52,
2026-09-11T18:16:19.417316+00:00,200,6464.26,
2026-09-11T18:16:24.340912+00:00,200,1547.32,
2026-09-11T18:16:22.764239+00:00,200,3141.78,
2026-09-11T18:16:21.530848+00:00,200,4394.82,
2026-09-11T18:16:20.028111+00:00,200,5904.91,
2026-09-11T18:16:22.585404+00:00,200,3353.43,
2026-09-11T18:16:18.983237+00:00,200,6967.51,
2026-09-11T18:16:19.968139+00:00,200,5989.59,
2026-09-11T18:16:24.298808+00:00,200,1666.41,
2026-09-11T18:16:10.714858+00:00,200,15256.95,
2026-09-11T18:16:19.110332+00:00,200,6863.69,
2026-09-11T18:16:20.473517+00:00,200,5529.63,
2026-09-11T18:16:21.176250+00:00,200,4832.1,
2026-09-11T18:16:17.651193+00:00,200,8358.84,
2026-09-11T18:16:12.851284+00:00,200,13160.66,
2026-09-11T18:16:25.165566+00:00,200,857.1,
2026-09-11T18:16:21.124280+00:00,200,4900.57,
2026-09-11T18:16:25.881577+00:00,200,155.05,
2026-09-11T18:16:20.814474+00:00,200,5225.85,
2026-09-11T18:16:23.429206+00:00,200,2615.3,
2026-09-11T18:16:21.676546+00:00,200,4374.44,
2026-09-11T18:16:23.292456+00:00,200,2762.37,
2026-09-11T18:16:23.001417+00:00,200,3056.91,
2026-09-11T18:16:15.955234+00:00,200,10107.63,
2026-09-11T18:16:13.660976+00:00,200,12407.34,
2026-09-11T18:16:15.256122+00:00,200,10823.29,
2026-09-11T18:16:20.335976+00:00,200,5744.84,
2026-09-11T18:16:18.802312+00:00,200,7306.58,
2026-09-11T18:16:22.858488+00:00,200,3251.88,
2026-09-11T18:16:17.852427+00:00,200,8260.1,
2026-09-11T18:16:24.445521+00:00,200,1695.12,
2026-09-11T18:16:08.723876+00:00,200,17419.6,
2026-09-11T18:16:18.520833+00:00,200,7642.0,
2026-09-11T18:16:15.597511+00:00,200,10568.17,
2026-09-11T18:16:19.135140+00:00,200,7034.93,
2026-09-11T18:16:25.072619+00:00,200,1102.74,
2026-09-11T18:16:21.861967+00:00,200,4327.46,
2026-09-11T18:16:15.028902+00:00,200,11175.03,
2026-09-11T18:16:23.793646+00:00,200,2426.44,
2026-09-11T18:16:12.410447+00:00,200,13814.74,
2026-09-11T18:16:21.937761+00:00,200,4292.62,
2026-09-11T18:16:22.880743+00:00,200,3359.14,
2026-09-11T18:16:16.885209+00:00,200,9357.8,
2026-09-11T18:16:14.941231+00:00,200,11311.19,
2026-09-11T18:16:19.331352+00:00,200,6922.41,
2026-09-11T18:16:17.789178+00:00,200,8466.63,
2026-09-11T18:16:22.663964+00:00,200,3594.16,
2026-09-11T18:16:19.933497+00:00,200,6330.35,
2026-09-11T18:16:24.273658+00:00,200,1993.4,
2026-09-11T18:16:23.431416+00:00,200,2867.56,
2026-09-11T18:16:23.141080+00:00,200,3166.1,
2026-09-11T18:16:21.171292+00:00,200,5143.92,
2026-09-11T18:16:15.053346+00:00,200,11276.15,
2026-09-11T18:16:19.514301+00:00,200,6817.49,
2026-09-11T18:16:23.499975+00:00,200,2833.97,
2026-09-11T18:16:19.881136+00:00,200,6462.85,
2026-09-11T18:16:02.907863+00:00,200,23471.57,
2026-09-11T18:16:18.415884+00:00,200,7964.76,
2026-09-11T18:16:21.726091+00:00,200,4659.11,
2026-09-11T18:16:06.807684+00:00,200,19579.72,
2026-09-11T18:16:08.078612+00:00,200,18315.65,
2026-09-11T18:16:23.337836+00:00,200,3073.81,
2026-09-11T18:16:24.526309+00:00,200,1919.27,
2026-09-11T18:15:58.569377+00:00,200,27878.15,
2026-09-11T18:16:18.541503+00:00,200,7909.34,
2026-09-11T18:16:24.632487+00:00,200,1826.58,
2026-09-11T18:16:22.581490+00:00,200,3884.16,
2026-09-11T18:16:24.658853+00:00,200,1819.71,
2026-09-11T18:16:22.577669+00:00,200,3903.03,
2026-09-11T18:16:15.133772+00:00,200,11361.86,
2026-09-11T18:16:25.285916+00:00,200,1214.98,
2026-09-11T18:16:19.455525+00:00,200,7055.85,
2026-09-11T18:16:18.215916+00:00,200,8310.93,
2026-09-11T18:16:16.354905+00:00,200,10173.03,
2026-09-11T18:16:23.160048+00:00,200,3370.63,
2026-09-11T18:16:22.375292+00:00,200,4179.98,
2026-09-11T18:16:20.496668+00:00,200,6062.57,
2026-09-11T18:16:21.369672+00:00,200,5206.18,
2026-09-11T18:16:22.433004+00:00,200,4144.28,
2026-09-11T18:16:20.878878+00:00,200,5714.48,
2026-09-11T18:16:23.249874+00:00,200,3349.92,
2026-09-11T18:16:24.946393+00:00,200,1658.31,
2026-09-11T18:16:21.188531+00:00,200,5421.7,
2026-09-11T18:16:18.329762+00:00,200,8281.74,
2026-09-11T18:16:14.929949+00:00,200,11682.8,
2026-09-11T18:16:24.329783+00:00,200,2292.24,
2026-09-11T18:16:10.397730+00:00,200,16228.84,
2026-09-11T18:16:25.004956+00:00,200,1636.26,
2026-09-11T18:16:24.576464+00:00,200,2067.82,
2026-09-11T18:16:19.457776+00:00,200,7192.16,
2026-09-11T18:16:16.912961+00:00,200,9783.48,
2026-09-11T18:16:25.725314+00:00,200,973.64,
2026-09-11T18:16:22.402211+00:00,200,4316.09,
2026-09-11T18:16:11.313892+00:00,200,15416.26,
2026-09-11T18:16:15.288375+00:00,200,11457.25,
2026-09-11T18:16:12.902071+00:00,200,13855.46,
2026-09-11T18:16:20.955505+00:00,200,5804.05,
2026-09-11T18:16:14.984760+00:00,200,11777.63,
2026-09-11T18:16:20.997040+00:00,200,5781.64,
2026-09-11T18:16:26.593371+00:00,200,194.69,
2026-09-11T18:16:24.985850+00:00,200,1805.04,
2026-09-11T18:16:25.192727+00:00,200,1600.67,
2026-09-11T18:16:23.726743+00:00,200,3077.25,
2026-09-11T18:16:13.172362+00:00,200,13644.08,
2026-09-11T18:16:23.554158+00:00,200,3267.98,
2026-09-11T18:16:21.788484+00:00,200,5051.4,
2026-09-11T18:16:20.531463+00:00,200,6309.69,
2026-09-11T18:16:16.487388+00:00,200,10363.61,
2026-09-11T18:16:18.528992+00:00,200,8339.69,
2026-09-11T18:16:26.331796+00:00,200,539.54,
2026-09-11T18:16:25.766594+00:00,200,1113.6,
2026-09-11T18:16:20.835773+00:00,200,6054.53,
2026-09-11T18:16:03.964370+00:00,200,22933.36,
2026-09-11T18:16:22.839924+00:00,200,4061.61,
2026-09-11T18:16:21.820313+00:00,200,5094.54,
2026-09-11T18:16:21.569279+00:00,200,5350.99,
2026-09-11T18:16:13.558901+00:00,200,13407.91,
2026-09-11T18:16:25.758314+00:00,200,1223.19,
2026-09-11T18:16:24.541287+00:00,200,2441.81,
2026-09-11T18:16:11.052505+00:00,200,15933.42,
2026-09-11T18:16:16.220707+00:00,200,10786.31,
2026-09-11T18:16:21.414951+00:00,200,5602.28,
2026-09-11T18:16:16.811275+00:00,200,10209.88,
2026-09-11T18:16:24.042154+00:00,200,3000.28,
2026-09-11T18:16:25.556499+00:00,200,1495.58,
2026-09-11T18:16:18.044379+00:00,200,9008.99,
2026-09-11T18:16:22.758877+00:00,200,4326.63,
2026-09-11T18:16:20.469602+00:00,200,6620.33,
2026-09-11T18:16:20.820571+00:00,200,6272.95,
2026-09-11T18:16:22.468920+00:00,200,4627.13,
2026-09-11T18:16:23.886794+00:00,200,3212.57,
2026-09-11T18:16:22.001244+00:00,200,5100.54,
2026-09-11T18:16:13.501400+00:00,200,13608.06,
2026-09-11T18:16:16.943838+00:00,200,10172.87,
2026-09-11T18:16:26.079427+00:00,200,1042.18,
2026-09-11T18:16:23.818136+00:00,200,3305.72,
2026-09-11T18:16:23.907132+00:00,200,3242.49,
2026-09-11T18:16:18.448142+00:00,200,8713.72,
2026-09-11T18:16:22.699806+00:00,200,4469.88,
2026-09-11T18:16:22.079197+00:00,200,5102.78,
2026-09-11T18:16:21.261152+00:00,200,5933.83,
2026-09-11T18:16:13.534124+00:00,200,13662.2,
2026-09-11T18:16:18.439585+00:00,200,8767.26,
2026-09-11T18:16:24.817178+00:00,200,2391.48,
2026-09-11T18:16:22.381702+00:00,200,4839.02,
2026-09-11T18:16:27.085531+00:00,200,145.91,
2026-09-11T18:16:18.024034+00:00,200,9215.91,
2026-09-11T18:16:23.423055+00:00,200,3826.51,
2026-09-11T18:16:19.459837+00:00,200,7795.36,
2026-09-11T18:15:58.397074+00:00,200,28868.51,
2026-09-11T18:16:16.356350+00:00,200,10917.48,
2026-09-11T18:16:22.761358+00:00,200,4561.45,
2026-09-11T18:16:21.482919+00:00,200,5865.17,
2026-09-11T18:16:16.678802+00:00,200,10703.83,
2026-09-11T18:16:26.433167+00:00,200,957.42,
2026-09-11T18:16:24.381250+00:00,200,3016.07,
2026-09-11T18:16:01.065978+00:00,200,26334.15,
2026-09-11T18:16:25.786499+00:00,200,1617.83,
2026-09-11T18:16:05.991030+00:00,200,21416.09,
2026-09-11T18:16:20.605652+00:00,200,6825.41,
2026-09-11T18:16:23.978322+00:00,200,3454.76,
2026-09-11T18:16:21.894865+00:00,200,5542.28,
2026-09-11T18:16:15.298614+00:00,200,12148.48,
2026-09-11T18:16:02.995707+00:00,200,24453.52,
2026-09-11T18:16:25.965226+00:00,200,1489.76,
2026-09-11T18:16:10.704762+00:00,200,16752.13,
2026-09-11T18:16:22.594488+00:00,200,4920.97,
2026-09-11T18:16:26.538504+00:00,200,978.88,
2026-09-11T18:16:17.395271+00:00,200,10135.49,
2026-09-11T18:16:07.665284+00:00,200,19870.75,
2026-09-11T18:16:24.840977+00:00,200,2713.73,
2026-09-11T18:16:24.076340+00:00,200,3481.9,
2026-09-11T18:16:26.112535+00:00,200,1463.78,
2026-09-11T18:16:25.721290+00:00,200,1866.72,
2026-09-11T18:16:25.534552+00:00,200,2062.41,
2026-09-11T18:16:25.590591+00:00,200,2008.91,
2026-09-11T18:16:20.167944+00:00,200,7449.06,
2026-09-11T18:16:25.690530+00:00,200,1943.26,
2026-09-11T18:16:15.717788+00:00,200,11918.02,
2026-09-11T18:16:25.983867+00:00,200,1653.22,
2026-09-11T18:16:22.795535+00:00,200,4847.43,
2026-09-11T18:16:14.067639+00:00,200,13581.71,
2026-09-11T18:16:25.680012+00:00,200,1978.9,
2026-09-11T18:16:25.539433+00:00,200,2133.63,
2026-09-11T18:16:14.383682+00:00,200,13305.04,
2026-09-11T18:16:24.418931+00:00,200,3276.3,
2026-09-11T18:16:27.149641+00:00,200,547.15,
2026-09-11T18:16:22.851830+00:00,200,4853.57,
2026-09-11T18:16:16.502584+00:00,200,11215.0,
2026-09-11T18:16:21.768334+00:00,200,5957.54,
2026-09-11T18:16:22.693358+00:00,200,5047.62,
2026-09-11T18:16:27.599503+00:00,200,148.57,
2026-09-11T18:16:23.639472+00:00,200,4109.84,
2026-09-11T18:16:19.378023+00:00,200,8387.74,
2026-09-11T18:16:24.923182+00:00,200,2853.18,
2026-09-11T18:16:19.619809+00:00,200,8159.14,
2026-09-11T18:16:27.635818+00:00,200,146.58,
2026-09-11T18:16:26.299041+00:00,200,1491.59,
2026-09-11T18:16:27.637097+00:00,200,154.86,
2026-09-11T18:16:21.828356+00:00,200,5967.18,
2026-09-11T18:16:13.352579+00:00,200,14449.23,
2026-09-11T18:16:25.075012+00:00,200,2743.15,
2026-09-11T18:16:24.037794+00:00,200,3798.11,
2026-09-11T18:16:20.645911+00:00,200,7192.08,
2026-09-11T18:16:23.873872+00:00,200,3981.41,
2026-09-11T18:16:26.778690+00:00,200,1081.91,
2026-09-11T18:16:03.080604+00:00,200,24781.8,
2026-09-11T18:16:20.702871+00:00,200,7188.24,
2026-09-11T18:16:26.380652+00:00,200,1514.97,
2026-09-11T18:16:18.144743+00:00,200,9759.02,
2026-09-11T18:16:18.213510+00:00,200,9693.36,
2026-09-11T18:16:13.144648+00:00,200,14798.58,
2026-09-11T18:16:25.450476+00:00,200,2494.12,
2026-09-11T18:16:19.274188+00:00,200,8672.33,
2026-09-11T18:16:22.333485+00:00,200,5619.08,
2026-09-11T18:16:27.801814+00:00,200,153.42,
2026-09-11T18:16:23.604033+00:00,200,4401.61,
2026-09-11T18:16:26.914866+00:00,200,1096.11,
2026-09-11T18:16:22.933818+00:00,200,5087.09,
2026-09-11T18:16:27.558249+00:00,200,465.28,
2026-09-11T18:16:26.333954+00:00,200,1700.96,
2026-09-11T18:16:22.928503+00:00,200,5111.22,
2026-09-11T18:16:16.880292+00:00,200,11163.86,
2026-09-11T18:16:24.950334+00:00,200,3096.04,
2026-09-11T18:16:27.206856+00:00,200,845.13,
2026-09-11T18:16:26.526857+00:00,200,1527.07,
2026-09-11T18:16:26.411657+00:00,200,1681.52,
2026-09-11T18:16:24.199667+00:00,200,3900.36,
2026-09-11T18:16:18.161601+00:00,200,9943.91,
2026-09-11T18:16:22.338907+00:00,200,5768.77,
2026-09-11T18:16:20.083381+00:00,200,8028.31,
2026-09-11T18:16:24.441616+00:00,200,3695.76,
2026-09-11T18:16:20.176079+00:00,200,7985.87,
2026-09-11T18:16:24.098021+00:00,200,4074.43,
2026-09-11T18:16:26.638065+00:00,200,1535.78,
2026-09-11T18:16:26.175362+00:00,200,2011.09,
2026-09-11T18:16:18.668755+00:00,200,9523.46,
2026-09-11T18:16:10.071404+00:00,200,18123.51,
2026-09-11T18:16:20.947516+00:00,200,7256.25,
2026-09-11T18:16:23.796823+00:00,200,4420.14,
2026-09-11T18:16:22.222136+00:00,200,6003.95,
2026-09-11T18:16:17.771875+00:00,200,10459.38,
2026-09-11T18:16:10.404940+00:00,200,17829.11,
2026-09-11T18:16:27.194992+00:00,200,1050.65,
2026-09-11T18:16:25.169874+00:00,200,3096.28,
2026-09-11T18:16:22.775786+00:00,200,5503.02,
2026-09-11T18:16:21.278607+00:00,200,7002.76,
2026-09-11T18:16:27.123870+00:00,200,1169.34,
2026-09-11T18:16:25.055087+00:00,200,3241.57,
2026-09-11T18:16:23.154108+00:00,200,5147.79,
2026-09-11T18:16:18.475249+00:00,200,9834.3,
2026-09-11T18:16:22.695141+00:00,200,5636.84,
2026-09-11T18:16:25.689384+00:00,200,2676.06,
2026-09-11T18:16:25.971816+00:00,200,2394.84,
2026-09-11T18:16:26.577290+00:00,200,1792.22,
2026-09-11T18:16:23.848837+00:00,200,4529.68,
2026-09-11T18:16:19.519414+00:00,200,8868.03,
2026-09-11T18:16:25.400067+00:00,200,2991.15,
2026-09-11T18:16:27.382644+00:00,200,1016.36,
2026-09-11T18:16:23.084920+00:00,200,5318.92,
2026-09-11T18:16:17.911435+00:00,200,10508.22,
2026-09-11T18:16:18.636121+00:00,200,9816.71,
2026-09-11T18:16:24.958624+00:00,200,3505.3,
2026-09-11T18:16:20.109496+00:00,200,8357.43,
2026-09-11T18:16:12.841649+00:00,200,15630.58,
2026-09-11T18:16:26.050995+00:00,200,2422.35,
2026-09-11T18:16:26.011949+00:00,200,2467.39,
2026-09-11T18:16:26.985930+00:00,200,1495.18,
2026-09-11T18:16:17.988293+00:00,200,10498.86,
2026-09-11T18:16:22.300948+00:00,200,6198.31,
2026-09-11T18:16:11.644002+00:00,200,16869.14,
2026-09-11T18:16:13.292869+00:00,200,15238.72,
2026-09-11T18:16:19.478987+00:00,200,9056.36,
2026-09-11T18:16:18.912288+00:00,200,9644.25,
2026-09-11T18:16:04.431863+00:00,200,24128.16,
2026-09-11T18:16:24.111794+00:00,200,4449.94,
2026-09-11T18:16:27.937298+00:00,200,628.51,
2026-09-11T18:16:28.419669+00:00,200,158.97,
2026-09-11T18:16:14.913534+00:00,200,13674.64,
2026-09-11T18:16:25.490657+00:00,200,3105.83,
2026-09-11T18:16:26.790897+00:00,200,1811.84,
2026-09-11T18:16:27.007023+00:00,200,1605.19,
2026-09-11T18:16:28.029921+00:00,200,610.25,
2026-09-11T18:16:13.021098+00:00,200,15620.52,
2026-09-11T18:16:27.231454+00:00,200,1426.12,
2026-09-11T18:16:24.571057+00:00,200,4087.73,
2026-09-11T18:16:26.329507+00:00,200,2336.28,
2026-09-11T18:16:25.957741+00:00,200,2715.51,
2026-09-11T18:16:27.017242+00:00,200,1662.93,
2026-09-11T18:16:26.851013+00:00,200,1833.55,
2026-09-11T18:16:20.625286+00:00,200,8076.47,
2026-09-11T18:16:19.674962+00:00,200,9035.13,
2026-09-11T18:16:26.491858+00:00,200,2221.19,
2026-09-11T18:16:24.507501+00:00,200,4210.14,
2026-09-11T18:16:25.629656+00:00,200,3100.64,
2026-09-11T18:16:26.789210+00:00,200,1944.87,
2026-09-11T18:16:23.544688+00:00,200,5193.53,
2026-09-11T18:16:20.796582+00:00,200,7980.35,
2026-09-11T18:16:21.371488+00:00,200,7408.97,
2026-09-11T18:16:13.107343+00:00,200,15680.7,
2026-09-11T18:16:25.198834+00:00,200,3597.69,
2026-09-11T18:16:28.640191+00:00,200,157.6,
2026-09-11T18:16:18.016239+00:00,200,10787.52,
2026-09-11T18:16:23.268839+00:00,200,5544.35,
2026-09-11T18:16:23.326638+00:00,200,5500.25,
2026-09-11T18:16:21.891127+00:00,200,6957.63,
2026-09-11T18:16:25.938851+00:00,200,2921.87,
2026-09-11T18:16:26.036636+00:00,200,2825.85,
2026-09-11T18:16:27.673083+00:00,200,1194.75,
2026-09-11T18:16:19.525820+00:00,200,9343.26,
2026-09-11T18:16:27.121611+00:00,200,1763.99,
2026-09-11T18:16:26.559251+00:00,200,2328.96,
2026-09-11T18:16:25.883804+00:00,200,3012.06,
2026-09-11T18:16:25.162382+00:00,200,3734.68,
2026-09-11T18:16:22.793574+00:00,200,6121.76,
2026-09-11T18:16:26.054831+00:00,200,2864.17,
2026-09-11T18:16:27.088186+00:00,200,1848.23,
2026-09-11T18:16:20.819208+00:00,200,8119.39,
2026-09-11T18:16:18.487732+00:00,200,10464.1,
2026-09-11T18:16:21.779254+00:00,200,7175.7,
2026-09-11T18:16:15.493672+00:00,200,13475.77,
2026-09-11T18:16:19.014062+00:00,200,9973.41,
2026-09-11T18:16:23.524915+00:00,200,5476.53,
2026-09-11T18:16:24.294147+00:00,200,4720.05,
2026-09-11T18:16:27.517388+00:00,200,1501.12,
2026-09-11T18:16:24.102775+00:00,200,4933.58,
2026-09-11T18:16:11.925230+00:00,200,17132.63,
2026-09-11T18:16:28.897071+00:00,200,172.89,
2026-09-11T18:16:19.887261+00:00,200,9186.74,
2026-09-11T18:16:23.166084+00:00,200,5918.66,
2026-09-11T18:16:28.463938+00:00,200,622.09,
2026-09-11T18:16:24.745324+00:00,200,4348.44,
2026-09-11T18:16:15.534637+00:00,200,13565.18,
2026-09-11T18:16:25.888238+00:00,200,3218.18,
2026-09-11T18:16:27.952570+00:00,200,1172.98,
2026-09-11T18:16:19.306383+00:00,200,9821.5,
2026-09-11T18:16:09.826073+00:00,200,19315.77,
2026-09-11T18:16:21.860286+00:00,200,7285.01,
2026-09-11T18:16:17.853983+00:00,200,11294.81,
2026-09-11T18:16:28.137394+00:00,200,1017.21,
2026-09-11T18:16:25.129557+00:00,200,4055.81,
2026-09-11T18:16:26.920277+00:00,200,2268.45,
2026-09-11T18:16:12.518429+00:00,200,16688.75,
2026-09-11T18:16:26.337334+00:00,200,2872.43,
2026-09-11T18:16:29.036361+00:00,200,174.82,
2026-09-11T18:16:23.750944+00:00,200,5464.58,
2026-09-11T18:16:24.268202+00:00,200,4951.47,
2026-09-11T18:16:28.179355+00:00,200,1051.22,
2026-09-11T18:16:13.562094+00:00,200,15679.23,
2026-09-11T18:16:08.284848+00:00,200,20959.08,
2026-09-11T18:16:20.865974+00:00,200,8386.85,
2026-09-11T18:16:22.083739+00:00,200,7177.69,
2026-09-11T18:16:26.890316+00:00,200,2401.05,
2026-09-11T18:16:23.081815+00:00,200,6218.53,
2026-09-11T18:16:16.705579+00:00,200,12597.9,
2026-09-11T18:16:26.649947+00:00,200,2682.57,
2026-09-11T18:16:13.799221+00:00,200,15543.28,
2026-09-11T18:16:24.621667+00:00,200,4723.08,
2026-09-11T18:16:24.318704+00:00,200,5031.33,
2026-09-11T18:16:28.445328+00:00,200,917.09,
2026-09-11T18:16:28.895868+00:00,200,470.93,
2026-09-11T18:16:15.373697+00:00,200,14002.04,
2026-09-11T18:16:02.530857+00:00,200,26869.67,
2026-09-11T18:16:27.860612+00:00,200,1551.07,
2026-09-11T18:16:19.860055+00:00,200,9556.9,
2026-09-11T18:16:22.992024+00:00,200,6435.84,
2026-09-11T18:16:23.981730+00:00,200,5447.38,
2026-09-11T18:16:24.783250+00:00,200,4656.69,
2026-09-11T18:16:19.680520+00:00,200,9771.96,
2026-09-11T18:16:22.982844+00:00,200,6483.09,
2026-09-11T18:16:22.936685+00:00,200,6537.84,
2026-09-11T18:16:23.704526+00:00,200,5786.02,
2026-09-11T18:16:22.277170+00:00,200,7215.31,
2026-09-11T18:16:27.181996+00:00,200,2311.95,
2026-09-11T18:16:12.240548+00:00,200,17256.28,
2026-09-11T18:16:27.481563+00:00,200,2024.08,
2026-09-11T18:16:20.369547+00:00,200,9153.93,
2026-09-11T18:16:26.450857+00:00,200,3092.55,
2026-09-11T18:16:27.633803+00:00,200,1925.31,
2026-09-11T18:16:26.822154+00:00,200,2738.73,
2026-09-11T18:16:20.509203+00:00,200,9054.91,
2026-09-11T18:16:29.291388+00:00,200,315.04,
2026-09-11T18:16:25.609834+00:00,200,3998.98,
2026-09-11T18:16:27.454998+00:00,200,2155.33,
2026-09-11T18:16:26.981515+00:00,200,2633.64,
2026-09-11T18:16:25.176226+00:00,200,4443.98,
2026-09-11T18:16:09.498671+00:00,200,20133.13,
2026-09-11T18:16:29.249030+00:00,200,385.26,
2026-09-11T18:16:23.640829+00:00,200,5994.76,
2026-09-11T18:16:26.255811+00:00,200,3386.59,
2026-09-11T18:16:25.480306+00:00,200,4164.58,
2026-09-11T18:16:20.281849+00:00,200,9369.29,
2026-09-11T18:16:25.799148+00:00,200,3861.99,
2026-09-11T18:16:26.500906+00:00,200,3175.37,
2026-09-11T18:16:22.437889+00:00,200,7241.29,
2026-09-11T18:16:27.503649+00:00,200,2209.16,
2026-09-11T18:16:25.813747+00:00,200,3904.72,
2026-09-11T18:16:22.922621+00:00,200,6824.91,
2026-09-11T18:16:14.943848+00:00,200,14810.86,
2026-09-11T18:16:26.044510+00:00,200,3716.31,
2026-09-11T18:16:29.559136+00:00,200,204.26,
2026-09-11T18:16:28.105525+00:00,200,1681.29,
2026-09-11T18:16:15.347855+00:00,200,14447.35,
2026-09-11T18:16:23.360213+00:00,200,6439.15,
2026-09-11T18:16:08.851255+00:00,200,20961.75,
2026-09-11T18:16:29.297519+00:00,200,525.91,
2026-09-11T18:16:18.925668+00:00,200,10906.07,
2026-09-11T18:16:26.198763+00:00,200,3634.93,
2026-09-11T18:16:07.676730+00:00,200,22165.92,
2026-09-11T18:16:20.900179+00:00,200,8945.33,
2026-09-11T18:16:28.483766+00:00,200,1374.8,
2026-09-11T18:16:18.751777+00:00,200,11128.25,
2026-09-11T18:16:24.143544+00:00,200,5741.24,
2026-09-11T18:16:24.729512+00:00,200,5163.93,
2026-09-11T18:16:18.821955+00:00,200,11073.65,
2026-09-11T18:16:24.514384+00:00,200,5387.82,
2026-09-11T18:16:15.848625+00:00,200,14057.38,
2026-09-11T18:16:19.990770+00:00,200,9926.64,
2026-09-11T18:16:29.795220+00:00,200,133.68,
2026-09-11T18:16:19.948100+00:00,200,9983.03,
2026-09-11T18:16:29.243940+00:00,200,693.56,
2026-09-11T18:16:29.786839+00:00,200,159.95,
2026-09-11T18:16:28.044162+00:00,200,1926.52,
2026-09-11T18:16:29.154609+00:00,200,819.03,
2026-09-11T18:16:23.397290+00:00,200,6599.58,
2026-09-11T18:16:22.275438+00:00,200,7725.75,
2026-09-11T18:16:28.797799+00:00,200,1209.25,
2026-09-11T18:16:26.225202+00:00,200,3785.56,
2026-09-11T18:16:27.554719+00:00,200,2458.68,
2026-09-11T18:16:23.157472+00:00,200,6861.34,
2026-09-11T18:16:26.296131+00:00,200,3753.97,
2026-09-11T18:16:24.844824+00:00,200,5206.6,
2026-09-11T18:16:29.595377+00:00,200,487.39,
2026-09-11T18:16:25.141720+00:00,200,4952.76,
2026-09-11T18:16:17.052793+00:00,200,13054.85,
2026-09-11T18:16:21.004568+00:00,200,9108.51,
2026-09-11T18:16:29.608830+00:00,200,506.13,
2026-09-11T18:16:29.996885+00:00,200,130.34,
2026-09-11T18:16:25.340500+00:00,200,4794.66,
2026-09-11T18:16:28.231269+00:00,200,1909.49,
2026-09-11T18:16:27.431078+00:00,200,2711.16,
2026-09-11T18:16:26.901538+00:00,200,3264.38,
2026-09-11T18:16:27.449251+00:00,200,2721.54,
2026-09-11T18:16:26.267063+00:00,200,3909.7,
2026-09-11T18:16:24.034903+00:00,200,6145.13,
2026-09-11T18:16:15.276846+00:00,200,14916.17,
2026-09-11T18:16:28.843922+00:00,200,1350.41,
2026-09-11T18:16:27.596976+00:00,200,2611.98,
2026-09-11T18:16:27.790640+00:00,200,2426.78,
2026-09-11T18:16:26.622032+00:00,200,3596.94,
2026-09-11T18:16:29.452495+00:00,200,768.0,
2026-09-11T18:16:28.093196+00:00,200,2132.11,
2026-09-11T18:16:28.023547+00:00,200,2211.87,
2026-09-11T18:16:26.140658+00:00,200,4096.12,
2026-09-11T18:16:29.830292+00:00,200,414.64,
2026-09-11T18:16:28.710117+00:00,200,1554.48,
2026-09-11T18:16:23.349211+00:00,200,6931.43,
2026-09-11T18:16:26.880208+00:00,200,3405.77,
2026-09-11T18:16:19.448505+00:00,200,10843.12,
2026-09-11T18:16:28.658791+00:00,200,1641.1,
2026-09-11T18:16:26.478576+00:00,200,3858.88,
2026-09-11T18:16:20.070350+00:00,200,10274.31,
2026-09-11T18:16:19.225848+00:00,200,11121.26,
2026-09-11T18:16:25.277106+00:00,200,5092.85,
2026-09-11T18:16:29.089308+00:00,200,1286.61,
2026-09-11T18:16:27.855290+00:00,200,2531.81,
2026-09-11T18:16:25.464106+00:00,200,4937.76,
2026-09-11T18:16:19.234483+00:00,200,11170.19,
2026-09-11T18:16:23.380485+00:00,200,7045.79,
2026-09-11T18:16:29.480604+00:00,200,959.24,
2026-09-11T18:16:24.386320+00:00,200,6068.81,
2026-09-11T18:16:26.220101+00:00,200,4247.84,
2026-09-11T18:16:28.717651+00:00,200,1754.84,
2026-09-11T18:16:28.813193+00:00,200,1667.33,
2026-09-11T18:16:26.307190+00:00,200,4176.57,
2026-09-11T18:16:28.862491+00:00,200,1640.74,
2026-09-11T18:16:28.473353+00:00,200,2034.21,
2026-09-11T18:16:26.793398+00:00,200,3717.44,
2026-09-11T18:16:25.185760+00:00,200,5353.39,
2026-09-11T18:16:13.493300+00:00,200,17056.56,
2026-09-11T18:16:26.189446+00:00,200,4373.87,
2026-09-11T18:16:27.265610+00:00,200,3314.2,
2026-09-11T18:16:26.495641+00:00,200,4085.32,
2026-09-11T18:16:21.492718+00:00,200,9089.44,
2026-09-11T18:16:25.684483+00:00,200,4900.06,
2026-09-11T18:16:19.927279+00:00,200,10668.31,
2026-09-11T18:16:27.749316+00:00,200,2850.88,
2026-09-11T18:16:27.407130+00:00,200,3201.35,
2026-09-11T18:16:23.810370+00:00,200,6812.14,
2026-09-11T18:16:20.965365+00:00,200,9674.77,
2026-09-11T18:16:08.556632+00:00,200,22109.47,
2026-09-11T18:16:24.253289+00:00,200,6421.55,
2026-09-11T18:16:26.170078+00:00,200,4510.2,
2026-09-11T18:16:30.082788+00:00,200,603.49,
2026-09-11T18:16:28.545058+00:00,200,2155.28,
2026-09-11T18:16:28.387492+00:00,200,2337.71,
2026-09-11T18:16:29.350042+00:00,200,1386.27,
2026-09-11T18:16:28.399016+00:00,200,2340.95,
2026-09-11T18:16:26.108913+00:00,200,4635.61,
2026-09-11T18:16:24.549898+00:00,200,6205.63,
2026-09-11T18:16:20.444060+00:00,200,10317.86,
2026-09-11T18:16:29.831745+00:00,200,934.96,
2026-09-11T18:16:23.108351+00:00,200,7676.12,
2026-09-11T18:16:26.575869+00:00,200,4221.47,
2026-09-11T18:16:27.400138+00:00,200,3403.34,
2026-09-11T18:16:28.969466+00:00,200,1836.96,
2026-09-11T18:16:26.511388+00:00,200,4318.51,
2026-09-11T18:16:25.079999+00:00,200,5760.02,
2026-09-11T18:16:24.486951+00:00,200,6362.4,
2026-09-11T18:16:19.099320+00:00,200,11752.86,
2026-09-11T18:16:29.635599+00:00,200,1222.33,
2026-09-11T18:16:26.008357+00:00,200,4866.22,
2026-09-11T18:16:30.507571+00:00,200,377.35,
2026-09-11T18:16:29.241341+00:00,200,1647.41,
2026-09-11T18:16:30.725197+00:00,200,172.19,
2026-09-11T18:16:22.348281+00:00,200,8555.99,
2026-09-11T18:16:28.481117+00:00,200,2442.18,
2026-09-11T18:16:30.051444+00:00,200,873.81,
2026-09-11T18:16:18.254407+00:00,200,12681.12,
2026-09-11T18:16:24.912369+00:00,200,6029.95,
2026-09-11T18:16:21.667077+00:00,200,9288.59,
2026-09-11T18:16:29.342515+00:00,200,1628.47,
2026-09-11T18:16:30.088913+00:00,200,898.29,
2026-09-11T18:16:21.207943+00:00,200,9780.6,
2026-09-11T18:16:29.018514+00:00,200,1992.25,
2026-09-11T18:16:27.740995+00:00,200,3271.09,
2026-09-11T18:16:28.987488+00:00,200,2025.81,
2026-09-11T18:16:26.062876+00:00,200,4973.75,
2026-09-11T18:16:30.534734+00:00,200,505.04,
2026-09-11T18:16:27.795545+00:00,200,3253.25,
2026-09-11T18:16:23.463784+00:00,200,7590.06,
2026-09-11T18:16:27.239962+00:00,200,3820.8,
2026-09-11T18:16:29.427872+00:00,200,1638.02,
2026-09-11T18:16:28.730306+00:00,200,2345.77,
2026-09-11T18:16:26.022683+00:00,200,5077.15,
2026-09-11T18:16:22.945741+00:00,200,8160.37,
2026-09-11T18:16:24.654247+00:00,200,6456.48,
2026-09-11T18:16:27.052112+00:00,200,4061.11,
2026-09-11T18:16:26.868694+00:00,200,4254.64,
2026-09-11T18:16:28.919024+00:00,200,2213.67,
2026-09-11T18:16:31.010778+00:00,200,130.39,
2026-09-11T18:16:21.471622+00:00,200,9676.5,
2026-09-11T18:16:29.069981+00:00,200,2089.23,
2026-09-11T18:16:23.100147+00:00,200,8064.98,
2026-09-11T18:16:31.013300+00:00,200,159.66,
2026-09-11T18:16:29.620211+00:00,200,1566.18,
2026-09-11T18:16:29.751013+00:00,200,1452.59,
2026-09-11T18:16:26.243022+00:00,200,4965.31,
2026-09-11T18:16:30.001188+00:00,200,1214.17,
2026-09-11T18:16:01.840514+00:00,200,29394.82,
2026-09-11T18:16:22.815269+00:00,200,8456.96,
2026-09-11T18:16:28.535359+00:00,200,2748.18,
2026-09-11T18:16:24.430078+00:00,200,6855.39,
2026-09-11T18:16:24.590323+00:00,200,6719.58,
2026-09-11T18:16:30.680290+00:00,200,631.8,
2026-09-11T18:16:30.381509+00:00,200,932.92,
2026-09-11T18:16:29.754722+00:00,200,1565.19,
2026-09-11T18:16:16.733104+00:00,200,14588.86,
2026-09-11T18:16:31.186401+00:00,200,145.57,
2026-09-11T18:16:28.665792+00:00,200,2688.25,
2026-09-11T18:16:26.709330+00:00,200,4648.65,
2026-09-11T18:16:29.799368+00:00,200,1562.84,
2026-09-11T18:16:24.775102+00:00,200,6589.08,
2026-09-11T18:16:24.471728+00:00,200,6912.77,
2026-09-11T18:16:23.613568+00:00,200,7777.51,
2026-09-11T18:16:24.331752+00:00,200,7076.19,
2026-09-11T18:16:21.579378+00:00,200,9832.92,
2026-09-11T18:16:30.955688+00:00,200,462.02,
2026-09-11T18:16:29.219684+00:00,200,2236.71,
2026-09-11T18:16:28.010986+00:00,200,3447.87,
2026-09-11T18:16:27.629687+00:00,200,3834.41,
2026-09-11T18:16:22.949852+00:00,200,8517.41,
2026-09-11T18:16:22.292370+00:00,200,9178.28,
2026-09-11T18:16:28.780470+00:00,200,2698.34,
2026-09-11T18:16:30.874592+00:00,200,617.63,
2026-09-11T18:16:21.586149+00:00,200,9912.88,
2026-09-11T18:16:31.354061+00:00,200,147.39,
2026-09-11T18:16:30.299902+00:00,200,1220.28,
2026-09-11T18:16:24.006923+00:00,200,7517.07,
2026-09-11T18:16:27.096055+00:00,200,4435.39,
2026-09-11T18:16:21.810842+00:00,200,9733.66,
2026-09-11T18:16:01.967398+00:00,200,29587.08,
2026-09-11T18:16:15.434348+00:00,200,16134.31,
2026-09-11T18:16:29.523495+00:00,200,2053.86,
2026-09-11T18:16:26.698967+00:00,200,4891.73,
2026-09-11T18:16:05.426395+00:00,200,26165.42,
2026-09-11T18:16:28.194922+00:00,200,3402.96,
2026-09-11T18:16:26.038589+00:00,200,5565.82,
2026-09-11T18:16:25.756544+00:00,200,5861.05,
2026-09-11T18:16:28.020918+00:00,200,3598.71,
2026-09-11T18:16:24.978736+00:00,200,6643.71,
2026-09-11T18:16:29.201118+00:00,200,2431.45,
2026-09-11T18:16:30.582166+00:00,200,1055.34,
2026-09-11T18:16:17.419535+00:00,200,14245.05,
2026-09-11T18:16:21.336784+00:00,200,10356.05,
2026-09-11T18:16:29.332527+00:00,200,2362.61,
2026-09-11T18:16:29.391688+00:00,200,2307.07,
2026-09-11T18:16:25.241101+00:00,200,6459.45,
2026-09-11T18:16:29.983144+00:00,200,1738.6,
2026-09-11T18:16:28.684565+00:00,200,3040.04,
2026-09-11T18:16:31.029246+00:00,200,696.51,
2026-09-11T18:16:30.970997+00:00,200,758.04,
2026-09-11T18:16:28.385489+00:00,200,3357.01,
2026-09-11T18:16:25.062065+00:00,200,6684.56,
2026-09-11T18:16:31.446159+00:00,200,319.49,
2026-09-11T18:16:23.063331+00:00,200,8703.6,
2026-09-11T18:16:29.679198+00:00,200,2091.84,
2026-09-11T18:16:17.593477+00:00,200,14202.65,
2026-09-11T18:16:31.172970+00:00,200,640.31,
2026-09-11T18:16:23.163616+00:00,200,8674.39,
2026-09-11T18:16:20.208036+00:00,200,11631.75,
2026-09-11T18:16:31.060772+00:00,200,789.18,
2026-09-11T18:16:25.870746+00:00,200,5983.97,
2026-09-11T18:16:29.644894+00:00,200,2218.44,
2026-09-11T18:16:24.601833+00:00,200,7276.14,
2026-09-11T18:16:31.331976+00:00,200,559.33,
2026-09-11T18:16:30.170798+00:00,200,1723.23,
2026-09-11T18:16:21.391429+00:00,200,10506.79,
2026-09-11T18:16:09.315808+00:00,200,22583.75,
2026-09-11T18:16:31.765665+00:00,200,135.04,
2026-09-11T18:16:22.592585+00:00,200,9311.96,
2026-09-11T18:16:24.940857+00:00,200,6969.25,
2026-09-11T18:16:15.707961+00:00,200,16203.78,
2026-09-11T18:16:28.560036+00:00,200,3360.9,
2026-09-11T18:16:19.206339+00:00,200,12726.2,
2026-09-11T18:16:09.195712+00:00,200,22738.16,
2026-09-11T18:16:25.933036+00:00,200,6028.73,
2026-09-11T18:16:18.313381+00:00,200,13653.03,
2026-09-11T18:16:31.813293+00:00,200,154.37,
2026-09-11T18:16:22.408982+00:00,200,9577.87,
2026-09-11T18:16:27.944601+00:00,200,4062.51,
2026-09-11T18:16:21.777827+00:00,200,10230.52,
2026-09-11T18:16:05.069367+00:00,200,26954.48,
2026-09-11T18:16:27.456897+00:00,200,4583.59,
2026-09-11T18:16:26.991494+00:00,200,5057.35,
2026-09-11T18:16:31.285473+00:00,200,765.02,
2026-09-11T18:16:29.884792+00:00,200,2181.15,
2026-09-11T18:16:29.880047+00:00,200,2200.08,
2026-09-11T18:16:28.452840+00:00,200,3629.77,
2026-09-11T18:16:24.825335+00:00,200,7260.15,
2026-09-11T18:16:30.686286+00:00,200,1403.01,
2026-09-11T18:16:27.688730+00:00,200,4402.03,
2026-09-11T18:16:21.720869+00:00,200,10371.13,
2026-09-11T18:16:26.343992+00:00,200,5756.04,
2026-09-11T18:16:31.961783+00:00,200,143.2,
2026-09-11T18:16:26.003168+00:00,200,6104.4,
2026-09-11T18:16:24.619981+00:00,200,7489.67,
2026-09-11T18:16:29.543430+00:00,200,2567.42,
2026-09-11T18:16:30.900134+00:00,200,1231.44,
2026-09-11T18:16:22.698655+00:00,200,9443.53,
2026-09-11T18:16:25.204318+00:00,200,6948.59,
2026-09-11T18:16:14.477369+00:00,200,17692.61,
2026-09-11T18:16:30.736331+00:00,200,1449.53,
2026-09-11T18:16:29.031521+00:00,200,3174.89,
2026-09-11T18:16:24.646585+00:00,200,7563.83,
2026-09-11T18:16:28.915350+00:00,200,3311.33,
2026-09-11T18:16:26.253765+00:00,200,5988.43,
2026-09-11T18:16:09.865881+00:00,200,22377.62,
2026-09-11T18:16:20.358699+00:00,200,11889.35,
2026-09-11T18:16:28.826902+00:00,200,3422.39,
2026-09-11T18:16:22.357044+00:00,200,9899.99,
2026-09-11T18:16:24.839154+00:00,200,7423.62,
2026-09-11T18:16:11.574240+00:00,200,20691.42,
2026-09-11T18:16:26.385209+00:00,200,5890.61,
2026-09-11T18:16:18.452765+00:00,200,13826.0,
2026-09-11T18:16:32.152931+00:00,200,139.97,
2026-09-11T18:16:22.674874+00:00,200,9641.65,
2026-09-11T18:16:28.186461+00:00,200,4142.55,
2026-09-11T18:16:22.447846+00:00,200,9900.3,
2026-09-11T18:16:14.164791+00:00,200,18195.84,
2026-09-11T18:16:24.937191+00:00,200,7448.03,
2026-09-11T18:16:32.034872+00:00,200,355.53,
2026-09-11T18:16:16.554237+00:00,200,15845.38,
2026-09-11T18:16:28.743485+00:00,200,3669.69,
2026-09-11T18:16:21.684903+00:00,200,10736.93,
2026-09-11T18:16:26.626579+00:00,200,5805.15,
2026-09-11T18:16:25.747345+00:00,200,6691.19,
2026-09-11T18:16:29.300355+00:00,200,3143.77,
2026-09-11T18:16:31.966420+00:00,200,484.56,
2026-09-11T18:16:17.487233+00:00,200,14965.62,
2026-09-11T18:16:17.980942+00:00,200,14480.92,
2026-09-11T18:16:28.034923+00:00,200,4441.56,
2026-09-11T18:16:32.226690+00:00,200,269.03,
2026-09-11T18:16:30.034445+00:00,200,2465.07,
2026-09-11T18:16:28.226095+00:00,200,4275.89,
2026-09-11T18:16:27.161876+00:00,200,5344.88,
2026-09-11T18:16:29.099831+00:00,200,3426.98,
2026-09-11T18:16:28.084603+00:00,200,4453.01,
2026-09-11T18:16:29.430545+00:00,200,3111.99,
2026-09-11T18:16:25.477162+00:00,200,7075.13,
2026-09-11T18:16:20.989186+00:00,200,11596.08,
2026-09-11T18:16:24.691513+00:00,200,7897.89,
2026-09-11T18:16:31.891327+00:00,200,703.27,
2026-09-11T18:16:16.513178+00:00,200,16091.36,
2026-09-11T18:16:30.007055+00:00,200,2599.09,
2026-09-11T18:16:31.039787+00:00,200,1575.63,
2026-09-11T18:16:25.845367+00:00,200,6771.18,
2026-09-11T18:16:26.803997+00:00,200,5825.73,
2026-09-11T18:16:20.668132+00:00,200,11979.73,
2026-09-11T18:16:14.776705+00:00,200,17887.53,
2026-09-11T18:16:28.785560+00:00,200,3885.48,
2026-09-11T18:16:30.225320+00:00,200,2448.4,
2026-09-11T18:16:24.159198+00:00,200,8540.35,
2026-09-11T18:16:26.010045+00:00,200,6709.99,
2026-09-11T18:16:26.445598+00:00,200,6288.27,
2026-09-11T18:16:30.755539+00:00,200,1993.65,
2026-09-11T18:16:29.546466+00:00,200,3210.55,
2026-09-11T18:16:19.673259+00:00,200,13091.32,
2026-09-11T18:16:28.140349+00:00,200,4630.01,
2026-09-11T18:16:29.148806+00:00,200,3630.25,
2026-09-11T18:16:01.225920+00:00,200,31558.89,
2026-09-11T18:16:32.169992+00:00,200,616.14,
2026-09-11T18:16:28.556547+00:00,200,4233.54,
2026-09-11T18:16:32.499522+00:00,200,308.57,
2026-09-11T18:16:29.712829+00:00,200,3096.71,
2026-09-11T18:16:28.938608+00:00,200,3877.56,
2026-09-11T18:16:24.444386+00:00,200,8376.24,
2026-09-11T18:16:22.149961+00:00,200,10682.6,
2026-09-11T18:16:21.396422+00:00,200,11437.53,
2026-09-11T18:16:19.932599+00:00,200,12904.09,
2026-09-11T18:16:18.826222+00:00,200,14027.9,
2026-09-11T18:16:22.131581+00:00,200,10737.85,
2026-09-11T18:16:26.379445+00:00,200,6498.34,
2026-09-11T18:16:17.849848+00:00,200,15060.57,
2026-09-11T18:16:31.228962+00:00,200,1691.28,
2026-09-11T18:16:32.671049+00:00,200,253.2,
2026-09-11T18:16:25.517558+00:00,200,7436.33,
2026-09-11T18:16:29.842662+00:00,200,3114.54,
2026-09-11T18:16:22.583217+00:00,200,10397.44,
2026-09-11T18:16:22.640419+00:00,200,10347.85,
2026-09-11T18:16:29.564120+00:00,200,3427.24,
2026-09-11T18:16:24.969573+00:00,200,8023.53,
2026-09-11T18:16:30.766717+00:00,200,2239.98,
2026-09-11T18:16:31.524002+00:00,200,1494.85,
2026-09-11T18:16:32.452858+00:00,200,569.52,
2026-09-11T18:16:24.855756+00:00,200,8184.26,
2026-09-11T18:16:27.776383+00:00,200,5292.23,
2026-09-11T18:16:28.602744+00:00,200,4471.06,
2026-09-11T18:16:25.409664+00:00,200,7667.13,
2026-09-11T18:16:23.609833+00:00,200,9477.18,
2026-09-11T18:16:30.455146+00:00,200,2640.89,
2026-09-11T18:16:26.757551+00:00,200,6343.27,
2026-09-11T18:16:28.565812+00:00,200,4538.58,
2026-09-11T18:16:22.120166+00:00,200,11006.25,
2026-09-11T18:16:24.542524+00:00,200,8590.95,
2026-09-11T18:16:31.391087+00:00,200,1745.51,
2026-09-11T18:16:21.528365+00:00,200,11622.09,
2026-09-11T18:16:28.403855+00:00,200,4749.11,
2026-09-11T18:16:14.418739+00:00,200,18739.59,
2026-09-11T18:16:27.169697+00:00,200,5998.66,
2026-09-11T18:16:17.173165+00:00,200,16002.95,
2026-09-11T18:16:21.581639+00:00,200,11597.13,
2026-09-11T18:16:31.053852+00:00,200,2145.67,
2026-09-11T18:16:22.179118+00:00,200,11024.38,
2026-09-11T18:16:15.501149+00:00,200,17711.56,
2026-09-11T18:16:27.748089+00:00,200,5478.36,
2026-09-11T18:16:22.228367+00:00,200,11001.56,
2026-09-11T18:16:28.203775+00:00,200,5031.52,
2026-09-11T18:16:31.362221+00:00,200,1877.19,
2026-09-11T18:16:28.513158+00:00,200,4741.17,
2026-09-11T18:16:26.157279+00:00,200,7105.86,
2026-09-11T18:16:33.126429+00:00,200,144.7,
2026-09-11T18:16:24.043331+00:00,200,9240.55,
2026-09-11T18:16:28.472237+00:00,200,4826.13,
2026-09-11T18:16:23.917086+00:00,200,9404.07,
2026-09-11T18:16:29.375752+00:00,200,3953.26,
2026-09-11T18:16:27.196330+00:00,200,6143.34,
2026-09-11T18:16:33.199544+00:00,200,142.05,
2026-09-11T18:16:28.284742+00:00,200,5058.68,
2026-09-11T18:16:29.252828+00:00,200,4103.08,
2026-09-11T18:16:30.629087+00:00,200,2750.89,
2026-09-11T18:16:31.932550+00:00,200,1457.33,
2026-09-11T18:16:31.312094+00:00,200,2084.54,
2026-09-11T18:16:19.304934+00:00,200,14097.42,
2026-09-11T18:16:24.608453+00:00,200,8820.21,
2026-09-11T18:16:22.599483+00:00,200,10836.4,
2026-09-11T18:16:27.220737+00:00,200,6216.88,
2026-09-11T18:16:31.412307+00:00,200,2028.08,
2026-09-11T18:16:21.179444+00:00,200,12262.84,
2026-09-11T18:16:13.257969+00:00,200,20186.47,
2026-09-11T18:16:18.449734+00:00,200,15020.2,
2026-09-11T18:16:33.321178+00:00,200,152.73,
2026-09-11T18:16:23.932470+00:00,200,9549.19,
2026-09-11T18:16:19.917133+00:00,200,13565.86,
2026-09-11T18:16:25.200980+00:00,200,8287.61,
2026-09-11T18:16:17.925195+00:00,200,15566.66,
2026-09-11T18:16:29.813021+00:00,200,3693.51,
2026-09-11T18:16:24.640946+00:00,200,8870.32,
2026-09-11T18:16:27.818177+00:00,200,5694.76,
2026-09-11T18:16:18.795434+00:00,200,14752.44,
2026-09-11T18:16:30.739977+00:00,200,2830.14,
2026-09-11T18:16:27.191539+00:00,200,6381.31,
2026-09-11T18:16:08.254132+00:00,200,25346.53,
2026-09-11T18:16:30.194339+00:00,200,3407.52,
2026-09-11T18:16:24.827413+00:00,200,8775.52,
2026-09-11T18:16:32.086882+00:00,200,1529.22,
2026-09-11T18:16:27.778962+00:00,200,5841.61,
2026-09-11T18:16:31.076090+00:00,200,2554.27,
2026-09-11T18:16:29.093771+00:00,200,4545.78,
2026-09-11T18:16:28.172460+00:00,200,5469.28,
2026-09-11T18:16:27.765785+00:00,200,5881.21,
2026-09-11T18:16:24.176353+00:00,200,9476.31,
2026-09-11T18:16:12.407804+00:00,200,21253.13,
2026-09-11T18:16:31.398427+00:00,200,2268.46,
2026-09-11T18:16:20.191578+00:00,200,13480.4,
2026-09-11T18:16:30.579816+00:00,200,3098.19,
2026-09-11T18:16:25.520333+00:00,200,8169.3,
2026-09-11T18:16:33.376167+00:00,200,318.87,
2026-09-11T18:16:31.933880+00:00,200,1792.29,
2026-09-11T18:16:04.809020+00:00,200,28934.46,
2026-09-11T18:16:28.173850+00:00,200,5571.7,
2026-09-11T18:16:27.578656+00:00,200,6171.24,
2026-09-11T18:16:29.631821+00:00,200,4124.32,
2026-09-11T18:16:30.010774+00:00,200,3758.87,
2026-09-11T18:16:23.592476+00:00,200,10179.53,
2026-09-11T18:16:18.839778+00:00,200,14956.44,
2026-09-11T18:16:25.440509+00:00,200,8365.19,
2026-09-11T18:16:32.007132+00:00,200,1805.05,
2026-09-11T18:16:20.978121+00:00,200,12850.06,
2026-09-11T18:16:32.265664+00:00,200,1566.14,
2026-09-11T18:16:31.144598+00:00,200,2694.32,
2026-09-11T18:16:31.012089+00:00,200,2839.35,
2026-09-11T18:16:24.896200+00:00,200,8969.18,
2026-09-11T18:16:28.309554+00:00,200,5560.73,
2026-09-11T18:16:20.042463+00:00,200,13830.51,
2026-09-11T18:16:27.447107+00:00,200,6428.59,
2026-09-11T18:16:32.444129+00:00,200,1440.32,
2026-09-11T18:16:20.905433+00:00,200,12982.52,
2026-09-11T18:16:31.604428+00:00,200,2292.28,
2026-09-11T18:16:33.749905+00:00,200,155.0,
2026-09-11T18:16:25.512929+00:00,200,8413.66,
2026-09-11T18:16:26.730159+00:00,200,7208.61,
2026-09-11T18:16:30.666120+00:00,200,3274.01,
2026-09-11T18:16:33.796234+00:00,200,145.96,
2026-09-11T18:16:31.554490+00:00,200,2397.9,
2026-09-11T18:16:29.141855+00:00,200,4826.63,
2026-09-11T18:16:31.664605+00:00,200,2309.27,
2026-09-11T18:16:27.838004+00:00,200,6148.76,
2026-09-11T18:16:30.180044+00:00,200,3827.09,
2026-09-11T18:16:26.387414+00:00,200,7627.0,
2026-09-11T18:16:32.243504+00:00,200,1772.59,
2026-09-11T18:16:27.946527+00:00,200,6071.21,
2026-09-11T18:16:32.720049+00:00,200,1306.53,
2026-09-11T18:16:31.321971+00:00,200,2723.03,
2026-09-11T18:16:21.978987+00:00,200,12076.44,
2026-09-11T18:16:25.941409+00:00,200,8121.77,
2026-09-11T18:16:21.561542+00:00,200,12503.28,
2026-09-11T18:16:30.218981+00:00,200,3852.57,
2026-09-11T18:16:23.105795+00:00,200,10972.09,
2026-09-11T18:16:29.492486+00:00,200,4606.21,
2026-09-11T18:16:32.673732+00:00,200,1429.2,
2026-09-11T18:16:32.636077+00:00,200,1480.08,
2026-09-11T18:16:25.144686+00:00,200,8975.18,
2026-09-11T18:16:30.094511+00:00,200,4028.45,
2026-09-11T18:16:10.842446+00:00,200,23284.74,
2026-09-11T18:16:29.946800+00:00,200,4194.03,
2026-09-11T18:16:30.674852+00:00,200,3468.64,
2026-09-11T18:16:17.673911+00:00,200,16479.71,
2026-09-11T18:16:22.330781+00:00,200,11827.67,
2026-09-11T18:16:31.467273+00:00,200,2719.48,
2026-09-11T18:16:26.696460+00:00,200,7496.1,
2026-09-11T18:16:27.021160+00:00,200,7182.37,
2026-09-11T18:16:32.092004+00:00,200,2130.42,
2026-09-11T18:16:29.127891+00:00,200,5116.26,
2026-09-11T18:16:29.125578+00:00,200,5121.41,
2026-09-11T18:16:26.788069+00:00,200,7472.65,
2026-09-11T18:16:14.146832+00:00,200,20118.32,
2026-09-11T18:16:29.937513+00:00,200,4329.67,
2026-09-11T18:16:32.278768+00:00,200,1990.0,
2026-09-11T18:16:26.555288+00:00,200,7726.14,
2026-09-11T18:16:31.632586+00:00,200,2653.09,
2026-09-11T18:16:24.077556+00:00,200,10222.16,
2026-09-11T18:16:24.062662+00:00,200,10244.47,
2026-09-11T18:16:17.616161+00:00,200,16697.69,
2026-09-11T18:16:22.833741+00:00,200,11484.51,
2026-09-11T18:16:30.510850+00:00,200,3823.08,
2026-09-11T18:16:27.903764+00:00,200,6431.66,
2026-09-11T18:16:13.162373+00:00,200,21174.42,
2026-09-11T18:16:25.041116+00:00,200,9297.13,
2026-09-11T18:16:33.805713+00:00,200,553.33,
2026-09-11T18:16:33.896712+00:00,200,463.53,
2026-09-11T18:16:32.089305+00:00,200,2284.97,
2026-09-11T18:16:27.943240+00:00,200,6438.84,
2026-09-11T18:16:28.005662+00:00,200,6399.41,
2026-09-11T18:16:31.709727+00:00,200,2704.45,
2026-09-11T18:16:29.331146+00:00,200,5088.11,
2026-09-11T18:16:33.283895+00:00,200,1158.65,
2026-09-11T18:16:13.702362+00:00,200,20743.68,
2026-09-11T18:16:24.521492+00:00,200,9933.45,
2026-09-11T18:16:24.947474+00:00,200,9520.44,
2026-09-11T18:16:32.594602+00:00,200,1892.54,
2026-09-11T18:16:25.791840+00:00,200,8696.58,
2026-09-11T18:16:29.261443+00:00,200,5229.02,
2026-09-11T18:16:33.647002+00:00,200,844.61,
2026-09-11T18:16:32.537619+00:00,200,1978.47,
2026-09-11T18:16:22.881668+00:00,200,11636.32,
2026-09-11T18:16:14.680720+00:00,200,19868.33,
2026-09-11T18:16:34.405090+00:00,200,154.37,
2026-09-11T18:16:26.762393+00:00,200,7799.06,
2026-09-11T18:16:20.165493+00:00,200,14428.18,
2026-09-11T18:16:32.542544+00:00,200,2061.63,
2026-09-11T18:16:08.267262+00:00,200,26339.19,
2026-09-11T18:16:09.739205+00:00,200,24880.72,
2026-09-11T18:16:31.458867+00:00,200,3162.46,
2026-09-11T18:16:24.431316+00:00,200,10193.95,
2026-09-11T18:16:20.180789+00:00,200,14447.14,
2026-09-11T18:16:29.145306+00:00,200,5484.97,
2026-09-11T18:16:28.680178+00:00,200,5968.43,
2026-09-11T18:16:29.362431+00:00,200,5288.4,
2026-09-11T18:16:17.489447+00:00,200,17166.42,
2026-09-11T18:16:29.209773+00:00,200,5453.38,
2026-09-11T18:16:25.528244+00:00,200,9139.73,
2026-09-11T18:16:25.330948+00:00,200,9338.72,
2026-09-11T18:16:23.800482+00:00,200,10872.03,
2026-09-11T18:16:24.173360+00:00,200,10526.13,
2026-09-11T18:16:32.104983+00:00,200,2609.09,
2026-09-11T18:16:29.411699+00:00,200,5316.83,
2026-09-11T18:16:32.980671+00:00,200,1753.98,
2026-09-11T18:16:33.769661+00:00,200,966.22,
2026-09-11T18:16:16.795561+00:00,200,17955.09,
2026-09-11T18:16:11.725351+00:00,200,23045.84,
2026-09-11T18:16:31.314440+00:00,200,3461.75,
2026-09-11T18:16:30.593350+00:00,200,4188.06,
2026-09-11T18:16:31.203611+00:00,200,3586.17,
2026-09-11T18:16:27.649351+00:00,200,7149.94,
2026-09-11T18:16:33.986775+00:00,200,834.49,
2026-09-11T18:16:15.922419+00:00,200,18900.05,
2026-09-11T18:16:24.782492+00:00,200,10053.57,
2026-09-11T18:16:32.991366+00:00,200,1850.76,
2026-09-11T18:16:34.333943+00:00,200,509.27,
2026-09-11T18:16:27.862413+00:00,200,6991.09,
2026-09-11T18:16:29.400546+00:00,200,5462.36,
2026-09-11T18:16:31.746636+00:00,200,3117.94,
2026-09-11T18:16:30.375933+00:00,200,4500.04,
2026-09-11T18:16:31.132697+00:00,200,3748.42,
2026-09-11T18:16:16.167741+00:00,200,18726.53,
2026-09-11T18:16:26.983111+00:00,200,7928.28,
2026-09-11T18:16:33.158338+00:00,200,1755.44,
2026-09-11T18:16:23.073030+00:00,200,11843.16,
2026-09-11T18:16:04.195977+00:00,200,30740.47,
2026-09-11T18:16:19.389940+00:00,200,15549.59,
2026-09-11T18:16:34.545944+00:00,200,413.9,
2026-09-11T18:16:20.119740+00:00,200,14841.72,
2026-09-11T18:16:24.843363+00:00,200,10119.52,
2026-09-11T18:16:21.948486+00:00,200,13033.8,
2026-09-11T18:16:32.552304+00:00,200,2435.29,
2026-09-11T18:16:30.728050+00:00,200,4296.46,
2026-09-11T18:16:31.591824+00:00,200,3435.64,
2026-09-11T18:16:26.644288+00:00,200,8384.31,
2026-09-11T18:16:30.849389+00:00,200,4185.49,
2026-09-11T18:16:31.165148+00:00,200,3872.1,
2026-09-11T18:16:33.133486+00:00,200,1911.44,
2026-09-11T18:16:24.915474+00:00,200,10130.65,
2026-09-11T18:16:26.816455+00:00,200,8233.63,
2026-09-11T18:16:33.512942+00:00,200,1547.35,
2026-09-11T18:16:22.690025+00:00,200,12375.27,
2026-09-11T18:16:33.136613+00:00,200,1938.16,
2026-09-11T18:16:28.803762+00:00,200,6280.19,
2026-09-11T18:16:03.135720+00:00,200,31961.73,
2026-09-11T18:16:26.527945+00:00,200,8576.75,
2026-09-11T18:16:22.683783+00:00,200,12424.75,
2026-09-11T18:16:29.086029+00:00,200,6053.89,
2026-09-11T18:16:33.152975+00:00,200,1992.16,
2026-09-11T18:16:08.999236+00:00,200,26149.82,
2026-09-11T18:16:31.501453+00:00,200,3656.24,
2026-09-11T18:16:27.032445+00:00,200,8134.67,
2026-09-11T18:16:26.882974+00:00,200,8289.33,
2026-09-11T18:16:32.228116+00:00,200,2948.7,
2026-09-11T18:16:33.851450+00:00,200,1335.96,
2026-09-11T18:16:28.936428+00:00,200,6252.73,
2026-09-11T18:16:31.617613+00:00,200,3608.32,
2026-09-11T18:16:34.014425+00:00,200,1214.64,
2026-09-11T18:16:20.851080+00:00,200,14396.66,
2026-09-11T18:16:23.192202+00:00,200,12061.44,
2026-09-11T18:16:24.676098+00:00,200,10578.65,
2026-09-11T18:16:23.665790+00:00,200,11598.22,
2026-09-11T18:16:19.531836+00:00,200,15755.5,
2026-09-11T18:16:30.290042+00:00,200,4998.89,
2026-09-11T18:16:28.278828+00:00,200,7012.06,
2026-09-11T18:16:23.530924+00:00,200,11769.06,
2026-09-11T18:16:29.637043+00:00,200,5669.3,
2026-09-11T18:16:29.493951+00:00,200,5826.3,
2026-09-11T18:16:20.902873+00:00,200,14429.39,
2026-09-11T18:16:24.665085+00:00,200,10674.67,
2026-09-11T18:16:28.867844+00:00,200,6479.32,
2026-09-11T18:16:31.899562+00:00,200,3455.28,
2026-09-11T18:16:24.612305+00:00,200,10747.65,
2026-09-11T18:16:33.726186+00:00,200,1647.85,
2026-09-11T18:16:31.159227+00:00,200,4226.5,
2026-09-11T18:16:20.733025+00:00,200,14660.53,
2026-09-11T18:16:18.165453+00:00,200,17240.84,
2026-09-11T18:16:33.329018+00:00,200,2089.74,
2026-09-11T18:16:32.526821+00:00,200,2893.73,
2026-09-11T18:16:34.374287+00:00,200,1057.33,
2026-09-11T18:16:32.699562+00:00,200,2773.92,
2026-09-11T18:16:28.331999+00:00,200,7144.64,
2026-09-11T18:16:31.087666+00:00,200,4394.26,
2026-09-11T18:16:21.584381+00:00,200,13900.43,
2026-09-11T18:16:33.940137+00:00,200,1562.07,
2026-09-11T18:16:19.589887+00:00,200,15914.19,
2026-09-11T18:16:33.534375+00:00,200,1972.65,
2026-09-11T18:16:25.632301+00:00,200,9878.16,
2026-09-11T18:16:28.588183+00:00,200,6927.13,
2026-09-11T18:16:34.268775+00:00,200,1272.83,
2026-09-11T18:16:25.396326+00:00,200,10154.1,
2026-09-11T18:16:29.615170+00:00,200,5960.66,
2026-09-11T18:16:23.894815+00:00,200,11690.63,
2026-09-11T18:16:31.695145+00:00,200,3892.61,
2026-09-11T18:16:31.106124+00:00,200,4487.22,
2026-09-11T18:16:06.011398+00:00,200,29584.21,
2026-09-11T18:16:34.490473+00:00,200,1110.27,
2026-09-11T18:16:34.771203+00:00,200,835.1,
2026-09-11T18:16:27.397333+00:00,200,8241.84,
2026-09-11T18:16:15.074366+00:00,200,20573.61,
2026-09-11T18:16:23.568812+00:00,200,12091.75,
2026-09-11T18:16:27.109471+00:00,200,8563.51,
2026-09-11T18:16:20.137774+00:00,200,15538.88,
2026-09-11T18:16:25.546507+00:00,200,10136.08,
2026-09-11T18:16:30.806439+00:00,200,4888.55,
2026-09-11T18:16:24.562310+00:00,200,11163.22,
2026-09-11T18:16:30.580964+00:00,200,5146.26,
2026-09-11T18:16:27.782409+00:00,200,7961.53,
2026-09-11T18:16:22.571266+00:00,200,13174.61,
2026-09-11T18:16:31.036642+00:00,200,4722.81,
2026-09-11T18:16:21.249394+00:00,200,14521.15,
2026-09-11T18:16:27.993430+00:00,200,7785.18,
2026-09-11T18:16:30.884934+00:00,200,4905.12,
2026-09-11T18:16:28.240390+00:00,200,7555.38,
2026-09-11T18:16:16.852019+00:00,200,18992.18,
2026-09-11T18:16:07.257667+00:00,200,28589.87,
2026-09-11T18:16:26.233373+00:00,200,9626.59,
2026-09-11T18:16:35.187420+00:00,200,682.48,
2026-09-11T18:16:22.224497+00:00,200,13665.69,
2026-09-11T18:16:33.880939+00:00,200,2018.66,
2026-09-11T18:16:26.641227+00:00,200,9274.2,
2026-09-11T18:16:29.496832+00:00,200,6423.52,
2026-09-11T18:16:28.869090+00:00,200,7055.89,
2026-09-11T18:16:34.102939+00:00,200,1840.94,
2026-09-11T18:16:29.185386+00:00,200,6766.36,
2026-09-11T18:16:28.848769+00:00,200,7104.82,
2026-09-11T18:16:23.284724+00:00,200,12676.49,
2026-09-11T18:16:25.616896+00:00,200,10354.03,
2026-09-11T18:16:30.942334+00:00,200,5030.83,
2026-09-11T18:16:33.087029+00:00,200,2895.9,
2026-09-11T18:16:34.789801+00:00,200,1197.53,
2026-09-11T18:16:23.046359+00:00,200,12949.24,
2026-09-11T18:16:26.599799+00:00,200,9433.38,
2026-09-11T18:16:34.776203+00:00,200,1263.3,
2026-09-11T18:16:23.911702+00:00,200,12134.3,
2026-09-11T18:16:33.341603+00:00,200,2718.91,
2026-09-11T18:16:29.560894+00:00,200,6500.96,
2026-09-11T18:16:26.110376+00:00,200,9953.14,
2026-09-11T18:16:34.186769+00:00,200,1888.56,
2026-09-11T18:16:34.419265+00:00,200,1657.85,
2026-09-11T18:16:28.880035+00:00,200,7212.08,
2026-09-11T18:16:15.743903+00:00,200,20350.47,
2026-09-11T18:16:33.942199+00:00,200,2169.32,
2026-09-11T18:16:29.366804+00:00,200,6753.5,
2026-09-11T18:16:30.744529+00:00,200,5379.07,
2026-09-11T18:16:16.464338+00:00,200,19661.24,
2026-09-11T18:16:30.436383+00:00,200,5692.86,
2026-09-11T18:16:35.085978+00:00,200,1068.78,
2026-09-11T18:16:06.473520+00:00,200,29684.75,
2026-09-11T18:16:34.029308+00:00,200,2139.37,
2026-09-11T18:16:25.202272+00:00,200,10970.27,
2026-09-11T18:16:21.893542+00:00,200,14281.55,
2026-09-11T18:16:24.726800+00:00,200,11500.24,
2026-09-11T18:16:16.055463+00:00,200,20193.4,
2026-09-11T18:16:35.507036+00:00,200,750.89,
2026-09-11T18:16:33.444455+00:00,200,2821.65,
2026-09-11T18:16:26.165688+00:00,200,10111.18,
2026-09-11T18:16:08.514056+00:00,200,27769.81,
2026-09-11T18:16:19.420454+00:00,200,16864.69,
2026-09-11T18:16:17.607956+00:00,200,18680.17,
2026-09-11T18:16:31.828084+00:00,200,4463.78,
2026-09-11T18:16:26.871349+00:00,200,9422.91,
2026-09-11T18:16:31.272240+00:00,200,5024.07,
2026-09-11T18:16:33.943643+00:00,200,2366.92,
2026-09-11T18:16:36.158277+00:00,200,193.63,
2026-09-11T18:16:16.092839+00:00,200,20273.25,
2026-09-11T18:16:21.832542+00:00,200,14535.0,
2026-09-11T18:16:10.629325+00:00,200,25741.53,
2026-09-11T18:16:13.037275+00:00,200,23334.88,
2026-09-11T18:16:11.311646+00:00,200,25068.74,
2026-09-11T18:16:35.510488+00:00,200,878.11,
2026-09-11T18:16:21.934110+00:00,200,14455.85,
2026-09-11T18:16:29.014439+00:00,200,7383.48,
2026-09-11T18:16:35.149063+00:00,200,1250.1,
2026-09-11T18:16:25.598692+00:00,200,10801.74,
2026-09-11T18:16:27.576335+00:00,200,8825.46,
2026-09-11T18:16:33.229934+00:00,200,3173.15,
2026-09-11T18:16:31.099855+00:00,200,5304.54,
2026-09-11T18:16:36.248879+00:00,200,225.58,
2026-09-11T18:16:24.263142+00:00,200,12220.12,
2026-09-11T18:16:34.561464+00:00,200,1944.09,
2026-09-11T18:16:24.207749+00:00,200,12309.01,
2026-09-11T18:16:20.257882+00:00,200,16265.79,
2026-09-11T18:16:34.246995+00:00,200,2287.45,
2026-09-11T18:16:20.546254+00:00,200,15993.75,
2026-09-11T18:16:20.768570+00:00,200,15791.32,
2026-09-11T18:16:31.619640+00:00,200,4952.17,
2026-09-11T18:16:29.760829+00:00,200,6818.99,
2026-09-11T18:16:31.492226+00:00,200,5095.04,
2026-09-11T18:16:24.540124+00:00,200,12048.6,
2026-09-11T18:16:35.137362+00:00,200,1455.3,
2026-09-11T18:16:26.897738+00:00,200,9700.97,
2026-09-11T18:16:33.040037+00:00,200,3561.22,
2026-09-11T18:16:29.505656+00:00,200,7102.45,
2026-09-11T18:16:28.612226+00:00,200,8002.85,
2026-09-11T18:16:34.143494+00:00,200,2483.35,
2026-09-11T18:16:29.906007+00:00,200,6730.13,
2026-09-11T18:16:33.938789+00:00,200,2700.71,
2026-09-11T18:16:18.308171+00:00,200,18354.31,
2026-09-11T18:16:33.734936+00:00,200,2940.24,
2026-09-11T18:16:35.264022+00:00,200,1416.45,
2026-09-11T18:16:34.077898+00:00,200,2617.96,
2026-09-11T18:16:35.575845+00:00,200,1123.36,
2026-09-11T18:16:31.384512+00:00,200,5319.44,
2026-09-11T18:16:25.950755+00:00,200,10770.12,
2026-09-11T18:16:26.040330+00:00,200,10695.32,
2026-09-11T18:16:36.571821+00:00,200,206.17,
2026-09-11T18:16:25.402505+00:00,200,11378.61,
2026-09-11T18:16:36.559899+00:00,200,232.81,
2026-09-11T18:16:34.335428+00:00,200,2460.22,
2026-09-11T18:16:36.579829+00:00,200,230.02,
2026-09-11T18:16:35.890194+00:00,200,931.72,
2026-09-11T18:16:32.348163+00:00,200,4483.89,
2026-09-11T18:16:36.168688+00:00,200,683.01,
2026-09-11T18:16:32.910449+00:00,200,3961.4,
2026-09-11T18:16:31.939676+00:00,200,4951.78,
2026-09-11T18:16:32.501993+00:00,200,4395.39,
2026-09-11T18:16:34.260723+00:00,200,2642.13,
2026-09-11T18:16:26.604708+00:00,200,10312.23,
2026-09-11T18:16:13.965106+00:00,200,22968.24,
2026-09-11T18:16:30.977576+00:00,200,5962.27,
2026-09-11T18:16:25.271355+00:00,200,11678.09,
2026-09-11T18:16:30.114973+00:00,200,6835.97,
2026-09-11T18:16:32.390407+00:00,200,4568.68,
2026-09-11T18:16:22.359755+00:00,200,14607.99,
2026-09-11T18:16:29.416970+00:00,200,7568.35,
2026-09-11T18:16:36.566638+00:00,200,428.91,
2026-09-11T18:16:30.050122+00:00,200,6967.52,
2026-09-11T18:16:31.863346+00:00,200,5164.83,
2026-09-11T18:16:27.390603+00:00,200,9657.22,
2026-09-11T18:16:35.504088+00:00,200,1553.87,
2026-09-11T18:16:30.692631+00:00,200,6369.51,
2026-09-11T18:16:28.111701+00:00,200,8979.6,
2026-09-11T18:16:33.678017+00:00,200,3427.68,
2026-09-11T18:16:30.829917+00:00,200,6282.9,
2026-09-11T18:16:36.933357+00:00,200,183.42,
2026-09-11T18:16:28.561738+00:00,200,8561.08,
2026-09-11T18:16:34.559468+00:00,200,2572.4,
2026-09-11T18:16:22.232773+00:00,200,14902.37,
2026-09-11T18:16:30.988553+00:00,200,6172.59,
2026-09-11T18:16:36.985323+00:00,200,179.84,
2026-09-11T18:16:36.540007+00:00,200,631.12,
2026-09-11T18:16:35.938027+00:00,200,1235.32,
2026-09-11T18:16:26.080826+00:00,200,11119.21,
2026-09-11T18:16:33.926600+00:00,200,3277.29,
2026-09-11T18:16:28.343804+00:00,200,8872.6,
2026-09-11T18:16:31.048808+00:00,200,6169.2,
2026-09-11T18:16:30.264622+00:00,200,6961.46,
2026-09-11T18:16:22.146122+00:00,200,15093.71,
2026-09-11T18:16:31.148128+00:00,200,6102.39,
2026-09-11T18:16:33.884454+00:00,200,3381.02,
2026-09-11T18:16:22.499818+00:00,200,14788.48,
2026-09-11T18:16:35.541623+00:00,200,1770.24,
2026-09-11T18:16:18.768787+00:00,200,18553.57,
2026-09-11T18:16:35.354853+00:00,200,1980.47,
2026-09-11T18:16:33.652678+00:00,200,3684.2,
2026-09-11T18:16:34.799301+00:00,200,2557.21,
2026-09-11T18:16:17.538127+00:00,200,19823.36,
2026-09-11T18:16:36.592670+00:00,200,785.38,
2026-09-11T18:16:29.747546+00:00,200,7635.15,
2026-09-11T18:16:33.073815+00:00,200,4329.61,
2026-09-11T18:16:32.206425+00:00,200,5222.81,
2026-09-11T18:16:34.875984+00:00,200,2556.22,
2026-09-11T18:16:30.857938+00:00,200,6582.67,
2026-09-11T18:16:32.065964+00:00,200,5382.95,
2026-09-11T18:16:34.894289+00:00,200,2569.15,
2026-09-11T18:16:25.727183+00:00,200,11754.48,
2026-09-11T18:16:24.240039+00:00,200,13245.86,
2026-09-11T18:16:32.413182+00:00,200,5091.27,
2026-09-11T18:16:35.647995+00:00,200,1862.94,
2026-09-11T18:16:35.550437+00:00,200,1982.1,
2026-09-11T18:16:36.351928+00:00,200,1187.79,
2026-09-11T18:16:33.979334+00:00,200,3565.13,
2026-09-11T18:16:34.822479+00:00,200,2723.82,
2026-09-11T18:16:34.285684+00:00,200,3269.6,
2026-09-11T18:16:34.026583+00:00,200,3559.95,
2026-09-11T18:16:34.827454+00:00,200,2762.85,
2026-09-11T18:16:35.745889+00:00,200,1848.18,
2026-09-11T18:16:18.957439+00:00,200,18659.27,
2026-09-11T18:16:36.172552+00:00,200,1454.44,
2026-09-11T18:16:28.216976+00:00,200,9426.99,
2026-09-11T18:16:33.745561+00:00,200,3906.81,
2026-09-11T18:16:27.684352+00:00,200,9980.66,
2026-09-11T18:16:15.684626+00:00,200,21985.56,
2026-09-11T18:16:26.252430+00:00,200,11424.39,
2026-09-11T18:16:36.792719+00:00,200,899.78,
2026-09-11T18:16:28.734088+00:00,200,8964.87,
2026-09-11T18:16:35.374042+00:00,200,2327.25,
2026-09-11T18:16:27.588016+00:00,200,10136.98,
2026-09-11T18:16:25.421378+00:00,200,12319.69,
2026-09-11T18:16:33.435894+00:00,200,4311.23,
2026-09-11T18:16:32.924258+00:00,200,4838.75,
2026-09-11T18:16:21.771889+00:00,200,15993.52,
2026-09-11T18:16:35.915441+00:00,200,1854.02,
2026-09-11T18:16:32.495732+00:00,200,5283.26,
2026-09-11T18:16:28.369512+00:00,200,9426.99,
2026-09-11T18:16:28.053938+00:00,200,9768.12,
2026-09-11T18:16:25.755770+00:00,200,12086.31,
2026-09-11T18:16:32.820640+00:00,200,5023.42,
2026-09-11T18:16:35.590959+00:00,200,2255.16,
2026-09-11T18:16:29.692855+00:00,200,8155.01,
2026-09-11T18:16:31.208349+00:00,200,6651.1,
2026-09-11T18:16:30.189009+00:00,200,7684.16,
2026-09-11T18:16:35.385738+00:00,200,2491.02,
2026-09-11T18:16:33.638324+00:00,200,4264.26,
2026-09-11T18:16:34.442562+00:00,200,3472.42,
2026-09-11T18:16:26.749171+00:00,200,11170.31,
2026-09-11T18:16:31.910121+00:00,200,6011.66,
2026-09-11T18:16:26.230392+00:00,200,11725.16,
2026-09-11T18:16:36.821922+00:00,200,1141.52,
2026-09-11T18:16:27.404339+00:00,200,10575.3,
2026-09-11T18:16:31.839798+00:00,200,6141.42,
2026-09-11T18:16:21.253082+00:00,200,16737.45,
2026-09-11T18:16:31.724617+00:00,200,6269.74,
2026-09-11T18:16:35.859978+00:00,200,2171.59,
2026-09-11T18:16:27.617027+00:00,200,10421.16,
2026-09-11T18:16:30.503249+00:00,200,7557.89,
2026-09-11T18:16:35.502222+00:00,200,2563.56,
2026-09-11T18:16:35.288945+00:00,200,2778.61,
2026-09-11T18:16:22.565948+00:00,200,15528.94,
2026-09-11T18:16:26.839901+00:00,200,11257.41,
2026-09-11T18:16:33.271145+00:00,200,4837.35,
2026-09-11T18:16:36.621817+00:00,200,1492.43,
2026-09-11T18:16:33.973884+00:00,200,4141.95,
2026-09-11T18:16:37.626996+00:00,200,500.19,
2026-09-11T18:16:29.642420+00:00,200,8504.41,
2026-09-11T18:16:36.046016+00:00,200,2103.36,
2026-09-11T18:16:36.175104+00:00,200,1991.36,
2026-09-11T18:16:25.037743+00:00,200,13159.98,
2026-09-11T18:16:32.869452+00:00,200,5364.64,
2026-09-11T18:16:36.534457+00:00,200,1707.49,
2026-09-11T18:16:17.041433+00:00,200,21220.77,
2026-09-11T18:16:28.738228+00:00,200,9530.53,
2026-09-11T18:16:35.393562+00:00,200,2881.46,
2026-09-11T18:16:16.156549+00:00,200,22127.85,
2026-09-11T18:16:29.057869+00:00,200,9229.05,
2026-09-11T18:16:36.129250+00:00,200,2200.71,
2026-09-11T18:16:36.310576+00:00,200,2031.28,
2026-09-11T18:16:18.463157+00:00,200,19881.45,
2026-09-11T18:16:35.074791+00:00,200,3271.88,
2026-09-11T18:16:30.938482+00:00,200,7423.5,
2026-09-11T18:16:36.950954+00:00,200,1426.48,
2026-09-11T18:16:38.149380+00:00,200,239.32,
2026-09-11T18:16:37.091317+00:00,200,1307.6,
2026-09-11T18:16:30.935546+00:00,200,7464.74,
2026-09-11T18:16:17.378537+00:00,200,21025.29,
2026-09-11T18:16:33.689646+00:00,200,4726.06,
2026-09-11T18:16:30.337472+00:00,200,8081.72,
2026-09-11T18:16:30.608492+00:00,200,7833.35,
2026-09-11T18:16:04.565300+00:00,200,33884.6,
2026-09-11T18:16:34.122972+00:00,200,4341.33,
2026-09-11T18:16:38.234100+00:00,200,252.85,
2026-09-11T18:16:37.796518+00:00,200,692.18,
2026-09-11T18:16:38.241959+00:00,200,257.1,
2026-09-11T18:16:36.916973+00:00,200,1597.9,
2026-09-11T18:16:36.695874+00:00,200,1877.28,
2026-09-11T18:16:31.283556+00:00,200,7293.89,
2026-09-11T18:16:38.329980+00:00,200,249.75,
2026-09-11T18:16:30.784491+00:00,200,7796.73,
2026-09-11T18:16:37.028190+00:00,200,1581.15,
2026-09-11T18:16:34.606464+00:00,200,4026.11,
2026-09-11T18:16:32.107574+00:00,200,6536.49,
2026-09-11T18:16:13.732523+00:00,200,24913.34,
2026-09-11T18:16:37.216414+00:00,200,1432.31,
2026-09-11T18:16:37.335335+00:00,200,1315.92,
2026-09-11T18:16:38.151598+00:00,200,502.95,
2026-09-11T18:16:23.596705+00:00,200,15064.28,
2026-09-11T18:16:32.210423+00:00,200,6457.23,
2026-09-11T18:16:30.483766+00:00,200,8200.56,
2026-09-11T18:16:35.172315+00:00,200,3519.33,
2026-09-11T18:16:26.114109+00:00,200,12586.63,
2026-09-11T18:16:14.256952+00:00,200,24450.67,
2026-09-11T18:16:34.842140+00:00,200,3873.48,
2026-09-11T18:16:32.109659+00:00,200,6618.7,
2026-09-11T18:16:34.063197+00:00,200,4677.98,
2026-09-11T18:16:30.472496+00:00,200,8273.84,
2026-09-11T18:16:37.915005+00:00,200,853.18,
2026-09-11T18:16:35.672990+00:00,200,3106.67,
2026-09-11T18:16:37.331080+00:00,200,1452.73,
2026-09-11T18:16:32.920259+00:00,200,5882.22,
2026-09-11T18:16:33.495486+00:00,200,5314.83,
2026-09-11T18:16:36.154778+00:00,200,2661.14,
2026-09-11T18:16:21.485863+00:00,200,17334.25,
2026-09-11T18:16:30.127235+00:00,200,8709.13,
2026-09-11T18:16:34.619939+00:00,200,4219.3,
2026-09-11T18:16:33.235307+00:00,200,5613.83,
2026-09-11T18:16:25.278848+00:00,200,13573.58,
2026-09-11T18:16:38.486963+00:00,200,368.92,
2026-09-11T18:16:25.270214+00:00,200,13593.66,
2026-09-11T18:16:37.367255+00:00,200,1512.84,
2026-09-11T18:16:36.404394+00:00,200,2490.44,
2026-09-11T18:16:36.399172+00:00,200,2520.8,
2026-09-11T18:16:32.647871+00:00,200,6284.92,
2026-09-11T18:16:07.938219+00:00,200,30998.41,
2026-09-11T18:16:38.286926+00:00,200,670.73,
2026-09-11T18:16:30.291632+00:00,200,8692.14,
2026-09-11T18:16:34.936458+00:00,200,4053.88,
2026-09-11T18:16:28.378532+00:00,200,10618.92,
2026-09-11T18:16:37.485904+00:00,200,1513.87,
2026-09-11T18:16:38.108502+00:00,200,904.02,
2026-09-11T18:16:38.863876+00:00,200,161.96,
2026-09-11T18:16:32.749197+00:00,200,6278.1,
2026-09-11T18:16:37.555291+00:00,200,1477.32,
2026-09-11T18:16:35.687897+00:00,200,3383.8,
2026-09-11T18:16:33.620579+00:00,200,5460.56,
2026-09-11T18:16:22.250916+00:00,200,16833.37,
2026-09-11T18:16:24.900734+00:00,200,14188.7,
2026-09-11T18:16:36.647134+00:00,200,2447.01,
2026-09-11T18:16:30.285984+00:00,200,8840.48,
2026-09-11T18:16:35.247747+00:00,200,3895.57,
2026-09-11T18:16:35.943894+00:00,200,3203.3,
2026-09-11T18:16:27.881380+00:00,200,11282.12,
2026-09-11T18:16:26.465657+00:00,200,12702.58,
2026-09-11T18:16:37.002428+00:00,200,2171.42,
2026-09-11T18:16:34.630286+00:00,200,4555.55,
2026-09-11T18:16:37.218014+00:00,200,1977.37,
2026-09-11T18:16:37.846130+00:00,200,1360.25,
2026-09-11T18:16:34.467933+00:00,200,4784.71,
2026-09-11T18:16:12.254235+00:00,200,27015.16,
2026-09-11T18:16:34.119877+00:00,200,5161.28,
2026-09-11T18:16:34.939539+00:00,200,4361.56,
2026-09-11T18:16:30.193029+00:00,200,9112.11,
2026-09-11T18:16:30.852186+00:00,200,8455.78,
2026-09-11T18:16:29.763404+00:00,200,9546.45,
2026-09-11T18:16:35.783279+00:00,200,3528.85,
2026-09-11T18:16:36.474473+00:00,200,2843.76,
2026-09-11T18:16:36.601258+00:00,200,2727.85,
2026-09-11T18:16:28.479343+00:00,200,10866.89,
2026-09-11T18:16:28.531606+00:00,200,10833.37,
2026-09-11T18:16:19.938345+00:00,200,19428.2,
2026-09-11T18:16:37.432219+00:00,200,1937.05,
2026-09-11T18:16:25.446336+00:00,200,13952.17,
2026-09-11T18:16:34.307150+00:00,200,5092.92,
2026-09-11T18:16:36.266109+00:00,200,3149.25,
2026-09-11T18:16:27.255216+00:00,200,12166.42,
2026-09-11T18:16:37.544472+00:00,200,1881.79,
2026-09-11T18:16:34.491616+00:00,200,4965.46,
2026-09-11T18:16:34.879346+00:00,200,4579.64,
2026-09-11T18:16:23.700380+00:00,200,15760.1,
2026-09-11T18:16:38.577473+00:00,200,931.64,
2026-09-11T18:16:34.672521+00:00,200,4842.35,
2026-09-11T18:16:31.319917+00:00,200,8200.77,
2026-09-11T18:16:16.545369+00:00,200,23017.13,
2026-09-11T18:16:35.481939+00:00,200,4084.96,
2026-09-11T18:16:37.481675+00:00,200,2107.12,
2026-09-11T18:16:28.107681+00:00,200,11484.58,
2026-09-11T18:16:36.781123+00:00,200,2820.76,
2026-09-11T18:16:15.837925+00:00,200,23783.94,
2026-09-11T18:16:26.612752+00:00,200,13014.86,
2026-09-11T18:16:30.539218+00:00,200,9103.64,
2026-09-11T18:16:28.942100+00:00,200,10702.25,
2026-09-11T18:16:32.438657+00:00,200,7212.63,
2026-09-11T18:16:39.458993+00:00,200,193.93,
2026-09-11T18:16:30.840034+00:00,200,8825.46,
2026-09-11T18:16:38.768203+00:00,200,903.02,
2026-09-11T18:16:38.645872+00:00,200,1047.18,
2026-09-11T18:16:31.141173+00:00,200,8576.57,
2026-09-11T18:16:32.008357+00:00,200,7721.6,
2026-09-11T18:16:37.288326+00:00,200,2449.22,
2026-09-11T18:16:34.961464+00:00,200,4795.97,
2026-09-11T18:16:30.113094+00:00,200,9649.12,
2026-09-11T18:16:27.695252+00:00,200,12071.47,
2026-09-11T18:16:29.893453+00:00,200,9877.99,
2026-09-11T18:16:30.220500+00:00,200,9561.81,
2026-09-11T18:16:32.993112+00:00,200,6790.93,
2026-09-11T18:16:39.592272+00:00,200,194.56,
2026-09-11T18:16:30.439856+00:00,200,9362.68,
2026-09-11T18:16:33.828197+00:00,200,6010.32,
2026-09-11T18:16:38.146843+00:00,200,1700.79,
2026-09-11T18:16:20.621524+00:00,200,19230.36,
2026-09-11T18:16:23.328735+00:00,200,16533.33,
2026-09-11T18:16:36.370864+00:00,200,3510.43,
2026-09-11T18:16:33.838928+00:00,200,6100.82,
2026-09-11T18:16:35.903888+00:00,200,4039.12,
2026-09-11T18:16:39.400078+00:00,200,561.76,
2026-09-11T18:16:31.470655+00:00,200,8492.74,
2026-09-11T18:16:31.771043+00:00,200,8210.76,
2026-09-11T18:16:33.547889+00:00,200,6439.02,
2026-09-11T18:16:11.299388+00:00,200,28696.12,
2026-09-11T18:16:25.120213+00:00,200,14904.14,
2026-09-11T18:16:37.165171+00:00,200,2861.57,
2026-09-11T18:16:32.786142+00:00,200,7262.2,
2026-09-11T18:16:14.258632+00:00,200,25798.16,
2026-09-11T18:16:27.906873+00:00,200,12187.55,
2026-09-11T18:16:39.881309+00:00,200,218.77,
2026-09-11T18:16:37.546308+00:00,200,2569.18,
2026-09-11T18:16:06.979077+00:00,200,33145.08,
2026-09-11T18:16:33.952402+00:00,200,6190.94,
2026-09-11T18:16:39.168248+00:00,200,985.86,
2026-09-11T18:16:39.939762+00:00,200,222.73,
2026-09-11T18:16:30.761927+00:00,200,9404.95,
2026-09-11T18:16:33.238086+00:00,200,6937.04,
2026-09-11T18:16:38.936640+00:00,200,1273.19,
2026-09-11T18:16:35.606307+00:00,200,4621.52,
2026-09-11T18:16:29.858585+00:00,200,10373.22,
2026-09-11T18:16:33.239422+00:00,200,7012.41,
2026-09-11T18:16:37.994368+00:00,200,2260.13,
2026-09-11T18:16:26.745643+00:00,200,13531.68,
2026-09-11T18:16:35.725545+00:00,200,4565.88,
2026-09-11T18:16:37.322380+00:00,200,2983.08,
2026-09-11T18:16:25.805497+00:00,200,14504.65,
2026-09-11T18:16:33.104408+00:00,200,7210.82,
2026-09-11T18:16:37.844070+00:00,200,2499.96,
2026-09-11T18:16:21.637476+00:00,200,18716.86,
2026-09-11T18:16:38.573174+00:00,200,1798.65,
2026-09-11T18:16:25.664752+00:00,200,14709.33,
2026-09-11T18:16:37.269169+00:00,200,3108.77,
2026-09-11T18:16:16.589105+00:00,200,23796.01,
2026-09-11T18:16:36.902876+00:00,200,3486.1,
2026-09-11T18:16:27.093525+00:00,200,13318.39,
2026-09-11T18:16:32.399625+00:00,200,8019.37,
2026-09-11T18:16:37.017655+00:00,200,3420.53,
2026-09-11T18:16:33.344767+00:00,200,7106.98,
2026-09-11T18:16:34.265156+00:00,200,6189.41,
2026-09-11T18:16:36.722741+00:00,200,3737.3,
2026-09-11T18:16:35.532808+00:00,200,4958.82,
2026-09-11T18:16:14.424345+00:00,200,26079.0,
2026-09-11T18:16:34.055443+00:00,200,6459.86,
2026-09-11T18:16:24.913494+00:00,200,15615.78,
2026-09-11T18:16:33.442287+00:00,200,7092.58,
2026-09-11T18:16:33.355922+00:00,200,7196.47,
2026-09-11T18:16:17.740639+00:00,200,22814.64,
2026-09-11T18:16:34.045011+00:00,200,6530.21,
2026-09-11T18:16:37.590315+00:00,200,2989.81,
2026-09-11T18:16:36.503951+00:00,200,4082.94,
2026-09-11T18:16:33.865391+00:00,200,6722.93,
2026-09-11T18:16:29.931136+00:00,200,10660.16,
2026-09-11T18:16:40.310160+00:00,200,302.57,
2026-09-11T18:16:27.835918+00:00,200,12784.95,
2026-09-11T18:16:12.934174+00:00,200,27693.52,
2026-09-11T18:16:11.309803+00:00,200,29320.38,
2026-09-11T18:16:37.643979+00:00,200,3009.45,
2026-09-11T18:16:39.269408+00:00,200,1385.66,
2026-09-11T18:16:27.784408+00:00,200,12874.23,
2026-09-11T18:16:32.809545+00:00,200,7861.94,
2026-09-11T18:16:34.518000+00:00,200,6157.64,
2026-09-11T18:16:33.586977+00:00,200,7099.96,
2026-09-11T18:16:38.579737+00:00,200,2109.29,
2026-09-11T18:16:38.997461+00:00,200,1754.91,
2026-09-11T18:16:40.580137+00:00,200,173.79,
2026-09-11T18:16:30.549868+00:00,200,10245.76,
2026-09-11T18:16:37.876769+00:00,200,2934.51,
2026-09-11T18:16:36.871863+00:00,200,3941.13,
2026-09-11T18:16:18.497078+00:00,200,22317.5,
2026-09-11T18:16:32.877795+00:00,200,7957.88,
2026-09-11T18:16:39.651192+00:00,200,1188.35,
2026-09-11T18:16:38.262210+00:00,200,2585.25,
2026-09-11T18:16:27.515483+00:00,200,13366.05,
2026-09-11T18:16:31.579023+00:00,200,9342.63,
2026-09-11T18:16:35.987335+00:00,200,4944.12,
2026-09-11T18:16:15.498069+00:00,200,25442.27,
2026-09-11T18:16:31.721757+00:00,200,9238.19,
2026-09-11T18:16:03.190046+00:00,200,37773.68,
2026-09-11T18:16:37.311888+00:00,200,3655.02,
2026-09-11T18:16:35.844216+00:00,200,5129.79,
2026-09-11T18:16:16.227538+00:00,200,24765.01,
2026-09-11T18:16:34.581592+00:00,200,6416.74,
2026-09-11T18:16:35.869925+00:00,200,5132.88,
2026-09-11T18:16:36.483265+00:00,200,4531.39,
2026-09-11T18:16:16.236311+00:00,200,24806.25,
2026-09-11T18:16:34.640071+00:00,200,6411.3,
2026-09-11T18:16:38.217033+00:00,200,2842.71,
2026-09-11T18:16:34.313869+00:00,200,6752.33,
2026-09-11T18:16:38.700749+00:00,200,2383.0,
2026-09-11T18:16:35.287347+00:00,200,5803.8,
2026-09-11T18:16:19.969309+00:00,200,21179.34,
2026-09-11T18:16:30.480529+00:00,200,10670.43,
2026-09-11T18:16:33.904910+00:00,200,7247.65,
2026-09-11T18:16:35.027471+00:00,200,6129.26,
2026-09-11T18:16:17.800908+00:00,200,23381.48,
2026-09-11T18:16:39.281161+00:00,200,1944.54,
2026-09-11T18:16:23.884709+00:00,200,17343.46,
2026-09-11T18:16:28.039729+00:00,200,13199.03,
2026-09-11T18:16:35.290895+00:00,200,5951.86,
2026-09-11T18:16:37.054804+00:00,200,4208.69,
2026-09-11T18:16:34.625280+00:00,200,6648.74,
2026-09-11T18:16:38.398926+00:00,200,2883.98,
2026-09-11T18:16:38.983795+00:00,200,2302.98,
2026-09-11T18:16:38.836385+00:00,200,2475.2,
2026-09-11T18:16:15.638298+00:00,200,25697.47,
2026-09-11T18:16:39.963399+00:00,200,1382.94,
2026-09-11T18:16:39.099296+00:00,200,2250.32,
2026-09-11T18:16:40.612749+00:00,200,739.23,
2026-09-11T18:16:40.068626+00:00,200,1303.86,
2026-09-11T18:16:31.725767+00:00,200,9656.65,
2026-09-11T18:16:34.621343+00:00,200,6804.08,
2026-09-11T18:16:34.669674+00:00,200,6767.16,
2026-09-11T18:16:33.601862+00:00,200,7838.82,
2026-09-11T18:16:38.388710+00:00,200,3061.47,
2026-09-11T18:16:39.252660+00:00,200,2206.63,
2026-09-11T18:16:36.389966+00:00,200,5075.1,
2026-09-11T18:16:37.765419+00:00,200,3710.65,
2026-09-11T18:16:37.981220+00:00,200,3500.69,
2026-09-11T18:16:40.419003+00:00,200,1065.9,
2026-09-11T18:16:23.828661+00:00,200,17659.75,
2026-09-11T18:16:12.067629+00:00,200,29432.18,
2026-09-11T18:16:35.050091+00:00,200,6465.89,
2026-09-11T18:16:24.147625+00:00,200,17416.31,
2026-09-11T18:16:39.671230+00:00,200,1898.69,
2026-09-11T18:16:22.890054+00:00,200,18683.37,
2026-09-11T18:16:32.957209+00:00,200,8618.31,
2026-09-11T18:16:34.382097+00:00,200,7216.71,
2026-09-11T18:16:36.033193+00:00,200,5573.22,
2026-09-11T18:16:38.400291+00:00,200,3239.78,
2026-09-11T18:16:40.451763+00:00,200,1193.98,
2026-09-11T18:16:36.475440+00:00,200,5175.05,
2026-09-11T18:16:39.737553+00:00,200,1938.3,
2026-09-11T18:16:31.633667+00:00,200,10060.41,
2026-09-11T18:16:13.598824+00:00,200,28124.22,
2026-09-11T18:16:36.380390+00:00,200,5344.51,
2026-09-11T18:16:40.655071+00:00,200,1072.2,
2026-09-11T18:16:38.464312+00:00,200,3279.92,
2026-09-11T18:16:40.374094+00:00,200,1373.49,
2026-09-11T18:16:39.369274+00:00,200,2385.11,
2026-09-11T18:16:31.215375+00:00,200,10576.62,
2026-09-11T18:16:41.338515+00:00,200,490.27,
2026-09-11T18:16:21.854205+00:00,200,19980.71,
2026-09-11T18:16:38.346676+00:00,200,3518.31,
2026-09-11T18:16:32.100042+00:00,200,9769.07,
2026-09-11T18:16:40.959953+00:00,200,921.15,
2026-09-11T18:16:35.585460+00:00,200,6296.96,
2026-09-11T18:16:21.961432+00:00,200,19925.7,
2026-09-11T18:16:30.176769+00:00,200,11712.63,
2026-09-11T18:16:29.188742+00:00,200,12707.48,
2026-09-11T18:16:35.660572+00:00,200,6237.61,
2026-09-11T18:16:34.338252+00:00,200,7563.21,
2026-09-11T18:16:39.415371+00:00,200,2494.68,
2026-09-11T18:16:39.012526+00:00,200,2907.76,
2026-09-11T18:16:37.203894+00:00,200,4727.01,
2026-09-11T18:16:38.341876+00:00,200,3597.65,
2026-09-11T18:16:36.367555+00:00,200,5575.25,
2026-09-11T18:16:16.016260+00:00,200,25929.76,
2026-09-11T18:16:28.776953+00:00,200,13175.65,
2026-09-11T18:16:41.792058+00:00,200,171.1,
2026-09-11T18:16:40.294220+00:00,200,1679.61,
2026-09-11T18:16:40.735562+00:00,200,1264.4,
2026-09-11T18:16:32.770362+00:00,200,9239.9,
2026-09-11T18:16:37.155952+00:00,200,4857.35,
2026-09-11T18:16:34.604191+00:00,200,7419.97,
2026-09-11T18:16:26.258128+00:00,200,15784.42,
2026-09-11T18:16:39.652930+00:00,200,2394.77,
2026-09-11T18:16:34.233661+00:00,200,7821.92,
2026-09-11T18:16:38.993399+00:00,200,3064.88,
2026-09-11T18:16:37.204741+00:00,200,4858.73,
2026-09-11T18:16:32.982171+00:00,200,9099.98,
2026-09-11T18:16:31.879985+00:00,200,10225.07,
2026-09-11T18:16:22.042863+00:00,200,20078.2,
2026-09-11T18:16:41.143602+00:00,200,980.19,
2026-09-11T18:16:34.781419+00:00,200,7355.44,
2026-09-11T18:16:34.141737+00:00,200,8000.94,
2026-09-11T18:16:34.679757+00:00,200,7469.24,
2026-09-11T18:16:31.967669+00:00,200,10216.56,
2026-09-11T18:16:23.104556+00:00,200,19099.6,
2026-09-11T18:16:37.699016+00:00,200,4542.4,
2026-09-11T18:16:41.042578+00:00,200,1219.01,
2026-09-11T18:16:32.506767+00:00,200,9769.33,
2026-09-11T18:16:30.140768+00:00,200,12136.56,
2026-09-11T18:16:33.870300+00:00,200,8409.16,
2026-09-11T18:16:32.779799+00:00,200,9518.37,
2026-09-11T18:16:30.600208+00:00,200,11701.42,
2026-09-11T18:16:34.648619+00:00,200,7672.18,
2026-09-11T18:16:21.757819+00:00,200,20584.94,
2026-09-11T18:16:36.995556+00:00,200,5350.82,
2026-09-11T18:16:32.185866+00:00,200,10165.06,
2026-09-11T18:16:38.656974+00:00,200,3699.73,
2026-09-11T18:16:31.729060+00:00,200,10652.99,
2026-09-11T18:16:35.065307+00:00,200,7319.2,
2026-09-11T18:16:40.752388+00:00,200,1634.09,
2026-09-11T18:16:36.703960+00:00,200,5683.96,
2026-09-11T18:16:21.366488+00:00,200,21038.48,
2026-09-11T18:16:38.551490+00:00,200,3860.03,
2026-09-11T18:16:33.343433+00:00,200,9077.39,
2026-09-11T18:16:41.645759+00:00,200,798.11,
2026-09-11T18:16:34.180347+00:00,200,8285.05,
2026-09-11T18:16:28.788053+00:00,200,13709.88,
2026-09-11T18:16:27.705410+00:00,200,14797.3,
2026-09-11T18:16:41.490533+00:00,200,1013.75,
2026-09-11T18:16:31.622455+00:00,200,10890.77,
2026-09-11T18:16:30.495615+00:00,200,12026.4,
2026-09-11T18:16:39.094152+00:00,200,3432.54,
2026-09-11T18:16:29.606442+00:00,200,12926.67,
2026-09-11T18:16:29.610332+00:00,200,12932.65,
2026-09-11T18:16:23.351987+00:00,200,19198.58,
2026-09-11T18:16:30.584554+00:00,200,11981.32,
2026-09-11T18:16:33.743512+00:00,200,8826.09,
2026-09-11T18:16:40.881542+00:00,200,1700.16,
2026-09-11T18:16:28.245644+00:00,200,14339.86,
2026-09-11T18:16:05.032665+00:00,200,37567.35,
2026-09-11T18:16:40.753941+00:00,200,1853.2,
2026-09-11T18:16:42.033316+00:00,200,577.21,
2026-09-11T18:16:42.443880+00:00,200,175.78,
2026-09-11T18:16:29.970699+00:00,200,12658.57,
2026-09-11T18:16:27.042447+00:00,200,15612.15,
2026-09-11T18:16:15.551456+00:00,200,27106.79,
2026-09-11T18:16:31.110741+00:00,200,11549.67,
2026-09-11T18:16:42.489304+00:00,200,174.32,
2026-09-11T18:16:40.438204+00:00,200,2226.77,
2026-09-11T18:16:21.129719+00:00,200,21544.34,
2026-09-11T18:16:27.099375+00:00,200,15605.39,
2026-09-11T18:16:22.234265+00:00,200,20477.29,
2026-09-11T18:16:41.869122+00:00,200,857.06,
2026-09-11T18:16:31.065900+00:00,200,11669.82,
2026-09-11T18:16:41.881119+00:00,200,882.85,
2026-09-11T18:16:39.071719+00:00,200,3694.32,
2026-09-11T18:16:33.968500+00:00,200,8821.99,
2026-09-11T18:16:39.239502+00:00,200,3556.83,
2026-09-11T18:16:29.902207+00:00,200,12899.93,
2026-09-11T18:16:36.354333+00:00,200,6454.17,
2026-09-11T18:16:38.419208+00:00,200,4398.35,
2026-09-11T18:16:30.803488+00:00,200,12035.77,
2026-09-11T18:16:40.591308+00:00,200,2252.34,
2026-09-11T18:16:39.089441+00:00,200,3756.48,
2026-09-11T18:16:37.062151+00:00,200,5786.97,
2026-09-11T18:16:37.763026+00:00,200,5097.13,
2026-09-11T18:16:32.816178+00:00,200,10045.92,
2026-09-11T18:16:38.632595+00:00,200,4238.11,
2026-09-11T18:16:30.426296+00:00,200,12485.5,
2026-09-11T18:16:41.803400+00:00,200,1109.81,
2026-09-11T18:16:28.686995+00:00,200,14263.77,
2026-09-11T18:16:33.440394+00:00,200,9514.43,
2026-09-11T18:16:41.346348+00:00,200,1617.45,
2026-09-11T18:16:42.763983+00:00,200,206.32,
2026-09-11T18:16:41.575526+00:00,200,1409.69,
2026-09-11T18:16:35.406307+00:00,200,7596.46,
2026-09-11T18:16:40.586897+00:00,200,2433.04,
2026-09-11T18:16:38.377443+00:00,200,4651.52,
2026-09-11T18:16:42.047705+00:00,200,996.13,
2026-09-11T18:16:31.577367+00:00,200,11474.46,
2026-09-11T18:16:26.315222+00:00,200,16739.05,
2026-09-11T18:16:38.284403+00:00,200,4771.11,
2026-09-11T18:16:27.791967+00:00,200,15264.98,
2026-09-11T18:16:41.515995+00:00,200,1542.35,
2026-09-11T18:16:34.446044+00:00,200,8613.56,
2026-09-11T18:16:41.993595+00:00,200,1067.35,
2026-09-11T18:16:33.226462+00:00,200,9847.43,
2026-09-11T18:16:42.382057+00:00,200,694.81,
2026-09-11T18:16:34.360255+00:00,200,8722.43,
2026-09-11T18:16:42.843659+00:00,200,240.38,
2026-09-11T18:16:36.953807+00:00,200,6132.29,
2026-09-11T18:16:37.849819+00:00,200,5240.89,
2026-09-11T18:16:35.253648+00:00,200,7838.49,
2026-09-11T18:16:24.566977+00:00,200,18526.6,
2026-09-11T18:16:25.359241+00:00,200,17784.61,
2026-09-11T18:16:28.713061+00:00,200,14438.17,
2026-09-11T18:16:32.490210+00:00,200,10665.23,
2026-09-11T18:16:39.460490+00:00,200,3699.7,
2026-09-11T18:16:32.461871+00:00,200,10713.73,
2026-09-11T18:16:32.249300+00:00,200,10929.54,
2026-09-11T18:16:23.408225+00:00,200,19783.77,
2026-09-11T18:16:27.101866+00:00,200,16107.13,
2026-09-11T18:16:37.448920+00:00,200,5772.75,
2026-09-11T18:16:37.896761+00:00,200,5358.94,
2026-09-11T18:16:41.408691+00:00,200,1859.0,
2026-09-11T18:16:38.894856+00:00,200,4408.73,
2026-09-11T18:16:43.076872+00:00,200,270.42,
2026-09-11T18:16:36.397927+00:00,200,6956.41,
2026-09-11T18:16:34.244166+00:00,200,9122.46,
2026-09-11T18:16:37.847867+00:00,200,5525.78,
2026-09-11T18:16:41.563966+00:00,200,1820.8,
2026-09-11T18:16:35.639189+00:00,200,7747.33,
2026-09-11T18:16:42.897204+00:00,200,491.9,
2026-09-11T18:16:40.305469+00:00,200,3085.37,
2026-09-11T18:16:17.193995+00:00,200,26198.47,
2026-09-11T18:16:15.829307+00:00,200,27564.74,
2026-09-11T18:16:39.426273+00:00,200,3980.89,
2026-09-11T18:16:32.953901+00:00,200,10466.36,
2026-09-11T18:16:34.735883+00:00,200,8691.32,
2026-09-11T18:16:21.316345+00:00,200,22112.52,
2026-09-11T18:16:25.500779+00:00,200,17929.7,
2026-09-11T18:16:42.320805+00:00,200,1111.27,
2026-09-11T18:16:39.509115+00:00,200,3924.69,
2026-09-11T18:16:38.691657+00:00,200,4744.63,
2026-09-11T18:16:30.244944+00:00,200,13193.74,
2026-09-11T18:16:27.658979+00:00,200,15781.96,
2026-09-11T18:16:42.692626+00:00,200,750.53,
2026-09-11T18:16:37.239854+00:00,200,6205.45,
2026-09-11T18:16:41.499817+00:00,200,1947.54,
2026-09-11T18:16:36.809862+00:00,200,6639.33,
2026-09-11T18:16:40.944492+00:00,200,2506.54,
2026-09-11T18:16:16.905610+00:00,200,26547.28,
2026-09-11T18:16:25.753507+00:00,200,17701.31,
2026-09-11T18:16:32.110855+00:00,200,11345.87,
2026-09-11T18:16:33.875705+00:00,200,9605.29,
2026-09-11T18:16:37.356528+00:00,200,6172.12,
2026-09-11T18:16:38.609346+00:00,200,4931.45,
2026-09-11T18:16:20.795151+00:00,200,22754.94,
2026-09-11T18:16:33.048723+00:00,200,10523.09,
2026-09-11T18:16:33.184843+00:00,200,10416.49,
2026-09-11T18:16:35.982935+00:00,200,7631.48,
2026-09-11T18:16:35.587760+00:00,200,8040.71,
2026-09-11T18:16:28.584918+00:00,200,15048.05,
2026-09-11T18:16:39.519089+00:00,200,4117.05,
2026-09-11T18:16:27.371168+00:00,200,16267.22,
2026-09-11T18:16:40.998352+00:00,200,2648.48,
2026-09-11T18:16:39.147208+00:00,200,4519.4,
2026-09-11T18:16:36.699211+00:00,200,6972.22,
2026-09-11T18:16:34.982298+00:00,200,8710.7,
2026-09-11T18:16:39.784048+00:00,200,3924.21,
2026-09-11T18:16:39.027303+00:00,200,4698.58,
2026-09-11T18:16:28.487155+00:00,200,15264.5,
2026-09-11T18:16:29.676298+00:00,200,14096.44,
2026-09-11T18:16:24.949080+00:00,200,18864.2,
2026-09-11T18:16:28.391230+00:00,200,15435.36,
2026-09-11T18:16:40.277334+00:00,200,3566.66,
2026-09-11T18:16:35.030635+00:00,200,8824.49,
2026-09-11T18:16:36.939853+00:00,200,6922.35,
2026-09-11T18:16:39.301125+00:00,200,4583.85,
2026-09-11T18:16:19.845100+00:00,200,24054.63,
2026-09-11T18:16:43.051836+00:00,200,852.28,
2026-09-11T18:16:32.431736+00:00,200,11484.54,
2026-09-11T18:16:30.236781+00:00,200,13710.65,
2026-09-11T18:16:31.337197+00:00,200,12622.35,
2026-09-11T18:16:42.504293+00:00,200,1493.41,
2026-09-11T18:16:20.734783+00:00,200,23267.79,
2026-09-11T18:16:42.839267+00:00,200,1177.28,
2026-09-11T18:16:08.041555+00:00,200,35981.76,
2026-09-11T18:16:29.845515+00:00,200,14192.97,
2026-09-11T18:16:29.215536+00:00,200,14828.37,
2026-09-11T18:16:29.888343+00:00,200,14172.88,
2026-09-11T18:16:32.733881+00:00,200,11335.87,
2026-09-11T18:16:35.741529+00:00,200,8380.61,
2026-09-11T18:16:40.100096+00:00,200,4037.33,
2026-09-11T18:16:24.837203+00:00,200,19323.33,
2026-09-11T18:16:25.530053+00:00,200,18649.75,
2026-09-11T18:16:31.637525+00:00,200,12572.54,
2026-09-11T18:16:38.094897+00:00,200,6128.2,
2026-09-11T18:16:33.389895+00:00,200,10846.23,
2026-09-11T18:16:33.469951+00:00,200,10770.17,
2026-09-11T18:16:43.019957+00:00,200,1223.0,
2026-09-11T18:16:21.213181+00:00,200,23038.45,
2026-09-11T18:16:41.442954+00:00,200,2811.63,
2026-09-11T18:16:43.063524+00:00,200,1209.87,
2026-09-11T18:16:39.514898+00:00,200,4852.85,
2026-09-11T18:16:40.588328+00:00,200,3783.16,
2026-09-11T18:16:32.341283+00:00,200,12035.77,
2026-09-11T18:16:28.281376+00:00,200,16102.75,
2026-09-11T18:16:43.143865+00:00,200,1330.44,
2026-09-11T18:16:34.192569+00:00,200,10313.56,
2026-09-11T18:16:42.384512+00:00,200,2129.98,
2026-09-11T18:16:43.056960+00:00,200,1492.83,
2026-09-11T18:16:40.354342+00:00,200,4204.98,
2026-09-11T18:16:37.902603+00:00,200,6668.42,
2026-09-11T18:16:34.843214+00:00,200,9738.65,
2026-09-11T18:16:24.238148+00:00,200,20374.29,
2026-09-11T18:16:27.530774+00:00,200,17092.03,
2026-09-11T18:16:33.756154+00:00,200,10888.12,
2026-09-11T18:16:42.581719+00:00,200,2077.77,
2026-09-11T18:16:41.999979+00:00,200,2690.73,
2026-09-11T18:16:42.346390+00:00,200,2348.98,
2026-09-11T18:16:43.601350+00:00,200,1097.0,
2026-09-11T18:16:41.436844+00:00,200,3264.33,
2026-09-11T18:16:26.610237+00:00,200,18125.13,
2026-09-11T18:16:36.855795+00:00,200,7886.14,
2026-09-11T18:16:38.038195+00:00,200,6721.38,
2026-09-11T18:16:34.487162+00:00,200,10291.65,
2026-09-11T18:16:40.575234+00:00,200,4220.28,
2026-09-11T18:16:27.642969+00:00,200,17202.23,
2026-09-11T18:16:43.997722+00:00,200,863.59,
2026-09-11T18:16:43.092145+00:00,200,1780.17,
2026-09-11T18:16:29.928917+00:00,200,14952.28,
2026-09-11T18:16:42.849130+00:00,200,2058.98,
2026-09-11T18:16:35.454959+00:00,200,9476.17,
2026-09-11T18:16:43.384778+00:00,200,1553.63,
2026-09-11T18:16:39.346245+00:00,200,5614.89,
2026-09-11T18:16:35.167118+00:00,200,9809.34,
2026-09-11T18:16:26.239897+00:00,200,18744.22,
2026-09-11T18:16:43.160202+00:00,200,1847.1,
2026-09-11T18:16:36.125585+00:00,200,8884.06,
2026-09-11T18:16:34.650839+00:00,200,10366.85,
2026-09-11T18:16:26.263860+00:00,200,18768.27,
2026-09-11T18:16:39.364989+00:00,200,5680.19,
2026-09-11T18:16:43.390840+00:00,200,1694.54,
2026-09-11T18:16:27.208664+00:00,200,17887.4,
2026-09-11T18:16:29.718523+00:00,200,15384.09,
2026-09-11T18:16:43.617614+00:00,200,1535.54,
2026-09-11T18:16:42.465414+00:00,200,2747.23,
2026-09-11T18:16:42.136873+00:00,200,3080.14,
2026-09-11T18:16:39.185847+00:00,200,6042.66,
2026-09-11T18:16:23.475006+00:00,200,21787.57,
2026-09-11T18:16:31.286297+00:00,200,13987.28,
2026-09-11T18:16:30.789111+00:00,200,14507.64,
2026-09-11T18:16:34.739104+00:00,200,10597.59,
2026-09-11T18:16:37.616726+00:00,200,7732.59,
2026-09-11T18:16:27.089942+00:00,200,18269.53,
2026-09-11T18:16:42.279467+00:00,200,3094.66,
2026-09-11T18:16:43.255728+00:00,200,2132.3,
2026-09-11T18:16:40.026757+00:00,200,5366.38,
2026-09-11T18:16:45.085401+00:00,200,311.68,
2026-09-11T18:16:43.751669+00:00,200,1653.95,
2026-09-11T18:16:37.112824+00:00,200,8300.36,
2026-09-11T18:16:34.655873+00:00,200,10772.93,
2026-09-11T18:16:37.586545+00:00,200,7845.74,
2026-09-11T18:16:35.083974+00:00,200,10378.53,
2026-09-11T18:16:39.318232+00:00,200,6182.6,
2026-09-11T18:16:20.575403+00:00,200,24933.47,
2026-09-11T18:16:21.418301+00:00,200,24111.39,
2026-09-11T18:16:38.362005+00:00,200,7204.09,
2026-09-11T18:16:39.961851+00:00,200,5637.41,
2026-09-11T18:16:42.533122+00:00,200,3090.9,
2026-09-11T18:16:33.088824+00:00,200,12537.67,
2026-09-11T18:16:43.267707+00:00,200,2367.93,
2026-09-11T18:16:44.921761+00:00,200,723.78,
2026-09-11T18:16:13.478585+00:00,200,32178.58,
2026-09-11T18:16:29.661152+00:00,200,16028.49,
2026-09-11T18:16:31.464109+00:00,200,14236.37,
2026-09-11T18:16:33.630371+00:00,200,12128.67,
2026-09-11T18:16:35.593350+00:00,200,10171.47,
2026-09-11T18:16:34.959856+00:00,200,10834.41,
2026-09-11T18:16:40.162500+00:00,200,5645.33,
2026-09-11T18:16:35.225949+00:00,200,10646.69,
2026-09-11T18:16:36.608106+00:00,200,9268.83,
2026-09-11T18:16:39.560394+00:00,200,6329.24,
2026-09-11T18:16:25.620977+00:00,200,20276.86,
2026-09-11T18:16:39.081158+00:00,200,6823.36,
2026-09-11T18:16:45.626507+00:00,200,289.99,
2026-09-11T18:16:40.460053+00:00,200,5464.4,
2026-09-11T18:16:34.728541+00:00,200,11207.07,
2026-09-11T18:16:33.481676+00:00,200,12480.1,
2026-09-11T18:16:43.090714+00:00,200,2888.79,
2026-09-11T18:16:37.687773+00:00,200,8296.43,
2026-09-11T18:16:36.061864+00:00,200,9947.67,
2026-09-11T18:16:41.828804+00:00,200,4187.79,
2026-09-11T18:16:37.116790+00:00,200,8928.6,
2026-09-11T18:16:45.628629+00:00,200,420.81,
2026-09-11T18:16:43.904128+00:00,200,2175.1,
2026-09-11T18:16:12.557380+00:00,200,33542.89,
2026-09-11T18:16:39.847656+00:00,200,6256.75,
2026-09-11T18:16:28.596498+00:00,200,17516.07,
2026-09-11T18:16:36.120321+00:00,200,10026.17,
2026-09-11T18:16:39.405999+00:00,200,6750.6,
2026-09-11T18:16:43.813300+00:00,200,2348.54,
2026-09-11T18:16:32.664249+00:00,200,13574.48,
2026-09-11T18:16:32.131589+00:00,200,14112.98,
2026-09-11T18:16:27.233706+00:00,200,19062.39,
2026-09-11T18:16:39.717760+00:00,200,6606.76,
2026-09-11T18:16:39.642865+00:00,200,6692.33,
2026-09-11T18:16:41.694095+00:00,200,4668.86,
2026-09-11T18:16:41.299467+00:00,200,5067.12,
2026-09-11T18:16:30.165939+00:00,200,16210.66,
2026-09-11T18:16:17.569857+00:00,200,28814.27,
2026-09-11T18:16:42.550581+00:00,200,3880.85,
2026-09-11T18:16:34.281429+00:00,200,12153.14,
2026-09-11T18:16:38.102420+00:00,200,8344.66,
2026-09-11T18:16:42.290021+00:00,200,4160.42,
2026-09-11T18:16:35.676663+00:00,200,10814.92,
2026-09-11T18:16:44.888059+00:00,200,1630.12,
2026-09-11T18:16:41.156733+00:00,200,5382.61,
2026-09-11T18:16:34.821280+00:00,200,11724.86,
2026-09-11T18:16:40.559209+00:00,200,5991.52,
2026-09-11T18:16:38.602514+00:00,200,7977.64,
2026-09-11T18:16:35.108545+00:00,200,11503.37,
2026-09-11T18:16:38.802497+00:00,200,7850.71,
2026-09-11T18:16:40.056813+00:00,200,6634.01,
2026-09-11T18:16:45.551483+00:00,200,1163.64,
2026-09-11T18:16:34.064829+00:00,200,12659.71,
2026-09-11T18:16:18.129160+00:00,200,28613.98,
2026-09-11T18:16:38.246703+00:00,200,8508.07,
2026-09-11T18:16:23.479085+00:00,200,23277.92,
2026-09-11T18:16:45.850464+00:00,200,918.12,
2026-09-11T18:16:35.920364+00:00,200,10863.49,
2026-09-11T18:16:40.671491+00:00,200,6114.69,
2026-09-11T18:16:30.563332+00:00,200,16227.6,
2026-09-11T18:16:25.379604+00:00,200,21435.77,
2026-09-11T18:16:46.491600+00:00,200,329.53,
2026-09-11T18:16:25.737187+00:00,200,21127.93,
2026-09-11T18:16:36.907422+00:00,200,9964.15,
2026-09-11T18:16:44.559337+00:00,200,2316.4,
2026-09-11T18:16:29.465948+00:00,200,17441.98,
2026-09-11T18:16:43.571827+00:00,200,3353.88,
2026-09-11T18:16:46.362975+00:00,200,595.6,
2026-09-11T18:16:36.111534+00:00,200,10849.77,
2026-09-11T18:16:32.833959+00:00,200,14152.83,
2026-09-11T18:16:09.563367+00:00,200,37437.37,
2026-09-11T18:16:37.378064+00:00,200,9643.27,
2026-09-11T18:16:39.805391+00:00,200,7247.16,
2026-09-11T18:16:45.007317+00:00,200,2082.51,
2026-09-11T18:16:35.347186+00:00,200,11787.76,
2026-09-11T18:16:35.600748+00:00,200,11543.29,
2026-09-11T18:16:38.932809+00:00,200,8225.59,
2026-09-11T18:16:43.708282+00:00,200,3460.08,
2026-09-11T18:16:16.692592+00:00,200,30479.14,
2026-09-11T18:16:16.391029+00:00,200,30785.38,
2026-09-11T18:16:32.757026+00:00,200,14422.58,
2026-09-11T18:16:22.185976+00:00,200,25039.59,
2026-09-11T18:16:20.888218+00:00,200,26393.42,
2026-09-11T18:16:27.891127+00:00,200,19394.22,
2026-09-11T18:16:41.898191+00:00,200,5406.18,
2026-09-11T18:16:41.186057+00:00,200,6126.95,
2026-09-11T18:16:34.593680+00:00,200,12766.04,
2026-09-11T18:16:39.562632+00:00,200,7838.42,
2026-09-11T18:16:35.254752+00:00,200,12153.58,
2026-09-11T18:16:28.885610+00:00,200,18526.05,
2026-09-11T18:16:22.998734+00:00,200,24421.09,
2026-09-11T18:16:26.143482+00:00,200,21348.67,
2026-09-11T18:16:34.864586+00:00,200,12657.02,
2026-09-11T18:16:34.750658+00:00,200,12781.85,
2026-09-11T18:16:44.251644+00:00,200,3288.41,
2026-09-11T18:16:37.596686+00:00,200,9955.44,
2026-09-11T18:16:20.144490+00:00,200,27410.69,
2026-09-11T18:16:36.141573+00:00,200,11416.91,
2026-09-11T18:16:40.377945+00:00,200,7209.25,
2026-09-11T18:16:33.018858+00:00,200,14608.86,
2026-09-11T18:16:47.285356+00:00,200,379.98,
2026-09-11T18:16:33.483003+00:00,200,14206.47,
2026-09-11T18:16:39.665508+00:00,200,8043.82,
2026-09-11T18:16:38.852436+00:00,200,8860.33,
2026-09-11T18:16:23.535476+00:00,200,24191.28,
2026-09-11T18:16:43.990309+00:00,200,3763.57,
2026-09-11T18:16:39.999393+00:00,200,7759.81,
2026-09-11T18:16:37.473584+00:00,200,10289.95,
2026-09-11T18:16:38.054789+00:00,200,9732.63,
2026-09-11T18:16:43.093579+00:00,200,4725.41,
2026-09-11T18:16:28.701771+00:00,200,19125.15,
2026-09-11T18:16:45.325472+00:00,200,2542.67,
2026-09-11T18:16:45.924468+00:00,200,1958.24,
2026-09-11T18:16:41.059750+00:00,200,6826.29,
2026-09-11T18:16:42.356716+00:00,200,5536.31,
2026-09-11T18:16:42.549377+00:00,200,5369.06,
2026-09-11T18:16:45.645553+00:00,200,2309.02,
2026-09-11T18:16:37.769470+00:00,200,10205.62,
2026-09-11T18:16:38.880105+00:00,200,9129.09,
2026-09-11T18:16:46.821134+00:00,200,1213.61,
2026-09-11T18:16:35.951753+00:00,200,12094.27,
2026-09-11T18:16:39.693072+00:00,200,8378.83,
2026-09-11T18:16:22.058098+00:00,200,26027.84,
2026-09-11T18:16:38.097321+00:00,200,10012.06,
2026-09-11T18:16:20.715729+00:00,200,27410.36,
2026-09-11T18:16:37.429287+00:00,200,10724.18,
2026-09-11T18:16:33.022391+00:00,200,15148.17,
2026-09-11T18:16:19.905909+00:00,200,28277.84,
2026-09-11T18:16:46.009546+00:00,200,2182.99,
2026-09-11T18:16:45.032136+00:00,200,3182.78,
2026-09-11T18:16:36.283875+00:00,200,11933.85,
2026-09-11T18:16:39.588816+00:00,200,8649.25,
2026-09-11T18:16:35.306350+00:00,200,12939.08,
2026-09-11T18:16:15.484845+00:00,200,32801.21,
2026-09-11T18:16:27.153992+00:00,200,21140.25,
2026-09-11T18:16:31.766942+00:00,200,16565.28,
2026-09-11T18:16:46.384141+00:00,200,1949.96,
2026-09-11T18:16:29.074015+00:00,200,19277.56,
2026-09-11T18:16:33.671984+00:00,200,14700.3,
2026-09-11T18:16:11.331152+00:00,200,37078.54,
2026-09-11T18:16:33.699979+00:00,200,14716.63,
2026-09-11T18:16:44.160549+00:00,200,4295.1,
2026-09-11T18:16:45.593926+00:00,200,2864.94,
2026-09-11T18:16:45.273588+00:00,200,3194.1,
2026-09-11T18:16:41.425438+00:00,200,7059.32,
2026-09-11T18:16:44.038498+00:00,200,4448.77,
2026-09-11T18:16:41.598811+00:00,200,6899.68,
2026-09-11T18:16:43.086100+00:00,200,5420.9,
2026-09-11T18:16:40.251846+00:00,200,8264.36,
2026-09-11T18:16:41.014669+00:00,200,7503.78,
2026-09-11T18:16:26.394272+00:00,200,22126.04,
2026-09-11T18:16:33.872983+00:00,200,14665.71,
2026-09-11T18:16:13.255460+00:00,200,35284.55,
2026-09-11T18:16:27.725881+00:00,200,20824.58,
2026-09-11T18:16:43.899737+00:00,200,4678.24,
2026-09-11T18:16:36.123612+00:00,200,12459.56,
2026-09-11T18:16:35.229076+00:00,200,13389.26,
2026-09-11T18:16:42.664981+00:00,200,5966.97,
2026-09-11T18:16:38.810327+00:00,200,9822.67,
2026-09-11T18:16:44.585508+00:00,200,4053.44,
2026-09-11T18:16:26.396301+00:00,200,22246.95,
2026-09-11T18:16:35.388799+00:00,200,13268.34,
2026-09-11T18:16:43.916280+00:00,200,4790.21,
2026-09-11T18:16:25.876816+00:00,200,22840.79,
2026-09-11T18:16:35.997689+00:00,200,12723.67,
2026-09-11T18:16:29.001460+00:00,200,19725.52,
2026-09-11T18:16:18.914611+00:00,200,29830.53,
2026-09-11T18:16:42.870716+00:00,200,5876.05,
2026-09-11T18:16:21.105450+00:00,200,27642.51,
2026-09-11T18:16:32.832573+00:00,200,15926.05,
2026-09-11T18:16:36.366109+00:00,200,12397.41,
2026-09-11T18:16:47.313031+00:00,200,1455.1,
2026-09-11T18:16:42.654604+00:00,200,6140.89,
2026-09-11T18:16:33.660950+00:00,200,15144.04,
2026-09-11T18:16:26.933740+00:00,200,21879.46,
2026-09-11T18:16:39.601898+00:00,200,9213.99,
2026-09-11T18:16:41.488414+00:00,200,7346.93,
2026-09-11T18:16:38.901433+00:00,200,9963.26,
2026-09-11T18:16:47.698533+00:00,200,1184.5,
2026-09-11T18:16:32.589406+00:00,200,16304.84,
2026-09-11T18:16:39.313821+00:00,200,9582.42,
2026-09-11T18:16:33.772012+00:00,200,15126.62,
2026-09-11T18:16:43.151246+00:00,200,5785.05,
2026-09-11T18:16:37.778997+00:00,200,11167.94,
2026-09-11T18:16:37.250536+00:00,200,11711.12,
2026-09-11T18:16:25.320946+00:00,200,23648.56,
2026-09-11T18:16:24.213349+00:00,200,24774.67,
2026-09-11T18:16:44.881207+00:00,200,4125.72,
2026-09-11T18:16:46.754777+00:00,200,2268.25,
2026-09-11T18:16:34.663168+00:00,200,14381.04,
2026-09-11T18:16:38.127198+00:00,200,10918.29,
2026-09-11T18:16:31.417718+00:00,200,17638.3,
2026-09-11T18:16:31.531452+00:00,200,17542.63,
2026-09-11T18:16:44.058823+00:00,200,5022.19,
2026-09-11T18:16:34.987601+00:00,200,14104.11,
2026-09-11T18:16:20.285435+00:00,200,28810.14,
2026-09-11T18:16:42.607151+00:00,200,6537.02,
2026-09-11T18:16:48.579864+00:00,200,577.22,
2026-09-11T18:16:42.497944+00:00,200,6664.74,
2026-09-11T18:16:48.936489+00:00,200,250.47,
2026-09-11T18:16:47.712774+00:00,200,1477.31,
2026-09-11T18:16:44.223115+00:00,200,4993.46,
2026-09-11T18:16:46.112575+00:00,200,3121.48,
2026-09-11T18:16:45.436447+00:00,200,3854.01,
2026-09-11T18:16:40.445734+00:00,200,8861.77,
2026-09-11T18:16:26.068335+00:00,200,23255.41,
2026-09-11T18:16:35.770559+00:00,200,13570.85,
2026-09-11T18:16:44.659502+00:00,200,4685.34,
2026-09-11T18:16:37.822082+00:00,200,11524.3,
2026-09-11T18:16:39.312138+00:00,200,10035.59,
2026-09-11T18:16:20.293448+00:00,200,29055.92,
2026-09-11T18:16:40.489229+00:00,200,8861.57,
2026-09-11T18:16:30.401882+00:00,200,18950.57,
2026-09-11T18:16:45.764830+00:00,200,3606.5,
2026-09-11T18:16:48.577991+00:00,200,806.09,
2026-09-11T18:16:35.044928+00:00,200,14343.27,
2026-09-11T18:16:39.045516+00:00,200,10358.25,
2026-09-11T18:16:33.802185+00:00,200,15603.64,
2026-09-11T18:16:49.144198+00:00,200,273.71,
2026-09-11T18:16:43.155447+00:00,200,6266.51,
2026-09-11T18:16:33.616118+00:00,200,15833.27,
2026-09-11T18:16:25.304298+00:00,200,24154.7,
2026-09-11T18:16:28.578647+00:00,200,20897.14,
2026-09-11T18:16:38.449911+00:00,200,11027.67,
2026-09-11T18:16:40.690715+00:00,200,8788.45,
2026-09-11T18:16:46.045407+00:00,200,3435.37,
2026-09-11T18:16:13.324315+00:00,200,36158.11,
2026-09-11T18:16:38.990352+00:00,200,10493.76,
2026-09-11T18:16:37.057975+00:00,200,12427.88,
2026-09-11T18:16:40.411925+00:00,200,9075.67,
2026-09-11T18:16:36.778010+00:00,200,12711.4,
2026-09-11T18:16:47.521622+00:00,200,1969.66,
2026-09-11T18:16:39.361556+00:00,200,10131.75,
2026-09-11T18:16:29.207189+00:00,200,20288.03,
2026-09-11T18:16:44.938415+00:00,200,4558.8,
2026-09-11T18:16:36.388586+00:00,200,13110.61,
2026-09-11T18:16:47.555186+00:00,200,1946.01,
2026-09-11T18:16:28.365475+00:00,200,21137.76,
2026-09-11T18:16:24.577646+00:00,200,24927.7,
2026-09-11T18:16:41.148661+00:00,200,8358.82,
2026-09-11T18:16:41.640095+00:00,200,7869.6,
2026-09-11T18:16:43.286771+00:00,200,6225.1,
2026-09-11T18:16:17.689891+00:00,200,31824.17,
2026-09-11T18:16:32.450987+00:00,200,17065.31,
2026-09-11T18:16:44.778824+00:00,200,4770.0,
2026-09-11T18:16:36.372160+00:00,200,13197.31,
2026-09-11T18:16:49.190092+00:00,200,390.17,
2026-09-11T18:16:33.491864+00:00,200,16113.12,
2026-09-11T18:16:48.540829+00:00,200,1088.86,
2026-09-11T18:16:19.655765+00:00,200,30013.3,
2026-09-11T18:16:30.595596+00:00,200,19078.85,
2026-09-11T18:16:29.211187+00:00,200,20474.4,
2026-09-11T18:16:33.212715+00:00,200,16533.26,
2026-09-11T18:16:41.865004+00:00,200,7947.67,
2026-09-11T18:16:29.084760+00:00,200,20761.03,
2026-09-11T18:16:41.182399+00:00,200,8666.57,
2026-09-11T18:16:39.766729+00:00,200,10084.91,
2026-09-11T18:16:34.489265+00:00,200,15365.41,
2026-09-11T18:16:36.636144+00:00,200,13221.35,
2026-09-11T18:16:37.532556+00:00,200,12327.82,
2026-09-11T18:16:48.133022+00:00,200,1730.03,
2026-09-11T18:16:31.191873+00:00,200,18674.11,
2026-09-11T18:16:46.450447+00:00,200,3419.2,
2026-09-11T18:16:31.123347+00:00,200,18749.79,
2026-09-11T18:16:47.763537+00:00,200,2156.66,
2026-09-11T18:16:35.847554+00:00,200,14086.24,
2026-09-11T18:16:47.627731+00:00,200,2340.34,
2026-09-11T18:16:43.481016+00:00,200,6528.39,
2026-09-11T18:16:46.925717+00:00,200,3113.74,
2026-09-11T18:16:37.361495+00:00,200,12688.95,
2026-09-11T18:16:43.366636+00:00,200,6716.85,
2026-09-11T18:16:33.076799+00:00,200,17023.27,
2026-09-11T18:16:40.491638+00:00,200,9660.25,
2026-09-11T18:16:48.883050+00:00,200,1281.98,
2026-09-11T18:16:43.772758+00:00,200,6415.96,
2026-09-11T18:16:40.247084+00:00,200,9944.52,
2026-09-11T18:16:42.055591+00:00,200,8138.97,
2026-09-11T18:16:30.834940+00:00,200,19362.54,
2026-09-11T18:16:47.212981+00:00,200,2987.47,
2026-09-11T18:16:48.507013+00:00,200,1696.61,
2026-09-11T18:16:25.351298+00:00,200,24855.53,
2026-09-11T18:16:43.389115+00:00,200,6820.79,
2026-09-11T18:16:40.552399+00:00,200,9660.67,
2026-09-11T18:16:48.301960+00:00,200,1914.24,
2026-09-11T18:16:48.835364+00:00,200,1383.99,
2026-09-11T18:16:44.137447+00:00,200,6085.16,
2026-09-11T18:16:32.629748+00:00,200,17596.09,
2026-09-11T18:16:39.865010+00:00,200,10364.26,
2026-09-11T18:16:39.986917+00:00,200,10245.67,
2026-09-11T18:16:37.701298+00:00,200,12534.59,
2026-09-11T18:16:29.823439+00:00,200,20415.79,
2026-09-11T18:16:33.457479+00:00,200,16785.6,
2026-09-11T18:16:30.228180+00:00,200,20019.69,
2026-09-11T18:16:49.195478+00:00,200,1056.83,
2026-09-11T18:16:39.744899+00:00,200,10517.89,
2026-09-11T18:16:49.745986+00:00,200,534.69,
2026-09-11T18:16:30.467953+00:00,200,19849.29,
2026-09-11T18:16:29.106427+00:00,200,21219.91,
2026-09-11T18:16:40.974011+00:00,200,9356.12,
2026-09-11T18:16:30.904277+00:00,200,19429.59,
2026-09-11T18:16:44.735384+00:00,200,5602.21,
2026-09-11T18:16:35.418771+00:00,200,14922.66,
2026-09-11T18:16:16.519175+00:00,200,33946.09,
2026-09-11T18:16:45.599268+00:00,200,4890.16,
2026-09-11T18:16:41.843208+00:00,200,8690.8,
2026-09-11T18:16:46.786183+00:00,200,3791.11,
2026-09-11T18:16:48.286068+00:00,200,2299.79,
2026-09-11T18:16:37.444148+00:00,200,13157.56,
2026-09-11T18:16:29.651143+00:00,200,20958.27,
2026-09-11T18:16:27.536041+00:00,200,23090.23,
2026-09-11T18:16:43.059617+00:00,200,7570.66,
2026-09-11T18:16:44.474328+00:00,200,6187.6,
2026-09-11T18:16:34.158457+00:00,200,16557.22,
2026-09-11T18:16:33.812191+00:00,200,16918.11,
2026-09-11T18:16:36.832061+00:00,200,13946.06,
2026-09-11T18:16:49.023041+00:00,200,1798.67,
2026-09-11T18:16:34.414194+00:00,200,16411.45,
2026-09-11T18:16:33.843819+00:00,200,16997.53,
2026-09-11T18:16:47.954590+00:00,200,2936.69,
2026-09-11T18:16:36.662497+00:00,200,14274.35,
2026-09-11T18:16:46.518191+00:00,200,4517.86,
2026-09-11T18:16:26.162843+00:00,200,24917.24,
2026-09-11T18:16:46.824190+00:00,200,4336.64,
2026-09-11T18:16:46.212195+00:00,200,4956.58,
2026-09-11T18:16:48.109389+00:00,200,3073.13,
2026-09-11T18:16:28.301908+00:00,200,22922.0,
2026-09-11T18:16:20.932851+00:00,200,30316.81,
2026-09-11T18:16:39.981812+00:00,200,11322.87,
2026-09-11T18:16:36.296325+00:00,200,15011.93,
2026-09-11T18:16:34.336805+00:00,200,17019.19,
2026-09-11T18:16:40.966907+00:00,200,10465.31,
2026-09-11T18:16:27.437162+00:00,200,24009.2,
2026-09-11T18:16:48.498501+00:00,200,3034.27,
2026-09-11T18:16:43.452892+00:00,200,8115.42,
2026-09-11T18:16:39.655912+00:00,200,11942.8,
2026-09-11T18:16:45.886091+00:00,200,5721.15,
2026-09-11T18:16:36.799636+00:00,200,14830.25,
2026-09-11T18:16:43.719600+00:00,200,7931.42,
2026-09-11T18:16:36.626850+00:00,200,15028.68,
2026-09-11T18:16:42.972694+00:00,200,8687.27,
2026-09-11T18:16:39.644356+00:00,200,12045.99,
2026-09-11T18:16:36.077125+00:00,200,15660.08,
2026-09-11T18:16:34.913782+00:00,200,16890.51,
2026-09-11T18:16:46.653223+00:00,200,5217.71,
2026-09-11T18:16:47.665355+00:00,200,4254.26,
2026-09-11T18:16:32.316538+00:00,200,19612.98,
2026-09-11T18:16:29.429122+00:00,200,22512.47,
2026-09-11T18:16:46.750424+00:00,200,5204.16,
2026-09-11T18:16:42.502712+00:00,200,9471.04,
2026-09-11T18:16:48.746770+00:00,200,3295.73,
2026-09-11T18:16:31.898226+00:00,200,20218.45,
2026-09-11T18:16:42.522026+00:00,200,9623.35,
2026-09-11T18:16:36.294262+00:00,200,15913.44,
2026-09-11T18:16:44.741944+00:00,200,7507.18,
2026-09-11T18:16:45.737727+00:00,200,6591.52,
2026-09-11T18:16:35.924992+00:00,200,16428.3,
2026-09-11T18:16:44.061231+00:00,200,8298.71,
2026-09-11T18:16:25.527104+00:00,200,26836.77,
2026-09-11T18:16:51.870947+00:00,200,498.64,
2026-09-11T18:16:38.065791+00:00,200,14318.07,
2026-09-11T18:16:48.745146+00:00,200,3642.63,
2026-09-11T18:16:26.595454+00:00,200,25798.25,
2026-09-11T18:16:18.469203+00:00,200,33932.63,
2026-09-11T18:16:39.307976+00:00,200,13115.45,
2026-09-11T18:16:39.195391+00:00,200,13246.14,
2026-09-11T18:16:41.091159+00:00,200,11373.13,
2026-09-11T18:16:38.581226+00:00,200,13955.52,
2026-09-11T18:16:33.379995+00:00,200,19179.33,
2026-09-11T18:16:47.281653+00:00,200,5295.49,
2026-09-11T18:16:35.299996+00:00,200,17295.86,
2026-09-11T18:16:41.382435+00:00,200,11217.48,
2026-09-11T18:16:52.042520+00:00,200,609.73,
2026-09-11T18:16:48.717614+00:00,200,3969.51,
2026-09-11T18:16:50.948188+00:00,200,1772.03,
2026-09-11T18:16:46.458493+00:00,200,6281.24,
2026-09-11T18:16:42.585519+00:00,200,10172.09,
2026-09-11T18:16:31.235341+00:00,200,21542.73,
2026-09-11T18:16:24.733614+00:00,200,28066.11,
2026-09-11T18:16:28.860730+00:00,200,24019.35,
2026-09-11T18:16:31.113231+00:00,200,21781.33,
2026-09-11T18:16:45.088095+00:00,200,7831.3,
2026-09-11T18:16:52.329264+00:00,200,596.67,
2026-09-11T18:16:35.973174+00:00,200,17052.49,
2026-09-11T18:16:49.475801+00:00,200,3565.36,
2026-09-11T18:16:39.851897+00:00,200,13263.74,
2026-09-11T18:16:41.372498+00:00,200,11781.64,
2026-09-11T18:16:34.667986+00:00,200,18529.19,
2026-09-11T18:16:46.366602+00:00,200,6872.1,
2026-09-11T18:16:15.375678+00:00,200,37878.76,
2026-09-11T18:16:45.206885+00:00,200,8101.3,
2026-09-11T18:16:26.841156+00:00,200,26475.46,
2026-09-11T18:16:32.571275+00:00,200,20777.95,
2026-09-11T18:16:52.799733+00:00,200,573.87,
2026-09-11T18:16:32.616553+00:00,200,20872.12,
2026-09-11T18:16:14.490980+00:00,200,39001.5,
2026-09-11T18:16:38.499079+00:00,200,15011.87,
2026-09-11T18:16:12.584710+00:00,200,40940.96,
2026-09-11T18:16:51.116115+00:00,200,2453.6,
2026-09-11T18:16:52.804230+00:00,200,791.99,
2026-09-11T18:16:36.680484+00:00,200,16926.59,
2026-09-11T18:16:43.216457+00:00,200,10435.81,
2026-09-11T18:16:46.156607+00:00,200,7528.24,
2026-09-11T18:16:32.262788+00:00,200,21467.89,
2026-09-11T18:16:40.371837+00:00,200,13424.82,
2026-09-11T18:16:51.839428+00:00,200,1970.03,
2026-09-11T18:16:28.234056+00:00,200,25603.93,
2026-09-11T18:16:42.852183+00:00,200,11009.77,
2026-09-11T18:16:46.006786+00:00,200,7860.94,
2026-09-11T18:16:42.301642+00:00,200,11613.38,
2026-09-11T18:16:42.184249+00:00,200,11791.34,
2026-09-11T18:16:34.853511+00:00,200,19135.34,
2026-09-11T18:16:30.925252+00:00,200,23103.28,
2026-09-11T18:16:53.492490+00:00,200,546.76,
2026-09-11T18:16:42.970315+00:00,200,11082.48,
2026-09-11T18:16:24.160599+00:00,200,29909.25,
2026-09-11T18:16:45.774714+00:00,200,8319.73,
2026-09-11T18:16:46.790937+00:00,200,7315.17,
2026-09-11T18:16:48.334112+00:00,200,5884.56,
2026-09-11T18:16:34.140837+00:00,200,20083.45,
2026-09-11T18:16:38.275030+00:00,200,15985.52,
2026-09-11T18:16:22.478252+00:00,200,31792.15,
2026-09-11T18:16:40.315238+00:00,200,13963.99,
2026-09-11T18:16:34.862912+00:00,200,19425.85,
2026-09-11T18:16:40.555290+00:00,200,13770.0,
2026-09-11T18:16:29.474550+00:00,200,24957.24,
2026-09-11T18:16:50.591283+00:00,200,3874.48,
2026-09-11T18:16:33.572860+00:00,200,20964.37,
2026-09-11T18:16:32.523069+00:00,200,22016.56,
2026-09-11T18:16:37.382773+00:00,200,17171.28,
2026-09-11T18:16:40.344042+00:00,200,14226.23,
2026-09-11T18:16:48.939614+00:00,200,5645.11,
2026-09-11T18:16:38.919987+00:00,200,15672.29,
2026-09-11T18:16:43.394051+00:00,200,11220.97,
2026-09-11T18:16:45.478535+00:00,200,9147.05,
2026-09-11T18:16:32.421843+00:00,200,22215.3,
2026-09-11T18:16:41.747593+00:00,200,12901.15,
2026-09-11T18:16:49.516300+00:00,200,5139.38,
2026-09-11T18:16:43.428866+00:00,200,11243.3,
2026-09-11T18:16:46.546150+00:00,200,8145.75,
2026-09-11T18:16:50.280689+00:00,200,4502.1,
2026-09-11T18:16:35.037251+00:00,200,19763.34,
2026-09-11T18:16:54.431806+00:00,200,396.3,
2026-09-11T18:16:09.789489+00:00,200,45044.41,
2026-09-11T18:16:40.814588+00:00,200,14069.99,
2026-09-11T18:16:31.407958+00:00,200,23509.28,
2026-09-11T18:16:23.673973+00:00,200,31256.64,
2026-09-11T18:16:30.369972+00:00,200,24569.88,
2026-09-11T18:16:51.571591+00:00,200,3387.03,
2026-09-11T18:16:41.834928+00:00,200,13127.95,
2026-09-11T18:16:54.554057+00:00,200,453.41,
2026-09-11T18:16:33.006712+00:00,200,22016.13,
2026-09-11T18:16:48.372301+00:00,200,6673.75,
2026-09-11T18:16:42.845924+00:00,200,12217.91,
2026-09-11T18:16:49.493315+00:00,200,5581.47,
2026-09-11T18:16:28.192226+00:00,200,26891.04,
2026-09-11T18:16:43.451038+00:00,200,11637.75,
2026-09-11T18:16:25.311398+00:00,200,29793.24,
2026-09-11T18:16:44.506142+00:00,200,10624.03,
2026-09-11T18:16:44.872331+00:00,200,10279.53,
2026-09-11T18:16:49.487605+00:00,200,5702.19,
2026-09-11T18:16:29.230587+00:00,200,25970.73,
2026-09-11T18:16:37.265498+00:00,200,17949.29,
2026-09-11T18:16:44.622821+00:00,200,10596.74,
2026-09-11T18:16:54.567225+00:00,200,691.23,
2026-09-11T18:16:42.629278+00:00,200,12636.8,
2026-09-11T18:16:43.028972+00:00,200,12253.63,
2026-09-11T18:16:40.815981+00:00,200,14476.04,
2026-09-11T18:16:49.352459+00:00,200,5941.58,
2026-09-11T18:16:41.738239+00:00,200,13557.56,
2026-09-11T18:16:46.961316+00:00,200,8338.57,
2026-09-11T18:16:32.435813+00:00,200,22873.12,
2026-09-11T18:16:44.122165+00:00,200,11192.41,
2026-09-11T18:16:41.083764+00:00,200,14232.99,
2026-09-11T18:16:45.876951+00:00,200,9443.41,
2026-09-11T18:16:21.206705+00:00,200,34123.7,
2026-09-11T18:16:29.917418+00:00,200,25414.63,
2026-09-11T18:16:55.169769+00:00,200,227.25,
2026-09-11T18:16:31.698765+00:00,200,23710.29,
2026-09-11T18:16:33.641745+00:00,200,21792.45,
2026-09-11T18:16:33.488619+00:00,200,21946.9,
2026-09-11T18:16:35.473505+00:00,200,19964.34,
2026-09-11T18:16:52.559338+00:00,200,2893.62,
2026-09-11T18:16:20.685567+00:00,200,34775.6,
2026-09-11T18:16:55.266087+00:00,200,197.68,
2026-09-11T18:16:48.214931+00:00,200,7262.5,
2026-09-11T18:16:31.309914+00:00,200,24184.35,
2026-09-11T18:16:33.176121+00:00,200,22357.55,
2026-09-11T18:16:49.162694+00:00,200,6377.98,
2026-09-11T18:16:47.089841+00:00,200,8461.95,
2026-09-11T18:16:52.806363+00:00,200,2751.16,
2026-09-11T18:16:35.157702+00:00,200,20420.81,
2026-09-11T18:16:44.744954+00:00,200,10839.44,
2026-09-11T18:16:32.283989+00:00,200,23305.76,
2026-09-11T18:16:44.581886+00:00,200,11009.74,
2026-09-11T18:16:39.610671+00:00,200,15983.45,
2026-09-11T18:16:31.752752+00:00,200,23852.47,
2026-09-11T18:16:46.210917+00:00,200,9404.24,
2026-09-11T18:16:50.345602+00:00,200,5272.9,
2026-09-11T18:16:41.973839+00:00,200,13653.82,
2026-09-11T18:16:52.599921+00:00,200,3040.15,
2026-09-11T18:16:28.046381+00:00,200,27600.65,
2026-09-11T18:16:40.653438+00:00,200,15006.29,
2026-09-11T18:16:30.217435+00:00,200,25443.59,
2026-09-11T18:16:43.445311+00:00,200,12255.14,
2026-09-11T18:16:52.187255+00:00,200,3521.59,
2026-09-11T18:16:49.482431+00:00,200,6229.59,
2026-09-11T18:16:50.671060+00:00,200,5057.3,
2026-09-11T18:16:44.612455+00:00,200,11125.68,
2026-09-11T18:16:23.181265+00:00,200,32559.11,
2026-09-11T18:16:26.611510+00:00,200,29156.6,
2026-09-11T18:16:22.508062+00:00,200,33271.9,
2026-09-11T18:16:44.701177+00:00,200,11088.2,
2026-09-11T18:16:31.986866+00:00,200,23804.63,
2026-09-11T18:16:40.342018+00:00,200,15453.0,
2026-09-11T18:16:43.725913+00:00,200,12098.44,
2026-09-11T18:16:27.427574+00:00,200,28408.66,
2026-09-11T18:16:47.975105+00:00,200,7870.95,
2026-09-11T18:16:49.480779+00:00,200,6373.0,
2026-09-11T18:16:44.514516+00:00,200,11353.65,
2026-09-11T18:16:44.069761+00:00,200,11800.64,
2026-09-11T18:16:49.580284+00:00,200,6298.23,
2026-09-11T18:16:41.282922+00:00,200,14603.68,
2026-09-11T18:16:50.870102+00:00,200,5018.4,
2026-09-11T18:16:38.370459+00:00,200,17535.74,
2026-09-11T18:16:43.073899+00:00,200,12833.73,
2026-09-11T18:16:55.681830+00:00,200,236.84,
2026-09-11T18:16:43.614432+00:00,200,12311.27,
2026-09-11T18:16:46.669013+00:00,200,9270.45,
2026-09-11T18:16:52.937737+00:00,200,3014.58,
2026-09-11T18:16:51.973769+00:00,200,3992.57,
2026-09-11T18:16:50.821720+00:00,200,5161.26,
2026-09-11T18:16:52.423431+00:00,200,3564.67,
2026-09-11T18:16:35.359959+00:00,200,20638.62,
2026-09-11T18:16:47.689491+00:00,200,8313.51,
2026-09-11T18:16:44.644288+00:00,200,11361.32,
2026-09-11T18:16:44.023325+00:00,200,11989.19,
2026-09-11T18:16:10.801465+00:00,200,45222.95,
2026-09-11T18:16:30.135168+00:00,200,25894.76,
2026-09-11T18:16:43.636143+00:00,200,12408.12,
2026-09-11T18:16:53.510956+00:00,200,2554.43,
2026-09-11T18:16:53.154146+00:00,200,2915.06,
2026-09-11T18:16:39.627627+00:00,200,16487.15,
2026-09-11T18:16:47.052568+00:00,200,9075.68,
2026-09-11T18:16:49.347732+00:00,200,6784.77,
2026-09-11T18:16:49.384085+00:00,200,6780.38,
2026-09-11T18:16:37.498493+00:00,200,18675.27,
2026-09-11T18:16:31.692856+00:00,200,24486.21,
2026-09-11T18:16:40.835707+00:00,200,15366.61,
2026-09-11T18:16:39.151056+00:00,200,17094.26,
2026-09-11T18:16:49.685592+00:00,200,6568.48,
2026-09-11T18:16:28.796532+00:00,200,27464.12,
2026-09-11T18:16:32.896814+00:00,200,23367.24,
2026-09-11T18:16:39.126479+00:00,200,17154.32,
2026-09-11T18:16:37.676834+00:00,200,18608.19,
2026-09-11T18:16:56.132512+00:00,200,170.51,
2026-09-11T18:16:52.249138+00:00,200,4061.67,
2026-09-11T18:16:48.726983+00:00,200,7587.09,
2026-09-11T18:16:49.103908+00:00,200,7219.75,
2026-09-11T18:16:36.276885+00:00,200,20051.01,
2026-09-11T18:16:22.526779+00:00,200,33808.27,
2026-09-11T18:16:46.783867+00:00,200,9553.49,
2026-09-11T18:16:42.123799+00:00,200,14220.17,
2026-09-11T18:16:23.795590+00:00,200,32557.64,
2026-09-11T18:16:31.499043+00:00,200,24867.41,
2026-09-11T18:16:35.476646+00:00,200,20893.16,
2026-09-11T18:16:52.583175+00:00,200,3794.49,
2026-09-11T18:16:47.287399+00:00,200,9100.99,
2026-09-11T18:16:51.659979+00:00,200,4731.19,
2026-09-11T18:16:40.388984+00:00,200,16011.17,
2026-09-11T18:16:35.189163+00:00,200,21231.58,
2026-09-11T18:16:54.800636+00:00,200,1643.99,
2026-09-11T18:16:40.143350+00:00,200,16309.39,
2026-09-11T18:16:38.815927+00:00,200,17640.32,
2026-09-11T18:16:27.743886+00:00,200,28731.0,
2026-09-11T18:16:34.016099+00:00,200,22464.71,
2026-09-11T18:16:50.216208+00:00,200,6273.36,
2026-09-11T18:16:34.549060+00:00,200,21942.39,
2026-09-11T18:16:40.454570+00:00,200,16043.25,
2026-09-11T18:16:51.160862+00:00,200,5339.18,
2026-09-11T18:16:55.219559+00:00,200,1312.2,
2026-09-11T18:16:54.939862+00:00,200,1601.2,
2026-09-11T18:16:47.532521+00:00,200,9029.17,
2026-09-11T18:16:48.540019+00:00,200,8042.47,
2026-09-11T18:16:49.491284+00:00,200,7099.35,
2026-09-11T18:16:43.347314+00:00,200,13244.61,
2026-09-11T18:16:45.096073+00:00,200,11503.54,
2026-09-11T18:16:38.783820+00:00,200,17818.83,
2026-09-11T18:16:35.953597+00:00,200,20662.97,
2026-09-11T18:16:39.025846+00:00,200,17595.75,
2026-09-11T18:16:45.794286+00:00,200,10835.32,
2026-09-11T18:16:20.335231+00:00,200,36323.7,
2026-09-11T18:16:44.282106+00:00,200,12397.98,
2026-09-11T18:16:49.495226+00:00,200,7186.48,
2026-09-11T18:16:39.143330+00:00,200,17541.03,
2026-09-11T18:16:47.134976+00:00,200,9567.89,
2026-09-11T18:16:50.209909+00:00,200,6498.74,
2026-09-11T18:16:32.615420+00:00,200,24096.05,
2026-09-11T18:16:39.462551+00:00,200,17290.68,
2026-09-11T18:16:49.171103+00:00,200,7584.04,
2026-09-11T18:16:54.231689+00:00,200,2536.6,
2026-09-11T18:16:47.918448+00:00,200,8853.34,
2026-09-11T18:16:50.936866+00:00,200,5905.0,
2026-09-11T18:16:42.726197+00:00,200,14124.46,
2026-09-11T18:16:39.943009+00:00,200,16915.2,
2026-09-11T18:16:46.690835+00:00,200,10176.12,
2026-09-11T18:16:56.283805+00:00,200,600.0,
2026-09-11T18:16:56.658952+00:00,200,230.61,
2026-09-11T18:16:32.604548+00:00,200,24287.03,
2026-09-11T18:16:28.266169+00:00,200,28662.86,
2026-09-11T18:16:50.252312+00:00,200,6685.56,
2026-09-11T18:16:55.214796+00:00,200,1729.34,
2026-09-11T18:16:35.332272+00:00,200,21629.08,
2026-09-11T18:16:41.228177+00:00,200,15745.23,
2026-09-11T18:16:49.732824+00:00,200,7246.99,
2026-09-11T18:16:51.911276+00:00,200,5069.84,
2026-09-11T18:16:41.754392+00:00,200,15247.32,
2026-09-11T18:16:48.192543+00:00,200,8814.22,
2026-09-11T18:16:50.891297+00:00,200,6118.17,
2026-09-11T18:16:42.350935+00:00,200,14660.3,
2026-09-11T18:16:43.862209+00:00,200,13153.07,
2026-09-11T18:16:40.630192+00:00,200,16394.6,
2026-09-11T18:16:49.044213+00:00,200,7981.92,
2026-09-11T18:16:34.359059+00:00,200,22698.41,
2026-09-11T18:16:48.969510+00:00,200,8102.54,
2026-09-11T18:16:40.658648+00:00,200,16438.8,
2026-09-11T18:16:32.838192+00:00,200,24276.75,
2026-09-11T18:16:36.039513+00:00,200,21078.44,
2026-09-11T18:16:54.539633+00:00,200,2580.28,
2026-09-11T18:16:42.513235+00:00,200,14628.4,
2026-09-11T18:16:50.262796+00:00,200,6888.91,
2026-09-11T18:16:40.124172+00:00,200,17035.54,
2026-09-11T18:16:50.029981+00:00,200,7134.45,
2026-09-11T18:16:47.922518+00:00,200,9247.35,
2026-09-11T18:16:36.096818+00:00,200,21088.42,
2026-09-11T18:16:56.531774+00:00,200,657.31,
2026-09-11T18:16:24.060535+00:00,200,33134.04,
2026-09-11T18:16:40.254504+00:00,200,16941.77,
2026-09-11T18:16:26.447540+00:00,200,30750.24,
2026-09-11T18:16:50.347691+00:00,200,6851.69,
2026-09-11T18:16:33.831816+00:00,200,23369.04,
2026-09-11T18:16:31.357987+00:00,200,25848.31,
2026-09-11T18:16:53.596233+00:00,200,3620.77,
2026-09-11T18:16:34.734659+00:00,200,22498.53,
2026-09-11T18:16:50.825646+00:00,200,6414.95,
2026-09-11T18:16:29.439947+00:00,200,27837.0,
2026-09-11T18:16:48.795511+00:00,200,8489.38,
2026-09-11T18:16:29.895613+00:00,200,27401.53,
2026-09-11T18:16:51.749270+00:00,200,5553.16,
2026-09-11T18:16:34.299740+00:00,200,23018.19,
2026-09-11T18:16:28.888218+00:00,200,28434.25,
2026-09-11T18:16:21.739869+00:00,200,35593.03,
2026-09-11T18:16:47.540056+00:00,200,9831.93,
2026-09-11T18:16:45.397085+00:00,200,11994.94,
2026-09-11T18:16:48.633003+00:00,200,8783.42,
2026-09-11T18:16:56.923040+00:00,200,496.22,
2026-09-11T18:16:24.498572+00:00,200,32962.65,
2026-09-11T18:16:43.447367+00:00,200,14017.79,
2026-09-11T18:16:55.640092+00:00,200,1827.7,
2026-09-11T18:16:45.904527+00:00,200,11565.09,
2026-09-11T18:16:44.420236+00:00,200,13051.13,
2026-09-11T18:16:22.842694+00:00,200,34630.54,
2026-09-11T18:16:40.603061+00:00,200,16871.97,
2026-09-11T18:16:55.236104+00:00,200,2318.54,
2026-09-11T18:16:43.336220+00:00,200,14239.35,
2026-09-11T18:16:56.254085+00:00,200,1327.31,
2026-09-11T18:16:38.061150+00:00,200,19533.22,
2026-09-11T18:16:47.738578+00:00,200,9862.56,
2026-09-11T18:16:36.967754+00:00,200,20673.71,
2026-09-11T18:16:35.682592+00:00,200,21975.96,
2026-09-11T18:16:23.321114+00:00,200,34359.42,
2026-09-11T18:16:18.919412+00:00,200,38763.91,
2026-09-11T18:16:48.805001+00:00,200,8881.41,
2026-09-11T18:16:56.590650+00:00,200,1106.9,
2026-09-11T18:16:28.651237+00:00,200,29084.99,
2026-09-11T18:16:56.353235+00:00,200,1392.82,
2026-09-11T18:16:35.320266+00:00,200,22435.47,
2026-09-11T18:16:24.369986+00:00,200,33387.4,
2026-09-11T18:16:53.796666+00:00,200,3971.82,
2026-09-11T18:16:55.282614+00:00,200,2500.51,
2026-09-11T18:16:50.009424+00:00,200,7776.16,
2026-09-11T18:16:55.434211+00:00,200,2360.65,
2026-09-11T18:16:54.592279+00:00,200,3208.15,
2026-09-11T18:16:57.575586+00:00,200,257.96,
2026-09-11T18:16:55.083276+00:00,200,2759.94,
2026-09-11T18:16:46.493975+00:00,200,11373.74,
2026-09-11T18:16:36.250798+00:00,200,21618.55,
2026-09-11T18:16:51.265287+00:00,200,6608.12,
2026-09-11T18:16:49.507483+00:00,200,8379.98,
2026-09-11T18:16:36.075338+00:00,200,21815.25,
2026-09-11T18:16:43.646843+00:00,200,14252.42,
2026-09-11T18:16:48.444152+00:00,200,9487.76,
2026-09-11T18:16:49.968110+00:00,200,7969.54,
2026-09-11T18:16:44.984135+00:00,200,12957.48,
2026-09-11T18:16:56.951357+00:00,200,994.62,
2026-09-11T18:16:36.094396+00:00,200,21859.19,
2026-09-11T18:16:02.558902+00:00,200,55406.07,
2026-09-11T18:16:56.260657+00:00,200,1714.97,
2026-09-11T18:16:34.516111+00:00,200,23470.0,
2026-09-11T18:16:53.238718+00:00,200,4783.76,
2026-09-11T18:16:57.284917+00:00,200,754.07,
2026-09-11T18:16:34.291038+00:00,200,23763.59,
2026-09-11T18:16:55.568453+00:00,200,2513.52,
2026-09-11T18:16:43.528670+00:00,200,14555.1,
2026-09-11T18:16:55.400370+00:00,200,2687.24,
2026-09-11T18:16:49.216592+00:00,200,8914.73,
2026-09-11T18:16:24.047325+00:00,200,34087.06,
2026-09-11T18:16:40.870867+00:00,200,17271.94,
2026-09-11T18:16:47.787435+00:00,200,10366.0,
2026-09-11T18:16:26.530691+00:00,200,31625.83,
2026-09-11T18:16:31.590709+00:00,200,26572.1,
2026-09-11T18:16:54.782806+00:00,200,3392.92,
2026-09-11T18:16:35.339765+00:00,200,22848.26,
2026-09-11T18:16:46.016605+00:00,200,12176.75,
2026-09-11T18:16:36.598716+00:00,200,21598.85,
2026-09-11T18:16:55.584403+00:00,200,2616.79,
2026-09-11T18:16:53.777873+00:00,200,4454.58,
2026-09-11T18:16:41.963170+00:00,200,16283.91,
2026-09-11T18:16:39.398524+00:00,200,18856.98,
2026-09-11T18:16:38.644079+00:00,200,19641.12,
2026-09-11T18:16:49.477583+00:00,200,8820.51,
2026-09-11T18:16:32.040494+00:00,200,26259.77,
2026-09-11T18:16:45.979522+00:00,200,12335.29,
2026-09-11T18:16:29.949022+00:00,200,28369.34,
2026-09-11T18:16:49.349371+00:00,200,8995.27,
2026-09-11T18:16:42.610532+00:00,200,15750.06,
2026-09-11T18:16:57.927626+00:00,200,435.07,
2026-09-11T18:16:49.254897+00:00,200,9114.69,
2026-09-11T18:16:36.187255+00:00,200,22212.68,
2026-09-11T18:16:57.297162+00:00,200,1108.71,
2026-09-11T18:16:42.526712+00:00,200,15910.05,
2026-09-11T18:16:50.950277+00:00,200,7491.07,
2026-09-11T18:16:53.997973+00:00,200,4446.57,
2026-09-11T18:16:46.539358+00:00,200,11932.83,
2026-09-11T18:16:26.459076+00:00,200,32030.62,
2026-09-11T18:16:48.484776+00:00,200,10024.39,
2026-09-11T18:16:49.355599+00:00,200,9175.69,
2026-09-11T18:16:33.396647+00:00,200,25148.49,
2026-09-11T18:16:48.693820+00:00,200,9865.21,
2026-09-11T18:16:52.393709+00:00,200,6186.06,
2026-09-11T18:16:54.449251+00:00,200,4136.85,
2026-09-11T18:16:36.403089+00:00,200,22189.21,
2026-09-11T18:16:48.245439+00:00,200,10354.32,
2026-09-11T18:16:52.580734+00:00,200,6027.56,
2026-09-11T18:16:36.587272+00:00,200,22054.55,
2026-09-11T18:16:34.087917+00:00,200,24564.95,
2026-09-11T18:16:20.707967+00:00,200,37992.32,
2026-09-11T18:16:47.525243+00:00,200,11176.78,
2026-09-11T18:16:43.550093+00:00,200,15176.96,
2026-09-11T18:16:57.011245+00:00,200,1721.74,
2026-09-11T18:16:56.090404+00:00,200,2645.56,
2026-09-11T18:16:51.598749+00:00,200,7148.48,
2026-09-11T18:16:40.291441+00:00,200,18462.75,
2026-09-11T18:16:40.154109+00:00,200,18601.78,
2026-09-11T18:16:49.694301+00:00,200,9063.99,
2026-09-11T18:16:33.068632+00:00,200,25704.62,
2026-09-11T18:16:48.046034+00:00,200,10731.6,
2026-09-11T18:16:26.058333+00:00,200,32756.5,
2026-09-11T18:16:34.318262+00:00,200,24501.99,
2026-09-11T18:16:53.316626+00:00,200,5506.19,
2026-09-11T18:16:44.571032+00:00,200,14255.96,
2026-09-11T18:16:33.437628+00:00,200,25409.6,
2026-09-11T18:16:58.579787+00:00,200,270.94,
2026-09-11T18:16:44.861322+00:00,200,14006.09,
2026-09-11T18:16:49.674452+00:00,200,9195.59,
2026-09-11T18:16:48.813216+00:00,200,10069.33,
2026-09-11T18:16:48.892938+00:00,200,10018.92,
2026-09-11T18:16:48.467708+00:00,200,10450.65,
2026-09-11T18:16:45.336713+00:00,200,13595.59,
2026-09-11T18:16:55.130190+00:00,200,3820.01,
2026-09-11T18:16:46.580164+00:00,200,12392.26,
2026-09-11T18:16:21.393872+00:00,200,37587.45,
2026-09-11T18:16:48.034754+00:00,200,10957.67,
2026-09-11T18:16:58.039071+00:00,200,959.34,
2026-09-11T18:16:40.048361+00:00,200,18957.75,
2026-09-11T18:16:55.853788+00:00,200,3165.56,
2026-09-11T18:16:27.895629+00:00,200,31137.41,
2026-09-11T18:16:57.189093+00:00,200,1846.45,
2026-09-11T18:16:42.397736+00:00,200,16640.15,
2026-09-11T18:16:41.450191+00:00,200,17591.91,
2026-09-11T18:16:54.793750+00:00,200,4268.81,
2026-09-11T18:16:49.081017+00:00,200,9995.64,
2026-09-11T18:16:46.079259+00:00,200,13004.25,
2026-09-11T18:16:34.017747+00:00,200,25073.23,
2026-09-11T18:16:37.403447+00:00,200,21690.72,
2026-09-11T18:16:55.485019+00:00,200,3677.18,
2026-09-11T18:16:44.273415+00:00,200,14902.58,
2026-09-11T18:16:35.795780+00:00,200,23384.42,
2026-09-11T18:16:49.548840+00:00,200,9644.29,
2026-09-11T18:16:30.797401+00:00,200,28426.12,
2026-09-11T18:16:59.033062+00:00,200,213.66,
2026-09-11T18:16:33.511276+00:00,200,25743.25,
2026-09-11T18:16:39.084299+00:00,200,20172.57,
2026-09-11T18:16:37.641474+00:00,200,21624.75,
2026-09-11T18:16:36.049952+00:00,200,23228.49,
2026-09-11T18:16:52.464300+00:00,200,6816.82,
2026-09-11T18:16:41.484912+00:00,200,17800.54,
2026-09-11T18:16:41.150970+00:00,200,18164.95,
2026-09-11T18:16:53.730694+00:00,200,5599.49,
2026-09-11T18:16:49.091726+00:00,200,10241.69,
2026-09-11T18:16:57.117960+00:00,200,2226.61,
2026-09-11T18:16:51.041048+00:00,200,8319.27,
2026-09-11T18:16:50.778142+00:00,200,8583.97,
2026-09-11T18:16:57.475037+00:00,200,1889.4,
2026-09-11T18:16:33.146253+00:00,200,26252.56,
2026-09-11T18:16:52.353307+00:00,200,7058.14,
2026-09-11T18:16:57.736245+00:00,200,1692.46,
2026-09-11T18:16:38.779675+00:00,200,20651.22,
2026-09-11T18:16:54.537239+00:00,200,4895.78,
2026-09-11T18:16:51.111971+00:00,200,8347.35,
2026-09-11T18:16:54.288770+00:00,200,5184.26,
2026-09-11T18:16:52.577159+00:00,200,6949.24,
2026-09-11T18:16:53.919209+00:00,200,5613.32,
2026-09-11T18:16:47.021346+00:00,200,12524.78,
2026-09-11T18:16:49.933803+00:00,200,9614.9,
2026-09-11T18:16:48.631956+00:00,200,10926.28,
2026-09-11T18:16:41.000956+00:00,200,18559.68,
2026-09-11T18:16:59.315929+00:00,200,268.15,
2026-09-11T18:16:57.550356+00:00,200,2064.22,
2026-09-11T18:16:55.461177+00:00,200,4181.35,
2026-09-11T18:16:48.961665+00:00,200,10694.38,
2026-09-11T18:16:43.386527+00:00,200,16282.09,
2026-09-11T18:16:54.930624+00:00,200,4750.91,
2026-09-11T18:16:35.759458+00:00,200,23934.36,
2026-09-11T18:16:59.459334+00:00,200,236.3,
2026-09-11T18:16:57.937658+00:00,200,1765.5,
2026-09-11T18:16:30.987216+00:00,200,28738.58,
2026-09-11T18:16:55.591626+00:00,200,4154.89,
2026-09-11T18:16:46.768594+00:00,200,12991.49,
2026-09-11T18:16:58.162818+00:00,200,1615.94,
2026-09-11T18:16:49.439224+00:00,200,10342.18,
2026-09-11T18:16:41.459294+00:00,200,18328.72,
2026-09-11T18:16:45.462517+00:00,200,14330.57,
2026-09-11T18:16:41.440693+00:00,200,18359.83,
2026-09-11T18:16:38.488705+00:00,200,21321.36,
2026-09-11T18:16:49.669079+00:00,200,10171.99,
2026-09-11T18:16:38.648732+00:00,200,21200.5,
2026-09-11T18:16:31.920942+00:00,200,27930.9,
2026-09-11T18:16:57.114959+00:00,200,2777.16,
2026-09-11T18:16:51.182543+00:00,200,8711.26,
2026-09-11T18:16:41.882424+00:00,200,18029.61,
2026-09-11T18:16:56.708658+00:00,200,3208.21,
2026-09-11T18:16:56.202329+00:00,200,3739.03,
2026-09-11T18:16:44.695381+00:00,200,15259.25,
2026-09-11T18:16:41.939541+00:00,200,18019.74,
2026-09-11T18:16:07.128242+00:00,200,52880.33,
2026-09-11T18:16:45.872652+00:00,200,14169.77,
2026-09-11T18:16:54.584726+00:00,200,5460.85,
2026-09-11T18:16:58.472201+00:00,200,1576.33,
2026-09-11T18:16:33.666901+00:00,200,26445.08,
2026-09-11T18:16:42.704779+00:00,200,17417.56,
2026-09-11T18:16:54.368889+00:00,200,5763.59,
2026-09-11T18:16:42.796338+00:00,200,17339.82,
2026-09-11T18:16:47.889559+00:00,200,12253.89,
2026-09-11T18:16:44.242963+00:00,200,15910.03,
2026-09-11T18:16:57.015285+00:00,200,3154.6,
2026-09-11T18:16:50.219354+00:00,200,9969.34,
2026-09-11T18:16:58.652883+00:00,200,1540.23,
2026-09-11T18:16:21.643572+00:00,200,38574.32,
2026-09-11T18:16:52.387783+00:00,200,7853.9,
2026-09-11T18:16:19.491220+00:00,200,40769.36,
2026-09-11T18:16:40.209844+00:00,200,20067.36,
2026-09-11T18:16:48.126105+00:00,200,12156.94,
2026-09-11T18:16:54.904786+00:00,200,5384.05,
2026-09-11T18:16:56.005610+00:00,200,4300.87,
2026-09-11T18:16:28.641628+00:00,200,31666.66,
2026-09-11T18:16:50.100081+00:00,200,10211.74,
2026-09-11T18:16:45.635652+00:00,200,14692.23,
2026-09-11T18:16:50.206838+00:00,200,10131.02,
2026-09-11T18:16:43.671440+00:00,200,16745.37,
2026-09-11T18:16:38.715634+00:00,200,21735.06,
2026-09-11T18:16:38.430727+00:00,200,22028.03,
2026-09-11T18:16:40.164194+00:00,200,20298.77,
2026-09-11T18:16:42.013310+00:00,200,18451.32,
2026-09-11T18:16:59.254537+00:00,200,1221.47,
2026-09-11T18:16:55.641348+00:00,200,4858.78,
2026-09-11T18:16:27.348111+00:00,200,33173.36,
2026-09-11T18:16:38.806000+00:00,200,21733.87,
2026-09-11T18:16:25.164068+00:00,200,35395.95,
2026-09-11T18:16:31.796146+00:00,200,28767.97,
2026-09-11T18:16:25.880483+00:00,200,34687.38,
2026-09-11T18:16:43.175613+00:00,200,17406.65,
2026-09-11T18:16:42.446090+00:00,200,18141.98,
2026-09-11T18:16:32.385238+00:00,200,28232.35,
2026-09-11T18:16:41.724908+00:00,200,18895.12,
2026-09-11T18:16:56.497831+00:00,200,4170.87,
2026-09-11T18:16:45.045187+00:00,200,15629.43,
2026-09-11T18:16:56.889569+00:00,200,3787.89,
2026-09-11T18:16:28.954958+00:00,200,31734.52,
2026-09-11T18:16:50.508124+00:00,200,10205.63,
2026-09-11T18:16:49.873143+00:00,200,10864.04,
2026-09-11T18:16:46.324530+00:00,200,14416.12,
2026-09-11T18:16:34.339716+00:00,200,26422.55,
2026-09-11T18:16:34.376844+00:00,200,26397.33,
2026-09-11T18:16:44.028049+00:00,200,16757.31,
2026-09-11T18:16:41.727303+00:00,200,19065.05,
2026-09-11T18:16:44.176398+00:00,200,16635.63,
2026-09-11T18:16:57.746074+00:00,200,3087.95,
2026-09-11T18:16:55.888512+00:00,200,4947.32,
2026-09-11T18:16:55.988113+00:00,200,4858.04,
2026-09-11T18:16:43.002777+00:00,200,17853.4,
2026-09-11T18:16:35.420561+00:00,200,25439.06,
2026-09-11T18:16:47.168367+00:00,200,13694.73,
2026-09-11T18:16:57.206306+00:00,200,3668.94,
2026-09-11T18:16:50.200455+00:00,200,10690.32,
2026-09-11T18:16:49.040801+00:00,200,11862.99,
2026-09-11T18:16:29.634296+00:00,200,31295.34,
2026-09-11T18:16:25.752118+00:00,200,35183.53,
2026-09-11T18:16:42.253619+00:00,200,18692.29,
2026-09-11T18:16:44.759586+00:00,200,16245.85,
2026-09-11T18:16:49.731172+00:00,200,11288.15,
2026-09-11T18:16:47.886046+00:00,200,13154.7,
2026-09-11T18:16:45.508882+00:00,200,15544.43,
2026-09-11T18:16:51.655537+00:00,200,9435.32,
2026-09-11T18:16:53.809471+00:00,200,7292.28,
2026-09-11T18:16:52.401844+00:00,200,8704.3,
2026-09-11T18:16:25.925683+00:00,200,35196.93,
2026-09-11T18:16:34.714093+00:00,200,26413.34,
2026-09-11T18:16:40.529283+00:00,200,20616.21,
2026-09-11T18:17:00.674626+00:00,200,487.26,
2026-09-11T18:16:42.565890+00:00,200,18610.93,
2026-09-11T18:16:42.131456+00:00,200,19047.69,
2026-09-11T18:16:25.236700+00:00,200,35978.28,
2026-09-11T18:16:36.505562+00:00,200,24712.57,
2026-09-11T18:16:55.356472+00:00,200,5870.53,
2026-09-11T18:16:46.568870+00:00,200,14666.6,
2026-09-11T18:16:24.820546+00:00,200,36433.25,
2026-09-11T18:16:56.395226+00:00,200,4868.0,
2026-09-11T18:16:49.920220+00:00,200,11358.15,
2026-09-11T18:16:53.652285+00:00,200,7630.21,
2026-09-11T18:16:58.608309+00:00,200,2688.43,
2026-09-11T18:16:45.400068+00:00,200,15906.07,
2026-09-11T18:16:55.627677+00:00,200,5688.33,
2026-09-11T18:16:54.465778+00:00,200,6873.36,
2026-09-11T18:16:47.408339+00:00,200,13938.88,
2026-09-11T18:16:49.857501+00:00,200,11525.21,
2026-09-11T18:16:30.640148+00:00,200,30756.15,
2026-09-11T18:16:53.851671+00:00,200,7553.02,
2026-09-11T18:16:32.988279+00:00,200,28419.02,
2026-09-11T18:16:54.840762+00:00,200,6574.37,
2026-09-11T18:16:53.041175+00:00,200,8384.15,
2026-09-11T18:16:29.490563+00:00,200,31937.98,
2026-09-11T18:17:00.677465+00:00,200,758.83,
2026-09-11T18:16:42.277335+00:00,200,19163.12,
2026-09-11T18:16:49.083172+00:00,200,12358.9,
2026-09-11T18:16:32.790094+00:00,200,28656.55,
2026-09-11T18:16:59.083512+00:00,200,2387.25,
2026-09-11T18:16:58.599766+00:00,200,2883.81,
2026-09-11T18:16:29.303486+00:00,200,32192.4,
2026-09-11T18:16:50.505884+00:00,200,11037.37,
2026-09-11T18:16:54.625591+00:00,200,6954.65,
2026-09-11T18:16:56.973412+00:00,200,4619.19,
2026-09-11T18:16:58.850741+00:00,200,2782.32,
2026-09-11T18:16:36.227063+00:00,200,25420.2,
2026-09-11T18:16:51.568328+00:00,200,10094.08,
2026-09-11T18:16:49.388200+00:00,200,12276.45,
2026-09-11T18:16:56.029935+00:00,200,5641.27,
2026-09-11T18:16:57.185245+00:00,200,4510.43,
2026-09-11T18:16:37.859457+00:00,200,23838.47,
2026-09-11T18:16:43.959554+00:00,200,17761.8,
2026-09-11T18:16:59.433027+00:00,200,2301.57,
2026-09-11T18:16:46.875745+00:00,200,14869.72,
2026-09-11T18:16:47.359739+00:00,200,14398.14,
2026-09-11T18:16:55.789392+00:00,200,5990.91,
2026-09-11T18:16:42.404986+00:00,200,19386.77,
2026-09-11T18:16:55.878530+00:00,200,5914.88,
2026-09-11T18:16:46.703709+00:00,200,15091.67,
2026-09-11T18:16:49.854680+00:00,200,11944.19,
2026-09-11T18:16:58.201198+00:00,200,3601.79,
2026-09-11T18:16:57.263366+00:00,200,4567.27,
2026-09-11T18:16:58.754194+00:00,200,3089.36,
2026-09-11T18:16:58.747239+00:00,200,3125.85,
2026-09-11T18:16:51.189730+00:00,200,10687.47,
2026-09-11T18:16:48.085946+00:00,200,13797.97,
2026-09-11T18:16:37.122833+00:00,200,24787.97,
2026-09-11T18:16:56.883828+00:00,200,5028.58,
2026-09-11T18:16:49.371340+00:00,200,12547.76,
2026-09-11T18:16:43.427212+00:00,200,18501.35,
2026-09-11T18:16:44.254601+00:00,200,17703.3,
2026-09-11T18:16:57.577300+00:00,200,4391.74,
2026-09-11T18:16:57.683333+00:00,200,4302.3,
2026-09-11T18:16:37.990544+00:00,200,23997.35,
2026-09-11T18:16:40.175129+00:00,200,21826.79,
2026-09-11T18:16:57.026137+00:00,200,5017.65,
2026-09-11T18:16:55.728372+00:00,200,6330.5,
2026-09-11T18:16:47.991742+00:00,200,14086.78,
2026-09-11T18:16:44.976471+00:00,200,17104.73,
2026-09-11T18:16:30.018825+00:00,200,32066.72,
2026-09-11T18:16:59.849250+00:00,200,2238.14,
2026-09-11T18:17:01.843565+00:00,200,252.02,
2026-09-11T18:16:36.897399+00:00,200,25220.69,
2026-09-11T18:16:50.735294+00:00,200,11390.73,
2026-09-11T18:16:48.894257+00:00,200,13237.81,
2026-09-11T18:16:49.307524+00:00,200,12855.51,
2026-09-11T18:16:57.641506+00:00,200,4546.92,
2026-09-11T18:16:39.995518+00:00,200,22226.63,
2026-09-11T18:16:29.973643+00:00,200,32254.08,
2026-09-11T18:16:49.006928+00:00,200,13230.1,
2026-09-11T18:16:25.544101+00:00,200,36718.05,
2026-09-11T18:16:47.040839+00:00,200,15224.12,
2026-09-11T18:16:52.778080+00:00,200,9494.9,
2026-09-11T18:16:30.387113+00:00,200,31891.13,
2026-09-11T18:16:54.833907+00:00,200,7479.18,
2026-09-11T18:16:59.841079+00:00,200,2483.77,
2026-09-11T18:16:49.485855+00:00,200,12855.72,
2026-09-11T18:16:53.208846+00:00,200,9178.4,
2026-09-11T18:16:30.344676+00:00,200,32058.6,
2026-09-11T18:17:02.222161+00:00,200,185.37,
2026-09-11T18:16:44.961151+00:00,200,17463.36,
2026-09-11T18:16:48.706507+00:00,200,13720.03,
2026-09-11T18:16:48.416624+00:00,200,14045.48,
2026-09-11T18:16:55.768134+00:00,200,6697.7,
2026-09-11T18:16:59.019364+00:00,200,3459.52,
2026-09-11T18:16:40.227842+00:00,200,22257.65,
2026-09-11T18:16:48.721369+00:00,200,13774.65,
2026-09-11T18:16:57.322488+00:00,200,5175.24,
2026-09-11T18:16:48.496479+00:00,200,14002.61,
2026-09-11T18:16:39.309865+00:00,200,23199.03,
2026-09-11T18:16:19.986107+00:00,200,42527.65,
2026-09-11T18:16:32.836694+00:00,200,29680.28,
2026-09-11T18:16:50.031694+00:00,200,12507.44,
2026-09-11T18:16:52.120797+00:00,200,10422.38,
2026-09-11T18:16:38.344629+00:00,200,24207.68,
2026-09-11T18:17:00.288841+00:00,200,2267.21,
2026-09-11T18:16:55.594127+00:00,200,6975.05,
2026-09-11T18:16:55.700470+00:00,200,6870.3,
2026-09-11T18:16:33.639558+00:00,200,28942.18,
2026-09-11T18:16:39.757477+00:00,200,22826.5,
2026-09-11T18:16:43.458579+00:00,200,19154.99,
2026-09-11T18:16:38.651257+00:00,200,23976.38,
2026-09-11T18:16:28.051991+00:00,200,34588.37,
2026-09-11T18:16:52.369593+00:00,200,10279.37,
2026-09-11T18:16:57.664101+00:00,200,4993.74,
2026-09-11T18:16:31.478820+00:00,200,31191.64,
2026-09-11T18:17:00.500140+00:00,200,2173.81,
2026-09-11T18:16:40.940343+00:00,200,21741.76,
2026-09-11T18:16:59.062571+00:00,200,3621.91,
2026-09-11T18:17:00.835840+00:00,200,1908.66,
2026-09-11T18:16:53.569721+00:00,200,9179.6,
2026-09-11T18:16:58.178340+00:00,200,4573.97,
2026-09-11T18:17:02.581757+00:00,200,172.27,
2026-09-11T18:16:48.009206+00:00,200,14748.01,
2026-09-11T18:16:44.377058+00:00,200,18391.18,
2026-09-11T18:16:44.367760+00:00,200,18405.51,
2026-09-11T18:16:33.203513+00:00,200,29571.07,
2026-09-11T18:16:36.588729+00:00,200,26231.36,
2026-09-11T18:16:58.509184+00:00,200,4318.52,
2026-09-11T18:16:50.151902+00:00,200,12685.65,
2026-09-11T18:16:37.951547+00:00,200,24890.79,
2026-09-11T18:16:55.494272+00:00,200,7349.67,
2026-09-11T18:17:02.313102+00:00,200,539.34,
2026-09-11T18:16:47.475390+00:00,200,15383.81,
2026-09-11T18:16:18.951141+00:00,200,43930.95,
2026-09-11T18:16:54.039258+00:00,200,8866.84,
2026-09-11T18:16:45.359485+00:00,200,17552.94,
2026-09-11T18:16:50.434557+00:00,200,12495.35,
2026-09-11T18:16:52.659287+00:00,200,10272.31,
2026-09-11T18:16:57.151719+00:00,200,5786.34,
2026-09-11T18:16:33.298379+00:00,200,29664.45,
2026-09-11T18:16:31.520204+00:00,200,31460.14,
2026-09-11T18:16:46.861543+00:00,200,16128.84,
2026-09-11T18:16:43.443161+00:00,200,19551.45,
2026-09-11T18:16:45.054060+00:00,200,17943.61,
2026-09-11T18:16:47.176418+00:00,200,15844.06,
2026-09-11T18:16:54.094452+00:00,200,8947.74,
2026-09-11T18:16:53.488690+00:00,200,9555.81,
2026-09-11T18:16:12.495802+00:00,200,50560.94,
2026-09-11T18:16:59.800528+00:00,200,3261.88,
2026-09-11T18:16:43.392470+00:00,200,19675.9,
2026-09-11T18:17:00.792359+00:00,200,2280.11,
2026-09-11T18:16:54.072944+00:00,200,9001.37,
2026-09-11T18:16:46.407013+00:00,200,16670.25,
2026-09-11T18:16:30.013402+00:00,200,33071.33,
2026-09-11T18:16:55.074789+00:00,200,8015.61,
2026-09-11T18:16:48.183757+00:00,200,14920.13,
2026-09-11T18:17:01.296756+00:00,200,1840.39,
2026-09-11T18:17:02.929915+00:00,200,223.83,
2026-09-11T18:16:58.592310+00:00,200,4563.6,
2026-09-11T18:16:48.487281+00:00,200,14700.15,
2026-09-11T18:17:02.990401+00:00,200,201.04,
2026-09-11T18:17:02.994627+00:00,200,200.94,
2026-09-11T18:16:38.944638+00:00,200,24271.17,
2026-09-11T18:16:39.421655+00:00,200,23822.89,
2026-09-11T18:16:58.918366+00:00,200,4327.48,
2026-09-11T18:16:57.873418+00:00,200,5373.78,
2026-09-11T18:16:57.953592+00:00,200,5294.9,
2026-09-11T18:16:47.882718+00:00,200,15367.07,
2026-09-11T18:16:46.277168+00:00,200,16973.96,
2026-09-11T18:16:53.684857+00:00,200,9567.64,
2026-09-11T18:16:37.161150+00:00,200,26092.7,
2026-09-11T18:16:56.616578+00:00,200,6654.43,
2026-09-11T18:16:52.995611+00:00,200,10279.49,
2026-09-11T18:16:35.176825+00:00,200,28110.92,
2026-09-11T18:16:57.755752+00:00,200,5535.37,
2026-09-11T18:16:50.630286+00:00,200,12697.46,
2026-09-11T18:16:30.235426+00:00,200,33096.94,
2026-09-11T18:16:45.245597+00:00,200,18088.4,
2026-09-11T18:16:53.025693+00:00,200,10336.49,
2026-09-11T18:16:56.044277+00:00,200,7323.15,
2026-09-11T18:16:35.028604+00:00,200,28355.42,
2026-09-11T18:17:01.316022+00:00,200,2080.19,
2026-09-11T18:16:46.929504+00:00,200,16471.31,
2026-09-11T18:16:37.842099+00:00,200,25584.11,
2026-09-11T18:16:30.622518+00:00,200,32806.81,
2026-09-11T18:16:43.430480+00:00,200,20009.35,
2026-09-11T18:16:39.457099+00:00,200,24004.26,
2026-09-11T18:16:27.053379+00:00,200,36411.81,
2026-09-11T18:16:48.747967+00:00,200,14750.72,
2026-09-11T18:17:03.244562+00:00,200,275.63,
2026-09-11T18:16:17.754946+00:00,200,45779.35,
2026-09-11T18:16:56.173767+00:00,200,7366.88,
2026-09-11T18:16:58.882645+00:00,200,4663.41,
2026-09-11T18:17:02.754034+00:00,200,793.69,
2026-09-11T18:16:56.768296+00:00,200,6781.84,
2026-09-11T18:16:51.607252+00:00,200,11944.66,
2026-09-11T18:16:56.641542+00:00,200,6914.1,
2026-09-11T18:16:44.819807+00:00,200,18778.12,
2026-09-11T18:16:44.549805+00:00,200,19090.89,
2026-09-11T18:16:38.514893+00:00,200,25142.19,
2026-09-11T18:16:34.116175+00:00,200,29548.57,
2026-09-11T18:16:25.809360+00:00,200,37861.65,
2026-09-11T18:17:01.780315+00:00,200,1894.43,
2026-09-11T18:17:01.721366+00:00,200,1955.65,
2026-09-11T18:16:35.595616+00:00,200,28100.67,
2026-09-11T18:16:32.585283+00:00,200,31119.78,
2026-09-11T18:16:57.392071+00:00,200,6316.68,
2026-09-11T18:16:57.465174+00:00,200,6281.09,
2026-09-11T18:16:49.497222+00:00,200,14255.62,
2026-09-11T18:17:00.762286+00:00,200,2996.52,
2026-09-11T18:17:00.188710+00:00,200,3575.13,
2026-09-11T18:16:56.388400+00:00,200,7378.03,
2026-09-11T18:17:03.252508+00:00,200,534.45,
2026-09-11T18:16:39.782326+00:00,200,24026.85,
2026-09-11T18:16:33.150472+00:00,200,30667.86,
2026-09-11T18:17:03.251135+00:00,200,585.73,
2026-09-11T18:16:55.906213+00:00,200,7943.25,
2026-09-11T18:16:47.492169+00:00,200,16370.1,
2026-09-11T18:17:00.582277+00:00,200,3294.13,
2026-09-11T18:17:01.543275+00:00,200,2334.61,
2026-09-11T18:16:51.223922+00:00,200,12665.02,
2026-09-11T18:16:50.194569+00:00,200,13743.82,
2026-09-11T18:17:03.763849+00:00,200,197.52,
2026-09-11T18:16:57.800435+00:00,200,6173.82,
2026-09-11T18:16:33.263157+00:00,200,30714.01,
2026-09-11T18:16:32.779062+00:00,200,31202.6,
2026-09-11T18:17:00.689490+00:00,200,3302.62,
2026-09-11T18:16:30.324779+00:00,200,33677.39,
2026-09-11T18:16:57.975647+00:00,200,6040.49,
2026-09-11T18:16:58.732997+00:00,200,5287.03,
2026-09-11T18:17:03.809193+00:00,200,229.56,
2026-09-11T18:16:23.317155+00:00,200,40727.88,
2026-09-11T18:16:57.416445+00:00,200,6649.76,
2026-09-11T18:16:47.709336+00:00,200,16364.29,
2026-09-11T18:16:37.873183+00:00,200,26242.08,
2026-09-11T18:16:49.484115+00:00,200,14655.78,
2026-09-11T18:17:00.283057+00:00,200,3859.93,
2026-09-11T18:16:34.836070+00:00,200,29318.52,
2026-09-11T18:16:33.473919+00:00,200,30683.69,
2026-09-11T18:16:41.481915+00:00,200,22682.61,
2026-09-11T18:16:54.305147+00:00,200,9875.99,
2026-09-11T18:16:56.050701+00:00,200,8197.8,
2026-09-11T18:16:46.970197+00:00,200,17290.31,
2026-09-11T18:16:42.298184+00:00,200,21963.88,
2026-09-11T18:16:58.344655+00:00,200,5927.14,
2026-09-11T18:16:58.847244+00:00,200,5442.3,
2026-09-11T18:16:58.758302+00:00,200,5532.74,
2026-09-11T18:16:55.151872+00:00,200,9141.85,
2026-09-11T18:16:30.923317+00:00,200,33376.5,
2026-09-11T18:16:57.097467+00:00,200,7207.84,
2026-09-11T18:16:52.411063+00:00,200,11934.97,
2026-09-11T18:16:41.910057+00:00,200,22446.48,
2026-09-11T18:16:42.711564+00:00,200,21651.41,
2026-09-11T18:17:01.282500+00:00,200,3091.34,
2026-09-11T18:17:02.324869+00:00,200,2050.57,
2026-09-11T18:16:59.362116+00:00,200,5024.63,
2026-09-11T18:16:56.480821+00:00,200,7907.6,
2026-09-11T18:17:04.115280+00:00,200,293.69,
2026-09-11T18:16:55.435527+00:00,200,8981.4,
2026-09-11T18:16:22.538033+00:00,200,41891.44,
2026-09-11T18:16:47.893032+00:00,200,16554.02,
2026-09-11T18:16:59.176012+00:00,200,5280.59,
2026-09-11T18:16:59.411455+00:00,200,5051.68,
2026-09-11T18:16:57.899273+00:00,200,6574.56,
2026-09-11T18:16:46.815381+00:00,200,17669.57,
2026-09-11T18:16:53.456404+00:00,200,11050.27,
2026-09-11T18:16:53.115646+00:00,200,11411.36,
2026-09-11T18:16:50.225841+00:00,200,14305.71,
2026-09-11T18:17:02.843946+00:00,200,1707.19,
2026-09-11T18:16:36.291871+00:00,200,28273.04,
2026-09-11T18:16:49.954105+00:00,200,14622.68,
2026-09-11T18:16:36.257929+00:00,200,28342.92,
2026-09-11T18:16:40.620877+00:00,200,23989.92,
2026-09-11T18:16:56.391181+00:00,200,8232.17,
2026-09-11T18:16:56.755157+00:00,200,7878.02,
2026-09-11T18:16:58.586109+00:00,200,6048.92,
2026-09-11T18:17:02.278255+00:00,200,2366.82,
2026-09-11T18:17:01.347228+00:00,200,3326.25,
2026-09-11T18:17:02.237047+00:00,200,2446.82,
2026-09-11T18:16:42.241435+00:00,200,22462.17,
2026-09-11T18:16:40.231819+00:00,200,24473.28,
2026-09-11T18:16:16.581807+00:00,200,48143.5,
2026-09-11T18:17:02.078540+00:00,200,2657.88,
2026-09-11T18:16:42.261596+00:00,200,22477.22,
2026-09-11T18:16:41.946023+00:00,200,22798.53,
2026-09-11T18:16:53.600369+00:00,200,11148.71,
2026-09-11T18:17:03.248499+00:00,200,1508.59,
2026-09-11T18:17:03.758820+00:00,200,1000.44,
2026-09-11T18:16:54.917256+00:00,200,9882.25,
2026-09-11T18:16:45.689656+00:00,200,19114.8,
2026-09-11T18:16:42.744196+00:00,200,22076.04,
2026-09-11T18:16:47.726770+00:00,200,17113.84,
2026-09-11T18:16:41.242765+00:00,200,23612.25,
2026-09-11T18:16:37.594072+00:00,200,27266.35,
2026-09-11T18:16:59.656056+00:00,200,5221.61,
2026-09-11T18:17:04.073644+00:00,200,831.89,
2026-09-11T18:16:38.268763+00:00,200,26642.4,
2026-09-11T18:16:50.039473+00:00,200,14876.54,
2026-09-11T18:17:04.673493+00:00,200,244.2,
2026-09-11T18:16:33.600672+00:00,200,31318.68,
2026-09-11T18:16:57.159715+00:00,200,7761.19,
2026-09-11T18:16:49.344856+00:00,200,15584.1,
2026-09-11T18:17:01.306150+00:00,200,3663.28,
2026-09-11T18:16:48.758634+00:00,200,16238.89,
2026-09-11T18:16:45.624037+00:00,200,19394.25,
2026-09-11T18:17:00.311829+00:00,200,4743.2,
2026-09-11T18:16:44.002583+00:00,200,21064.7,
2026-09-11T18:16:46.871586+00:00,200,18201.42,
2026-09-11T18:16:47.474125+00:00,200,17629.59,
2026-09-11T18:16:45.004721+00:00,200,20115.71,
2026-09-11T18:16:53.525677+00:00,200,11604.59,
2026-09-11T18:16:34.267189+00:00,200,30884.24,
2026-09-11T18:16:55.330412+00:00,200,9839.44,
2026-09-11T18:16:41.675869+00:00,200,23504.49,
2026-09-11T18:17:02.882112+00:00,200,2301.34,
2026-09-11T18:16:42.735733+00:00,200,22454.56,
2026-09-11T18:16:55.712027+00:00,200,9487.71,
2026-09-11T18:17:03.068389+00:00,200,2133.73,
2026-09-11T18:16:37.504466+00:00,200,27713.74,
2026-09-11T18:16:42.642718+00:00,200,22583.91,
2026-09-11T18:16:54.565448+00:00,200,10675.2,
2026-09-11T18:16:40.898793+00:00,200,24347.93,
2026-09-11T18:16:55.939481+00:00,200,9311.1,
2026-09-11T18:16:56.862637+00:00,200,8393.03,
2026-09-11T18:16:56.347629+00:00,200,8912.72,
2026-09-11T18:16:55.007484+00:00,200,10281.02,
2026-09-11T18:16:34.627937+00:00,200,30675.23,
2026-09-11T18:16:28.293221+00:00,200,37014.3,
2026-09-11T18:17:00.132493+00:00,200,5222.79,
2026-09-11T18:16:56.621607+00:00,200,8761.19,
2026-09-11T18:16:56.561704+00:00,200,8826.99,
2026-09-11T18:17:03.072483+00:00,200,2328.03,
2026-09-11T18:16:58.702033+00:00,200,6702.92,
2026-09-11T18:16:47.158408+00:00,200,18284.35,
2026-09-11T18:16:57.240614+00:00,200,8207.68,
2026-09-11T18:16:55.452961+00:00,200,10002.38,
2026-09-11T18:16:30.888756+00:00,200,34584.81,
2026-09-11T18:17:00.464634+00:00,200,5022.58,
2026-09-11T18:17:03.540655+00:00,200,1971.89,
2026-09-11T18:16:43.632972+00:00,200,21886.52,
2026-09-11T18:17:03.836881+00:00,200,1684.93,
2026-09-11T18:17:01.757890+00:00,200,3795.95,
2026-09-11T18:16:59.954635+00:00,200,5628.37,
2026-09-11T18:16:36.639501+00:00,200,28945.78,
2026-09-11T18:16:48.630304+00:00,200,16962.46,
2026-09-11T18:16:55.824366+00:00,200,9802.65,
2026-09-11T18:16:41.606424+00:00,200,24062.1,
2026-09-11T18:16:47.443508+00:00,200,18230.5,
2026-09-11T18:17:03.708726+00:00,200,1974.53,
2026-09-11T18:16:25.094879+00:00,200,40596.86,
2026-09-11T18:17:00.450704+00:00,200,5253.39,
2026-09-11T18:16:50.229272+00:00,200,15479.25,
2026-09-11T18:16:52.739745+00:00,200,12976.97,
2026-09-11T18:16:31.911749+00:00,200,33806.55,
2026-09-11T18:16:59.941377+00:00,200,5785.67,
2026-09-11T18:17:02.341596+00:00,200,3392.13,
2026-09-11T18:16:55.294047+00:00,200,10458.0,
2026-09-11T18:17:02.424527+00:00,200,3345.31,
2026-09-11T18:16:25.249624+00:00,200,40539.67,
2026-09-11T18:16:33.178775+00:00,200,32618.78,
2026-09-11T18:17:03.498705+00:00,200,2306.85,
2026-09-11T18:16:27.433096+00:00,200,38384.38,
2026-09-11T18:16:33.288493+00:00,200,32534.25,
2026-09-11T18:16:41.596434+00:00,200,24260.15,
2026-09-11T18:16:59.180209+00:00,200,6681.11,
2026-09-11T18:17:00.217905+00:00,200,5691.15,
2026-09-11T18:17:04.645079+00:00,200,1267.65,
2026-09-11T18:16:52.415563+00:00,200,13544.23,
2026-09-11T18:16:57.783135+00:00,200,8212.13,
2026-09-11T18:16:56.474897+00:00,200,9542.44,
2026-09-11T18:16:42.105068+00:00,200,23924.81,
2026-09-11T18:16:38.002143+00:00,200,28050.84,
2026-09-11T18:16:57.890598+00:00,200,8174.04,
2026-09-11T18:16:46.161843+00:00,200,19913.98,
2026-09-11T18:16:59.035553+00:00,200,7041.8,
2026-09-11T18:16:57.471376+00:00,200,8613.13,
2026-09-11T18:16:50.337600+00:00,200,15756.01,
2026-09-11T18:17:03.429337+00:00,200,2686.29,
2026-09-11T18:16:54.962885+00:00,200,11160.63,
2026-09-11T18:16:55.952327+00:00,200,10194.87,
2026-09-11T18:16:59.851852+00:00,200,6314.62,
2026-09-11T18:16:28.100044+00:00,200,38071.03,
2026-09-11T18:16:34.911405+00:00,200,31266.78,
2026-09-11T18:16:58.545147+00:00,200,7643.91,
2026-09-11T18:16:49.869660+00:00,200,16320.95,
2026-09-11T18:16:59.344578+00:00,200,6862.66,
2026-09-11T18:16:43.404257+00:00,200,22805.95,
2026-09-11T18:16:47.826923+00:00,200,18396.12,
2026-09-11T18:16:16.218006+00:00,200,50011.59,
2026-09-11T18:17:05.769848+00:00,200,481.51,
2026-09-11T18:16:50.141380+00:00,200,16121.96,
2026-09-11T18:16:24.175232+00:00,200,42093.19,
2026-09-11T18:16:45.897846+00:00,200,20376.78,
2026-09-11T18:17:05.226649+00:00,200,1051.09,
2026-09-11T18:16:40.645735+00:00,200,25649.78,
2026-09-11T18:17:01.214998+00:00,200,5103.44,
2026-09-11T18:16:59.560649+00:00,200,6781.03,
2026-09-11T18:16:28.366660+00:00,200,37996.12,
2026-09-11T18:16:50.601715+00:00,200,15784.44,
2026-09-11T18:17:00.740661+00:00,200,5653.36,
2026-09-11T18:16:56.944150+00:00,200,9456.08,
2026-09-11T18:16:54.966426+00:00,200,11457.85,
2026-09-11T18:16:56.629613+00:00,200,9815.95,
2026-09-11T18:16:37.108463+00:00,200,29352.3,
2026-09-11T18:16:27.322820+00:00,200,39140.13,
2026-09-11T18:16:28.990247+00:00,200,37498.46,
2026-09-11T18:16:58.318373+00:00,200,8209.9,
2026-09-11T18:16:56.491455+00:00,200,10041.15,
2026-09-11T18:16:38.166477+00:00,200,28375.96,
2026-09-11T18:16:58.911875+00:00,200,7635.02,
2026-09-11T18:16:57.122379+00:00,200,9446.06,
2026-09-11T18:16:57.794872+00:00,200,8795.32,
2026-09-11T18:17:05.190298+00:00,200,1402.48,
2026-09-11T18:16:46.431449+00:00,200,20179.01,
2026-09-11T18:16:55.831913+00:00,200,10780.23,
2026-09-11T18:17:05.240662+00:00,200,1414.16,
2026-09-11T18:16:45.984216+00:00,200,20678.25,
2026-09-11T18:17:04.456618+00:00,200,2218.73,
2026-09-11T18:16:12.542275+00:00,200,54135.57,
2026-09-11T18:16:56.327904+00:00,200,10358.58,
2026-09-11T18:16:33.428672+00:00,200,33260.27,
2026-09-11T18:16:37.548278+00:00,200,29167.65,
2026-09-11T18:17:05.912747+00:00,200,808.0,
2026-09-11T18:17:01.592610+00:00,200,5184.15,
2026-09-11T18:16:45.277159+00:00,200,21508.83,
2026-09-11T18:16:56.012532+00:00,200,10781.12,
2026-09-11T18:16:51.651026+00:00,200,15144.23,
2026-09-11T18:16:59.473043+00:00,200,7329.84,
2026-09-11T18:16:38.728376+00:00,200,28079.34,
2026-09-11T18:16:48.455669+00:00,200,18362.61,
2026-09-11T18:16:42.913216+00:00,200,23924.33,
2026-09-11T18:16:44.179807+00:00,200,22707.87,
2026-09-11T18:16:48.248131+00:00,200,18641.89,
2026-09-11T18:17:03.818342+00:00,200,3096.44,
2026-09-11T18:17:04.623371+00:00,200,2330.3,
2026-09-11T18:16:52.757621+00:00,200,14199.22,
2026-09-11T18:17:04.271803+00:00,200,2693.54,
2026-09-11T18:16:59.558253+00:00,200,7415.38,
2026-09-11T18:16:37.135149+00:00,200,29845.48,
2026-09-11T18:16:32.329021+00:00,200,34708.88,
2026-09-11T18:17:00.863108+00:00,200,6177.17,
2026-09-11T18:16:37.171137+00:00,200,29893.89,
2026-09-11T18:16:50.803234+00:00,200,16269.47,
2026-09-11T18:17:00.048542+00:00,200,7056.04,
2026-09-11T18:16:35.743954+00:00,200,31365.6,
2026-09-11T18:16:49.636538+00:00,200,17477.1,
2026-09-11T18:16:30.347123+00:00,200,36779.33,
2026-09-11T18:16:41.930928+00:00,200,25197.26,
2026-09-11T18:17:02.749327+00:00,200,4385.22,
2026-09-11T18:16:56.335062+00:00,200,10816.07,
2026-09-11T18:16:56.753251+00:00,200,10405.91,
2026-09-11T18:16:41.351979+00:00,200,25818.53,
2026-09-11T18:16:53.386100+00:00,200,13789.91,
2026-09-11T18:17:03.465206+00:00,200,3737.71,
2026-09-11T18:16:47.400955+00:00,200,19805.9,
2026-09-11T18:16:57.024804+00:00,200,10196.51,
2026-09-11T18:16:55.886619+00:00,200,11345.54,
2026-09-11T18:17:06.528287+00:00,200,708.26,
2026-09-11T18:16:49.186968+00:00,200,18059.56,
2026-09-11T18:16:53.861963+00:00,200,13393.15,
2026-09-11T18:17:04.506689+00:00,200,2773.58,
2026-09-11T18:17:04.911175+00:00,200,2404.62,
2026-09-11T18:17:03.103901+00:00,200,4214.62,
2026-09-11T18:16:57.147622+00:00,200,10230.12,
2026-09-11T18:17:00.462969+00:00,200,6920.5,
2026-09-11T18:17:00.476019+00:00,200,6921.4,
2026-09-11T18:17:07.170511+00:00,200,249.32,
2026-09-11T18:17:04.917700+00:00,200,2508.13,
2026-09-11T18:17:06.064652+00:00,200,1367.54,
2026-09-11T18:16:57.006777+00:00,200,10427.28,
2026-09-11T18:16:46.316298+00:00,200,21120.05,
2026-09-11T18:16:52.116695+00:00,200,15356.03,
2026-09-11T18:16:48.768137+00:00,200,18728.58,
2026-09-11T18:16:49.848975+00:00,200,17657.5,
2026-09-11T18:16:41.942822+00:00,200,25567.53,
2026-09-11T18:16:56.323662+00:00,200,11198.42,
2026-09-11T18:16:36.406900+00:00,200,31117.07,
2026-09-11T18:16:56.508228+00:00,200,11026.49,
2026-09-11T18:16:57.785587+00:00,200,9791.92,
2026-09-11T18:16:41.311601+00:00,200,26276.16,
2026-09-11T18:16:57.518812+00:00,200,10089.4,
2026-09-11T18:17:03.275106+00:00,200,4337.35,
2026-09-11T18:16:43.440946+00:00,200,24173.18,
2026-09-11T18:16:59.285464+00:00,200,8333.47,
2026-09-11T18:16:29.344766+00:00,200,38287.56,
2026-09-11T18:17:02.132087+00:00,200,5513.69,
2026-09-11T18:16:44.392573+00:00,200,23263.28,
2026-09-11T18:17:00.812035+00:00,200,6850.65,
2026-09-11T18:16:39.802550+00:00,200,27895.28,
2026-09-11T18:16:50.232597+00:00,200,17477.36,
2026-09-11T18:17:07.472739+00:00,200,253.06,
2026-09-11T18:17:02.465847+00:00,200,5262.38,
2026-09-11T18:16:55.982994+00:00,200,11756.31,
2026-09-11T18:17:02.912445+00:00,200,4829.42,
2026-09-11T18:16:42.963807+00:00,200,24804.85,
2026-09-11T18:17:02.744516+00:00,200,5030.46,
2026-09-11T18:16:51.919626+00:00,200,15901.9,
2026-09-11T18:16:58.972442+00:00,200,8851.09,
2026-09-11T18:16:47.144048+00:00,200,20690.03,
2026-09-11T18:17:07.587780+00:00,200,254.51,
2026-09-11T18:17:03.334005+00:00,200,4531.04,
2026-09-11T18:16:42.911810+00:00,200,24955.13,
2026-09-11T18:16:21.137741+00:00,200,46735.12,
2026-09-11T18:16:53.197193+00:00,200,14678.94,
2026-09-11T18:16:48.730567+00:00,200,19148.06,
2026-09-11T18:17:01.647270+00:00,200,6245.19,
2026-09-11T18:17:02.043802+00:00,200,5870.89,
2026-09-11T18:16:57.169880+00:00,200,10762.8,
2026-09-11T18:17:01.580255+00:00,200,6357.83,
2026-09-11T18:16:39.621881+00:00,200,28330.29,
2026-09-11T18:16:55.779974+00:00,200,12193.09,
2026-09-11T18:16:54.627993+00:00,200,13364.16,
2026-09-11T18:16:53.607078+00:00,200,14390.64,
2026-09-11T18:16:45.405626+00:00,200,22602.37,
2026-09-11T18:16:44.637544+00:00,200,23383.87,
2026-09-11T18:16:43.947452+00:00,200,24075.64,
2026-09-11T18:16:58.870058+00:00,200,9163.33,
2026-09-11T18:16:41.051384+00:00,200,26993.91,
2026-09-11T18:17:03.888951+00:00,200,4171.19,
2026-09-11T18:16:35.145149+00:00,200,32940.57,
2026-09-11T18:16:37.747135+00:00,200,30366.69,
2026-09-11T18:16:35.961225+00:00,200,32154.37,
2026-09-11T18:17:06.720756+00:00,200,1407.06,
2026-09-11T18:16:35.515324+00:00,200,32616.71,
2026-09-11T18:16:42.142688+00:00,200,25999.47,
2026-09-11T18:17:01.745475+00:00,200,6398.34,
2026-09-11T18:16:48.864709+00:00,200,19293.66,
2026-09-11T18:16:35.097472+00:00,200,33066.73,
2026-09-11T18:16:49.074095+00:00,200,19135.62,
2026-09-11T18:16:57.057479+00:00,200,11158.23,
2026-09-11T18:17:02.407542+00:00,200,5819.34,
2026-09-11T18:16:59.810074+00:00,200,8421.62,
2026-09-11T18:16:44.204485+00:00,200,24031.26,
2026-09-11T18:17:00.875259+00:00,200,7366.28,
2026-09-11T18:16:41.349632+00:00,200,26918.14,
2026-09-11T18:17:00.785372+00:00,200,7489.17,
2026-09-11T18:17:02.126034+00:00,200,6153.29,
2026-09-11T18:16:22.399976+00:00,200,45928.17,
2026-09-11T18:16:55.299897+00:00,200,13037.14,
2026-09-11T18:16:17.205830+00:00,200,51140.68,
2026-09-11T18:17:05.448301+00:00,200,2909.76,
2026-09-11T18:17:03.215828+00:00,200,5157.46,
2026-09-11T18:16:56.680106+00:00,200,11719.46,
2026-09-11T18:16:53.125470+00:00,200,15275.42,
2026-09-11T18:16:53.308197+00:00,200,15099.41,
2026-09-11T18:16:11.801273+00:00,200,56629.73,
2026-09-11T18:16:48.802341+00:00,200,19635.0,
2026-09-11T18:16:45.657173+00:00,200,22785.4,
2026-09-11T18:16:49.514068+00:00,200,18931.81,
2026-09-11T18:16:50.577310+00:00,200,17871.09,
2026-09-11T18:17:08.209752+00:00,200,245.23,
2026-09-11T18:16:22.095077+00:00,200,46363.9,
2026-09-11T18:17:08.274554+00:00,200,195.25,
2026-09-11T18:17:01.145503+00:00,200,7345.92,
2026-09-11T18:17:01.382739+00:00,200,7151.28,
2026-09-11T18:16:44.698363+00:00,200,23863.32,
2026-09-11T18:17:01.671210+00:00,200,6892.95,
2026-09-11T18:17:05.822754+00:00,200,2743.83,
2026-09-11T18:16:57.302441+00:00,200,11270.85,
2026-09-11T18:17:01.919112+00:00,200,6661.11,
2026-09-11T18:17:01.090878+00:00,200,7498.13,
2026-09-11T18:17:06.362793+00:00,200,2228.64,
2026-09-11T18:16:24.014756+00:00,200,44581.23,
2026-09-11T18:17:07.109561+00:00,200,1491.03,
2026-09-11T18:16:43.432081+00:00,200,25171.48,
2026-09-11T18:17:01.425337+00:00,200,7217.93,
2026-09-11T18:16:54.325303+00:00,200,14319.75,
2026-09-11T18:17:04.262072+00:00,200,4398.71,
2026-09-11T18:16:56.314080+00:00,200,12350.63,
2026-09-11T18:16:50.258607+00:00,200,18413.79,
2026-09-11T18:16:58.950223+00:00,200,9729.0,
2026-09-11T18:16:58.247103+00:00,200,10461.32,
2026-09-11T18:17:05.585288+00:00,200,3138.77,
2026-09-11T18:17:02.962854+00:00,200,5772.48,
2026-09-11T18:16:48.159414+00:00,200,20589.62,
2026-09-11T18:16:51.424446+00:00,200,17344.84,
2026-09-11T18:17:03.062419+00:00,200,5732.01,
2026-09-11T18:16:20.329729+00:00,200,48477.92,
2026-09-11T18:16:55.540688+00:00,200,13277.05,
2026-09-11T18:17:07.728238+00:00,200,1098.13,
2026-09-11T18:17:05.151452+00:00,200,3679.9,
2026-09-11T18:17:03.020497+00:00,200,5819.06,
2026-09-11T18:16:48.896253+00:00,200,19945.09,
2026-09-11T18:17:06.166486+00:00,200,2687.75,
2026-09-11T18:16:28.161964+00:00,200,40693.67,
2026-09-11T18:16:46.757010+00:00,200,22106.8,
2026-09-11T18:16:50.330142+00:00,200,18550.27,
2026-09-11T18:17:00.111998+00:00,200,8790.94,
2026-09-11T18:16:55.104645+00:00,200,13800.76,
2026-09-11T18:17:08.431015+00:00,200,500.05,
2026-09-11T18:16:56.337361+00:00,200,12614.52,
2026-09-11T18:17:02.095592+00:00,200,6858.95,
2026-09-11T18:16:43.693009+00:00,200,25265.78,
2026-09-11T18:17:08.794455+00:00,200,168.65,
2026-09-11T18:16:37.919495+00:00,200,31050.89,
2026-09-11T18:16:45.017698+00:00,200,23959.44,
2026-09-11T18:16:42.619667+00:00,200,26359.01,
2026-09-11T18:17:00.945921+00:00,200,8034.08,
2026-09-11T18:17:02.478899+00:00,200,6531.9,
2026-09-11T18:17:01.795390+00:00,200,7235.86,
2026-09-11T18:16:49.421969+00:00,200,19618.6,
2026-09-11T18:17:07.774984+00:00,200,1282.46,
2026-09-11T18:16:48.815894+00:00,200,20255.28,
2026-09-11T18:17:08.231700+00:00,200,844.98,
2026-09-11T18:16:56.702876+00:00,200,12377.98,
2026-09-11T18:16:28.673256+00:00,200,40409.61,
2026-09-11T18:17:07.255126+00:00,200,1832.72,
2026-09-11T18:16:56.343981+00:00,200,12747.65,
2026-09-11T18:17:07.425844+00:00,200,1672.91,
2026-09-11T18:16:54.735802+00:00,200,14365.72,
2026-09-11T18:16:59.781416+00:00,200,9327.38,
2026-09-11T18:16:36.949454+00:00,200,32172.34,
2026-09-11T18:16:57.317959+00:00,200,11811.34,
2026-09-11T18:16:30.280659+00:00,200,38879.63,
2026-09-11T18:17:03.974270+00:00,200,5197.85,
2026-09-11T18:16:45.700489+00:00,200,23485.13,
2026-09-11T18:16:58.755895+00:00,200,10436.64,
2026-09-11T18:17:04.905546+00:00,200,4297.2,
2026-09-11T18:17:09.010813+00:00,200,200.57,
2026-09-11T18:16:41.887142+00:00,200,27342.04,
2026-09-11T18:16:24.234121+00:00,200,45006.01,
2026-09-11T18:17:01.734615+00:00,200,7507.23,
2026-09-11T18:16:42.790501+00:00,200,26476.43,
2026-09-11T18:17:07.823540+00:00,200,1448.33,
2026-09-11T18:17:02.462112+00:00,200,6820.51,
2026-09-11T18:17:03.671024+00:00,200,5632.09,
2026-09-11T18:17:04.473852+00:00,200,4842.58,
2026-09-11T18:16:51.954599+00:00,200,17369.2,
2026-09-11T18:17:07.151142+00:00,200,2174.09,
2026-09-11T18:16:43.054277+00:00,200,26281.38,
2026-09-11T18:16:58.727073+00:00,200,10613.53,
2026-09-11T18:16:44.371502+00:00,200,24977.09,
2026-09-11T18:16:38.294054+00:00,200,31066.77,
2026-09-11T18:16:48.365668+00:00,200,21022.58,
2026-09-11T18:16:52.263592+00:00,200,17127.25,
2026-09-11T18:16:56.264056+00:00,200,13137.45,
2026-09-11T18:17:09.240145+00:00,200,190.95,
2026-09-11T18:17:08.023101+00:00,200,1412.98,
2026-09-11T18:17:06.980642+00:00,200,2476.78,
2026-09-11T18:17:09.241860+00:00,200,249.49,
2026-09-11T18:16:45.217023+00:00,200,24286.49,
2026-09-11T18:17:03.247206+00:00,200,6267.31,
2026-09-11T18:17:09.303128+00:00,200,213.36,
2026-09-11T18:16:42.817567+00:00,200,26710.79,
2026-09-11T18:16:48.583182+00:00,200,20949.45,
2026-09-11T18:16:40.200502+00:00,200,29366.34,
2026-09-11T18:17:00.008595+00:00,200,9581.8,
2026-09-11T18:16:46.376611+00:00,200,23241.47,
2026-09-11T18:16:25.575042+00:00,200,44052.22,
2026-09-11T18:17:03.677026+00:00,200,5959.39,
2026-09-11T18:16:31.904554+00:00,200,37733.72,
2026-09-11T18:16:47.171739+00:00,200,22469.67,
2026-09-11T18:17:07.973079+00:00,200,1674.93,
2026-09-11T18:16:36.063523+00:00,200,33593.62,
2026-09-11T18:17:05.169872+00:00,200,4497.46,
2026-09-11T18:16:55.189811+00:00,200,14479.53,
2026-09-11T18:16:28.657585+00:00,200,41020.22,
2026-09-11T18:16:46.550742+00:00,200,23136.93,
2026-09-11T18:17:09.491369+00:00,200,214.19,
2026-09-11T18:16:45.759062+00:00,200,23966.51,
2026-09-11T18:16:57.768497+00:00,200,11965.75,
2026-09-11T18:16:31.541893+00:00,200,38198.62,
2026-09-11T18:16:46.865137+00:00,200,22879.15,
2026-09-11T18:16:49.403853+00:00,200,20343.73,
2026-09-11T18:16:25.658195+00:00,200,44116.8,
2026-09-11T18:16:59.162217+00:00,200,10615.45,
2026-09-11T18:16:41.952613+00:00,200,27834.45,
2026-09-11T18:17:09.566862+00:00,200,223.8,
2026-09-11T18:17:03.746281+00:00,200,6049.17,
2026-09-11T18:17:02.118102+00:00,200,7689.89,
2026-09-11T18:17:01.436307+00:00,200,8402.62,
2026-09-11T18:16:36.285152+00:00,200,33567.01,
2026-09-11T18:16:21.388916+00:00,200,48490.81,
2026-09-11T18:16:45.428807+00:00,200,24454.31,
2026-09-11T18:16:56.377679+00:00,200,13507.98,
2026-09-11T18:16:56.369814+00:00,200,13520.34,
2026-09-11T18:17:04.997542+00:00,200,4906.19,
2026-09-11T18:16:37.979653+00:00,200,31926.19,
2026-09-11T18:17:01.101772+00:00,200,8809.02,
2026-09-11T18:16:42.342775+00:00,200,27586.67,
2026-09-11T18:16:41.102457+00:00,200,28842.46,
2026-09-11T18:16:48.294246+00:00,200,21687.03,
2026-09-11T18:17:06.424294+00:00,200,3561.22,
2026-09-11T18:17:07.221324+00:00,200,2768.79,
2026-09-11T18:17:08.226892+00:00,200,1792.68,
2026-09-11T18:16:45.228520+00:00,200,24792.61,
2026-09-11T18:16:28.951839+00:00,200,41078.76,
2026-09-11T18:17:04.928958+00:00,200,5138.19,
2026-09-11T18:16:41.270475+00:00,200,28799.16,
2026-09-11T18:16:57.601148+00:00,200,12479.42,
2026-09-11T18:16:59.364451+00:00,200,10722.37,
2026-09-11T18:17:01.106158+00:00,200,9000.61,
2026-09-11T18:17:03.766440+00:00,200,6348.22,
2026-09-11T18:17:03.992115+00:00,200,6140.89,
2026-09-11T18:17:03.547734+00:00,200,6587.58,
2026-09-11T18:16:50.239236+00:00,200,19905.64,
2026-09-11T18:16:52.207711+00:00,200,17943.54,
2026-09-11T18:16:53.127492+00:00,200,17036.68,
2026-09-11T18:16:55.063838+00:00,200,15120.95,
2026-09-11T18:16:52.441538+00:00,200,17745.68,
2026-09-11T18:16:46.434582+00:00,200,23759.97,
2026-09-11T18:17:02.485506+00:00,200,7710.32,
2026-09-11T18:17:03.550140+00:00,200,6659.35,
2026-09-11T18:16:49.569493+00:00,200,20645.23,
2026-09-11T18:16:55.738137+00:00,200,14482.46,
2026-09-11T18:17:05.674026+00:00,200,4549.29,
2026-09-11T18:17:02.569192+00:00,200,7668.96,
2026-09-11T18:16:33.570131+00:00,200,36677.0,
2026-09-11T18:17:01.396306+00:00,200,8871.54,
2026-09-11T18:17:09.091639+00:00,200,1183.5,
2026-09-11T18:16:32.808114+00:00,200,37468.4,
2026-09-11T18:16:50.465280+00:00,200,19836.48,
2026-09-11T18:16:55.314574+00:00,200,14992.37,
2026-09-11T18:17:08.045301+00:00,200,2288.37,
2026-09-11T18:17:10.184805+00:00,200,169.86,
2026-09-11T18:16:47.304393+00:00,200,23063.44,
2026-09-11T18:16:34.427825+00:00,200,35942.66,
2026-09-11T18:17:04.066215+00:00,200,6321.07,
2026-09-11T18:16:47.419827+00:00,200,22981.55,
2026-09-11T18:16:46.611924+00:00,200,23795.33,
2026-09-11T18:17:04.447069+00:00,200,5966.77,
2026-09-11T18:17:07.040283+00:00,200,3378.09,
2026-09-11T18:16:56.196596+00:00,200,14228.44,
2026-09-11T18:16:32.050501+00:00,200,38381.28,
2026-09-11T18:17:04.408988+00:00,200,6031.24,
2026-09-11T18:16:23.061901+00:00,200,47382.81,
2026-09-11T18:16:35.695001+00:00,200,34750.88,
2026-09-11T18:16:47.411670+00:00,200,23035.66,
2026-09-11T18:16:59.746530+00:00,200,10706.67,
2026-09-11T18:17:08.132043+00:00,200,2332.46,
2026-09-11T18:16:47.211531+00:00,200,23254.34,
2026-09-11T18:17:08.142276+00:00,200,2341.3,
2026-09-11T18:16:49.845804+00:00,200,20640.66,
2026-09-11T18:16:51.308266+00:00,200,19186.41,
2026-09-11T18:16:45.807837+00:00,200,24688.25,
2026-09-11T18:17:00.539887+00:00,200,9961.77,
2026-09-11T18:16:39.366554+00:00,200,31160.96,
2026-09-11T18:17:09.266951+00:00,200,1270.65,
2026-09-11T18:17:04.725320+00:00,200,5824.57,
2026-09-11T18:17:00.136169+00:00,200,10423.03,
2026-09-11T18:17:03.786973+00:00,200,6793.3,
2026-09-11T18:16:55.998589+00:00,200,14587.53,
2026-09-11T18:17:02.556065+00:00,200,8038.58,
2026-09-11T18:16:22.892151+00:00,200,47728.58,
2026-09-11T18:17:04.744561+00:00,200,5891.65,
2026-09-11T18:16:56.500049+00:00,200,14142.6,
2026-09-11T18:17:02.906113+00:00,200,7738.56,
2026-09-11T18:16:42.660421+00:00,200,27986.49,
2026-09-11T18:17:07.697883+00:00,200,2980.51,
2026-09-11T18:16:27.955237+00:00,200,42754.83,
2026-09-11T18:16:38.857594+00:00,200,31854.7,
2026-09-11T18:17:05.199744+00:00,200,5524.61,
2026-09-11T18:16:49.489417+00:00,200,21249.53,
2026-09-11T18:17:05.404958+00:00,200,5359.71,
2026-09-11T18:17:07.496739+00:00,200,3270.2,
2026-09-11T18:16:35.328915+00:00,200,35451.41,
2026-09-11T18:17:05.909079+00:00,200,4880.96,
2026-09-11T18:17:04.855028+00:00,200,5947.65,
2026-09-11T18:17:10.620754+00:00,200,214.27,
2026-09-11T18:16:58.197577+00:00,200,12653.97,
2026-09-11T18:16:36.959099+00:00,200,33894.02,
2026-09-11T18:16:48.170569+00:00,200,22692.1,
2026-09-11T18:16:41.274024+00:00,200,29610.72,
2026-09-11T18:17:02.497738+00:00,200,8389.22,
2026-09-11T18:16:57.554654+00:00,200,13342.66,
2026-09-11T18:17:05.487226+00:00,200,5424.85,
2026-09-11T18:16:59.725802+00:00,200,11190.81,
2026-09-11T18:16:16.984376+00:00,200,53940.2,
2026-09-11T18:17:10.712303+00:00,200,214.52,
2026-09-11T18:16:59.959289+00:00,200,10972.3,
2026-09-11T18:16:37.131877+00:00,200,33803.49,
2026-09-11T18:17:05.691742+00:00,200,5251.19,
2026-09-11T18:17:07.992170+00:00,200,2980.64,
2026-09-11T18:17:05.303189+00:00,200,5679.85,
2026-09-11T18:16:30.208974+00:00,200,40785.36,
2026-09-11T18:17:00.042444+00:00,200,10957.04,
2026-09-11T18:16:51.804316+00:00,200,19200.94,
2026-09-11T18:16:40.534879+00:00,200,30488.1,
2026-09-11T18:17:07.419853+00:00,200,3613.81,
2026-09-11T18:17:08.328167+00:00,200,2709.73,
2026-09-11T18:16:51.941602+00:00,200,19100.82,
2026-09-11T18:16:38.707655+00:00,200,32352.74,
2026-09-11T18:17:10.884764+00:00,200,182.9,
2026-09-11T18:16:58.134389+00:00,200,12950.14,
2026-09-11T18:16:45.349328+00:00,200,25736.81,
2026-09-11T18:17:00.521480+00:00,200,10597.04,
2026-09-11T18:17:05.583019+00:00,200,5540.24,
2026-09-11T18:16:58.441361+00:00,200,12685.49,
2026-09-11T18:16:57.608366+00:00,200,13521.24,
2026-09-11T18:16:42.600032+00:00,200,28542.62,
2026-09-11T18:16:42.205942+00:00,200,28939.2,
2026-09-11T18:17:02.773281+00:00,200,8374.86,
2026-09-11T18:17:07.709972+00:00,200,3448.2,
2026-09-11T18:16:45.388037+00:00,200,25787.97,
2026-09-11T18:16:25.852008+00:00,200,45348.42,
2026-09-11T18:16:49.505353+00:00,200,21712.9,
2026-09-11T18:17:06.029886+00:00,200,5200.33,
2026-09-11T18:17:06.318450+00:00,200,4914.33,
2026-09-11T18:17:04.260525+00:00,200,6973.74,
2026-09-11T18:17:06.953685+00:00,200,4297.92,
2026-09-11T18:17:01.253807+00:00,200,10013.44,
2026-09-11T18:16:43.456732+00:00,200,27813.35,
2026-09-11T18:16:59.430903+00:00,200,11845.5,
2026-09-11T18:17:09.436098+00:00,200,1845.79,
2026-09-11T18:17:05.442773+00:00,200,5842.57,
2026-09-11T18:16:58.285223+00:00,200,13018.74,
2026-09-11T18:17:08.564167+00:00,200,2743.7,
2026-09-11T18:17:07.618943+00:00,200,3709.69,
2026-09-11T18:17:07.834090+00:00,200,3502.08,
2026-09-11T18:16:53.775681+00:00,200,17570.81,
2026-09-11T18:16:10.204829+00:00,200,61160.72,
2026-09-11T18:17:01.278372+00:00,200,10089.45,
2026-09-11T18:16:57.049178+00:00,200,14328.48,
2026-09-11T18:16:34.962893+00:00,200,36441.77,
2026-09-11T18:17:06.677850+00:00,200,4728.59,
2026-09-11T18:16:56.929041+00:00,200,14487.74,
2026-09-11T18:16:39.771449+00:00,200,31654.4,
2026-09-11T18:16:39.762229+00:00,200,31675.04,
2026-09-11T18:17:04.916021+00:00,200,6525.57,
2026-09-11T18:17:06.190618+00:00,200,5253.11,
2026-09-11T18:17:07.997730+00:00,200,3487.25,
2026-09-11T18:16:57.941620+00:00,200,13547.87,
2026-09-11T18:17:00.564132+00:00,200,10935.36,
2026-09-11T18:17:03.187452+00:00,200,8323.05,
2026-09-11T18:16:42.149012+00:00,200,29364.39,
2026-09-11T18:17:03.056756+00:00,200,8458.99,
2026-09-11T18:16:50.326345+00:00,200,21191.77,
2026-09-11T18:17:05.752065+00:00,200,5799.75,
2026-09-11T18:16:58.081988+00:00,200,13475.36,
2026-09-11T18:16:31.597889+00:00,200,39962.59,
2026-09-11T18:16:46.724542+00:00,200,24858.16,
2026-09-11T18:17:00.143461+00:00,200,11445.68,
2026-09-11T18:17:06.546907+00:00,200,5046.37,
2026-09-11T18:17:06.890030+00:00,200,4725.51,
2026-09-11T18:16:35.046130+00:00,200,36603.25,
2026-09-11T18:17:05.288519+00:00,200,6369.62,
2026-09-11T18:16:57.469625+00:00,200,14201.97,
2026-09-11T18:16:42.787985+00:00,200,28889.87,
2026-09-11T18:16:26.024857+00:00,200,45654.54,
2026-09-11T18:16:43.826599+00:00,200,27877.1,
2026-09-11T18:16:47.666666+00:00,200,24055.83,
2026-09-11T18:16:35.484823+00:00,200,36248.37,
2026-09-11T18:16:35.778624+00:00,200,35966.86,
2026-09-11T18:16:31.854723+00:00,200,39896.06,
2026-09-11T18:17:09.740528+00:00,200,2023.33,
2026-09-11T18:16:59.006123+00:00,200,12759.43,
2026-09-11T18:16:51.929528+00:00,200,19843.31,
2026-09-11T18:17:07.577524+00:00,200,4208.56,
2026-09-11T18:16:58.142810+00:00,200,13646.14,
2026-09-11T18:16:56.065402+00:00,200,15730.44,
2026-09-11T18:16:55.744233+00:00,200,16088.22,
2026-09-11T18:17:09.890161+00:00,200,1951.83,
2026-09-11T18:17:07.436353+00:00,200,4432.91,
2026-09-11T18:16:55.397032+00:00,200,16479.35,
2026-09-11T18:16:20.870977+00:00,200,51011.73,
2026-09-11T18:16:56.591929+00:00,200,15294.16,
2026-09-11T18:17:09.040585+00:00,200,2857.35,
2026-09-11T18:17:09.687686+00:00,200,2235.44,
2026-09-11T18:17:01.404705+00:00,200,10522.49,
2026-09-11T18:17:11.763876+00:00,200,178.81,
2026-09-11T18:16:56.114795+00:00,200,15834.4,
2026-09-11T18:16:48.071911+00:00,200,23881.3,
2026-09-11T18:16:33.100830+00:00,200,38855.17,
2026-09-11T18:16:44.384130+00:00,200,27579.14,
2026-09-11T18:17:05.512561+00:00,200,6476.11,
2026-09-11T18:16:48.153476+00:00,200,23846.62,
2026-09-11T18:16:46.743147+00:00,200,25269.14,
2026-09-11T18:17:08.235747+00:00,200,3803.14,
2026-09-11T18:17:08.603569+00:00,200,3436.79,
2026-09-11T18:17:06.612152+00:00,200,5435.64,
2026-09-11T18:16:48.219415+00:00,200,23836.39,
2026-09-11T18:16:41.920301+00:00,200,30143.65,
2026-09-11T18:16:45.212659+00:00,200,26867.63,
2026-09-11T18:17:03.396221+00:00,200,8687.58,
2026-09-11T18:17:05.521815+00:00,200,6568.89,
2026-09-11T18:17:08.863827+00:00,200,3228.59,
2026-09-11T18:16:57.332919+00:00,200,14766.22,
2026-09-11T18:17:06.223052+00:00,200,5877.75,
2026-09-11T18:16:58.981342+00:00,200,13123.12,
2026-09-11T18:17:09.340611+00:00,200,2837.26,
2026-09-11T18:16:43.666615+00:00,200,28517.98,
2026-09-11T18:16:42.569612+00:00,200,29616.95,
2026-09-11T18:16:57.009473+00:00,200,15203.69,
2026-09-11T18:16:37.692510+00:00,200,34533.8,
2026-09-11T18:17:04.375439+00:00,200,7858.16,
2026-09-11T18:16:43.084045+00:00,200,29162.11,
2026-09-11T18:16:46.244582+00:00,200,26006.64,
2026-09-11T18:16:40.627703+00:00,200,31628.75,
2026-09-11T18:17:12.040368+00:00,200,221.64,
2026-09-11T18:16:56.997768+00:00,200,15282.86,
2026-09-11T18:17:01.019346+00:00,200,11263.54,
2026-09-11T18:17:05.861326+00:00,200,6437.63,
2026-09-11T18:17:08.113840+00:00,200,4186.88,
2026-09-11T18:17:05.255684+00:00,200,7062.27,
2026-09-11T18:16:32.784821+00:00,200,39569.33,
2026-09-11T18:16:40.503356+00:00,200,31866.52,
2026-09-11T18:17:11.988678+00:00,200,386.45,
2026-09-11T18:17:02.085551+00:00,200,10293.67,
2026-09-11T18:16:31.544511+00:00,200,40845.71,
2026-09-11T18:17:00.929647+00:00,200,11470.18,
2026-09-11T18:17:08.573315+00:00,200,3828.22,
2026-09-11T18:17:05.400518+00:00,200,7031.25,
2026-09-11T18:16:46.986805+00:00,200,25469.24,
2026-09-11T18:17:09.202755+00:00,200,3265.81,
2026-09-11T18:17:10.333684+00:00,200,2144.06,
2026-09-11T18:16:23.038630+00:00,200,49447.28,
2026-09-11T18:17:10.370495+00:00,200,2117.5,
2026-09-11T18:17:11.593305+00:00,200,896.12,
2026-09-11T18:16:45.500847+00:00,200,27013.15,
2026-09-11T18:17:11.067682+00:00,200,1448.06,
2026-09-11T18:17:07.866945+00:00,200,4682.17,
2026-09-11T18:16:58.531313+00:00,200,14021.69,
2026-09-11T18:17:12.354173+00:00,200,204.65,
2026-09-11T18:16:35.139935+00:00,200,37450.14,
2026-09-11T18:17:04.860430+00:00,200,7731.49,
2026-09-11T18:16:57.945985+00:00,200,14648.76,
2026-09-11T18:16:57.581408+00:00,200,15019.31,
2026-09-11T18:16:59.668628+00:00,200,12936.35,
2026-09-11T18:16:25.826831+00:00,200,46798.45,
2026-09-11T18:17:12.468586+00:00,200,172.98,
2026-09-11T18:17:01.873111+00:00,200,10795.24,
2026-09-11T18:17:01.802991+00:00,200,10884.14,
2026-09-11T18:16:56.400169+00:00,200,16298.3,
2026-09-11T18:16:49.290473+00:00,200,23409.66,
2026-09-11T18:16:57.355745+00:00,200,15368.31,
2026-09-11T18:16:53.853825+00:00,200,18872.66,
2026-09-11T18:16:43.917655+00:00,200,28813.71,
2026-09-11T18:17:08.645068+00:00,200,4091.14,
2026-09-11T18:17:04.293727+00:00,200,8447.89,
2026-09-11T18:16:40.515316+00:00,200,32227.88,
2026-09-11T18:16:28.466931+00:00,200,44298.55,
2026-09-11T18:17:07.876138+00:00,200,4900.05,
2026-09-11T18:16:13.900498+00:00,200,58895.7,
2026-09-11T18:17:11.234267+00:00,200,1593.59,
2026-09-11T18:17:04.683876+00:00,200,8147.41,
2026-09-11T18:16:56.280813+00:00,200,16552.56,
2026-09-11T18:16:35.034888+00:00,200,37839.83,
2026-09-11T18:16:58.360646+00:00,200,14518.19,
2026-09-11T18:17:04.528130+00:00,200,8352.01,
2026-09-11T18:17:02.774594+00:00,200,10108.73,
2026-09-11T18:16:54.224297+00:00,200,18670.31,
2026-09-11T18:16:41.465075+00:00,200,31436.08,
2026-09-11T18:16:58.369592+00:00,200,14533.86,
2026-09-11T18:16:37.741080+00:00,200,35169.94,
2026-09-11T18:17:08.534039+00:00,200,4381.35,
2026-09-11T18:17:10.209503+00:00,200,2713.83,
2026-09-11T18:16:52.652270+00:00,200,20286.58,
2026-09-11T18:16:55.791500+00:00,200,17149.65,
2026-09-11T18:17:09.879746+00:00,200,3076.79,
2026-09-11T18:16:45.413193+00:00,200,27578.99,
2026-09-11T18:16:44.795532+00:00,200,28198.13,
2026-09-11T18:16:32.360638+00:00,200,40642.52,
2026-09-11T18:16:29.833697+00:00,200,43174.03,
2026-09-11T18:17:09.852185+00:00,200,3167.41,
2026-09-11T18:17:03.077268+00:00,200,9945.35,
2026-09-11T18:17:03.195578+00:00,200,9832.7,
2026-09-11T18:17:03.555643+00:00,200,9482.49,
2026-09-11T18:16:58.399957+00:00,200,14646.98,
2026-09-11T18:16:41.238767+00:00,200,31810.08,
2026-09-11T18:16:50.661938+00:00,200,22422.66,
2026-09-11T18:16:56.582498+00:00,200,16526.21,
2026-09-11T18:16:57.964992+00:00,200,15146.9,
2026-09-11T18:17:10.580286+00:00,200,2537.26,
2026-09-11T18:17:11.842016+00:00,200,1291.07,
2026-09-11T18:17:03.876417+00:00,200,9270.79,
2026-09-11T18:16:42.658251+00:00,200,30510.6,
2026-09-11T18:16:59.076667+00:00,200,14114.67,
2026-09-11T18:16:50.165034+00:00,200,23029.37,
2026-09-11T18:17:10.306958+00:00,200,2904.3,
2026-09-11T18:17:03.674749+00:00,200,9538.58,
2026-09-11T18:17:09.192550+00:00,200,4036.5,
2026-09-11T18:16:53.349234+00:00,200,19882.12,
2026-09-11T18:17:10.912090+00:00,200,2340.3,
2026-09-11T18:17:11.733206+00:00,200,1520.79,
2026-09-11T18:17:07.614134+00:00,200,5649.84,
2026-09-11T18:16:54.958637+00:00,200,18310.29,
2026-09-11T18:16:31.894041+00:00,200,41380.38,
2026-09-11T18:16:40.795643+00:00,200,32495.76,
2026-09-11T18:17:12.878807+00:00,200,423.85,
2026-09-11T18:16:32.275830+00:00,200,41049.97,
2026-09-11T18:16:49.785869+00:00,200,23544.95,
2026-09-11T18:16:35.626647+00:00,200,37710.21,
2026-09-11T18:17:08.931076+00:00,200,4408.14,
2026-09-11T18:17:03.384031+00:00,200,9962.74,
2026-09-11T18:16:41.896231+00:00,200,31459.87,
2026-09-11T18:16:48.332239+00:00,200,25028.67,
2026-09-11T18:16:16.381864+00:00,200,56983.61,
2026-09-11T18:16:54.884588+00:00,200,18497.84,
2026-09-11T18:16:57.887482+00:00,200,15500.95,
2026-09-11T18:16:58.298113+00:00,200,15124.66,
2026-09-11T18:16:55.647048+00:00,200,17803.34,
2026-09-11T18:16:54.692327+00:00,200,18759.96,
2026-09-11T18:16:54.446712+00:00,200,19014.0,
2026-09-11T18:17:11.582720+00:00,200,1886.44,
2026-09-11T18:17:08.437354+00:00,200,5034.9,
2026-09-11T18:16:26.480706+00:00,200,46995.35,
2026-09-11T18:17:08.831359+00:00,200,4647.98,
2026-09-11T18:17:00.277215+00:00,200,13209.93,
2026-09-11T18:17:06.093622+00:00,200,7404.44,
2026-09-11T18:17:09.229202+00:00,200,4281.11,
2026-09-11T18:17:12.993670+00:00,200,548.24,
2026-09-11T18:17:09.669346+00:00,200,3874.18,
2026-09-11T18:17:04.020038+00:00,200,9530.05,
2026-09-11T18:17:11.425855+00:00,200,2135.83,
2026-09-11T18:16:37.756372+00:00,200,35807.57,
2026-09-11T18:17:01.798874+00:00,200,11785.73,
2026-09-11T18:16:43.208929+00:00,200,30378.39,
2026-09-11T18:17:10.447335+00:00,200,3157.96,
2026-09-11T18:17:00.337865+00:00,200,13278.35,
2026-09-11T18:17:11.230237+00:00,200,2389.68,
2026-09-11T18:17:06.592781+00:00,200,7035.69,
2026-09-11T18:16:49.157094+00:00,200,24475.07,
2026-09-11T18:16:45.130743+00:00,200,28503.05,
2026-09-11T18:16:58.436785+00:00,200,15211.42,
2026-09-11T18:16:22.743842+00:00,200,50931.15,
2026-09-11T18:17:02.516986+00:00,200,11190.1,
2026-09-11T18:17:01.407310+00:00,200,12325.79,
2026-09-11T18:16:23.332005+00:00,200,50416.11,
2026-09-11T18:16:16.603478+00:00,200,57158.69,
2026-09-11T18:17:04.181145+00:00,200,9583.26,
2026-09-11T18:16:32.606148+00:00,200,41159.9,
2026-09-11T18:16:30.142248+00:00,200,43634.69,
2026-09-11T18:17:09.838945+00:00,200,3943.24,
2026-09-11T18:16:56.440390+00:00,200,17350.57,
2026-09-11T18:16:50.674124+00:00,200,23122.17,
2026-09-11T18:16:51.532785+00:00,200,22285.91,
2026-09-11T18:16:44.476530+00:00,200,29389.42,
2026-09-11T18:17:08.021425+00:00,200,5859.47,
2026-09-11T18:16:42.082169+00:00,200,31811.23,
2026-09-11T18:17:07.315814+00:00,200,6590.98,
2026-09-11T18:16:34.222457+00:00,200,39685.8,
2026-09-11T18:17:10.069644+00:00,200,3842.28,
2026-09-11T18:16:40.094447+00:00,200,33820.04,
2026-09-11T18:17:06.084513+00:00,200,7837.2,
2026-09-11T18:16:46.139056+00:00,200,27798.77,
2026-09-11T18:17:00.774185+00:00,200,13173.66,
2026-09-11T18:17:11.437282+00:00,200,2513.36,
2026-09-11T18:17:13.007738+00:00,200,951.19,
2026-09-11T18:17:13.450407+00:00,200,530.31,
2026-09-11T18:17:02.938069+00:00,200,11046.15,
2026-09-11T18:16:49.417915+00:00,200,24568.43,
2026-09-11T18:17:07.612465+00:00,200,6379.02,
2026-09-11T18:16:46.085024+00:00,200,27909.77,
2026-09-11T18:16:48.520322+00:00,200,25493.54,
2026-09-11T18:17:11.703717+00:00,200,2325.45,
2026-09-11T18:17:07.383482+00:00,200,6663.22,
2026-09-11T18:17:02.613590+00:00,200,11436.97,
2026-09-11T18:16:54.637150+00:00,200,19417.92,
2026-09-11T18:17:08.337049+00:00,200,5729.8,
2026-09-11T18:17:07.952186+00:00,200,6126.44,
2026-09-11T18:16:57.761771+00:00,200,16363.52,
2026-09-11T18:17:06.956848+00:00,200,7178.4,
2026-09-11T18:17:13.947855+00:00,200,195.26,
2026-09-11T18:17:03.137177+00:00,200,11042.15,
2026-09-11T18:17:08.469817+00:00,200,5714.61,
2026-09-11T18:16:52.894568+00:00,200,21297.51,
2026-09-11T18:16:38.654554+00:00,200,35552.65,
2026-09-11T18:17:02.513764+00:00,200,11701.54,
2026-09-11T18:16:57.276967+00:00,200,16954.85,
2026-09-11T18:17:03.977179+00:00,200,10259.39,
2026-09-11T18:16:18.617703+00:00,200,55631.27,
2026-09-11T18:17:13.325818+00:00,200,927.85,
2026-09-11T18:17:07.159162+00:00,200,7112.16,
2026-09-11T18:16:56.858221+00:00,200,17431.95,
2026-09-11T18:16:43.119744+00:00,200,31183.66,
2026-09-11T18:16:41.335783+00:00,200,32972.37,
2026-09-11T18:17:04.346053+00:00,200,9967.12,
2026-09-11T18:16:48.026407+00:00,200,26315.37,
2026-09-11T18:16:23.891135+00:00,200,50457.69,
2026-09-11T18:16:51.690355+00:00,200,22660.9,
2026-09-11T18:17:08.905421+00:00,200,5452.12,
2026-09-11T18:17:14.184447+00:00,200,192.5,
2026-09-11T18:17:05.055047+00:00,200,9330.08,
2026-09-11T18:16:45.009657+00:00,200,29387.8,
2026-09-11T18:16:58.814850+00:00,200,15620.44,
2026-09-11T18:16:43.043856+00:00,200,31393.65,
2026-09-11T18:17:04.759262+00:00,200,9680.83,
2026-09-11T18:17:10.537609+00:00,200,3904.75,
2026-09-11T18:16:48.988032+00:00,200,25466.18,
2026-09-11T18:17:08.807659+00:00,200,5660.76,
2026-09-11T18:17:10.486474+00:00,200,4002.85,
2026-09-11T18:17:06.400242+00:00,200,8110.11,
2026-09-11T18:16:15.762328+00:00,200,58750.21,
2026-09-11T18:17:10.431792+00:00,200,4099.29,
2026-09-11T18:17:10.030614+00:00,200,4513.33,
2026-09-11T18:16:53.915028+00:00,200,20633.92,
2026-09-11T18:16:44.845220+00:00,200,29708.83,
2026-09-11T18:17:13.541922+00:00,200,1023.86,
2026-09-11T18:17:03.332387+00:00,200,11239.78,
2026-09-11T18:17:13.111904+00:00,200,1463.68,
2026-09-11T18:16:34.007144+00:00,200,40569.95,
2026-09-11T18:17:04.373843+00:00,200,10240.65,
2026-09-11T18:17:12.894622+00:00,200,1731.51,
2026-09-11T18:16:52.383868+00:00,200,22280.52,
2026-09-11T18:16:58.232471+00:00,200,16442.46,
2026-09-11T18:17:02.757221+00:00,200,11930.53,
2026-09-11T18:17:09.981290+00:00,200,4720.11,
2026-09-11T18:16:19.180239+00:00,200,55547.3,
2026-09-11T18:16:56.684371+00:00,200,18095.65,
2026-09-11T18:17:14.614514+00:00,200,176.21,
2026-09-11T18:17:10.407268+00:00,200,4385.01,
2026-09-11T18:17:13.302673+00:00,200,1502.39,
2026-09-11T18:17:11.042426+00:00,200,3765.33,
2026-09-11T18:17:13.382440+00:00,200,1432.57,
2026-09-11T18:17:09.516496+00:00,200,5306.09,
2026-09-11T18:16:48.643254+00:00,200,26183.0,
2026-09-11T18:17:12.300729+00:00,200,2531.18,
2026-09-11T18:17:00.416842+00:00,200,14424.05,
2026-09-11T18:17:09.431113+00:00,200,5422.7,
2026-09-11T18:16:59.584109+00:00,200,15277.22,
2026-09-11T18:16:43.436292+00:00,200,31430.09,
2026-09-11T18:17:14.674935+00:00,200,205.08,
2026-09-11T18:17:01.695683+00:00,200,13187.97,
2026-09-11T18:16:57.001722+00:00,200,17895.43,
2026-09-11T18:16:32.090763+00:00,200,42809.36,
2026-09-11T18:16:42.121079+00:00,200,32785.44,
2026-09-11T18:17:03.367440+00:00,200,11540.63,
2026-09-11T18:17:11.336178+00:00,200,3583.63,
2026-09-11T18:17:04.757092+00:00,200,10181.95,
2026-09-11T18:16:30.145780+00:00,200,44800.35,
2026-09-11T18:16:48.471468+00:00,200,26482.69,
2026-09-11T18:17:05.817482+00:00,200,9143.68,
2026-09-11T18:17:05.553851+00:00,200,9448.4,
2026-09-11T18:16:55.292029+00:00,200,19714.65,
2026-09-11T18:17:09.657154+00:00,200,5352.58,
2026-09-11T18:17:13.019600+00:00,200,1998.91,
2026-09-11T18:17:08.267777+00:00,200,6772.92,
2026-09-11T18:16:47.774887+00:00,200,27269.73,
2026-09-11T18:16:27.540694+00:00,200,47507.92,
2026-09-11T18:16:37.802636+00:00,200,37269.5,
2026-09-11T18:17:09.885666+00:00,200,5221.38,
2026-09-11T18:17:07.768669+00:00,200,7347.3,
2026-09-11T18:17:09.071179+00:00,200,6046.25,
2026-09-11T18:16:25.411122+00:00,200,49709.09,
2026-09-11T18:17:03.849478+00:00,200,11289.04,
2026-09-11T18:17:11.876391+00:00,200,3276.59,
2026-09-11T18:17:05.120438+00:00,200,10034.57,
2026-09-11T18:17:13.707105+00:00,200,1449.26,
2026-09-11T18:17:13.254008+00:00,200,1903.72,
2026-09-11T18:17:12.901165+00:00,200,2291.67,
2026-09-11T18:17:04.804463+00:00,200,10403.72,
2026-09-11T18:17:08.595988+00:00,200,6618.32,
2026-09-11T18:16:49.346381+00:00,200,25873.84,
2026-09-11T18:17:08.854240+00:00,200,6370.92,
2026-09-11T18:16:58.827007+00:00,200,16407.41,
2026-09-11T18:17:09.638282+00:00,200,5612.62,
2026-09-11T18:17:04.551152+00:00,200,10706.82,
2026-09-11T18:16:42.802144+00:00,200,32462.59,
2026-09-11T18:17:14.780038+00:00,200,501.17,
2026-09-11T18:16:43.543241+00:00,200,31743.72,
2026-09-11T18:16:50.235898+00:00,200,25053.89,
2026-09-11T18:17:03.439837+00:00,200,11854.71,
2026-09-11T18:16:55.868171+00:00,200,19436.8,
2026-09-11T18:17:07.072711+00:00,200,8251.36,
2026-09-11T18:16:36.401800+00:00,200,38941.35,
2026-09-11T18:17:12.923336+00:00,200,2431.22,
2026-09-11T18:17:10.021139+00:00,200,5342.17,
2026-09-11T18:16:28.296660+00:00,200,47069.46,
2026-09-11T18:17:02.163045+00:00,200,13220.62,
2026-09-11T18:17:01.440462+00:00,200,13953.73,
2026-09-11T18:16:35.193607+00:00,200,40221.65,
2026-09-11T18:17:10.223318+00:00,200,5194.57,
2026-09-11T18:16:58.932325+00:00,200,16490.64,
2026-09-11T18:17:04.840625+00:00,200,10601.05,
2026-09-11T18:17:02.648976+00:00,200,12799.64,
2026-09-11T18:17:11.086146+00:00,200,4366.31,
2026-09-11T18:17:14.215313+00:00,200,1254.59,
2026-09-11T18:17:14.687762+00:00,200,787.49,
2026-09-11T18:16:59.912047+00:00,200,15585.4,
2026-09-11T18:16:25.906028+00:00,200,49599.87,
2026-09-11T18:17:04.633190+00:00,200,10883.49,
2026-09-11T18:17:09.618098+00:00,200,5900.59,
2026-09-11T18:16:55.966359+00:00,200,19554.4,
2026-09-11T18:17:08.589014+00:00,200,6952.06,
2026-09-11T18:16:26.759558+00:00,200,48783.2,
2026-09-11T18:16:43.454818+00:00,200,32089.21,
2026-09-11T18:16:38.667659+00:00,200,36880.02,
2026-09-11T18:17:03.044511+00:00,200,12504.56,
2026-09-11T18:16:56.891587+00:00,200,18662.61,
2026-09-11T18:16:50.609421+00:00,200,24961.05,
2026-09-11T18:17:11.270096+00:00,200,4306.97,
2026-09-11T18:16:41.884520+00:00,200,33709.26,
2026-09-11T18:17:12.600731+00:00,200,2998.28,
2026-09-11T18:16:47.868163+00:00,200,27741.09,
2026-09-11T18:17:15.448624+00:00,200,164.98,
2026-09-11T18:17:06.123526+00:00,200,9494.35,
2026-09-11T18:17:15.469916+00:00,200,161.29,
2026-09-11T18:16:31.979185+00:00,200,43680.6,
2026-09-11T18:17:05.218219+00:00,200,10455.12,
2026-09-11T18:17:02.827717+00:00,200,12858.76,
2026-09-11T18:16:56.175373+00:00,200,19525.02,
2026-09-11T18:16:49.056032+00:00,200,26645.98,
2026-09-11T18:17:06.460779+00:00,200,9245.64,
2026-09-11T18:16:22.123863+00:00,200,53599.26,
2026-09-11T18:16:43.638391+00:00,200,32097.37,
2026-09-11T18:16:41.702529+00:00,200,34039.74,
2026-09-11T18:17:02.387264+00:00,200,13361.9,
2026-09-11T18:16:57.141642+00:00,200,18649.09,
2026-09-11T18:16:55.011227+00:00,200,20784.06,
2026-09-11T18:16:37.105709+00:00,200,38726.94,
2026-09-11T18:16:56.602662+00:00,200,19234.75,
2026-09-11T18:16:41.054989+00:00,200,34791.2,
2026-09-11T18:16:53.536929+00:00,200,22324.77,
2026-09-11T18:17:12.911030+00:00,200,2954.21,
2026-09-11T18:17:05.260362+00:00,200,10608.45,
2026-09-11T18:16:50.213077+00:00,200,25667.45,
2026-09-11T18:17:15.659795+00:00,200,223.09,
2026-09-11T18:17:02.426542+00:00,200,13473.93,
2026-09-11T18:16:55.846072+00:00,200,20065.9,
2026-09-11T18:17:15.570485+00:00,200,362.5,
2026-09-11T18:16:19.611161+00:00,200,56335.32,
2026-09-11T18:17:11.513408+00:00,200,4449.44,
2026-09-11T18:17:15.192852+00:00,200,775.17,
2026-09-11T18:17:06.786009+00:00,200,9200.43,
2026-09-11T18:17:12.698492+00:00,200,3290.2,
2026-09-11T18:17:04.362979+00:00,200,11627.5,
2026-09-11T18:16:43.628477+00:00,200,32376.06,
2026-09-11T18:16:49.045495+00:00,200,26972.83,
2026-09-11T18:16:45.889638+00:00,200,30130.02,
2026-09-11T18:17:13.818712+00:00,200,2204.76,
2026-09-11T18:16:29.791023+00:00,200,46233.7,
2026-09-11T18:17:09.101526+00:00,200,6938.5,
2026-09-11T18:17:06.793661+00:00,200,9253.94,
2026-09-11T18:17:09.734266+00:00,200,6321.87,
2026-09-11T18:17:08.724079+00:00,200,7346.28,
2026-09-11T18:16:21.625138+00:00,200,54452.11,
2026-09-11T18:17:06.610475+00:00,200,9468.84,
2026-09-11T18:16:59.256875+00:00,200,16837.43,
2026-09-11T18:17:15.932997+00:00,200,162.69,
2026-09-11T18:17:11.832467+00:00,200,4277.5,
2026-09-11T18:17:08.841351+00:00,200,7281.74,
2026-09-11T18:17:14.946142+00:00,200,1192.04,
2026-09-11T18:16:59.360338+00:00,200,16783.04,
2026-09-11T18:16:59.042106+00:00,200,17104.44,
2026-09-11T18:16:16.448445+00:00,200,59707.14,
2026-09-11T18:17:13.619928+00:00,200,2555.17,
2026-09-11T18:17:04.635034+00:00,200,11548.57,
2026-09-11T18:17:12.431792+00:00,200,3764.96,
2026-09-11T18:17:11.365568+00:00,200,4840.99,
2026-09-11T18:16:58.773263+00:00,200,17443.35,
2026-09-11T18:17:05.708534+00:00,200,10517.02,
2026-09-11T18:17:12.590091+00:00,200,3638.59,
2026-09-11T18:16:53.288628+00:00,200,22954.52,
2026-09-11T18:17:15.048621+00:00,200,1195.99,
2026-09-11T18:17:14.050570+00:00,200,2195.62,
2026-09-11T18:17:00.327893+00:00,200,15920.48,
2026-09-11T18:16:14.831803+00:00,200,61433.89,
2026-09-11T18:16:37.725018+00:00,200,38547.09,
2026-09-11T18:17:16.138200+00:00,200,154.34,
2026-09-11T18:17:01.005454+00:00,200,15315.35,
2026-09-11T18:17:10.387297+00:00,200,5935.02,
2026-09-11T18:16:56.979818+00:00,200,19345.44,
2026-09-11T18:17:11.722514+00:00,200,4630.97,
2026-09-11T18:17:12.317967+00:00,200,4047.9,
2026-09-11T18:16:46.715140+00:00,200,29656.31,
2026-09-11T18:17:13.356111+00:00,200,3020.76,
2026-09-11T18:17:04.736435+00:00,200,11646.0,
2026-09-11T18:17:07.126461+00:00,200,9258.01,
2026-09-11T18:17:12.213170+00:00,200,4178.05,
2026-09-11T18:17:02.768244+00:00,200,13639.01,
2026-09-11T18:16:56.456256+00:00,200,19960.48,
2026-09-11T18:17:10.790049+00:00,200,5630.23,
2026-09-11T18:17:15.208203+00:00,200,1215.65,
2026-09-11T18:17:10.401391+00:00,200,6047.67,
2026-09-11T18:16:39.729969+00:00,200,36722.24,
2026-09-11T18:17:11.060413+00:00,200,5393.86,
2026-09-11T18:17:14.351265+00:00,200,2105.52,
2026-09-11T18:16:25.138844+00:00,200,51333.2,
2026-09-11T18:17:08.445889+00:00,200,8037.66,
2026-09-11T18:16:43.082691+00:00,200,33411.35,
2026-09-11T18:16:43.540802+00:00,200,32969.08,
2026-09-11T18:17:16.353496+00:00,200,169.72,
2026-09-11T18:16:42.010274+00:00,200,34563.72,
2026-09-11T18:16:58.083771+00:00,200,18501.31,
2026-09-11T18:17:10.453205+00:00,200,6154.69,
2026-09-11T18:17:02.842339+00:00,200,13767.92,
2026-09-11T18:17:03.961385+00:00,200,12678.47,
2026-09-11T18:17:09.082934+00:00,200,7570.94,
2026-09-11T18:16:55.589762+00:00,200,21076.33,
2026-09-11T18:17:03.705084+00:00,200,12965.25,
2026-09-11T18:16:45.102616+00:00,200,31572.24,
2026-09-11T18:16:47.622167+00:00,200,29072.13,
2026-09-11T18:16:54.648753+00:00,200,22058.72,
2026-09-11T18:17:09.944927+00:00,200,6765.64,
2026-09-11T18:16:59.193140+00:00,200,17525.82,
2026-09-11T18:16:57.986120+00:00,200,18741.02,
2026-09-11T18:16:57.901715+00:00,200,18826.75,
2026-09-11T18:17:05.733740+00:00,200,11001.29,
2026-09-11T18:17:12.390228+00:00,200,4356.19,
2026-09-11T18:17:13.268933+00:00,200,3488.92,
2026-09-11T18:17:12.038907+00:00,200,4720.77,
2026-09-11T18:16:53.988869+00:00,200,22776.83,
2026-09-11T18:17:00.588079+00:00,200,16179.64,
2026-09-11T18:17:16.094319+00:00,200,678.97,
2026-09-11T18:16:43.884986+00:00,200,32903.44,
2026-09-11T18:17:06.189063+00:00,200,10611.02,
2026-09-11T18:16:38.957663+00:00,200,37879.0,
2026-09-11T18:16:57.372008+00:00,200,19466.2,
2026-09-11T18:16:54.570279+00:00,200,22279.35,
2026-09-11T18:17:10.559214+00:00,200,6303.22,
2026-09-11T18:17:09.323814+00:00,200,7544.1,
2026-09-11T18:17:16.292568+00:00,200,596.68,
2026-09-11T18:17:14.906524+00:00,200,1988.43,
2026-09-11T18:16:42.374428+00:00,200,34527.17,
2026-09-11T18:16:32.854143+00:00,200,44059.85,
2026-09-11T18:16:42.058299+00:00,200,34894.48,
2026-09-11T18:16:50.188725+00:00,200,26772.57,
2026-09-11T18:17:13.733121+00:00,200,3263.1,
2026-09-11T18:17:12.063958+00:00,200,4946.57,
2026-09-11T18:17:04.045049+00:00,200,12972.43,
2026-09-11T18:16:49.586783+00:00,200,27436.66,
2026-09-11T18:17:03.752858+00:00,200,13275.66,
2026-09-11T18:16:37.336886+00:00,200,39697.4,
2026-09-11T18:16:52.729278+00:00,200,24311.52,
2026-09-11T18:17:08.458988+00:00,200,8584.29,
2026-09-11T18:16:31.568674+00:00,200,45477.98,
2026-09-11T18:16:42.420835+00:00,200,34627.16,
2026-09-11T18:16:36.748899+00:00,200,40315.62,
2026-09-11T18:16:45.432294+00:00,200,31641.34,
2026-09-11T18:16:43.407165+00:00,200,33670.25,
2026-09-11T18:17:08.580231+00:00,200,8519.9,
2026-09-11T18:16:38.855885+00:00,200,38250.72,
2026-09-11T18:17:08.491439+00:00,200,8620.51,
2026-09-11T18:17:16.077264+00:00,200,1043.49,
2026-09-11T18:17:01.176838+00:00,200,15949.81,
2026-09-11T18:17:02.543192+00:00,200,14592.02,
2026-09-11T18:16:49.860385+00:00,200,27278.46,
2026-09-11T18:16:57.968134+00:00,200,19178.12,
2026-09-11T18:17:06.568447+00:00,200,10584.49,
2026-09-11T18:17:15.518698+00:00,200,1660.91,
2026-09-11T18:17:02.001926+00:00,200,15201.46,
2026-09-11T18:17:11.750793+00:00,200,5457.72,
2026-09-11T18:17:09.057452+00:00,200,8165.73,
2026-09-11T18:17:14.548953+00:00,200,2687.23,
2026-09-11T18:17:08.977143+00:00,200,8262.95,
2026-09-11T18:16:40.813002+00:00,200,36453.56,
2026-09-11T18:17:15.072162+00:00,200,2199.69,
2026-09-11T18:16:57.837717+00:00,200,19438.65,
2026-09-11T18:17:06.686494+00:00,200,10608.46,
2026-09-11T18:17:02.262168+00:00,200,15042.52,
2026-09-11T18:17:12.700140+00:00,200,4614.65,
2026-09-11T18:17:11.148149+00:00,200,6169.15,
2026-09-11T18:17:05.307529+00:00,200,12013.23,
2026-09-11T18:17:12.256467+00:00,200,5065.49,
2026-09-11T18:16:54.150332+00:00,200,23174.34,
2026-09-11T18:17:02.087396+00:00,200,15242.77,
2026-09-11T18:17:05.018303+00:00,200,12316.96,
2026-09-11T18:16:34.153627+00:00,200,43182.96,
2026-09-11T18:16:53.391011+00:00,200,23967.09,
2026-09-11T18:16:57.931927+00:00,200,19429.13,
2026-09-11T18:16:38.067558+00:00,200,39312.49,
2026-09-11T18:16:42.204172+00:00,200,35198.93,
2026-09-11T18:16:47.819006+00:00,200,29650.31,
2026-09-11T18:17:15.324103+00:00,200,2160.27,
2026-09-11T18:17:11.443741+00:00,200,6047.33,
2026-09-11T18:17:15.520761+00:00,200,1977.46,
2026-09-11T18:16:47.759218+00:00,200,29746.49,
2026-09-11T18:17:03.249796+00:00,200,14260.63,
2026-09-11T18:17:12.477757+00:00,200,5048.61,
2026-09-11T18:16:56.599628+00:00,200,20941.32,
2026-09-11T18:16:25.662536+00:00,200,51919.72,
2026-09-11T18:17:06.263356+00:00,200,11320.1,
2026-09-11T18:17:06.488723+00:00,200,11109.51,
2026-09-11T18:16:39.197459+00:00,200,38407.64,
2026-09-11T18:17:16.391230+00:00,200,1224.29,
2026-09-11T18:16:34.203541+00:00,200,43413.82,
2026-09-11T18:17:08.880431+00:00,200,8746.12,
2026-09-11T18:16:56.489581+00:00,200,21157.27,
2026-09-11T18:17:04.703619+00:00,200,12953.92,
2026-09-11T18:17:10.214730+00:00,200,7452.66,
2026-09-11T18:17:16.707490+00:00,200,962.04,
2026-09-11T18:16:44.210072+00:00,200,33460.85,
2026-09-11T18:16:57.727419+00:00,200,19948.48,
2026-09-11T18:16:57.200865+00:00,200,20478.65,
2026-09-11T18:16:53.373620+00:00,200,24313.65,
2026-09-11T18:17:01.040767+00:00,200,16649.31,
2026-09-11T18:16:56.003003+00:00,200,21699.16,
2026-09-11T18:17:08.008006+00:00,200,9696.76,
2026-09-11T18:16:59.681548+00:00,200,18028.35,
2026-09-11T18:17:10.983052+00:00,200,6740.52,
2026-09-11T18:17:06.887691+00:00,200,10839.65,
2026-09-11T18:17:16.024729+00:00,200,1714.54,
2026-09-11T18:17:12.080308+00:00,200,5664.68,
2026-09-11T18:16:31.456414+00:00,200,46291.31,
2026-09-11T18:17:10.994348+00:00,200,6757.1,
2026-09-11T18:16:36.795654+00:00,200,40957.19,
2026-09-11T18:17:01.633074+00:00,200,16124.03,
2026-09-11T18:17:13.796307+00:00,200,3976.44,
2026-09-11T18:17:07.741884+00:00,200,10066.92,
2026-09-11T18:17:10.851565+00:00,200,6961.98,
2026-09-11T18:16:46.238744+00:00,200,31591.19,
2026-09-11T18:16:39.862088+00:00,200,37972.17,
2026-09-11T18:17:09.457446+00:00,200,8384.86,
2026-09-11T18:17:16.849639+00:00,200,998.8,
2026-09-11T18:17:14.554050+00:00,200,3332.2,
2026-09-11T18:17:11.307873+00:00,200,6610.56,
2026-09-11T18:17:12.743196+00:00,200,5179.34,
2026-09-11T18:17:12.375143+00:00,200,5550.42,
2026-09-11T18:17:17.203402+00:00,200,724.15,
2026-09-11T18:16:38.839248+00:00,200,39106.65,
2026-09-11T18:17:17.106624+00:00,200,886.07,
2026-09-11T18:17:16.838218+00:00,200,1156.37,
2026-09-11T18:17:07.522087+00:00,200,10478.84,
2026-09-11T18:17:12.099144+00:00,200,5904.42,
2026-09-11T18:17:14.510369+00:00,200,3495.15,
2026-09-11T18:17:14.790733+00:00,200,3225.14,
2026-09-11T18:16:43.354357+00:00,200,34673.45,
2026-09-11T18:17:15.044628+00:00,200,3003.87,
2026-09-11T18:17:02.684486+00:00,200,15365.67,
2026-09-11T18:17:07.872865+00:00,200,10185.8,
2026-09-11T18:16:33.168366+00:00,200,44900.89,
2026-09-11T18:17:07.037915+00:00,200,11038.7,
2026-09-11T18:17:14.543968+00:00,200,3536.38,
2026-09-11T18:17:17.886274+00:00,200,197.15,
2026-09-11T18:17:13.587323+00:00,200,4509.84,
2026-09-11T18:16:42.600896+00:00,200,35498.36,
2026-09-11T18:16:27.717603+00:00,200,50384.75,
2026-09-11T18:16:36.851708+00:00,200,41260.53,
2026-09-11T18:17:11.145156+00:00,200,7001.17,
2026-09-11T18:16:26.826299+00:00,200,51328.11,
2026-09-11T18:16:32.242210+00:00,200,45918.03,
2026-09-11T18:17:14.207217+00:00,200,3958.84,
2026-09-11T18:17:13.766057+00:00,200,4440.62,
2026-09-11T18:16:53.838003+00:00,200,24369.94,
2026-09-11T18:17:12.186566+00:00,200,6029.54,
2026-09-11T18:17:16.047621+00:00,200,2171.52,
2026-09-11T18:17:12.641574+00:00,200,5581.57,
2026-09-11T18:17:10.464519+00:00,200,7778.39,
2026-09-11T18:17:13.776946+00:00,200,4475.39,
2026-09-11T18:16:55.659744+00:00,200,22601.44,
2026-09-11T18:17:06.171087+00:00,200,12099.17,
2026-09-11T18:17:15.452460+00:00,200,2834.32,
2026-09-11T18:17:15.220231+00:00,200,3067.73,
2026-09-11T18:17:13.117555+00:00,200,5179.02,
2026-09-11T18:17:12.184610+00:00,200,6117.32,
2026-09-11T18:16:58.153449+00:00,200,20159.12,
2026-09-11T18:16:57.833564+00:00,200,20492.31,
2026-09-11T18:17:06.532614+00:00,200,11798.36,
2026-09-11T18:17:05.455356+00:00,200,12878.59,
2026-09-11T18:16:48.846445+00:00,200,29488.91,
2026-09-11T18:16:55.258477+00:00,200,23083.02,
2026-09-11T18:17:14.135261+00:00,200,4226.65,
2026-09-11T18:17:16.523231+00:00,200,1848.09,
2026-09-11T18:17:14.531096+00:00,200,3865.29,
2026-09-11T18:17:16.727151+00:00,200,1673.94,
2026-09-11T18:17:08.643289+00:00,200,9764.44,
2026-09-11T18:16:42.766044+00:00,200,35676.9,
2026-09-11T18:17:18.286793+00:00,200,166.52,
2026-09-11T18:17:09.514532+00:00,200,8956.95,
2026-09-11T18:17:17.271864+00:00,200,1202.54,
2026-09-11T18:17:15.593802+00:00,200,2889.43,
2026-09-11T18:16:48.516232+00:00,200,29968.23,
2026-09-11T18:17:04.820248+00:00,200,13666.13,
2026-09-11T18:16:58.700302+00:00,200,19789.79,
2026-09-11T18:17:15.394210+00:00,200,3097.18,
2026-09-11T18:17:08.817750+00:00,200,9676.05,
2026-09-11T18:17:09.031273+00:00,200,9477.22,
2026-09-11T18:17:09.787075+00:00,200,8727.5,
2026-09-11T18:16:53.705407+00:00,200,24846.38,
2026-09-11T18:17:10.267870+00:00,200,8293.56,
2026-09-11T18:17:11.772850+00:00,200,6790.64,
2026-09-11T18:17:15.152992+00:00,200,3415.78,
2026-09-11T18:17:04.531560+00:00,200,14039.25,
2026-09-11T18:17:11.218266+00:00,200,7372.21,
2026-09-11T18:17:10.465877+00:00,200,8151.5,
2026-09-11T18:16:50.243087+00:00,200,28384.15,
2026-09-11T18:16:35.858047+00:00,200,42809.86,
2026-09-11T18:17:16.265704+00:00,200,2412.18,
2026-09-11T18:17:11.953224+00:00,200,6740.64,
2026-09-11T18:17:09.795458+00:00,200,8900.56,
2026-09-11T18:16:40.166889+00:00,200,38530.85,
2026-09-11T18:17:10.275155+00:00,200,8438.26,
2026-09-11T18:17:14.341793+00:00,200,4373.16,
2026-09-11T18:17:07.104598+00:00,200,11624.09,
2026-09-11T18:17:07.865062+00:00,200,10883.69,
2026-09-11T18:16:55.320369+00:00,200,23430.15,
2026-09-11T18:16:58.112687+00:00,200,20641.18,
2026-09-11T18:17:14.565797+00:00,200,4190.18,
2026-09-11T18:17:10.067166+00:00,200,8690.28,
2026-09-11T18:17:14.512553+00:00,200,4246.42,
2026-09-11T18:17:17.046655+00:00,200,1722.19,
2026-09-11T18:16:42.985230+00:00,200,35791.31,
2026-09-11T18:17:11.328657+00:00,200,7454.23,
2026-09-11T18:17:10.586139+00:00,200,8201.39,
2026-09-11T18:16:32.178613+00:00,200,46614.1,
2026-09-11T18:17:12.047806+00:00,200,6746.99,
2026-09-11T18:16:45.935620+00:00,200,32860.95,
2026-09-11T18:17:04.248524+00:00,200,14549.73,
2026-09-11T18:17:03.664755+00:00,200,15142.12,
2026-09-11T18:16:24.569377+00:00,200,54265.33,
2026-09-11T18:17:04.291051+00:00,200,14548.47,
2026-09-11T18:17:17.657557+00:00,200,1195.3,
2026-09-11T18:16:58.175731+00:00,200,20707.78,
2026-09-11T18:17:15.968029+00:00,200,2934.35,
2026-09-11T18:17:04.969442+00:00,200,13948.93,
2026-09-11T18:17:11.158185+00:00,200,7764.36,
2026-09-11T18:17:06.077356+00:00,200,12846.37,
2026-09-11T18:17:12.591927+00:00,200,6342.49,
2026-09-11T18:17:18.146339+00:00,200,798.47,
2026-09-11T18:17:03.155927+00:00,200,15796.66,
2026-09-11T18:17:08.215721+00:00,200,10741.39,
2026-09-11T18:17:18.755987+00:00,200,205.98,
2026-09-11T18:16:47.587202+00:00,200,31383.63,
2026-09-11T18:17:10.642655+00:00,200,8332.1,
2026-09-11T18:17:10.444718+00:00,200,8556.73,
2026-09-11T18:16:35.431626+00:00,200,43575.71,
2026-09-11T18:16:42.024172+00:00,200,36987.57,
2026-09-11T18:17:07.397442+00:00,200,11616.93,
2026-09-11T18:16:51.989406+00:00,200,27027.23,
2026-09-11T18:16:37.047833+00:00,200,41975.19,
2026-09-11T18:16:59.223531+00:00,200,19802.84,
2026-09-11T18:17:12.741621+00:00,200,6296.37,
2026-09-11T18:17:11.142668+00:00,200,7902.18,
2026-09-11T18:16:56.285035+00:00,200,22762.97,
2026-09-11T18:17:08.672416+00:00,200,10402.16,
2026-09-11T18:17:17.380062+00:00,200,1736.62,
2026-09-11T18:17:02.673958+00:00,200,16456.24,
2026-09-11T18:16:59.333420+00:00,200,19801.07,
2026-09-11T18:17:17.526384+00:00,200,1615.26,
2026-09-11T18:17:05.683270+00:00,200,13465.16,
2026-09-11T18:16:56.541083+00:00,200,22613.05,
2026-09-11T18:16:32.144394+00:00,200,47010.93,
2026-09-11T18:17:18.486384+00:00,200,682.0,
2026-09-11T18:16:57.202408+00:00,200,21990.79,
2026-09-11T18:17:16.004548+00:00,200,3218.87,
2026-09-11T18:17:03.657099+00:00,200,15574.69,
2026-09-11T18:17:07.232171+00:00,200,12027.51,
2026-09-11T18:17:03.090411+00:00,200,16176.62,
2026-09-11T18:17:13.584621+00:00,200,5683.64,
2026-09-11T18:17:00.713772+00:00,200,18556.28,
2026-09-11T18:17:06.654843+00:00,200,12623.13,
2026-09-11T18:17:09.725584+00:00,200,9566.89,
2026-09-11T18:17:19.116697+00:00,200,178.46,
2026-09-11T18:16:18.340311+00:00,200,60957.28,
2026-09-11T18:17:15.415274+00:00,200,3900.26,
2026-09-11T18:17:08.143823+00:00,200,11184.97,
2026-09-11T18:17:18.154426+00:00,200,1179.38,
2026-09-11T18:17:18.693869+00:00,200,642.65,
2026-09-11T18:17:04.154592+00:00,200,15185.05,
2026-09-11T18:17:16.862442+00:00,200,2480.81,
2026-09-11T18:17:04.799526+00:00,200,14551.48,
2026-09-11T18:17:12.731375+00:00,200,6622.09,
2026-09-11T18:17:11.518120+00:00,200,7837.22,
2026-09-11T18:17:05.073019+00:00,200,14290.16,
2026-09-11T18:17:13.336867+00:00,200,6035.59,
2026-09-11T18:16:38.820124+00:00,200,40554.26,
2026-09-11T18:16:27.249595+00:00,200,52126.31,
2026-09-11T18:17:17.111957+00:00,200,2265.59,
2026-09-11T18:16:48.060549+00:00,200,31322.23,
2026-09-11T18:17:05.067300+00:00,200,14328.55,
2026-09-11T18:17:18.223165+00:00,200,1176.71,
2026-09-11T18:17:11.281899+00:00,200,8151.94,
2026-09-11T18:17:15.962866+00:00,200,3473.74,
2026-09-11T18:17:10.367848+00:00,200,9100.93,
2026-09-11T18:16:58.131337+00:00,200,21346.73,
2026-09-11T18:16:49.509703+00:00,200,29990.71,
2026-09-11T18:17:01.235483+00:00,200,18267.25,
2026-09-11T18:17:15.609261+00:00,200,3912.41,
2026-09-11T18:17:06.914796+00:00,200,12626.96,
2026-09-11T18:16:43.786133+00:00,200,35758.8,
2026-09-11T18:17:18.787537+00:00,200,759.22,
2026-09-11T18:17:15.497455+00:00,200,4051.3,
2026-09-11T18:17:09.528370+00:00,200,10028.42,
2026-09-11T18:16:24.435536+00:00,200,55128.76,
2026-09-11T18:16:51.341044+00:00,200,28230.76,
2026-09-11T18:16:39.955610+00:00,200,39617.05,
2026-09-11T18:17:04.139916+00:00,200,15434.48,
2026-09-11T18:16:58.489708+00:00,200,21128.91,
2026-09-11T18:17:14.271338+00:00,200,5353.57,
2026-09-11T18:17:12.668370+00:00,200,6961.27,
2026-09-11T18:16:59.532545+00:00,200,20109.47,
2026-09-11T18:17:08.442584+00:00,200,11211.18,
2026-09-11T18:17:18.301938+00:00,200,1371.48,
2026-09-11T18:17:07.176019+00:00,200,12500.08,
2026-09-11T18:16:39.520696+00:00,200,40171.58,
2026-09-11T18:17:12.369890+00:00,200,7323.74,
2026-09-11T18:16:38.684342+00:00,200,41010.56,
2026-09-11T18:17:14.454227+00:00,200,5248.6,
2026-09-11T18:17:12.831296+00:00,200,6873.36,
2026-09-11T18:17:14.853818+00:00,200,4852.89,
2026-09-11T18:16:43.438692+00:00,200,36269.26,
2026-09-11T18:17:19.541768+00:00,200,167.46,
2026-09-11T18:17:18.242914+00:00,200,1512.08,
2026-09-11T18:17:18.696025+00:00,200,1077.96,
2026-09-11T18:17:18.097174+00:00,200,1686.89,
2026-09-11T18:17:12.604985+00:00,200,7182.79,
2026-09-11T18:17:10.999494+00:00,200,8804.84,
2026-09-11T18:17:10.483591+00:00,200,9328.51,
2026-09-11T18:17:17.510434+00:00,200,2310.08,
2026-09-11T18:16:47.552136+00:00,200,32270.29,
2026-09-11T18:17:11.510514+00:00,200,8355.21,
2026-09-11T18:17:11.499508+00:00,200,8372.09,
2026-09-11T18:17:15.286979+00:00,200,4588.89,
2026-09-11T18:17:17.842310+00:00,200,2037.28,
2026-09-11T18:17:01.664655+00:00,200,18222.27,
2026-09-11T18:17:18.667925+00:00,200,1231.05,
2026-09-11T18:17:19.500436+00:00,200,405.82,
2026-09-11T18:16:32.690440+00:00,200,47218.38,
2026-09-11T18:17:19.521690+00:00,200,388.44,
2026-09-11T18:17:17.747737+00:00,200,2168.48,
2026-09-11T18:16:46.793431+00:00,200,33128.02,
2026-09-11T18:16:55.985212+00:00,200,23952.87,
2026-09-11T18:17:16.320815+00:00,200,3638.28,
2026-09-11T18:17:01.470780+00:00,200,18491.46,
2026-09-11T18:16:20.205298+00:00,200,59788.48,
2026-09-11T18:17:11.963279+00:00,200,8036.9,
2026-09-11T18:17:18.792729+00:00,200,1211.33,
2026-09-11T18:17:11.126857+00:00,200,8881.41,
2026-09-11T18:17:11.037902+00:00,200,8977.72,
2026-09-11T18:17:18.697742+00:00,200,1321.1,
2026-09-11T18:17:08.346534+00:00,200,11674.25,
2026-09-11T18:17:16.574005+00:00,200,3453.42,
2026-09-11T18:17:15.002263+00:00,200,5032.81,
2026-09-11T18:16:55.597050+00:00,200,24461.14,
2026-09-11T18:17:15.018523+00:00,200,5050.12,
2026-09-11T18:17:00.567870+00:00,200,19516.4,
2026-09-11T18:16:55.444022+00:00,200,24656.66,
2026-09-11T18:16:51.663940+00:00,200,28442.01,
2026-09-11T18:17:13.498072+00:00,200,6621.8,
2026-09-11T18:16:50.534022+00:00,200,29605.92,
2026-09-11T18:17:19.959112+00:00,200,190.0,
2026-09-11T18:17:02.820110+00:00,200,17338.94,
2026-09-11T18:17:16.456792+00:00,200,3712.82,
2026-09-11T18:17:12.956547+00:00,200,7220.9,
2026-09-11T18:17:10.418386+00:00,200,9764.84,
2026-09-11T18:17:18.261193+00:00,200,1925.62,
2026-09-11T18:16:58.822831+00:00,200,21371.01,
2026-09-11T18:16:55.201332+00:00,200,25022.33,
2026-09-11T18:16:52.860255+00:00,200,27375.53,
2026-09-11T18:16:54.516963+00:00,200,25725.81,
2026-09-11T18:17:02.583986+00:00,200,17660.68,
2026-09-11T18:17:18.806887+00:00,200,1447.44,
2026-09-11T18:17:17.100155+00:00,200,3160.43,
2026-09-11T18:17:15.138533+00:00,200,5130.32,
2026-09-11T18:17:01.793414+00:00,200,18490.87,
2026-09-11T18:16:43.843998+00:00,200,36452.43,
2026-09-11T18:16:50.050464+00:00,200,30252.56,
2026-09-11T18:17:12.833386+00:00,200,7486.97,
2026-09-11T18:17:19.333824+00:00,200,1039.49,
2026-09-11T18:17:11.123272+00:00,200,9271.09,
2026-09-11T18:16:48.538712+00:00,200,31857.43,
2026-09-11T18:17:20.223681+00:00,200,179.37,
2026-09-11T18:17:12.880147+00:00,200,7529.68,
2026-09-11T18:16:59.778767+00:00,200,20641.74,
2026-09-11T18:16:56.711483+00:00,200,23713.55,
2026-09-11T18:17:08.591440+00:00,200,11846.95,
2026-09-11T18:16:52.536757+00:00,200,27917.34,
2026-09-11T18:17:07.878636+00:00,200,12581.97,
2026-09-11T18:17:19.014380+00:00,200,1463.26,
2026-09-11T18:17:13.133097+00:00,200,7347.79,
2026-09-11T18:17:20.303041+00:00,200,179.9,
2026-09-11T18:17:18.058681+00:00,200,2425.51,
2026-09-11T18:17:06.386168+00:00,200,14104.04,
2026-09-11T18:17:07.645785+00:00,200,12871.18,
2026-09-11T18:16:23.528558+00:00,200,56997.87,
2026-09-11T18:16:50.841357+00:00,200,29686.32,
2026-09-11T18:16:59.428721+00:00,200,21104.85,
2026-09-11T18:17:19.865737+00:00,200,676.09,
2026-09-11T18:17:09.335667+00:00,200,11208.7,
2026-09-11T18:16:58.022500+00:00,200,22526.9,
2026-09-11T18:16:32.292918+00:00,200,48273.71,
2026-09-11T18:16:51.737220+00:00,200,28848.39,
2026-09-11T18:16:45.529703+00:00,200,35077.8,
2026-09-11T18:17:15.547691+00:00,200,5070.62,
2026-09-11T18:17:14.961173+00:00,200,5691.56,
2026-09-11T18:17:05.180375+00:00,200,15483.38,
2026-09-11T18:16:56.024431+00:00,200,24647.64,
2026-09-11T18:17:17.028522+00:00,200,3646.2,
2026-09-11T18:16:32.080139+00:00,200,48597.41,
2026-09-11T18:17:20.516990+00:00,200,165.08,
2026-09-11T18:16:33.602938+00:00,200,47091.59,
2026-09-11T18:17:20.169627+00:00,200,532.33,
2026-09-11T18:17:20.159067+00:00,200,551.93,
2026-09-11T18:16:58.559045+00:00,200,22154.07,
2026-09-11T18:17:08.735348+00:00,200,11989.15,
2026-09-11T18:17:11.615561+00:00,200,9112.73,
2026-09-11T18:17:08.978682+00:00,200,11759.77,
2026-09-11T18:16:42.091365+00:00,200,38655.25,
2026-09-11T18:16:57.119923+00:00,200,23638.64,
2026-09-11T18:17:18.361934+00:00,200,2414.94,
2026-09-11T18:16:36.523679+00:00,200,44257.11,
2026-09-11T18:17:15.702022+00:00,200,5092.33,
2026-09-11T18:16:55.557527+00:00,200,25245.04,
2026-09-11T18:16:58.193359+00:00,200,22617.1,
2026-09-11T18:16:59.281132+00:00,200,21532.54,
2026-09-11T18:17:13.346782+00:00,200,7473.81,
2026-09-11T18:17:11.377665+00:00,200,9469.99,
2026-09-11T18:17:01.227011+00:00,200,19623.56,
2026-09-11T18:17:14.822595+00:00,200,6034.31,
2026-09-11T18:16:33.695052+00:00,200,47168.02,
2026-09-11T18:17:14.357549+00:00,200,6529.99,
2026-09-11T18:16:56.771792+00:00,200,24118.69,
2026-09-11T18:16:55.551804+00:00,200,25345.64,
2026-09-11T18:17:11.671606+00:00,200,9249.15,
2026-09-11T18:17:06.965352+00:00,200,13960.07,
2026-09-11T18:16:34.793157+00:00,200,46142.0,
2026-09-11T18:17:14.348840+00:00,200,6631.74,
2026-09-11T18:16:52.145386+00:00,200,28840.28,
2026-09-11T18:17:08.358070+00:00,200,12634.82,
2026-09-11T18:16:56.452749+00:00,200,24547.6,
2026-09-11T18:17:10.164188+00:00,200,10837.94,
2026-09-11T18:17:13.422791+00:00,200,7584.17,
2026-09-11T18:16:40.024374+00:00,200,41006.31,
2026-09-11T18:17:10.972838+00:00,200,10066.62,
2026-09-11T18:17:16.423859+00:00,200,4639.39,
2026-09-11T18:17:20.480896+00:00,200,596.85,
2026-09-11T18:17:01.697939+00:00,200,19385.1,
2026-09-11T18:16:42.276107+00:00,200,38819.45,
2026-09-11T18:17:01.969051+00:00,200,19146.98,
2026-09-11T18:17:15.749173+00:00,200,5368.84,
2026-09-11T18:17:06.277744+00:00,200,14849.8,
2026-09-11T18:17:03.271021+00:00,200,17863.96,
2026-09-11T18:17:20.008283+00:00,200,1138.32,
2026-09-11T18:17:03.253856+00:00,200,17895.27,
2026-09-11T18:17:07.202933+00:00,200,13961.08,
2026-09-11T18:17:21.000354+00:00,200,168.13,
2026-09-11T18:16:40.115504+00:00,200,41056.1,
2026-09-11T18:17:15.234427+00:00,200,5938.64,
2026-09-11T18:17:04.388429+00:00,200,16795.69,
2026-09-11T18:16:36.092137+00:00,200,45097.64,
2026-09-11T18:17:03.597940+00:00,200,17598.34,
2026-09-11T18:16:55.091261+00:00,200,26109.0,
2026-09-11T18:16:57.686416+00:00,200,23520.47,
2026-09-11T18:17:04.289550+00:00,200,16929.13,
2026-09-11T18:17:09.080866+00:00,200,12147.55,
2026-09-11T18:17:10.926831+00:00,200,10302.83,
2026-09-11T18:16:34.098714+00:00,200,47133.06,
2026-09-11T18:17:21.077767+00:00,200,161.08,
2026-09-11T18:16:51.432238+00:00,200,29809.04,
2026-09-11T18:17:18.216114+00:00,200,3035.29,
2026-09-11T18:17:13.291419+00:00,200,7962.89,
2026-09-11T18:17:19.875876+00:00,200,1389.2,
2026-09-11T18:16:32.048853+00:00,200,49252.83,
2026-09-11T18:16:39.838534+00:00,200,41466.04,
2026-09-11T18:16:37.921787+00:00,200,43389.42,
2026-09-11T18:17:14.468429+00:00,200,6864.7,
2026-09-11T18:17:18.590491+00:00,200,2750.84,
2026-09-11T18:16:47.225582+00:00,200,34122.06,
2026-09-11T18:17:12.724066+00:00,200,8624.94,
2026-09-11T18:17:14.489342+00:00,200,6868.05,
2026-09-11T18:17:01.442080+00:00,200,19921.96,
2026-09-11T18:17:18.776550+00:00,200,2588.89,
2026-09-11T18:17:10.086829+00:00,200,11282.78,
2026-09-11T18:16:45.661343+00:00,200,35717.26,
2026-09-11T18:17:04.463152+00:00,200,16920.13,
2026-09-11T18:17:21.083059+00:00,200,310.86,
2026-09-11T18:17:00.935662+00:00,200,20487.01,
2026-09-11T18:17:10.354679+00:00,200,11088.65,
2026-09-11T18:17:14.954175+00:00,200,6500.41,
2026-09-11T18:17:19.908825+00:00,200,1551.03,
2026-09-11T18:16:35.995602+00:00,200,45478.25,
2026-09-11T18:17:15.986450+00:00,200,5489.49,
2026-09-11T18:16:50.341438+00:00,200,31139.48,
2026-09-11T18:16:34.991246+00:00,200,46494.78,
2026-09-11T18:17:09.325236+00:00,200,12182.44,
2026-09-11T18:17:01.910818+00:00,200,19619.15,
2026-09-11T18:16:47.558486+00:00,200,33983.55,
2026-09-11T18:17:20.663767+00:00,200,881.12,
2026-09-11T18:17:10.724369+00:00,200,10825.11,
2026-09-11T18:16:32.380134+00:00,200,49197.3,
2026-09-11T18:17:04.610808+00:00,200,16968.63,
2026-09-11T18:16:34.127193+00:00,200,47476.76,
2026-09-11T18:17:15.865248+00:00,200,5750.93,
2026-09-11T18:17:12.282888+00:00,200,9358.53,
2026-09-11T18:17:15.544032+00:00,200,6116.64,
2026-09-11T18:16:49.812685+00:00,200,31849.25,
2026-09-11T18:17:09.271872+00:00,200,12395.86,
2026-09-11T18:17:07.318533+00:00,200,14357.09,
2026-09-11T18:16:38.528864+00:00,200,43151.39,
2026-09-11T18:16:40.689038+00:00,200,41013.99,
2026-09-11T18:17:19.787784+00:00,200,1918.74,
2026-09-11T18:16:35.221699+00:00,200,46489.93,
2026-09-11T18:17:17.017488+00:00,200,4708.98,
2026-09-11T18:16:40.847470+00:00,200,40880.33,
2026-09-11T18:17:18.112246+00:00,200,3617.68,
2026-09-11T18:17:15.706426+00:00,200,6029.75,
2026-09-11T18:17:20.713122+00:00,200,1025.63,
2026-09-11T18:17:21.218689+00:00,200,528.26,
2026-09-11T18:17:18.714958+00:00,200,3054.27,
2026-09-11T18:16:23.694516+00:00,200,58096.16,
2026-09-11T18:16:40.963734+00:00,200,40836.75,
2026-09-11T18:16:34.916198+00:00,200,46901.28,
2026-09-11T18:17:13.252412+00:00,200,8567.75,
2026-09-11T18:16:50.191613+00:00,200,31634.64,
2026-09-11T18:16:27.696796+00:00,200,54145.52,
2026-09-11T18:17:17.010548+00:00,200,4836.27,
2026-09-11T18:17:21.660687+00:00,200,187.49,
2026-09-11T18:16:58.820269+00:00,200,23029.21,
2026-09-11T18:17:14.308167+00:00,200,7551.5,
2026-09-11T18:17:14.866397+00:00,200,7003.68,
2026-09-11T18:17:19.993794+00:00,200,1885.57,
2026-09-11T18:16:55.308946+00:00,200,26587.81,
2026-09-11T18:17:07.510368+00:00,200,14407.64,
2026-09-11T18:16:38.415719+00:00,200,43512.14,
2026-09-11T18:16:47.851133+00:00,200,34106.47,
2026-09-11T18:17:04.299823+00:00,200,17675.86,
2026-09-11T18:17:11.949208+00:00,200,10027.77,
2026-09-11T18:17:17.320769+00:00,200,4670.64,
2026-09-11T18:16:41.889402+00:00,200,40114.3,
2026-09-11T18:17:21.006967+00:00,200,998.97,
2026-09-11T18:17:09.076693+00:00,200,12940.61,
2026-09-11T18:17:08.902954+00:00,200,13129.76,
2026-09-11T18:17:13.003177+00:00,200,9042.5,
2026-09-11T18:16:37.510949+00:00,200,44536.1,
2026-09-11T18:17:03.245851+00:00,200,18811.79,
2026-09-11T18:16:40.140305+00:00,200,41920.64,
2026-09-11T18:17:16.109974+00:00,200,5955.66,
2026-09-11T18:16:40.398293+00:00,200,41684.09,
2026-09-11T18:17:08.963106+00:00,200,13139.2,
2026-09-11T18:17:19.328818+00:00,200,2780.03,
2026-09-11T18:17:14.290187+00:00,200,7833.16,
2026-09-11T18:17:16.674859+00:00,200,5455.7,
2026-09-11T18:17:15.156371+00:00,200,6977.34,
2026-09-11T18:17:21.957613+00:00,200,186.88,
2026-09-11T18:16:56.866964+00:00,200,25299.31,
2026-09-11T18:17:17.739286+00:00,200,4432.79,
2026-09-11T18:16:48.518462+00:00,200,33683.11,
2026-09-11T18:17:17.675904+00:00,200,4528.87,
2026-09-11T18:16:57.196281+00:00,200,25025.42,
2026-09-11T18:17:12.594753+00:00,200,9635.75,
2026-09-11T18:17:20.284300+00:00,200,1950.69,
2026-09-11T18:17:03.461374+00:00,200,18788.59,
2026-09-11T18:17:10.106782+00:00,200,12147.32,
2026-09-11T18:17:20.244674+00:00,200,2012.8,
2026-09-11T18:16:38.197744+00:00,200,44064.14,
2026-09-11T18:17:13.908266+00:00,200,8355.51,
2026-09-11T18:17:13.147218+00:00,200,9130.4,
2026-09-11T18:17:13.605309+00:00,200,8676.81,
2026-09-11T18:17:21.118020+00:00,200,1168.36,
2026-09-11T18:17:14.805077+00:00,200,7484.61,
2026-09-11T18:17:21.641432+00:00,200,655.07,
2026-09-11T18:16:59.703169+00:00,200,22597.57,
2026-09-11T18:17:06.795264+00:00,200,15517.38,
2026-09-11T18:16:54.655693+00:00,200,27671.62,
2026-09-11T18:17:22.166294+00:00,200,182.76,
2026-09-11T18:16:35.970934+00:00,200,46387.41,
2026-09-11T18:17:21.196290+00:00,200,1165.29,
2026-09-11T18:16:56.069287+00:00,200,26297.62,
2026-09-11T18:16:55.409064+00:00,200,26964.37,
2026-09-11T18:16:39.566903+00:00,200,42814.73,
2026-09-11T18:17:05.388702+00:00,200,17034.5,
2026-09-11T18:16:51.505350+00:00,200,30937.1,
2026-09-11T18:16:40.992567+00:00,200,41476.16,
2026-09-11T18:16:51.168786+00:00,200,31311.88,
2026-09-11T18:16:51.508308+00:00,200,30983.35,
2026-09-11T18:17:17.361074+00:00,200,5134.4,
2026-09-11T18:16:37.226085+00:00,200,45273.34,
2026-09-11T18:17:03.426224+00:00,200,19087.09,
2026-09-11T18:16:45.374144+00:00,200,37147.19,
2026-09-11T18:17:18.219144+00:00,200,4303.74,
2026-09-11T18:16:35.060295+00:00,200,47468.19,
2026-09-11T18:17:17.304721+00:00,200,5228.63,
2026-09-11T18:17:16.416758+00:00,200,6121.26,
2026-09-11T18:16:35.490465+00:00,200,47062.56,
2026-09-11T18:17:17.043279+00:00,200,5518.11,
2026-09-11T18:17:06.207244+00:00,200,16356.19,
2026-09-11T18:17:18.296584+00:00,200,4276.37,
2026-09-11T18:17:02.499098+00:00,200,20076.68,
2026-09-11T18:16:44.016557+00:00,200,38562.5,
2026-09-11T18:17:11.489506+00:00,200,11118.53,
2026-09-11T18:17:12.515754+00:00,200,10103.6,
2026-09-11T18:17:14.066855+00:00,200,8556.74,
2026-09-11T18:17:22.480671+00:00,200,171.12,
2026-09-11T18:17:13.048856+00:00,200,9604.13,
2026-09-11T18:16:31.900707+00:00,200,50772.76,
2026-09-11T18:17:12.233613+00:00,200,10462.51,
2026-09-11T18:17:19.548759+00:00,200,3150.68,
2026-09-11T18:16:42.862104+00:00,200,39865.45,
2026-09-11T18:17:13.648218+00:00,200,9082.12,
2026-09-11T18:17:07.434063+00:00,200,15300.06,
2026-09-11T18:17:15.294552+00:00,200,7450.32,
2026-09-11T18:17:19.267043+00:00,200,3494.02,
2026-09-11T18:17:22.608048+00:00,200,161.36,
2026-09-11T18:17:17.034289+00:00,200,5747.28,
2026-09-11T18:17:18.918378+00:00,200,3867.38,
2026-09-11T18:17:15.673352+00:00,200,7123.83,
2026-09-11T18:17:16.376883+00:00,200,6436.42,
2026-09-11T18:16:54.000080+00:00,200,28814.99,
2026-09-11T18:17:22.652989+00:00,200,163.45,
2026-09-11T18:16:59.614591+00:00,200,23205.93,
2026-09-11T18:17:03.362200+00:00,200,19461.02,
2026-09-11T18:17:02.570775+00:00,200,20261.52,
2026-09-11T18:16:48.217737+00:00,200,34616.76,
2026-09-11T18:16:51.987225+00:00,200,30849.84,
2026-09-11T18:16:50.203630+00:00,200,32653.48,
2026-09-11T18:17:22.696140+00:00,200,166.4,
2026-09-11T18:17:21.667744+00:00,200,1196.7,
2026-09-11T18:17:11.303981+00:00,200,11596.74,
2026-09-11T18:17:20.460611+00:00,200,2448.11,
2026-09-11T18:17:12.489432+00:00,200,10425.68,
2026-09-11T18:17:08.158380+00:00,200,14768.04,
2026-09-11T18:17:21.349019+00:00,200,1579.82,
2026-09-11T18:16:59.094177+00:00,200,23837.68,
2026-09-11T18:16:52.363881+00:00,200,30591.37,
2026-09-11T18:17:18.491390+00:00,200,4467.09,
2026-09-11T18:17:13.991498+00:00,200,8976.38,
2026-09-11T18:17:17.751454+00:00,200,5217.74,
2026-09-11T18:17:19.916224+00:00,200,3070.74,
2026-09-11T18:17:02.837561+00:00,200,20154.81,
2026-09-11T18:17:18.974767+00:00,200,4020.16,
2026-09-11T18:17:18.934423+00:00,200,4071.57,
2026-09-11T18:17:06.542441+00:00,200,16469.35,
2026-09-11T18:16:54.260567+00:00,200,28783.09,
2026-09-11T18:17:17.626557+00:00,200,5421.44,
2026-09-11T18:16:42.808511+00:00,200,40283.08,
2026-09-11T18:17:13.986354+00:00,200,9117.09,
2026-09-11T18:17:19.351014+00:00,200,3762.6,
2026-09-11T18:17:21.661945+00:00,200,1461.52,
2026-09-11T18:17:02.539155+00:00,200,20594.13,
2026-09-11T18:17:19.154133+00:00,200,3980.4,
2026-09-11T18:17:16.800096+00:00,200,6339.12,
2026-09-11T18:16:50.085349+00:00,200,33060.16,
2026-09-11T18:16:40.385120+00:00,200,42764.88,
2026-09-11T18:16:55.477438+00:00,200,27683.09,
2026-09-11T18:17:05.704100+00:00,200,17465.98,
2026-09-11T18:16:59.398825+00:00,200,23773.34,
2026-09-11T18:16:56.937888+00:00,200,26251.27,
2026-09-11T18:17:16.365883+00:00,200,6828.81,
2026-09-11T18:17:22.057662+00:00,200,1152.13,
2026-09-11T18:17:15.281234+00:00,200,7929.88,
2026-09-11T18:16:31.742508+00:00,200,51472.22,
2026-09-11T18:17:17.723587+00:00,200,5495.41,
2026-09-11T18:17:00.193119+00:00,200,23027.33,
2026-09-11T18:17:19.044859+00:00,200,4177.83,
2026-09-11T18:17:19.921460+00:00,200,3311.03,
2026-09-11T18:17:06.837551+00:00,200,16400.35,
2026-09-11T18:17:17.772757+00:00,200,5541.1,
2026-09-11T18:17:01.483595+00:00,200,21859.9,
2026-09-11T18:17:17.994599+00:00,200,5375.72,
2026-09-11T18:16:49.323790+00:00,200,34053.92,
2026-09-11T18:17:19.130213+00:00,200,4267.59,
2026-09-11T18:16:59.548708+00:00,200,23900.58,
2026-09-11T18:17:10.916639+00:00,200,12537.75,
2026-09-11T18:16:37.652378+00:00,200,45810.68,
2026-09-11T18:17:08.399577+00:00,200,15067.81,
2026-09-11T18:17:12.938857+00:00,200,10531.63,
2026-09-11T18:17:13.914486+00:00,200,9581.14,
2026-09-11T18:17:19.886938+00:00,200,3610.19,
2026-09-11T18:17:08.664727+00:00,200,14833.59,
2026-09-11T18:17:13.229059+00:00,200,10271.05,
2026-09-11T18:17:17.498231+00:00,200,6003.3,
2026-09-11T18:17:16.243159+00:00,200,7259.62,
2026-09-11T18:17:10.835042+00:00,200,12669.06,
2026-09-11T18:17:09.590408+00:00,200,13925.94,
2026-09-11T18:17:19.820522+00:00,200,3710.37,
2026-09-11T18:16:36.060520+00:00,200,47474.92,
2026-09-11T18:17:12.012307+00:00,200,11524.61,
2026-09-11T18:17:10.802692+00:00,200,12735.71,
2026-09-11T18:17:15.214320+00:00,200,8325.54,
2026-09-11T18:17:20.477657+00:00,200,3063.7,
2026-09-11T18:17:16.019661+00:00,200,7523.27,
2026-09-11T18:17:00.308300+00:00,200,23236.27,
2026-09-11T18:17:17.505710+00:00,200,6040.45,
2026-09-11T18:17:06.807725+00:00,200,16739.98,
2026-09-11T18:17:11.882714+00:00,200,11666.84,
2026-09-11T18:17:09.172133+00:00,200,14379.1,
2026-09-11T18:16:51.629898+00:00,200,31928.09,
2026-09-11T18:16:38.849172+00:00,200,44738.65,
2026-09-11T18:16:54.673678+00:00,200,28923.33,
2026-09-11T18:17:17.469340+00:00,200,6131.66,
2026-09-11T18:16:43.373659+00:00,200,40240.66,
2026-09-11T18:16:45.916502+00:00,200,37712.43,
2026-09-11T18:17:23.370339+00:00,200,261.16,
2026-09-11T18:17:17.679525+00:00,200,5964.03,
2026-09-11T18:17:10.425050+00:00,200,13221.33,
2026-09-11T18:17:17.922551+00:00,200,5733.62,
2026-09-11T18:16:37.200055+00:00,200,46458.11,
2026-09-11T18:17:16.961314+00:00,200,6703.38,
2026-09-11T18:17:19.502745+00:00,200,4167.2,
2026-09-11T18:17:17.321965+00:00,200,6369.03,
2026-09-11T18:17:08.400902+00:00,200,15330.05,
2026-09-11T18:17:15.790752+00:00,200,7949.32,
2026-09-11T18:16:56.769945+00:00,200,26984.31,
2026-09-11T18:16:38.752807+00:00,200,45007.21,
2026-09-11T18:17:22.060954+00:00,200,1708.33,
2026-09-11T18:17:06.268426+00:00,200,17510.55,
2026-09-11T18:16:35.274866+00:00,200,48507.98,
2026-09-11T18:17:05.519505+00:00,200,18265.1,
2026-09-11T18:16:31.483248+00:00,200,52307.08,
2026-09-11T18:17:17.918448+00:00,200,5879.4,
2026-09-11T18:17:20.780797+00:00,200,3040.33,
2026-09-11T18:17:10.440232+00:00,200,13406.96,
2026-09-11T18:17:15.250913+00:00,200,8606.68,
2026-09-11T18:17:00.856189+00:00,200,23003.43,
2026-09-11T18:17:18.471503+00:00,200,5390.03,
2026-09-11T18:17:16.095692+00:00,200,7800.82,
2026-09-11T18:17:17.927554+00:00,200,5977.92,
2026-09-11T18:17:13.893407+00:00,200,10021.01,
2026-09-11T18:17:20.935164+00:00,200,2998.41,
2026-09-11T18:17:21.171608+00:00,200,2798.55,
2026-09-11T18:17:00.169898+00:00,200,23803.47,
2026-09-11T18:17:23.043676+00:00,200,935.8,
2026-09-11T18:17:12.104468+00:00,200,11885.7,
2026-09-11T18:17:23.495644+00:00,200,501.05,
2026-09-11T18:17:23.502780+00:00,200,519.03,
2026-09-11T18:17:16.694310+00:00,200,7361.84,
2026-09-11T18:17:19.395863+00:00,200,4696.17,
2026-09-11T18:16:48.618356+00:00,200,35486.68,
2026-09-11T18:17:14.248982+00:00,200,9867.44,
2026-09-11T18:16:50.083503+00:00,200,34061.6,
2026-09-11T18:16:18.096781+00:00,200,66057.8,
2026-09-11T18:17:18.551815+00:00,200,5614.78,
2026-09-11T18:17:16.670326+00:00,200,7531.64,
2026-09-11T18:17:22.673488+00:00,200,1530.98,
2026-09-11T18:17:21.549484+00:00,200,2664.13,
2026-09-11T18:17:13.762178+00:00,200,10467.25,
2026-09-11T18:17:10.194564+00:00,200,14045.31,
2026-09-11T18:16:57.194584+00:00,200,27053.8,
2026-09-11T18:17:13.950643+00:00,200,10310.95,
2026-09-11T18:17:20.139964+00:00,200,4134.83,
2026-09-11T18:16:55.134290+00:00,200,29158.44,
2026-09-11T18:16:51.837220+00:00,200,32466.51,
2026-09-11T18:17:17.727347+00:00,200,6578.62,
2026-09-11T18:17:21.703046+00:00,200,2605.61,
2026-09-11T18:16:52.595870+00:00,200,31758.25,
2026-09-11T18:16:55.925712+00:00,200,28484.94,
2026-09-11T18:17:18.758996+00:00,200,5666.29,
2026-09-11T18:17:23.973386+00:00,200,457.97,
2026-09-11T18:17:19.339653+00:00,200,5115.22,
2026-09-11T18:17:23.150007+00:00,200,1341.97,
2026-09-11T18:17:19.223440+00:00,200,5278.28,
2026-09-11T18:16:56.830971+00:00,200,27674.87,
2026-09-11T18:17:16.040040+00:00,200,8493.49,
2026-09-11T18:16:40.675649+00:00,200,43866.72,
2026-09-11T18:17:07.655865+00:00,200,16888.24,
2026-09-11T18:17:15.541147+00:00,200,9008.49,
2026-09-11T18:16:54.052796+00:00,200,30505.76,
2026-09-11T18:16:48.238071+00:00,200,36361.02,
2026-09-11T18:17:12.055811+00:00,200,12548.56,
2026-09-11T18:16:42.387932+00:00,200,42220.27,
2026-09-11T18:17:22.468740+00:00,200,2147.12,
2026-09-11T18:17:18.753870+00:00,200,5875.63,
2026-09-11T18:17:18.396402+00:00,200,6238.21,
2026-09-11T18:16:46.052049+00:00,200,38591.95,
2026-09-11T18:16:37.955564+00:00,200,46690.49,
2026-09-11T18:17:14.826260+00:00,200,9830.02,
2026-09-11T18:17:19.822437+00:00,200,4905.3,
2026-09-11T18:17:18.782889+00:00,200,5949.18,
2026-09-11T18:17:23.691003+00:00,200,1045.26,
2026-09-11T18:17:24.292743+00:00,200,470.65,
2026-09-11T18:17:07.128189+00:00,200,17645.82,
2026-09-11T18:17:20.149122+00:00,200,4630.62,
2026-09-11T18:17:01.127440+00:00,200,23656.72,
2026-09-11T18:17:22.931858+00:00,200,1883.53,
2026-09-11T18:17:11.927204+00:00,200,12912.16,
2026-09-11T18:17:11.765564+00:00,200,13080.56,
2026-09-11T18:17:13.921725+00:00,200,10930.52,
2026-09-11T18:17:11.745498+00:00,200,13120.24,
2026-09-11T18:16:37.670193+00:00,200,47236.09,
2026-09-11T18:16:58.444555+00:00,200,26465.83,
2026-09-11T18:16:19.908662+00:00,200,65017.05,
2026-09-11T18:16:37.463454+00:00,200,47467.0,
2026-09-11T18:17:11.551839+00:00,200,13387.79,
2026-09-11T18:17:19.871607+00:00,200,5072.01,
2026-09-11T18:16:56.245330+00:00,200,28708.9,
2026-09-11T18:17:19.938100+00:00,200,5066.16,
2026-09-11T18:17:19.436617+00:00,200,5583.26,
2026-09-11T18:17:03.287750+00:00,200,21755.58,
2026-09-11T18:17:10.942940+00:00,200,14113.47,
2026-09-11T18:17:02.508907+00:00,200,22556.46,
2026-09-11T18:17:22.005949+00:00,200,3068.63,
2026-09-11T18:17:19.906259+00:00,200,5176.69,
2026-09-11T18:17:21.063269+00:00,200,4083.09,
2026-09-11T18:17:17.077433+00:00,200,8073.61,
2026-09-11T18:17:16.759683+00:00,200,8405.6,
2026-09-11T18:16:56.366473+00:00,200,28800.72,
2026-09-11T18:16:59.893809+00:00,200,25300.18,
2026-09-11T18:17:18.970836+00:00,200,6231.46,
2026-09-11T18:16:12.142720+00:00,200,73092.59,
2026-09-11T18:16:59.695639+00:00,200,25541.69,
2026-09-11T18:17:17.709903+00:00,200,7548.47,
2026-09-11T18:17:22.900739+00:00,200,2366.68,
2026-09-11T18:17:15.009749+00:00,200,10300.47,
2026-09-11T18:17:22.522894+00:00,200,2826.62,
2026-09-11T18:16:59.526418+00:00,200,25837.73,
2026-09-11T18:16:32.764586+00:00,200,52625.36,
2026-09-11T18:17:16.454274+00:00,200,8940.01,
2026-09-11T18:17:12.280647+00:00,200,13119.56,
2026-09-11T18:17:06.715945+00:00,200,18689.41,
2026-09-11T18:17:17.146260+00:00,200,8264.04,
2026-09-11T18:17:22.230506+00:00,200,3195.16,
2026-09-11T18:17:00.045592+00:00,200,25383.35,
2026-09-11T18:17:24.736268+00:00,200,695.45,
2026-09-11T18:17:20.004075+00:00,200,5431.42,
2026-09-11T18:17:17.223200+00:00,200,8221.15,
2026-09-11T18:16:48.898634+00:00,200,36548.25,
2026-09-11T18:17:25.235329+00:00,200,214.64,
2026-09-11T18:16:41.002811+00:00,200,44483.16,
2026-09-11T18:17:18.160256+00:00,200,7331.43,
2026-09-11T18:16:36.891480+00:00,200,48614.77,
2026-09-11T18:16:58.255512+00:00,200,27285.17,
2026-09-11T18:17:08.279330+00:00,200,17281.9,
2026-09-11T18:16:48.657147+00:00,200,36915.29,
2026-09-11T18:17:07.608231+00:00,200,17967.6,
2026-09-11T18:17:25.364162+00:00,200,226.92,
2026-09-11T18:17:12.687143+00:00,200,12908.35,
2026-09-11T18:17:14.013878+00:00,200,11603.29,
2026-09-11T18:16:40.811292+00:00,200,44857.13,
2026-09-11T18:16:52.880088+00:00,200,32800.12,
2026-09-11T18:17:23.857602+00:00,200,1829.0,
2026-09-11T18:17:21.544902+00:00,200,4144.72,
2026-09-11T18:17:06.052999+00:00,200,19640.53,
2026-09-11T18:16:58.156528+00:00,200,27551.15,
2026-09-11T18:16:55.661023+00:00,200,30053.54,
2026-09-11T18:17:06.662483+00:00,200,19054.89,
2026-09-11T18:17:23.211121+00:00,200,2510.28,
2026-09-11T18:17:20.746620+00:00,200,4990.39,
2026-09-11T18:16:35.104712+00:00,200,50646.34,
2026-09-11T18:17:15.882890+00:00,200,9870.48,
2026-09-11T18:17:22.967886+00:00,200,2824.36,
2026-09-11T18:17:03.534307+00:00,200,22268.35,
2026-09-11T18:17:08.839564+00:00,200,16989.65,
2026-09-11T18:17:10.738963+00:00,200,15099.72,
2026-09-11T18:17:23.133287+00:00,200,2720.97,
2026-09-11T18:17:17.126652+00:00,200,8744.42,
2026-09-11T18:16:41.263507+00:00,200,44634.35,
2026-09-11T18:17:21.800503+00:00,200,4119.64,
2026-09-11T18:17:25.491697+00:00,200,430.71,
2026-09-11T18:17:20.738463+00:00,200,5191.92,
2026-09-11T18:17:18.252350+00:00,200,7725.22,
2026-09-11T18:17:19.571503+00:00,200,6437.55,
2026-09-11T18:17:19.574399+00:00,200,6441.64,
2026-09-11T18:16:55.836242+00:00,200,30182.8,
2026-09-11T18:17:20.260593+00:00,200,5760.4,
2026-09-11T18:17:20.694538+00:00,200,5370.06,
2026-09-11T18:17:16.123109+00:00,200,9970.97,
2026-09-11T18:17:21.149132+00:00,200,4954.92,
2026-09-11T18:16:30.404680+00:00,200,55710.95,
2026-09-11T18:16:56.685909+00:00,200,29449.42,
2026-09-11T18:16:47.179611+00:00,200,38961.06,
2026-09-11T18:16:41.744243+00:00,200,44401.62,
2026-09-11T18:16:38.999780+00:00,200,47154.15,
2026-09-11T18:17:22.312653+00:00,200,3845.0,
2026-09-11T18:17:14.125307+00:00,200,12082.29,
2026-09-11T18:16:58.054644+00:00,200,28182.29,
2026-09-11T18:17:16.836681+00:00,200,9407.74,
2026-09-11T18:16:32.142200+00:00,200,54109.48,
2026-09-11T18:17:14.055083+00:00,200,12205.65,
2026-09-11T18:17:21.146613+00:00,200,5130.73,
2026-09-11T18:17:15.868819+00:00,200,10411.24,
2026-09-11T18:17:15.990490+00:00,200,10317.26,
2026-09-11T18:17:06.802891+00:00,200,19507.88,
2026-09-11T18:16:49.459006+00:00,200,36859.56,
2026-09-11T18:17:18.852873+00:00,200,7503.05,
2026-09-11T18:17:19.016640+00:00,200,7341.93,
2026-09-11T18:16:55.578522+00:00,200,30781.79,
2026-09-11T18:16:35.899616+00:00,200,50473.41,
2026-09-11T18:17:17.687271+00:00,200,8696.83,
2026-09-11T18:17:26.145873+00:00,200,255.28,
2026-09-11T18:17:19.007356+00:00,200,7407.86,
2026-09-11T18:17:24.727758+00:00,200,1735.78,
2026-09-11T18:17:16.728475+00:00,200,9743.54,
2026-09-11T18:16:46.296113+00:00,200,40193.0,
2026-09-11T18:17:22.986980+00:00,200,3505.59,
2026-09-11T18:17:13.451874+00:00,200,13044.23,
2026-09-11T18:17:24.021839+00:00,200,2480.19,
2026-09-11T18:17:17.484383+00:00,200,9029.4,
2026-09-11T18:17:20.058210+00:00,200,6479.28,
2026-09-11T18:17:10.636226+00:00,200,15903.67,
2026-09-11T18:17:16.607904+00:00,200,9934.72,
2026-09-11T18:16:40.686952+00:00,200,45881.15,
2026-09-11T18:17:20.711004+00:00,200,5865.99,
2026-09-11T18:17:24.604378+00:00,200,1988.79,
2026-09-11T18:16:31.838025+00:00,200,54774.72,
2026-09-11T18:17:02.627652+00:00,200,23999.87,
2026-09-11T18:16:49.865988+00:00,200,36766.41,
2026-09-11T18:17:22.538026+00:00,200,4106.04,
2026-09-11T18:16:57.680556+00:00,200,28990.16,
2026-09-11T18:17:01.339158+00:00,200,25343.93,
2026-09-11T18:16:51.356007+00:00,200,35337.58,
2026-09-11T18:17:20.183240+00:00,200,6512.86,
2026-09-11T18:17:21.238857+00:00,200,5467.75,
2026-09-11T18:17:10.501661+00:00,200,16210.76,
2026-09-11T18:16:59.246731+00:00,200,27475.68,
2026-09-11T18:17:17.848443+00:00,200,8888.14,
2026-09-11T18:17:26.537499+00:00,200,230.94,
2026-09-11T18:17:19.468793+00:00,200,7328.07,
2026-09-11T18:17:21.189786+00:00,200,5615.87,
2026-09-11T18:17:19.653782+00:00,200,7178.28,
2026-09-11T18:17:20.607521+00:00,200,6228.76,
2026-09-11T18:17:13.108723+00:00,200,13771.14,
2026-09-11T18:17:06.017352+00:00,200,20869.87,
2026-09-11T18:16:59.266229+00:00,200,27638.04,
2026-09-11T18:17:07.206870+00:00,200,19701.13,
2026-09-11T18:17:25.074595+00:00,200,1839.03,
2026-09-11T18:17:23.209804+00:00,200,3741.94,
2026-09-11T18:17:21.817492+00:00,200,5159.56,
2026-09-11T18:17:17.138856+00:00,200,9842.11,
2026-09-11T18:17:19.624931+00:00,200,7359.02,
2026-09-11T18:16:42.663630+00:00,200,44335.41,
2026-09-11T18:17:26.768514+00:00,200,254.2,
2026-09-11T18:16:33.254334+00:00,200,53790.12,
2026-09-11T18:17:21.820168+00:00,200,5232.95,
2026-09-11T18:17:26.135338+00:00,200,944.93,
2026-09-11T18:16:49.511878+00:00,200,37574.38,
2026-09-11T18:17:10.413847+00:00,200,16675.0,
2026-09-11T18:17:18.839536+00:00,200,8258.4,
2026-09-11T18:16:43.157468+00:00,200,43950.05,
2026-09-11T18:17:22.785765+00:00,200,4338.01,
2026-09-11T18:17:16.585101+00:00,200,10566.15,
2026-09-11T18:16:47.753890+00:00,200,39422.11,
2026-09-11T18:16:47.145909+00:00,200,40034.58,
2026-09-11T18:17:26.463551+00:00,200,722.78,
2026-09-11T18:17:19.692299+00:00,200,7496.97,
2026-09-11T18:17:09.677814+00:00,200,17523.2,
2026-09-11T18:17:12.090715+00:00,200,15112.22,
2026-09-11T18:17:06.274632+00:00,200,20937.83,
2026-09-11T18:17:23.113632+00:00,200,4114.0,
2026-09-11T18:16:50.197486+00:00,200,37038.69,
2026-09-11T18:17:25.202307+00:00,200,2046.42,
2026-09-11T18:17:18.330980+00:00,200,8924.39,
2026-09-11T18:17:00.890845+00:00,200,26381.45,
2026-09-11T18:17:21.311223+00:00,200,5963.41,
2026-09-11T18:17:16.653894+00:00,200,10660.98,
2026-09-11T18:17:11.658157+00:00,200,15658.73,
2026-09-11T18:17:22.969199+00:00,200,4351.86,
2026-09-11T18:17:21.422688+00:00,200,5917.17,
2026-09-11T18:17:19.011759+00:00,200,8332.16,
2026-09-11T18:17:21.231784+00:00,200,6164.55,
2026-09-11T18:17:16.371457+00:00,200,11053.44,
2026-09-11T18:17:16.056147+00:00,200,11373.52,
2026-09-11T18:16:54.146611+00:00,200,33292.15,
2026-09-11T18:16:33.402361+00:00,200,54057.54,
2026-09-11T18:17:06.251378+00:00,200,21222.55,
2026-09-11T18:16:42.950797+00:00,200,44556.03,
2026-09-11T18:17:13.543539+00:00,200,13969.17,
2026-09-11T18:17:21.736182+00:00,200,5782.36,
2026-09-11T18:17:00.620045+00:00,200,26901.85,
2026-09-11T18:17:22.221717+00:00,200,5305.03,
2026-09-11T18:17:13.194418+00:00,200,14374.75,
2026-09-11T18:17:19.277973+00:00,200,8311.89,
2026-09-11T18:17:12.456067+00:00,200,15136.89,
2026-09-11T18:17:10.114678+00:00,200,17480.95,
2026-09-11T18:16:52.687142+00:00,200,34914.89,
2026-09-11T18:17:27.314939+00:00,200,289.02,
2026-09-11T18:17:26.472024+00:00,200,1141.97,
2026-09-11T18:16:59.693831+00:00,200,27924.37,
2026-09-11T18:17:09.775007+00:00,200,17927.38,
2026-09-11T18:16:58.998357+00:00,200,28716.94,
2026-09-11T18:17:12.827884+00:00,200,14917.65,
2026-09-11T18:17:21.369617+00:00,200,6381.92,
2026-09-11T18:17:20.035079+00:00,200,7737.7,
2026-09-11T18:17:27.569184+00:00,200,213.77,
2026-09-11T18:17:20.235803+00:00,200,7569.88,
2026-09-11T18:17:23.643563+00:00,200,4174.8,
2026-09-11T18:17:18.922554+00:00,200,8907.9,
2026-09-11T18:17:25.802677+00:00,200,2036.0,
2026-09-11T18:16:44.043915+00:00,200,43805.36,
2026-09-11T18:17:20.728294+00:00,200,7128.09,
2026-09-11T18:17:25.591086+00:00,200,2307.6,
2026-09-11T18:17:27.321065+00:00,200,589.14,
2026-09-11T18:17:15.155013+00:00,200,12759.21,
2026-09-11T18:17:13.628483+00:00,200,14307.5,
2026-09-11T18:16:48.763528+00:00,200,39174.53,
2026-09-11T18:17:07.821542+00:00,200,20119.94,
2026-09-11T18:17:02.552327+00:00,200,25408.24,
2026-09-11T18:17:21.896772+00:00,200,6070.88,
2026-09-11T18:17:19.693638+00:00,200,8298.74,
2026-09-11T18:17:24.116441+00:00,200,3882.69,
2026-09-11T18:17:19.023030+00:00,200,8983.5,
2026-09-11T18:17:25.237336+00:00,200,2776.04,
2026-09-11T18:17:20.068680+00:00,200,7946.39,
2026-09-11T18:17:23.669947+00:00,200,4351.48,
2026-09-11T18:17:17.294969+00:00,200,10730.27,
2026-09-11T18:16:49.851645+00:00,200,38223.87,
2026-09-11T18:17:09.790672+00:00,200,18305.4,
2026-09-11T18:17:22.263780+00:00,200,5841.84,
2026-09-11T18:17:15.832666+00:00,200,12279.01,
2026-09-11T18:17:20.677557+00:00,200,7445.83,
2026-09-11T18:17:18.003578+00:00,200,10126.58,
2026-09-11T18:17:23.614328+00:00,200,4544.31,
2026-09-11T18:17:23.658166+00:00,200,4502.53,
2026-09-11T18:17:09.121808+00:00,200,19068.8,
2026-09-11T18:17:20.000194+00:00,200,8205.79,
2026-09-11T18:17:10.238165+00:00,200,17990.68,
2026-09-11T18:17:14.664401+00:00,200,13570.6,
2026-09-11T18:17:10.766946+00:00,200,17476.55,
2026-09-11T18:17:19.336531+00:00,200,8922.29,
2026-09-11T18:17:01.830646+00:00,200,26430.77,
2026-09-11T18:17:07.246540+00:00,200,21026.92,
2026-09-11T18:17:23.189166+00:00,200,5086.23,
2026-09-11T18:17:23.821143+00:00,200,4456.12,
2026-09-11T18:17:16.244620+00:00,200,12042.32,
2026-09-11T18:17:12.558836+00:00,200,15754.18,
2026-09-11T18:17:09.905849+00:00,200,18416.06,
2026-09-11T18:17:01.179154+00:00,200,27152.68,
2026-09-11T18:17:21.507691+00:00,200,6836.34,
2026-09-11T18:17:17.617362+00:00,200,10728.72,
2026-09-11T18:16:46.146500+00:00,200,42206.59,
2026-09-11T18:17:08.566588+00:00,200,19808.11,
2026-09-11T18:17:08.826373+00:00,200,19550.51,
2026-09-11T18:17:23.551244+00:00,200,4837.33,
2026-09-11T18:16:43.855137+00:00,200,44543.61,
2026-09-11T18:17:15.795302+00:00,200,12646.38,
2026-09-11T18:16:43.433806+00:00,200,45021.93,
2026-09-11T18:17:22.769419+00:00,200,5703.31,
2026-09-11T18:16:48.458883+00:00,200,40023.0,
2026-09-11T18:17:14.815019+00:00,200,13675.03,
2026-09-11T18:17:17.834266+00:00,200,10689.51,
2026-09-11T18:17:19.168391+00:00,200,9366.48,
2026-09-11T18:17:17.040804+00:00,200,11519.02,
2026-09-11T18:16:58.314817+00:00,200,30250.11,
2026-09-11T18:17:21.842335+00:00,200,6738.16,
2026-09-11T18:17:06.210210+00:00,200,22400.71,
2026-09-11T18:17:22.358355+00:00,200,6259.54,
2026-09-11T18:17:09.160308+00:00,200,19462.66,
2026-09-11T18:17:14.192088+00:00,200,14438.86,
2026-09-11T18:17:25.871084+00:00,200,2767.23,
2026-09-11T18:17:22.815074+00:00,200,5827.54,
2026-09-11T18:17:13.906804+00:00,200,14779.55,
2026-09-11T18:16:48.946950+00:00,200,39741.06,
2026-09-11T18:16:50.730310+00:00,200,37968.58,
2026-09-11T18:17:22.366912+00:00,200,6334.06,
2026-09-11T18:17:18.493811+00:00,200,10215.32,
2026-09-11T18:17:17.023451+00:00,200,11688.45,
2026-09-11T18:16:43.583203+00:00,200,45168.28,
2026-09-11T18:17:14.376966+00:00,200,14382.64,
2026-09-11T18:17:14.435308+00:00,200,14330.03,
2026-09-11T18:17:18.453328+00:00,200,10314.46,
2026-09-11T18:17:20.268872+00:00,200,8504.87,
2026-09-11T18:17:20.776891+00:00,200,8008.63,
2026-09-11T18:17:10.897322+00:00,200,17892.24,
2026-09-11T18:17:06.394026+00:00,200,22404.33,
2026-09-11T18:17:06.973646+00:00,200,21836.92,
2026-09-11T18:17:18.750529+00:00,200,10084.06,
2026-09-11T18:17:27.248745+00:00,200,1599.04,
2026-09-11T18:17:05.183455+00:00,200,23667.76,
2026-09-11T18:17:25.485984+00:00,200,3380.01,
2026-09-11T18:17:20.887557+00:00,200,7986.96,
2026-09-11T18:17:22.381637+00:00,200,6525.72,
2026-09-11T18:17:26.712435+00:00,200,2197.71,
2026-09-11T18:17:12.776208+00:00,200,16148.65,
2026-09-11T18:16:55.605230+00:00,200,33329.05,
2026-09-11T18:16:37.665029+00:00,200,51271.17,
2026-09-11T18:16:56.850678+00:00,200,32094.96,
2026-09-11T18:17:18.883533+00:00,200,10074.36,
2026-09-11T18:17:21.975696+00:00,200,6991.58,
2026-09-11T18:17:24.166607+00:00,200,4803.31,
2026-09-11T18:17:24.943622+00:00,200,4031.08,
2026-09-11T18:17:28.798366+00:00,200,178.27,
2026-09-11T18:16:41.655997+00:00,200,47326.5,
2026-09-11T18:17:19.363188+00:00,200,9631.23,
2026-09-11T18:17:12.262016+00:00,200,16754.43,
2026-09-11T18:16:57.843230+00:00,200,31204.72,
2026-09-11T18:17:20.672079+00:00,200,8379.57,
2026-09-11T18:17:16.757869+00:00,200,12304.69,
2026-09-11T18:17:20.856917+00:00,200,8215.3,
2026-09-11T18:16:52.046052+00:00,200,37029.02,
2026-09-11T18:17:23.497138+00:00,200,5581.97,
2026-09-11T18:17:22.349073+00:00,200,6738.76,
2026-09-11T18:17:20.320370+00:00,200,8777.77,
2026-09-11T18:17:07.632328+00:00,200,21477.21,
2026-09-11T18:17:10.886968+00:00,200,18239.26,
2026-09-11T18:16:41.901470+00:00,200,47227.39,
2026-09-11T18:17:25.310237+00:00,200,3850.83,
2026-09-11T18:17:03.877889+00:00,200,25286.32,
2026-09-11T18:17:12.401546+00:00,200,16777.09,
2026-09-11T18:17:01.987903+00:00,200,27192.19,
2026-09-11T18:17:22.442460+00:00,200,6762.74,
2026-09-11T18:17:17.667401+00:00,200,11550.96,
2026-09-11T18:16:57.217016+00:00,200,32006.58,
2026-09-11T18:17:19.315559+00:00,200,9916.85,
2026-09-11T18:16:40.931461+00:00,200,48303.06,
2026-09-11T18:17:26.358583+00:00,200,2882.88,
2026-09-11T18:16:44.908116+00:00,200,44344.97,
2026-09-11T18:17:20.100692+00:00,200,9164.57,
2026-09-11T18:17:16.894971+00:00,200,12395.29,
2026-09-11T18:17:26.904275+00:00,200,2388.82,
2026-09-11T18:17:04.002177+00:00,200,25296.76,
2026-09-11T18:17:19.193222+00:00,200,10112.66,
2026-09-11T18:17:17.135223+00:00,200,12171.92,
2026-09-11T18:16:46.100293+00:00,200,43215.46,
2026-09-11T18:17:25.680226+00:00,200,3640.13,
2026-09-11T18:17:18.713431+00:00,200,10610.26,
2026-09-11T18:17:26.577002+00:00,200,2749.87,
2026-09-11T18:17:27.772787+00:00,200,1558.61,
2026-09-11T18:17:03.191447+00:00,200,26149.03,
2026-09-11T18:16:50.585888+00:00,200,38758.74,
2026-09-11T18:17:18.902395+00:00,200,10477.36,
2026-09-11T18:17:23.222700+00:00,200,6191.36,
2026-09-11T18:17:17.120763+00:00,200,12298.93,
2026-09-11T18:16:43.880219+00:00,200,45549.95,
2026-09-11T18:17:09.747590+00:00,200,19689.96,
2026-09-11T18:17:09.641424+00:00,200,19797.56,
2026-09-11T18:17:19.879595+00:00,200,9568.09,
2026-09-11T18:17:21.480925+00:00,200,7986.28,
2026-09-11T18:17:04.749086+00:00,200,24732.24,
2026-09-11T18:16:45.262580+00:00,200,44239.29,
2026-09-11T18:17:25.004274+00:00,200,4505.22,
2026-09-11T18:17:28.564935+00:00,200,960.13,
2026-09-11T18:17:18.312576+00:00,200,11217.59,
2026-09-11T18:17:06.178194+00:00,200,23365.44,
2026-09-11T18:16:34.927894+00:00,200,54618.4,
2026-09-11T18:17:15.846197+00:00,200,13707.17,
2026-09-11T18:17:19.270059+00:00,200,10292.92,
2026-09-11T18:17:27.518553+00:00,200,2051.67,
2026-09-11T18:17:26.722420+00:00,200,2849.08,
2026-09-11T18:17:19.374391+00:00,200,10199.76,
2026-09-11T18:17:22.123373+00:00,200,7470.98,
2026-09-11T18:17:11.589167+00:00,200,18028.2,
2026-09-11T18:17:18.027812+00:00,200,11610.03,
2026-09-11T18:17:04.142997+00:00,200,25496.1,
2026-09-11T18:17:11.033678+00:00,200,18638.02,
2026-09-11T18:17:26.879882+00:00,200,2794.91,
2026-09-11T18:17:15.304988+00:00,200,14379.96,
2026-09-11T18:16:41.532019+00:00,200,48158.68,
2026-09-11T18:17:19.382789+00:00,200,10312.27,
2026-09-11T18:17:13.748122+00:00,200,15960.18,
2026-09-11T18:16:50.247880+00:00,200,39463.53,
2026-09-11T18:17:08.164209+00:00,200,21555.07,
2026-09-11T18:17:24.549642+00:00,200,5178.35,
2026-09-11T18:17:13.360923+00:00,200,16369.2,
2026-09-11T18:17:17.690077+00:00,200,12043.71,
2026-09-11T18:17:26.244431+00:00,200,3503.87,
2026-09-11T18:17:14.575591+00:00,200,15181.68,
2026-09-11T18:17:21.173081+00:00,200,8590.67,
2026-09-11T18:17:23.134539+00:00,200,6634.85,
2026-09-11T18:17:22.579062+00:00,200,7206.42,
2026-09-11T18:17:10.764690+00:00,200,19025.37,
2026-09-11T18:16:55.088791+00:00,200,34743.71,
2026-09-11T18:17:18.442966+00:00,200,11393.84,
2026-09-11T18:17:19.155330+00:00,200,10688.04,
2026-09-11T18:17:29.525072+00:00,200,338.53,
2026-09-11T18:17:20.758572+00:00,200,9115.79,
2026-09-11T18:16:59.278451+00:00,200,30597.5,
2026-09-11T18:17:22.201597+00:00,200,7681.34,
2026-09-11T18:17:13.880909+00:00,200,16004.04,
2026-09-11T18:16:48.409708+00:00,200,41490.04,
2026-09-11T18:17:23.048010+00:00,200,6889.34,
2026-09-11T18:17:24.646063+00:00,200,5315.45,
2026-09-11T18:17:22.003708+00:00,200,7960.7,
2026-09-11T18:16:52.919408+00:00,200,37055.59,
2026-09-11T18:17:05.473584+00:00,200,24505.86,
2026-09-11T18:17:17.945912+00:00,200,12038.58,
2026-09-11T18:17:03.696306+00:00,200,26303.65,
2026-09-11T18:17:26.593182+00:00,200,3409.22,
2026-09-11T18:16:43.680190+00:00,200,46324.34,
2026-09-11T18:16:59.788021+00:00,200,30232.28,
2026-09-11T18:17:20.020795+00:00,200,10003.1,
2026-09-11T18:17:17.540961+00:00,200,12509.65,
2026-09-11T18:16:44.783334+00:00,200,45278.31,
2026-09-11T18:17:29.863610+00:00,200,208.04,
2026-09-11T18:17:18.099263+00:00,200,11995.18,
2026-09-11T18:17:26.260744+00:00,200,3836.12,
2026-09-11T18:17:22.955272+00:00,200,7166.61,
2026-09-11T18:17:25.829234+00:00,200,4299.81,
2026-09-11T18:17:03.981675+00:00,200,26149.8,
2026-09-11T18:17:00.846161+00:00,200,29304.82,
2026-09-11T18:17:22.045686+00:00,200,8107.44,
2026-09-11T18:17:01.883925+00:00,200,28271.05,
2026-09-11T18:16:31.877981+00:00,200,58279.12,
2026-09-11T18:17:21.116041+00:00,200,9044.72,
2026-09-11T18:17:16.216623+00:00,200,13951.48,
2026-09-11T18:17:06.147211+00:00,200,24040.49,
2026-09-11T18:16:56.420760+00:00,200,33769.46,
2026-09-11T18:16:46.049447+00:00,200,44143.85,
2026-09-11T18:17:14.303458+00:00,200,15894.39,
2026-09-11T18:17:26.236956+00:00,200,4012.27,
2026-09-11T18:17:11.200446+00:00,200,19059.66,
2026-09-11T18:16:46.447120+00:00,200,43815.7,
2026-09-11T18:17:23.237915+00:00,200,7030.08,
2026-09-11T18:16:23.511143+00:00,200,66767.22,
2026-09-11T18:17:18.207952+00:00,200,12083.0,
2026-09-11T18:17:28.638319+00:00,200,1655.4,
2026-09-11T18:17:06.462955+00:00,200,23880.44,
2026-09-11T18:17:25.389957+00:00,200,4957.52,
2026-09-11T18:17:29.763765+00:00,200,593.43,
2026-09-11T18:16:45.961799+00:00,200,44408.63,
2026-09-11T18:17:28.847801+00:00,200,1524.6,
2026-09-11T18:17:14.807763+00:00,200,15570.76,
2026-09-11T18:17:24.105045+00:00,200,6290.83,
2026-09-11T18:17:29.379780+00:00,200,1024.32,
2026-09-11T18:17:17.829946+00:00,200,12577.55,
2026-09-11T18:17:27.459922+00:00,200,2964.67,
2026-09-11T18:17:17.702176+00:00,200,12732.6,
2026-09-11T18:17:24.491986+00:00,200,5945.17,
2026-09-11T18:17:10.494684+00:00,200,19958.07,
2026-09-11T18:17:28.490111+00:00,200,1979.5,
2026-09-11T18:17:09.098762+00:00,200,21376.52,
2026-09-11T18:17:07.134558+00:00,200,23343.83,
2026-09-11T18:17:10.527531+00:00,200,19975.33,
2026-09-11T18:16:51.304695+00:00,200,39241.0,
2026-09-11T18:17:20.566634+00:00,200,10012.37,
2026-09-11T18:17:19.026393+00:00,200,11563.44,
2026-09-11T18:17:18.371338+00:00,200,12222.6,
2026-09-11T18:17:15.542764+00:00,200,15070.27,
2026-09-11T18:17:22.277628+00:00,200,8345.07,
2026-09-11T18:17:10.135326+00:00,200,20490.12,
2026-09-11T18:17:23.597012+00:00,200,7031.83,
2026-09-11T18:16:33.339681+00:00,200,57291.24,
2026-09-11T18:17:20.682071+00:00,200,9952.55,
2026-09-11T18:17:05.627032+00:00,200,25022.25,
2026-09-11T18:16:50.222608+00:00,200,40442.5,
2026-09-11T18:17:28.765348+00:00,200,1907.27,
2026-09-11T18:17:29.253098+00:00,200,1421.93,
2026-09-11T18:17:24.204471+00:00,200,6481.95,
2026-09-11T18:17:16.322323+00:00,200,14366.84,
2026-09-11T18:17:30.190228+00:00,200,508.4,
2026-09-11T18:17:26.832075+00:00,200,3870.4,
2026-09-11T18:16:58.057057+00:00,200,32648.95,
2026-09-11T18:17:06.341691+00:00,200,24370.34,
2026-09-11T18:16:29.131774+00:00,200,61623.7,
2026-09-11T18:16:53.065585+00:00,200,37708.83,
2026-09-11T18:17:30.622705+00:00,200,164.14,
2026-09-11T18:17:22.575791+00:00,200,8218.34,
2026-09-11T18:17:10.080676+00:00,200,20731.93,
2026-09-11T18:17:26.094091+00:00,200,4736.1,
2026-09-11T18:17:16.889265+00:00,200,13946.33,
2026-09-11T18:17:18.561447+00:00,200,12281.06,
2026-09-11T18:17:04.038767+00:00,200,26805.29,
2026-09-11T18:17:24.865748+00:00,200,5989.57,
2026-09-11T18:16:25.453221+00:00,200,65406.89,
2026-09-11T18:17:26.568115+00:00,200,4301.1,
2026-09-11T18:17:13.911931+00:00,200,16958.52,
2026-09-11T18:17:30.020308+00:00,200,864.22,
2026-09-11T18:17:29.690715+00:00,200,1216.06,
2026-09-11T18:16:32.934674+00:00,200,57983.93,
2026-09-11T18:17:26.019045+00:00,200,4912.19,
2026-09-11T18:17:22.261894+00:00,200,8675.46,
2026-09-11T18:17:16.382443+00:00,200,14560.53,
2026-09-11T18:17:25.449978+00:00,200,5504.21,
2026-09-11T18:17:23.103461+00:00,200,7859.44,
2026-09-11T18:17:20.242784+00:00,200,10738.9,
2026-09-11T18:17:05.718306+00:00,200,25270.5,
2026-09-11T18:16:42.860225+00:00,200,48134.91,
2026-09-11T18:17:06.688950+00:00,200,24312.34,
2026-09-11T18:17:26.913630+00:00,200,4091.48,
2026-09-11T18:17:26.140681+00:00,200,4870.61,
2026-09-11T18:17:30.830206+00:00,200,189.16,
2026-09-11T18:17:30.835601+00:00,200,188.5,
2026-09-11T18:16:38.403838+00:00,200,52621.42,
2026-09-11T18:17:29.320366+00:00,200,1735.08,
2026-09-11T18:16:55.022856+00:00,200,36036.81,
2026-09-11T18:17:27.212466+00:00,200,3855.79,
2026-09-11T18:17:02.657854+00:00,200,28425.77,
2026-09-11T18:17:29.265271+00:00,200,1829.18,
2026-09-11T18:17:23.656175+00:00,200,7448.57,
2026-09-11T18:16:55.907636+00:00,200,35207.16,
2026-09-11T18:17:24.558562+00:00,200,6567.06,
2026-09-11T18:17:23.778982+00:00,200,7348.04,
2026-09-11T18:17:10.301777+00:00,200,20826.61,
2026-09-11T18:17:25.617173+00:00,200,5530.71,
2026-09-11T18:17:20.925434+00:00,200,10225.54,
2026-09-11T18:17:15.225172+00:00,200,15950.22,
2026-09-11T18:16:59.330198+00:00,200,31846.57,
2026-09-11T18:17:27.856390+00:00,200,3337.28,
2026-09-11T18:16:38.741187+00:00,200,52459.39,
2026-09-11T18:17:24.815408+00:00,200,6386.86,
2026-09-11T18:17:30.452768+00:00,200,788.76,
2026-09-11T18:16:57.461244+00:00,200,33789.39,
2026-09-11T18:16:28.499271+00:00,200,62759.43,
2026-09-11T18:17:26.064616+00:00,200,5203.59,
2026-09-11T18:17:31.083631+00:00,200,190.93,
2026-09-11T18:16:41.723060+00:00,200,49567.49,
2026-09-11T18:17:18.407740+00:00,200,12886.07,
2026-09-11T18:17:08.769303+00:00,200,22526.41,
2026-09-11T18:17:29.543648+00:00,200,1754.58,
2026-09-11T18:17:22.823230+00:00,200,8476.32,
2026-09-11T18:17:25.689627+00:00,200,5617.61,
2026-09-11T18:17:31.147896+00:00,200,172.28,
2026-09-11T18:16:59.546143+00:00,200,31781.95,
2026-09-11T18:17:16.610271+00:00,200,14738.19,
2026-09-11T18:17:11.404678+00:00,200,19963.92,
2026-09-11T18:17:29.553375+00:00,200,1837.56,
2026-09-11T18:17:21.378607+00:00,200,10016.38,
2026-09-11T18:17:03.074318+00:00,200,28322.46,
2026-09-11T18:17:28.190623+00:00,200,3216.22,
2026-09-11T18:17:13.561698+00:00,200,17853.61,
2026-09-11T18:16:57.697563+00:00,200,33724.99,
2026-09-11T18:17:22.108863+00:00,200,9326.34,
2026-09-11T18:17:30.665123+00:00,200,777.33,
2026-09-11T18:17:01.428548+00:00,200,30016.29,
2026-09-11T18:17:30.153133+00:00,200,1305.13,
2026-09-11T18:17:21.459866+00:00,200,10027.9,
2026-09-11T18:17:25.410307+00:00,200,6084.27,
2026-09-11T18:17:24.784167+00:00,200,6714.73,
2026-09-11T18:17:21.826269+00:00,200,9680.53,
2026-09-11T18:17:26.277360+00:00,200,5232.2,
2026-09-11T18:17:30.187713+00:00,200,1326.51,
2026-09-11T18:17:30.004540+00:00,200,1516.7,
2026-09-11T18:17:04.600870+00:00,200,26936.71,
2026-09-11T18:16:52.726922+00:00,200,38818.69,
2026-09-11T18:17:22.864565+00:00,200,8688.77,
2026-09-11T18:17:20.484197+00:00,200,11071.25,
2026-09-11T18:17:26.612759+00:00,200,4950.53,
2026-09-11T18:16:26.966831+00:00,200,64608.38,
2026-09-11T18:17:09.777680+00:00,200,21804.68,
2026-09-11T18:17:23.790340+00:00,200,7793.3,
2026-09-11T18:17:23.449310+00:00,200,8146.15,
2026-09-11T18:16:42.411527+00:00,200,49221.74,
2026-09-11T18:17:15.475263+00:00,200,16160.54,
2026-09-11T18:17:27.272264+00:00,200,4393.8,
2026-09-11T18:17:23.996702+00:00,200,7673.05,
2026-09-11T18:17:26.706615+00:00,200,4965.81,
2026-09-11T18:17:20.015641+00:00,200,11664.65,
2026-09-11T18:16:36.301886+00:00,200,55381.32,
2026-09-11T18:16:45.566105+00:00,200,46123.15,
2026-09-11T18:17:27.255380+00:00,200,4435.96,
2026-09-11T18:17:31.555464+00:00,200,142.34,
2026-09-11T18:17:31.299555+00:00,200,434.09,
2026-09-11T18:17:16.449077+00:00,200,15303.66,
2026-09-11T18:17:17.752853+00:00,200,14004.88,
2026-09-11T18:16:30.700350+00:00,200,61074.37,
2026-09-11T18:17:28.376887+00:00,200,3418.2,
2026-09-11T18:16:55.708860+00:00,200,36115.39,
2026-09-11T18:16:31.364192+00:00,200,60462.93,
2026-09-11T18:17:23.538409+00:00,200,8295.56,
2026-09-11T18:17:20.526443+00:00,200,11310.01,
2026-09-11T18:17:08.407611+00:00,200,23443.72,
2026-09-11T18:17:17.336596+00:00,200,14521.06,
2026-09-11T18:17:19.001465+00:00,200,12858.8,
2026-09-11T18:17:15.343169+00:00,200,16520.12,
2026-09-11T18:16:54.672176+00:00,200,37205.42,
2026-09-11T18:17:29.975007+00:00,200,1919.87,
2026-09-11T18:17:29.711419+00:00,200,2188.4,
2026-09-11T18:16:21.856406+00:00,200,70055.53,
2026-09-11T18:17:16.901602+00:00,200,15017.19,
2026-09-11T18:17:19.377552+00:00,200,12553.45,
2026-09-11T18:17:27.429677+00:00,200,4525.18,
2026-09-11T18:16:58.087612+00:00,200,33872.07,
2026-09-11T18:16:34.071565+00:00,200,57904.83,
2026-09-11T18:17:24.732076+00:00,200,7251.62,
2026-09-11T18:17:22.816447+00:00,200,9181.53,
2026-09-11T18:17:27.180498+00:00,200,4823.32,
2026-09-11T18:16:36.516767+00:00,200,55513.0,
2026-09-11T18:16:53.254442+00:00,200,38780.46,
2026-09-11T18:17:00.122353+00:00,200,31914.52,
2026-09-11T18:16:31.849961+00:00,200,60199.19,
2026-09-11T18:17:26.693601+00:00,200,5370.52,
2026-09-11T18:17:23.549567+00:00,200,8522.79,
2026-09-11T18:17:09.910796+00:00,200,22178.14,
2026-09-11T18:17:29.594366+00:00,200,2510.88,
2026-09-11T18:17:23.628942+00:00,200,8490.32,
2026-09-11T18:16:42.954865+00:00,200,49166.92,
2026-09-11T18:17:20.850580+00:00,200,11274.29,
2026-09-11T18:17:31.954876+00:00,200,171.94,
2026-09-11T18:17:21.168501+00:00,200,10978.61,
2026-09-11T18:17:27.176017+00:00,200,4999.16,
2026-09-11T18:17:15.422967+00:00,200,16775.74,
2026-09-11T18:16:32.476497+00:00,200,59737.6,
2026-09-11T18:17:09.705582+00:00,200,22509.88,
2026-09-11T18:17:26.373041+00:00,200,5844.39,
2026-09-11T18:17:06.075828+00:00,200,26145.79,
2026-09-11T18:17:17.317308+00:00,200,14921.79,
2026-09-11T18:17:17.403129+00:00,200,14839.1,
2026-09-11T18:17:20.992902+00:00,200,11254.14,
2026-09-11T18:17:19.355349+00:00,200,12894.58,
2026-09-11T18:17:23.535459+00:00,200,8718.86,
2026-09-11T18:17:23.219002+00:00,200,9050.43,
2026-09-11T18:16:32.023866+00:00,200,60259.25,
2026-09-11T18:17:28.945640+00:00,200,3346.01,
2026-09-11T18:17:14.179334+00:00,200,18113.84,
2026-09-11T18:17:15.417900+00:00,200,16888.21,
2026-09-11T18:17:07.914711+00:00,200,24398.85,
2026-09-11T18:17:28.630962+00:00,200,3687.35,
2026-09-11T18:17:07.842298+00:00,200,24490.25,
2026-09-11T18:17:07.065044+00:00,200,25275.44,
2026-09-11T18:16:57.419273+00:00,200,34930.65,
2026-09-11T18:16:32.248061+00:00,200,60124.63,
2026-09-11T18:17:29.979452+00:00,200,2399.26,
2026-09-11T18:17:24.608211+00:00,200,7773.96,
2026-09-11T18:17:22.623611+00:00,200,9759.86,
2026-09-11T18:17:25.146480+00:00,200,7242.54,
2026-09-11T18:17:03.862280+00:00,200,28533.03,
2026-09-11T18:16:22.754144+00:00,200,69654.63,
2026-09-11T18:17:11.485001+00:00,200,20934.31,
2026-09-11T18:17:23.601004+00:00,200,8831.44,
2026-09-11T18:17:28.910153+00:00,200,3542.42,
2026-09-11T18:17:23.232499+00:00,200,9230.75,
2026-09-11T18:17:16.788436+00:00,200,15691.42,
2026-09-11T18:17:11.515754+00:00,200,20967.7,
2026-09-11T18:17:21.790700+00:00,200,10704.38,
2026-09-11T18:17:29.344618+00:00,200,3155.0,
2026-09-11T18:17:31.545629+00:00,200,979.68,
2026-09-11T18:17:27.506843+00:00,200,5034.39,
2026-09-11T18:17:31.175409+00:00,200,1367.94,
2026-09-11T18:17:09.129309+00:00,200,23417.39,
2026-09-11T18:16:56.310815+00:00,200,36243.81,
2026-09-11T18:16:44.931138+00:00,200,47647.95,
2026-09-11T18:17:17.330182+00:00,200,15251.82,
2026-09-11T18:17:11.956005+00:00,200,20648.88,
2026-09-11T18:17:31.774728+00:00,200,834.72,
2026-09-11T18:16:51.446364+00:00,200,41166.55,
2026-09-11T18:16:55.740388+00:00,200,36889.16,
2026-09-11T18:17:31.635806+00:00,200,1052.56,
2026-09-11T18:17:14.440099+00:00,200,18265.97,
2026-09-11T18:17:27.914233+00:00,200,4815.18,
2026-09-11T18:17:23.145515+00:00,200,9589.45,
2026-09-11T18:17:32.541248+00:00,200,196.34,
2026-09-11T18:17:28.275400+00:00,200,4477.47,
2026-09-11T18:17:13.487154+00:00,200,19293.92,
2026-09-11T18:17:29.727997+00:00,200,3060.6,
2026-09-11T18:17:19.572668+00:00,200,13223.06,
2026-09-11T18:16:45.296766+00:00,200,47500.42,
2026-09-11T18:17:13.790970+00:00,200,19009.41,
2026-09-11T18:17:26.836286+00:00,200,5970.94,
2026-09-11T18:17:22.423217+00:00,200,10388.95,
2026-09-11T18:17:02.058888+00:00,200,30780.6,
2026-09-11T18:17:00.560042+00:00,200,32295.35,
2026-09-11T18:17:17.582275+00:00,200,15286.56,
2026-09-11T18:17:07.932689+00:00,200,24942.75,
2026-09-11T18:17:29.079120+00:00,200,3812.46,
2026-09-11T18:17:32.729432+00:00,200,169.23,
2026-09-11T18:17:03.546064+00:00,200,29360.92,
2026-09-11T18:17:19.629650+00:00,200,13279.35,
2026-09-11T18:17:32.781091+00:00,200,156.4,
2026-09-11T18:16:50.733189+00:00,200,42207.61,
2026-09-11T18:17:32.254326+00:00,200,698.51,
2026-09-11T18:17:27.123786+00:00,200,5831.21,
2026-09-11T18:17:29.530174+00:00,200,3454.02,
2026-09-11T18:17:21.727811+00:00,200,11269.6,
2026-09-11T18:17:11.406452+00:00,200,21597.34,
2026-09-11T18:17:31.024103+00:00,200,1983.7,
2026-09-11T18:17:29.087840+00:00,200,3925.44,
2026-09-11T18:17:23.454402+00:00,200,9572.6,
2026-09-11T18:17:16.767729+00:00,200,16267.26,
2026-09-11T18:17:12.399832+00:00,200,20670.25,
2026-09-11T18:17:28.472750+00:00,200,4602.39,
2026-09-11T18:17:31.553247+00:00,200,1530.52,
2026-09-11T18:17:29.899771+00:00,200,3189.3,
2026-09-11T18:17:30.545716+00:00,200,2549.93,
2026-09-11T18:17:28.936204+00:00,200,4164.42,
2026-09-11T18:17:31.833976+00:00,200,1275.71,
2026-09-11T18:17:21.265095+00:00,200,11854.94,
2026-09-11T18:17:23.970174+00:00,200,9151.48,
2026-09-11T18:17:14.626138+00:00,200,18502.38,
2026-09-11T18:16:42.042564+00:00,200,51101.18,
2026-09-11T18:17:26.401173+00:00,200,6788.91,
2026-09-11T18:17:04.429490+00:00,200,28763.8,
2026-09-11T18:17:21.616187+00:00,200,11580.5,
2026-09-11T18:17:26.021002+00:00,200,7194.65,
2026-09-11T18:17:10.862685+00:00,200,22355.95,
2026-09-11T18:17:30.157102+00:00,200,3077.76,
2026-09-11T18:17:10.220610+00:00,200,23016.79,
2026-09-11T18:17:19.259699+00:00,200,14018.81,
2026-09-11T18:17:04.738826+00:00,200,28541.48,
2026-09-11T18:17:15.735781+00:00,200,17549.73,
2026-09-11T18:17:25.446893+00:00,200,7848.43,
2026-09-11T18:17:11.649397+00:00,200,21649.22,
2026-09-11T18:17:11.441602+00:00,200,21865.84,
2026-09-11T18:17:28.013382+00:00,200,5303.17,
2026-09-11T18:17:28.851224+00:00,200,4474.29,
2026-09-11T18:16:57.867732+00:00,200,35464.72,
2026-09-11T18:17:30.154984+00:00,200,3190.19,
2026-09-11T18:17:20.454115+00:00,200,12901.53,
2026-09-11T18:17:27.339866+00:00,200,6018.31,
2026-09-11T18:17:28.455753+00:00,200,4918.93,
2026-09-11T18:17:27.999141+00:00,200,5393.0,
2026-09-11T18:17:33.237405+00:00,200,165.86,
2026-09-11T18:16:49.095582+00:00,200,44324.98,
2026-09-11T18:17:22.234998+00:00,200,11202.96,
2026-09-11T18:17:02.682117+00:00,200,30762.54,
2026-09-11T18:17:11.416790+00:00,200,22033.65,
2026-09-11T18:16:21.671205+00:00,200,71789.73,
2026-09-11T18:17:20.802583+00:00,200,12671.46,
2026-09-11T18:17:13.632172+00:00,200,19843.18,
2026-09-11T18:17:29.574157+00:00,200,3907.24,
2026-09-11T18:17:22.499432+00:00,200,10990.19,
2026-09-11T18:17:14.313184+00:00,200,19202.99,
2026-09-11T18:17:22.373440+00:00,200,11144.58,
2026-09-11T18:17:30.023907+00:00,200,3501.5,
2026-09-11T18:17:18.325890+00:00,200,15212.4,
2026-09-11T18:16:54.615040+00:00,200,38937.53,
2026-09-11T18:16:56.444638+00:00,200,37115.06,
2026-09-11T18:17:19.910136+00:00,200,13657.98,
2026-09-11T18:17:15.383675+00:00,200,18191.89,
2026-09-11T18:17:33.420582+00:00,200,160.84,
2026-09-11T18:17:25.838695+00:00,200,7776.95,
2026-09-11T18:16:39.305156+00:00,200,54340.44,
2026-09-11T18:17:18.757453+00:00,200,14910.66,
2026-09-11T18:16:56.596042+00:00,200,37078.6,
2026-09-11T18:17:30.249247+00:00,200,3430.59,
2026-09-11T18:17:29.232418+00:00,200,4462.01,
2026-09-11T18:17:14.919821+00:00,200,18777.42,
2026-09-11T18:17:11.557365+00:00,200,22180.3,
2026-09-11T18:17:11.923139+00:00,200,21841.9,
2026-09-11T18:16:55.463768+00:00,200,38302.47,
2026-09-11T18:16:52.331494+00:00,200,41437.16,
2026-09-11T18:17:32.249937+00:00,200,1536.03,
2026-09-11T18:17:21.848183+00:00,200,11946.17,
2026-09-11T18:17:26.280071+00:00,200,7516.13,
2026-09-11T18:17:21.577447+00:00,200,12231.02,
2026-09-11T18:17:13.274433+00:00,200,20540.04,
2026-09-11T18:17:10.646921+00:00,200,23173.38,
2026-09-11T18:17:33.474055+00:00,200,351.86,
2026-09-11T18:17:26.153938+00:00,200,7679.87,
2026-09-11T18:17:09.532648+00:00,200,24316.85,
2026-09-11T18:17:07.938096+00:00,200,25936.33,
2026-09-11T18:17:32.800390+00:00,200,1078.74,
2026-09-11T18:17:04.356543+00:00,200,29524.32,
2026-09-11T18:17:31.094464+00:00,200,2791.75,
2026-09-11T18:17:25.977587+00:00,200,7914.82,
2026-09-11T18:17:08.951900+00:00,200,24942.08,
2026-09-11T18:16:38.115842+00:00,200,55782.75,
2026-09-11T18:16:41.950591+00:00,200,51963.63,
2026-09-11T18:17:19.148434+00:00,200,14774.21,
2026-09-11T18:17:17.208525+00:00,200,16725.82,
2026-09-11T18:16:46.907946+00:00,200,47032.45,
2026-09-11T18:17:20.544381+00:00,200,13402.69,
2026-09-11T18:17:30.675033+00:00,200,3288.73,
2026-09-11T18:16:43.449199+00:00,200,50517.52,
2026-09-11T18:17:28.982506+00:00,200,4986.82,
2026-09-11T18:17:28.205998+00:00,200,5776.98,
2026-09-11T18:17:30.593945+00:00,200,3400.12,
2026-09-11T18:17:16.472056+00:00,200,17531.13,
2026-09-11T18:17:30.131480+00:00,200,3905.7,
2026-09-11T18:17:32.105264+00:00,200,1941.04,
2026-09-11T18:16:36.675197+00:00,200,57397.49,
2026-09-11T18:17:31.575222+00:00,200,2506.82,
2026-09-11T18:17:26.796883+00:00,200,7288.0,
2026-09-11T18:17:17.314810+00:00,200,16801.04,
2026-09-11T18:17:21.976982+00:00,200,12168.15,
2026-09-11T18:17:05.202129+00:00,200,28945.51,
2026-09-11T18:17:18.076628+00:00,200,16083.5,
2026-09-11T18:17:27.202941+00:00,200,6961.09,
2026-09-11T18:16:46.335215+00:00,200,47832.89,
2026-09-11T18:17:19.804354+00:00,200,14372.98,
2026-09-11T18:17:29.748318+00:00,200,4444.46,
2026-09-11T18:17:09.211398+00:00,200,24992.19,
2026-09-11T18:17:11.942700+00:00,200,22272.72,
2026-09-11T18:17:05.995278+00:00,200,28242.92,
2026-09-11T18:17:29.047965+00:00,200,5200.67,
2026-09-11T18:17:23.547708+00:00,200,10708.79,
2026-09-11T18:17:19.295163+00:00,200,14974.71,
2026-09-11T18:17:30.378530+00:00,200,3894.72,
2026-09-11T18:17:14.831920+00:00,200,19442.5,
2026-09-11T18:16:55.437849+00:00,200,38837.73,
2026-09-11T18:17:15.441693+00:00,200,18837.46,
2026-09-11T18:16:55.795030+00:00,200,38534.63,
2026-09-11T18:17:07.739311+00:00,200,26594.52,
2026-09-11T18:17:33.794363+00:00,200,544.02,
2026-09-11T18:17:32.891594+00:00,200,1453.09,
2026-09-11T18:17:29.999973+00:00,200,4362.5,
2026-09-11T18:17:32.049166+00:00,200,2327.57,
2026-09-11T18:17:18.514587+00:00,200,15885.55,
2026-09-11T18:17:29.639099+00:00,200,4773.47,
2026-09-11T18:17:22.553042+00:00,200,11883.44,
2026-09-11T18:16:43.817443+00:00,200,50622.49,
2026-09-11T18:17:28.785531+00:00,200,5667.39,
2026-09-11T18:17:19.372473+00:00,200,15093.6,
2026-09-11T18:16:25.974032+00:00,200,68497.38,
2026-09-11T18:16:54.106118+00:00,200,40366.67,
2026-09-11T18:17:31.394993+00:00,200,3079.13,
2026-09-11T18:17:33.358185+00:00,200,1126.45,
2026-09-11T18:17:32.349942+00:00,200,2139.55,
2026-09-11T18:17:08.241549+00:00,200,26261.85,
2026-09-11T18:17:30.842513+00:00,200,3663.65,
2026-09-11T18:17:22.730345+00:00,200,11785.85,
2026-09-11T18:17:11.118540+00:00,200,23404.12,
2026-09-11T18:17:33.285511+00:00,200,1247.23,
2026-09-11T18:17:31.442465+00:00,200,3091.72,
2026-09-11T18:17:24.303739+00:00,200,10244.95,
2026-09-11T18:17:27.186339+00:00,200,7364.35,
2026-09-11T18:17:28.789571+00:00,200,5775.55,
2026-09-11T18:17:27.618201+00:00,200,6984.59,
2026-09-11T18:17:20.420517+00:00,200,14219.59,
2026-09-11T18:17:05.856598+00:00,200,28787.11,
2026-09-11T18:17:12.941164+00:00,200,21711.49,
2026-09-11T18:17:20.018857+00:00,200,14648.68,
2026-09-11T18:17:09.185637+00:00,200,25494.46,
2026-09-11T18:17:17.491079+00:00,200,17192.81,
2026-09-11T18:17:33.525416+00:00,200,1161.04,
2026-09-11T18:16:54.902489+00:00,200,39785.23,
2026-09-11T18:17:29.218370+00:00,200,5470.59,
2026-09-11T18:17:11.022992+00:00,200,23677.02,
2026-09-11T18:17:13.263986+00:00,200,21441.4,
2026-09-11T18:16:57.658563+00:00,200,37055.94,
2026-09-11T18:17:10.935375+00:00,200,23783.89,
2026-09-11T18:16:32.257050+00:00,200,62463.84,
2026-09-11T18:17:15.700404+00:00,200,19024.36,
2026-09-11T18:17:11.267260+00:00,200,23459.2,
2026-09-11T18:17:33.075151+00:00,200,1652.82,
2026-09-11T18:17:05.250589+00:00,200,29479.35,
2026-09-11T18:17:24.634623+00:00,200,10102.72,
2026-09-11T18:17:24.092051+00:00,200,10668.04,
2026-09-11T18:17:06.295519+00:00,200,28476.95,
2026-09-11T18:17:28.688021+00:00,200,6098.21,
2026-09-11T18:17:30.931256+00:00,200,3860.35,
2026-09-11T18:17:13.022624+00:00,200,21776.71,
2026-09-11T18:16:13.248353+00:00,200,81554.96,
2026-09-11T18:17:34.643719+00:00,200,191.29,
2026-09-11T18:16:55.870411+00:00,200,38978.22,
2026-09-11T18:17:28.096084+00:00,200,6787.12,
2026-09-11T18:17:20.813683+00:00,200,14075.32,
2026-09-11T18:17:25.043347+00:00,200,9851.75,
2026-09-11T18:17:05.805559+00:00,200,29111.1,
2026-09-11T18:17:16.018337+00:00,200,18908.27,
2026-09-11T18:17:27.044473+00:00,200,7902.15,
2026-09-11T18:17:09.744293+00:00,200,25209.14,
2026-09-11T18:17:23.905483+00:00,200,11049.39,
2026-09-11T18:17:01.161892+00:00,200,33802.43,
2026-09-11T18:17:18.206691+00:00,200,16761.33,
2026-09-11T18:17:27.745546+00:00,200,7231.98,
2026-09-11T18:17:32.378723+00:00,200,2602.39,
2026-09-11T18:17:29.180107+00:00,200,5822.71,
2026-09-11T18:17:33.879139+00:00,200,1128.13,
2026-09-11T18:17:16.023477+00:00,200,18997.75,
2026-09-11T18:17:06.590204+00:00,200,28448.03,
2026-09-11T18:17:06.776783+00:00,200,28281.21,
2026-09-11T18:17:30.129058+00:00,200,4938.9,
2026-09-11T18:17:33.893992+00:00,200,1200.59,
2026-09-11T18:17:34.916670+00:00,200,184.73,
2026-09-11T18:17:31.752752+00:00,200,3350.75,
2026-09-11T18:17:31.001296+00:00,200,4115.52,
2026-09-11T18:17:09.648019+00:00,200,25485.0,
2026-09-11T18:17:33.280315+00:00,200,1866.45,
2026-09-11T18:17:11.232791+00:00,200,23918.49,
2026-09-11T18:17:19.141653+00:00,200,16024.95,
2026-09-11T18:17:10.247145+00:00,200,24929.15,
2026-09-11T18:17:24.248415+00:00,200,10929.3,
2026-09-11T18:16:42.542988+00:00,200,52640.13,
2026-09-11T18:17:29.769403+00:00,200,5429.88,
2026-09-11T18:17:26.632410+00:00,200,8577.14,
2026-09-11T18:17:29.075077+00:00,200,6137.48,
2026-09-11T18:16:41.573435+00:00,200,53645.43,
2026-09-11T18:17:22.249971+00:00,200,12971.37,
2026-09-11T18:16:30.897397+00:00,200,64342.19,
2026-09-11T18:17:32.175193+00:00,200,3069.88,
2026-09-11T18:17:31.125631+00:00,200,4125.63,
2026-09-11T18:17:11.679408+00:00,200,23583.99,
2026-09-11T18:17:23.797854+00:00,200,11475.45,
2026-09-11T18:16:59.760098+00:00,200,35518.71,
2026-09-11T18:17:34.215433+00:00,200,1081.67,
2026-09-11T18:16:47.334714+00:00,200,47977.72,
2026-09-11T18:17:27.941482+00:00,200,7397.64,
2026-09-11T18:17:25.506271+00:00,200,9836.42,
2026-09-11T18:17:33.295325+00:00,200,2050.95,
2026-09-11T18:17:33.914223+00:00,200,1441.13,
2026-09-11T18:17:22.495482+00:00,200,12870.97,
2026-09-11T18:16:51.036072+00:00,200,44338.26,
2026-09-11T18:16:37.539730+00:00,200,57838.34,
2026-09-11T18:17:24.779751+00:00,200,10626.72,
2026-09-11T18:17:23.847211+00:00,200,11562.91,
2026-09-11T18:17:15.742284+00:00,200,19676.68,
2026-09-11T18:17:05.382814+00:00,200,30062.45,
2026-09-11T18:17:34.436499+00:00,200,1026.92,
2026-09-11T18:17:13.191357+00:00,200,22280.76,
2026-09-11T18:17:23.646389+00:00,200,11857.31,
2026-09-11T18:17:11.276414+00:00,200,24257.66,
2026-09-11T18:17:24.213630+00:00,200,11333.87,
2026-09-11T18:17:01.791773+00:00,200,33765.7,
2026-09-11T18:17:27.151260+00:00,200,8413.13,
2026-09-11T18:16:50.432431+00:00,200,45151.21,
2026-09-11T18:17:31.757743+00:00,200,3829.38,
2026-09-11T18:17:32.214118+00:00,200,3380.71,
2026-09-11T18:17:24.274806+00:00,200,11325.56,
2026-09-11T18:17:21.241289+00:00,200,14361.96,
2026-09-11T18:17:35.445280+00:00,200,178.2,
2026-09-11T18:16:57.473241+00:00,200,38152.55,
2026-09-11T18:17:11.795850+00:00,200,23850.96,
2026-09-11T18:17:00.153002+00:00,200,35498.32,
2026-09-11T18:17:13.365487+00:00,200,22298.72,
2026-09-11T18:17:35.463428+00:00,200,205.48,
2026-09-11T18:17:31.415323+00:00,200,4276.29,
2026-09-11T18:17:30.478394+00:00,200,5221.8,
2026-09-11T18:17:34.506174+00:00,200,1219.73,
2026-09-11T18:17:14.727557+00:00,200,21007.25,
2026-09-11T18:17:27.274645+00:00,200,8469.33,
2026-09-11T18:17:31.435208+00:00,200,4311.08,
2026-09-11T18:17:11.005271+00:00,200,24750.71,
2026-09-11T18:17:28.346094+00:00,200,7422.01,
2026-09-11T18:17:14.397471+00:00,200,21379.93,
2026-09-11T18:17:32.003830+00:00,200,3817.11,
2026-09-11T18:17:13.168871+00:00,200,22658.04,
2026-09-11T18:17:23.896532+00:00,200,11940.1,
2026-09-11T18:17:17.048004+00:00,200,18807.58,
2026-09-11T18:17:31.025265+00:00,200,4831.85,
2026-09-11T18:16:21.214287+00:00,200,74645.8,
2026-09-11T18:17:32.543356+00:00,200,3325.88,
2026-09-11T18:16:50.489441+00:00,200,45385.8,
2026-09-11T18:17:30.630922+00:00,200,5268.94,
2026-09-11T18:17:12.915390+00:00,200,22993.91,
2026-09-11T18:17:20.985681+00:00,200,14944.79,
2026-09-11T18:17:14.577098+00:00,200,21369.85,
2026-09-11T18:17:29.570245+00:00,200,6387.5,
2026-09-11T18:17:22.327335+00:00,200,13690.79,
2026-09-11T18:17:17.925577+00:00,200,18096.23,
2026-09-11T18:17:14.442363+00:00,200,21585.97,
2026-09-11T18:17:31.274573+00:00,200,4755.35,
2026-09-11T18:17:33.679840+00:00,200,2352.54,
2026-09-11T18:17:26.251687+00:00,200,9782.2,
2026-09-11T18:17:23.784609+00:00,200,12253.38,
2026-09-11T18:17:10.594656+00:00,200,25445.98,
2026-09-11T18:17:30.589847+00:00,200,5454.09,
2026-09-11T18:17:35.410139+00:00,200,645.64,
2026-09-11T18:16:44.240138+00:00,200,51824.48,
2026-09-11T18:17:04.164533+00:00,200,31934.82,
2026-09-11T18:17:09.883125+00:00,200,26235.8,
2026-09-11T18:17:22.781581+00:00,200,13340.01,
2026-09-11T18:17:23.990171+00:00,200,12151.35,
2026-09-11T18:17:27.512720+00:00,200,8644.68,
2026-09-11T18:17:33.768654+00:00,200,2410.45,
2026-09-11T18:17:29.126246+00:00,200,7068.11,
2026-09-11T18:17:28.934296+00:00,200,7269.25,
2026-09-11T18:17:12.514001+00:00,200,23691.72,
2026-09-11T18:17:28.698903+00:00,200,7512.05,
2026-09-11T18:17:23.544579+00:00,200,12680.33,
2026-09-11T18:17:32.269452+00:00,200,3987.61,
2026-09-11T18:17:23.160532+00:00,200,13126.6,
2026-09-11T18:17:27.343934+00:00,200,8962.07,
2026-09-11T18:16:50.317253+00:00,200,45996.97,
2026-09-11T18:16:35.727229+00:00,200,60590.67,
2026-09-11T18:17:34.680114+00:00,200,1658.72,
2026-09-11T18:17:29.437565+00:00,200,6909.16,
2026-09-11T18:17:24.644009+00:00,200,11717.36,
2026-09-11T18:17:18.568781+00:00,200,17795.02,
2026-09-11T18:17:02.640378+00:00,200,33734.91,
2026-09-11T18:17:20.847674+00:00,200,15535.59,
2026-09-11T18:17:30.475296+00:00,200,5909.53,
2026-09-11T18:16:56.842044+00:00,200,39545.08,
2026-09-11T18:17:25.595497+00:00,200,10810.06,
2026-09-11T18:17:00.458762+00:00,200,35962.96,
2026-09-11T18:17:13.213334+00:00,200,23218.39,
2026-09-11T18:17:20.394374+00:00,200,16043.25,
2026-09-11T18:17:23.194703+00:00,200,13259.41,
2026-09-11T18:17:08.970393+00:00,200,27503.77,
2026-09-11T18:17:33.095654+00:00,200,3383.97,
2026-09-11T18:17:32.734977+00:00,200,3749.51,
2026-09-11T18:16:56.681718+00:00,200,39812.42,
2026-09-11T18:17:35.946971+00:00,200,573.39,
2026-09-11T18:17:28.374713+00:00,200,8148.23,
2026-09-11T18:16:45.920067+00:00,200,50610.39,
2026-09-11T18:17:17.236190+00:00,200,19310.09,
2026-09-11T18:17:19.618640+00:00,200,16949.17,
2026-09-11T18:17:13.782192+00:00,200,22796.47,
2026-09-11T18:17:28.523795+00:00,200,8057.97,
2026-09-11T18:17:15.264746+00:00,200,21343.61,
2026-09-11T18:16:36.615085+00:00,200,60006.39,
2026-09-11T18:17:32.795743+00:00,200,3845.4,
2026-09-11T18:17:35.176311+00:00,200,1471.18,
2026-09-11T18:17:34.489510+00:00,200,2160.95,
2026-09-11T18:17:04.919361+00:00,200,31749.41,
2026-09-11T18:17:35.700212+00:00,200,970.73,
2026-09-11T18:17:08.708439+00:00,200,27988.81,
2026-09-11T18:17:34.686463+00:00,200,2013.4,
2026-09-11T18:17:13.046948+00:00,200,23676.51,
2026-09-11T18:16:36.400437+00:00,200,60338.62,
2026-09-11T18:17:35.623492+00:00,200,1122.22,
2026-09-11T18:17:18.944813+00:00,200,17806.82,
2026-09-11T18:17:34.964333+00:00,200,1832.41,
2026-09-11T18:17:35.342698+00:00,200,1456.92,
2026-09-11T18:17:08.085734+00:00,200,28717.65,
2026-09-11T18:17:25.435506+00:00,200,11375.22,
2026-09-11T18:17:29.481338+00:00,200,7337.99,
2026-09-11T18:17:31.537593+00:00,200,5284.95,
2026-09-11T18:17:31.697812+00:00,200,5126.38,
2026-09-11T18:16:49.503243+00:00,200,47326.24,
2026-09-11T18:17:32.217435+00:00,200,4614.9,
2026-09-11T18:17:35.346292+00:00,200,1488.73,
2026-09-11T18:17:26.207608+00:00,200,10647.72,
2026-09-11T18:17:35.212567+00:00,200,1651.96,
2026-09-11T18:17:13.563951+00:00,200,23318.64,
2026-09-11T18:17:24.542377+00:00,200,12372.98,
2026-09-11T18:17:22.144504+00:00,200,14776.31,
2026-09-11T18:17:23.463076+00:00,200,13461.71,
2026-09-11T18:16:56.164480+00:00,200,40782.11,
2026-09-11T18:17:34.168111+00:00,200,2802.9,
2026-09-11T18:17:27.967659+00:00,200,9012.02,
2026-09-11T18:16:54.828123+00:00,200,42171.04,
2026-09-11T18:17:32.121793+00:00,200,4882.78,
2026-09-11T18:17:30.698648+00:00,200,6313.06,
2026-09-11T18:17:17.335271+00:00,200,19678.0,
2026-09-11T18:17:02.980355+00:00,200,34062.41,
2026-09-11T18:17:21.746957+00:00,200,15303.54,
2026-09-11T18:17:24.354137+00:00,200,12697.85,
2026-09-11T18:17:32.072368+00:00,200,4984.31,
2026-09-11T18:17:12.379228+00:00,200,24728.94,
2026-09-11T18:17:17.670930+00:00,200,19440.03,
2026-09-11T18:17:22.761068+00:00,200,14352.54,
2026-09-11T18:17:31.458287+00:00,200,5690.33,
2026-09-11T18:17:33.983025+00:00,200,3180.05,
2026-09-11T18:17:19.702836+00:00,200,17463.09,
2026-09-11T18:17:34.602815+00:00,200,2566.29,
2026-09-11T18:17:28.015077+00:00,200,9161.12,
2026-09-11T18:17:04.877679+00:00,200,32305.56,
2026-09-11T18:17:09.360836+00:00,200,27825.14,
2026-09-11T18:17:20.618324+00:00,200,16584.91,
2026-09-11T18:17:37.011712+00:00,200,196.12,
2026-09-11T18:16:59.892130+00:00,200,37328.7,
2026-09-11T18:17:11.869275+00:00,200,25356.87,
2026-09-11T18:17:23.170086+00:00,200,14066.2,
2026-09-11T18:17:26.355946+00:00,200,10897.45,
2026-09-11T18:17:29.307149+00:00,200,7953.67,
2026-09-11T18:17:34.977540+00:00,200,2287.26,
2026-09-11T18:17:32.239118+00:00,200,5029.46,
2026-09-11T18:17:28.441705+00:00,200,8854.74,
2026-09-11T18:17:37.163094+00:00,200,193.5,
2026-09-11T18:16:43.055525+00:00,200,54304.98,
2026-09-11T18:17:36.822551+00:00,200,544.86,
2026-09-11T18:17:34.474135+00:00,200,2951.57,
2026-09-11T18:17:36.999173+00:00,200,433.85,
2026-09-11T18:17:23.587869+00:00,200,13857.13,
2026-09-11T18:17:26.307769+00:00,200,11145.46,
2026-09-11T18:17:30.988819+00:00,200,6469.04,
2026-09-11T18:17:30.884552+00:00,200,6601.02,
2026-09-11T18:16:43.178843+00:00,200,54308.81,
2026-09-11T18:17:22.361585+00:00,200,15156.32,
2026-09-11T18:17:32.604903+00:00,200,4924.87,
2026-09-11T18:17:32.242234+00:00,200,5292.23,
2026-09-11T18:17:27.526749+00:00,200,10017.89,
2026-09-11T18:17:24.939639+00:00,200,12611.71,
2026-09-11T18:17:29.964418+00:00,200,7589.26,
2026-09-11T18:17:36.346732+00:00,200,1223.17,
2026-09-11T18:17:26.887230+00:00,200,10690.99,
2026-09-11T18:17:20.177455+00:00,200,17402.8,
2026-09-11T18:17:33.892416+00:00,200,3692.14,
2026-09-11T18:17:37.356620+00:00,200,229.51,
2026-09-11T18:17:31.521251+00:00,200,6077.06,
2026-09-11T18:17:31.672433+00:00,200,5941.09,
2026-09-11T18:17:22.908742+00:00,200,14714.9,
2026-09-11T18:17:31.582368+00:00,200,6045.18,
2026-09-11T18:17:31.019377+00:00,200,6620.12,
2026-09-11T18:17:37.433036+00:00,200,210.85,
2026-09-11T18:17:18.796580+00:00,200,18872.62,
2026-09-11T18:17:26.683099+00:00,200,11001.44,
2026-09-11T18:17:34.192787+00:00,200,3509.46,
2026-09-11T18:17:28.228864+00:00,200,9477.41,
2026-09-11T18:17:05.355301+00:00,200,32352.48,
2026-09-11T18:17:29.733793+00:00,200,7982.36,
2026-09-11T18:17:09.636424+00:00,200,28093.08,
2026-09-11T18:17:32.313574+00:00,200,5428.68,
2026-09-11T18:17:09.985527+00:00,200,27758.81,
2026-09-11T18:17:36.796757+00:00,200,954.04,
2026-09-11T18:17:32.408780+00:00,200,5345.89,
2026-09-11T18:17:36.033893+00:00,200,1722.53,
2026-09-11T18:17:33.298628+00:00,200,4483.97,
2026-09-11T18:17:21.579451+00:00,200,16227.8,
2026-09-11T18:17:28.773753+00:00,200,9080.78,
2026-09-11T18:17:22.102322+00:00,200,15816.69,
2026-09-11T18:17:12.726489+00:00,200,25195.37,
2026-09-11T18:17:37.729521+00:00,200,207.36,
2026-09-11T18:17:00.260589+00:00,200,37685.55,
2026-09-11T18:17:01.122634+00:00,200,36835.09,
2026-09-11T18:17:34.344697+00:00,200,3615.66,
2026-09-11T18:17:35.151288+00:00,200,2817.02,
2026-09-11T18:16:43.506831+00:00,200,54462.91,
2026-09-11T18:17:37.296463+00:00,200,682.16,
2026-09-11T18:17:37.782617+00:00,200,213.08,
2026-09-11T18:17:33.332456+00:00,200,4674.2,
2026-09-11T18:17:22.813318+00:00,200,15196.48,
2026-09-11T18:17:29.098154+00:00,200,8927.46,
2026-09-11T18:17:23.730975+00:00,200,14318.56,
2026-09-11T18:17:22.619365+00:00,200,15437.7,
2026-09-11T18:17:16.666101+00:00,200,21402.3,
2026-09-11T18:17:27.603967+00:00,200,10468.81,
2026-09-11T18:17:37.854552+00:00,200,220.69,
2026-09-11T18:17:21.769240+00:00,200,16321.62,
2026-09-11T18:17:36.745730+00:00,200,1349.17,
2026-09-11T18:17:29.223603+00:00,200,8893.07,
2026-09-11T18:17:25.444352+00:00,200,12675.81,
2026-09-11T18:17:29.234528+00:00,200,8890.85,
2026-09-11T18:17:36.697265+00:00,200,1430.98,
2026-09-11T18:16:44.690728+00:00,200,53444.62,
2026-09-11T18:17:29.562996+00:00,200,8588.03,
2026-09-11T18:17:35.263406+00:00,200,2938.06,
2026-09-11T18:17:29.875961+00:00,200,8329.84,
2026-09-11T18:17:19.564305+00:00,200,18648.18,
2026-09-11T18:17:30.050627+00:00,200,8165.47,
2026-09-11T18:17:17.152948+00:00,200,21065.34,
2026-09-11T18:17:32.855411+00:00,200,5372.94,
2026-09-11T18:16:38.441863+00:00,200,59792.84,
2026-09-11T18:17:11.897963+00:00,200,26342.81,
2026-09-11T18:16:49.405826+00:00,200,48877.83,
2026-09-11T18:17:32.499628+00:00,200,5789.29,
2026-09-11T18:16:41.286781+00:00,200,57005.37,
2026-09-11T18:17:37.183256+00:00,200,1118.28,
2026-09-11T18:17:28.277269+00:00,200,10036.84,
2026-09-11T18:17:36.723469+00:00,200,1609.73,
2026-09-11T18:16:44.711595+00:00,200,53628.42,
2026-09-11T18:17:24.056172+00:00,200,14299.99,
2026-09-11T18:17:34.338396+00:00,200,4023.79,
2026-09-11T18:17:37.744343+00:00,200,644.18,
2026-09-11T18:16:55.918685+00:00,200,42471.58,
2026-09-11T18:16:50.333871+00:00,200,48063.46,
2026-09-11T18:17:21.529991+00:00,200,16871.48,
2026-09-11T18:17:34.275585+00:00,200,4130.78,
2026-09-11T18:17:29.331408+00:00,200,9086.2,
2026-09-11T18:17:14.880039+00:00,200,23538.97,
2026-09-11T18:17:34.688966+00:00,200,3734.41,
2026-09-11T18:17:27.316891+00:00,200,11126.08,
2026-09-11T18:17:19.812107+00:00,200,18637.57,
2026-09-11T18:16:24.598031+00:00,200,73881.21,
2026-09-11T18:17:27.715306+00:00,200,10767.47,
2026-09-11T18:17:38.288932+00:00,200,199.77,
2026-09-11T18:17:34.466094+00:00,200,4026.57,
2026-09-11T18:17:09.282628+00:00,200,29227.99,
2026-09-11T18:17:12.226313+00:00,200,26299.82,
2026-09-11T18:17:20.105956+00:00,200,18421.52,
2026-09-11T18:17:38.356169+00:00,200,192.37,
2026-09-11T18:17:31.422568+00:00,200,7143.82,
2026-09-11T18:17:33.645617+00:00,200,4926.46,
2026-09-11T18:16:55.618512+00:00,200,42960.85,
2026-09-11T18:17:13.633806+00:00,200,24958.0,
2026-09-11T18:17:24.763405+00:00,200,13831.27,
2026-09-11T18:17:33.070096+00:00,200,5569.6,
2026-09-11T18:17:16.248383+00:00,200,22394.46,
2026-09-11T18:16:37.173355+00:00,200,61472.51,
2026-09-11T18:17:24.145120+00:00,200,14504.28,
2026-09-11T18:17:38.479255+00:00,200,179.32,
2026-09-11T18:17:35.777419+00:00,200,2885.52,
2026-09-11T18:17:33.109696+00:00,200,5555.0,
2026-09-11T18:17:11.084546+00:00,200,27583.72,
2026-09-11T18:17:30.370436+00:00,200,8321.88,
2026-09-11T18:16:54.028551+00:00,200,44683.12,
2026-09-11T18:17:10.496089+00:00,200,28224.31,
2026-09-11T18:17:31.860269+00:00,200,6895.16,
2026-09-11T18:17:31.959689+00:00,200,6800.18,
2026-09-11T18:17:32.706103+00:00,200,6056.49,
2026-09-11T18:17:34.147651+00:00,200,4617.21,
2026-09-11T18:17:16.407269+00:00,200,22360.77,
2026-09-11T18:17:21.030706+00:00,200,17742.15,
2026-09-11T18:16:45.153165+00:00,200,53646.42,
2026-09-11T18:17:18.166071+00:00,200,20634.91,
2026-09-11T18:17:23.500118+00:00,200,15335.39,
2026-09-11T18:17:31.444848+00:00,200,7393.62,
2026-09-11T18:17:15.723135+00:00,200,23131.82,
2026-09-11T18:17:27.938067+00:00,200,10936.07,
2026-09-11T18:17:15.988701+00:00,200,22890.88,
2026-09-11T18:17:12.092422+00:00,200,26801.7,
2026-09-11T18:17:32.546706+00:00,200,6358.91,
2026-09-11T18:17:15.861710+00:00,200,23055.76,
2026-09-11T18:17:31.487778+00:00,200,7432.02,
2026-09-11T18:17:02.264972+00:00,200,36657.34,
2026-09-11T18:17:32.807230+00:00,200,6129.92,
2026-09-11T18:17:13.980741+00:00,200,24966.55,
2026-09-11T18:17:38.240773+00:00,200,714.65,
2026-09-11T18:17:33.120047+00:00,200,5845.74,
2026-09-11T18:17:36.522953+00:00,200,2472.95,
2026-09-11T18:17:33.765048+00:00,200,5243.57,
2026-09-11T18:17:19.755011+00:00,200,19258.38,
2026-09-11T18:17:27.236187+00:00,200,11794.59,
2026-09-11T18:17:30.437164+00:00,200,8604.59,
2026-09-11T18:17:34.452941+00:00,200,4614.07,
2026-09-11T18:17:32.898675+00:00,200,6170.69,
2026-09-11T18:17:35.355364+00:00,200,3718.33,
2026-09-11T18:17:12.083809+00:00,200,27009.42,
2026-09-11T18:17:14.792289+00:00,200,24307.39,
2026-09-11T18:17:38.488710+00:00,200,615.98,
2026-09-11T18:17:21.542050+00:00,200,17582.98,
2026-09-11T18:17:35.899901+00:00,200,3231.64,
2026-09-11T18:17:35.869250+00:00,200,3297.69,
2026-09-11T18:17:36.946603+00:00,200,2228.21,
2026-09-11T18:17:08.660797+00:00,200,30520.12,
2026-09-11T18:17:06.675365+00:00,200,32513.75,
2026-09-11T18:17:38.049554+00:00,200,1147.54,
2026-09-11T18:17:21.454599+00:00,200,17759.32,
2026-09-11T18:17:30.424607+00:00,200,8792.2,
2026-09-11T18:17:23.546167+00:00,200,15682.59,
2026-09-11T18:16:58.735969+00:00,200,40505.55,
2026-09-11T18:17:20.438399+00:00,200,18807.17,
2026-09-11T18:17:21.341346+00:00,200,17916.53,
2026-09-11T18:17:26.157657+00:00,200,13111.54,
2026-09-11T18:17:27.898704+00:00,200,11375.04,
2026-09-11T18:17:19.037999+00:00,200,20258.8,
2026-09-11T18:17:16.718970+00:00,200,22603.3,
2026-09-11T18:17:00.241697+00:00,200,39082.49,
2026-09-11T18:17:33.489635+00:00,200,5847.63,
2026-09-11T18:17:38.292163+00:00,200,1048.14,
2026-09-11T18:17:27.849288+00:00,200,11505.98,
2026-09-11T18:17:01.928569+00:00,200,37431.06,
2026-09-11T18:17:35.116824+00:00,200,4246.5,
2026-09-11T18:17:33.825932+00:00,200,5555.07,
2026-09-11T18:17:38.995917+00:00,200,401.88,
2026-09-11T18:17:34.203608+00:00,200,5204.03,
2026-09-11T18:17:19.706715+00:00,200,19757.44,
2026-09-11T18:17:18.617391+00:00,200,20884.82,
2026-09-11T18:17:38.151034+00:00,200,1359.36,
2026-09-11T18:17:16.272120+00:00,200,23249.1,
2026-09-11T18:17:26.489122+00:00,200,13043.3,
2026-09-11T18:17:33.568129+00:00,200,5967.65,
2026-09-11T18:17:38.526140+00:00,200,1023.94,
2026-09-11T18:17:23.542935+00:00,200,16023.33,
2026-09-11T18:17:35.038251+00:00,200,4539.8,
2026-09-11T18:17:31.595473+00:00,200,7990.78,
2026-09-11T18:17:18.015885+00:00,200,21576.77,
2026-09-11T18:16:43.221675+00:00,200,56373.36,
2026-09-11T18:17:36.032389+00:00,200,3581.03,
2026-09-11T18:17:30.689175+00:00,200,8925.85,
2026-09-11T18:17:30.061663+00:00,200,9563.2,
2026-09-11T18:16:43.420275+00:00,200,56210.06,
2026-09-11T18:16:54.069851+00:00,200,45567.9,
2026-09-11T18:17:16.483559+00:00,200,23177.16,
2026-09-11T18:17:36.647508+00:00,200,3022.46,
2026-09-11T18:17:04.484969+00:00,200,35189.69,
2026-09-11T18:17:31.128386+00:00,200,8547.84,
2026-09-11T18:17:25.714567+00:00,200,13968.99,
2026-09-11T18:17:38.116694+00:00,200,1583.82,
2026-09-11T18:17:32.579109+00:00,200,7129.58,
2026-09-11T18:17:15.880545+00:00,200,23853.61,
2026-09-11T18:17:30.613041+00:00,200,9126.99,
2026-09-11T18:17:18.080356+00:00,200,21695.12,
2026-09-11T18:17:25.693537+00:00,200,14086.49,
2026-09-11T18:17:14.900129+00:00,200,24886.52,
2026-09-11T18:17:23.504100+00:00,200,16285.71,
2026-09-11T18:16:45.393145+00:00,200,54407.94,
2026-09-11T18:17:35.583746+00:00,200,4223.62,
2026-09-11T18:17:33.215664+00:00,200,6596.9,
2026-09-11T18:16:43.060950+00:00,200,56752.9,
2026-09-11T18:17:38.894139+00:00,200,921.0,
2026-09-11T18:17:08.600603+00:00,200,31240.82,
2026-09-11T18:17:27.702401+00:00,200,12162.43,
2026-09-11T18:17:15.613606+00:00,200,24271.81,
2026-09-11T18:17:29.161084+00:00,200,10726.98,
2026-09-11T18:17:38.510637+00:00,200,1381.14,
2026-09-11T18:17:20.186830+00:00,200,19708.1,
2026-09-11T18:17:09.503530+00:00,200,30396.65,
2026-09-11T18:16:57.164440+00:00,200,42737.08,
2026-09-11T18:17:27.424914+00:00,200,12482.94,
2026-09-11T18:17:09.667335+00:00,200,30251.51,
2026-09-11T18:17:30.755492+00:00,200,9164.66,
2026-09-11T18:17:25.668443+00:00,200,14256.72,
2026-09-11T18:17:28.258835+00:00,200,11680.12,
2026-09-11T18:17:17.598244+00:00,200,22348.29,
2026-09-11T18:16:54.218695+00:00,200,45735.65,
2026-09-11T18:17:23.631509+00:00,200,16328.21,
2026-09-11T18:17:16.246190+00:00,200,23728.92,
2026-09-11T18:17:21.301699+00:00,200,18692.71,
2026-09-11T18:17:34.248653+00:00,200,5751.02,
2026-09-11T18:17:38.762595+00:00,200,1266.47,
2026-09-11T18:17:33.849520+00:00,200,6190.5,
2026-09-11T18:17:32.752895+00:00,200,7291.65,
2026-09-11T18:17:36.431739+00:00,200,3616.86,
2026-09-11T18:17:33.694438+00:00,200,6381.75,
2026-09-11T18:17:29.072225+00:00,200,11010.8,
2026-09-11T18:17:30.395882+00:00,200,9688.6,
2026-09-11T18:17:10.187227+00:00,200,29922.49,
2026-09-11T18:17:33.615664+00:00,200,6499.69,
2026-09-11T18:17:36.751638+00:00,200,3366.23,
2026-09-11T18:17:30.293723+00:00,200,9830.0,
2026-09-11T18:16:25.701525+00:00,200,74439.92,
2026-09-11T18:16:14.390862+00:00,200,85765.91,
2026-09-11T18:17:16.710579+00:00,200,23448.77,
2026-09-11T18:17:22.296503+00:00,200,17868.03,
2026-09-11T18:17:25.922412+00:00,200,14271.71,
2026-09-11T18:17:19.709227+00:00,200,20504.79,
2026-09-11T18:17:34.269890+00:00,200,5945.44,
2026-09-11T18:17:33.880866+00:00,200,6342.88,
2026-09-11T18:17:04.016143+00:00,200,36224.16,
2026-09-11T18:17:38.594682+00:00,200,1649.69,
2026-09-11T18:17:35.418975+00:00,200,4836.75,
2026-09-11T18:17:19.134498+00:00,200,21124.06,
2026-09-11T18:17:36.179116+00:00,200,4097.79,
2026-09-11T18:17:26.983953+00:00,200,13296.8,
2026-09-11T18:17:33.307450+00:00,200,7027.01,
2026-09-11T18:17:35.743982+00:00,200,4593.49,
2026-09-11T18:17:38.566404+00:00,200,1788.41,
2026-09-11T18:17:36.037996+00:00,200,4318.85,
2026-09-11T18:17:30.995143+00:00,200,9366.97,
2026-09-11T18:17:39.841436+00:00,200,524.84,
2026-09-11T18:17:24.774021+00:00,200,15598.64,
2026-09-11T18:17:33.898605+00:00,200,6476.55,
2026-09-11T18:17:01.912412+00:00,200,38467.55,
2026-09-11T18:17:40.214028+00:00,200,206.76,
2026-09-11T18:17:18.050170+00:00,200,22378.89,
2026-09-11T18:17:37.360517+00:00,200,3073.61,
2026-09-11T18:17:25.575832+00:00,200,14862.01,
2026-09-11T18:17:15.549077+00:00,200,24900.93,
2026-09-11T18:17:36.437635+00:00,200,4015.48,
2026-09-11T18:16:42.674070+00:00,200,57802.33,
2026-09-11T18:17:22.257483+00:00,200,18224.43,
2026-09-11T18:17:34.238214+00:00,200,6248.25,
2026-09-11T18:17:31.506809+00:00,200,9007.89,
2026-09-11T18:17:35.239605+00:00,200,5283.7,
2026-09-11T18:17:16.735037+00:00,200,23805.36,
2026-09-11T18:17:31.307251+00:00,200,9239.34,
2026-09-11T18:17:29.674800+00:00,200,10878.16,
2026-09-11T18:17:38.591816+00:00,200,1985.05,
2026-09-11T18:17:39.464180+00:00,200,1121.47,
2026-09-11T18:17:38.642859+00:00,200,1944.54,
2026-09-11T18:17:34.471424+00:00,200,6131.0,
2026-09-11T18:16:34.881126+00:00,200,65725.1,
2026-09-11T18:17:40.240314+00:00,200,372.35,
2026-09-11T18:17:13.479342+00:00,200,27134.68,
2026-09-11T18:17:12.736211+00:00,200,27903.11,
2026-09-11T18:17:19.297597+00:00,200,21347.16,
2026-09-11T18:17:22.958487+00:00,200,17690.64,
2026-09-11T18:17:11.176019+00:00,200,29475.62,
2026-09-11T18:17:29.241476+00:00,200,11426.62,
2026-09-11T18:17:36.314230+00:00,200,4356.62,
2026-09-11T18:17:39.660733+00:00,200,1033.18,
2026-09-11T18:17:15.900487+00:00,200,24802.51,
2026-09-11T18:17:31.683212+00:00,200,9025.17,
2026-09-11T18:17:34.772486+00:00,200,5957.7,
2026-09-11T18:17:37.613540+00:00,200,3152.32,
2026-09-11T18:17:19.556795+00:00,200,21223.91,
2026-09-11T18:17:20.193851+00:00,200,20588.18,
2026-09-11T18:17:34.273262+00:00,200,6517.7,
2026-09-11T18:17:33.518023+00:00,200,7278.01,
2026-09-11T18:17:17.276378+00:00,200,23523.56,
2026-09-11T18:17:23.933583+00:00,200,16871.24,
2026-09-11T18:17:40.644775+00:00,200,163.21,
2026-09-11T18:16:36.720884+00:00,200,64114.8,
2026-09-11T18:17:36.043941+00:00,200,4797.73,
2026-09-11T18:17:39.324190+00:00,200,1527.74,
2026-09-11T18:17:31.498906+00:00,200,9355.08,
2026-09-11T18:16:38.746348+00:00,200,62123.4,
2026-09-11T18:17:30.702481+00:00,200,10170.32,
2026-09-11T18:16:38.466136+00:00,200,62417.81,
2026-09-11T18:17:07.662689+00:00,200,33248.75,
2026-09-11T18:17:15.289803+00:00,200,25624.75,
2026-09-11T18:17:38.937171+00:00,200,1980.03,
2026-09-11T18:17:13.231359+00:00,200,27688.15,
2026-09-11T18:17:08.127829+00:00,200,32800.67,
2026-09-11T18:17:12.553011+00:00,200,28382.73,
2026-09-11T18:17:40.765880+00:00,200,203.23,
2026-09-11T18:17:15.837415+00:00,200,25133.52,
2026-09-11T18:16:49.341434+00:00,200,51661.13,
2026-09-11T18:17:25.920158+00:00,200,15087.97,
2026-09-11T18:17:20.652745+00:00,200,20363.45,
2026-09-11T18:17:37.203237+00:00,200,3836.9,
2026-09-11T18:17:38.879602+00:00,200,2165.8,
2026-09-11T18:17:28.273464+00:00,200,12784.13,
2026-09-11T18:17:03.327765+00:00,200,37750.74,
2026-09-11T18:17:34.532768+00:00,200,6547.74,
2026-09-11T18:17:40.044553+00:00,200,1043.61,
2026-09-11T18:17:18.627254+00:00,200,22465.92,
2026-09-11T18:16:32.085495+00:00,200,69009.72,
2026-09-11T18:16:58.405875+00:00,200,42694.28,
2026-09-11T18:17:38.212497+00:00,200,2891.5,
2026-09-11T18:17:18.768855+00:00,200,22353.61,
2026-09-11T18:17:30.343417+00:00,200,10802.54,
2026-09-11T18:17:39.125043+00:00,200,2022.41,
2026-09-11T18:16:21.663438+00:00,200,79488.14,
2026-09-11T18:17:28.711904+00:00,200,12463.86,
2026-09-11T18:17:07.523980+00:00,200,33655.5,
2026-09-11T18:17:30.262832+00:00,200,10935.77,
2026-09-11T18:17:37.756439+00:00,200,3468.43,
2026-09-11T18:17:39.920156+00:00,200,1314.5,
2026-09-11T18:17:40.040032+00:00,200,1197.6,
2026-09-11T18:17:35.855598+00:00,200,5405.61,
2026-09-11T18:16:53.539193+00:00,200,47732.66,
2026-09-11T18:17:24.533541+00:00,200,16740.2,
2026-09-11T18:17:32.029786+00:00,200,9260.5,
2026-09-11T18:17:41.145978+00:00,200,148.9,
2026-09-11T18:17:25.930393+00:00,200,15372.87,
2026-09-11T18:17:03.551921+00:00,200,37775.54,
2026-09-11T18:17:09.390857+00:00,200,31939.0,
2026-09-11T18:17:33.100642+00:00,200,8250.3,
2026-09-11T18:17:02.188444+00:00,200,39168.94,
2026-09-11T18:17:02.081207+00:00,200,39281.09,
2026-09-11T18:17:28.025253+00:00,200,13338.94,
2026-09-11T18:17:34.803322+00:00,200,6562.09,
2026-09-11T18:17:37.669218+00:00,200,3697.48,
2026-09-11T18:17:26.104069+00:00,200,15264.55,
2026-09-11T18:16:57.467805+00:00,200,43907.82,
2026-09-11T18:17:22.491664+00:00,200,18891.82,
2026-09-11T18:17:08.060152+00:00,200,33336.3,
2026-09-11T18:17:33.766243+00:00,200,7637.64,
2026-09-11T18:17:13.616233+00:00,200,27794.52,
2026-09-11T18:16:38.114254+00:00,200,63310.89,
2026-09-11T18:17:35.836652+00:00,200,5591.51,
2026-09-11T18:17:36.421729+00:00,200,5012.75,
2026-09-11T18:17:08.679227+00:00,200,32763.81,
2026-09-11T18:17:27.227639+00:00,200,14216.78,
2026-09-11T18:17:21.486037+00:00,200,19967.22,
2026-09-11T18:17:41.290305+00:00,200,169.48,
2026-09-11T18:17:35.603261+00:00,200,5863.23,
2026-09-11T18:17:21.443348+00:00,200,20032.42,
2026-09-11T18:16:50.715692+00:00,200,50768.77,
2026-09-11T18:17:19.694911+00:00,200,21802.27,
2026-09-11T18:17:23.859626+00:00,200,17663.81,
2026-09-11T18:17:22.699448+00:00,200,18835.39,
2026-09-11T18:17:40.969128+00:00,200,568.32,
2026-09-11T18:17:41.403898+00:00,200,141.72,
2026-09-11T18:17:37.260828+00:00,200,4287.32,
2026-09-11T18:17:41.198614+00:00,200,352.09,
2026-09-11T18:17:23.516357+00:00,200,18049.54,
2026-09-11T18:17:36.979690+00:00,200,4588.31,
2026-09-11T18:17:22.047055+00:00,200,19538.4,
2026-09-11T18:17:34.724772+00:00,200,6865.97,
2026-09-11T18:17:16.509911+00:00,200,25096.16,
2026-09-11T18:17:41.179493+00:00,200,438.07,
2026-09-11T18:17:33.083780+00:00,200,8547.15,
2026-09-11T18:17:39.954352+00:00,200,1693.77,
2026-09-11T18:17:40.029083+00:00,200,1632.23,
2026-09-11T18:16:41.225720+00:00,200,60458.86,
2026-09-11T18:17:28.976647+00:00,200,12711.08,
2026-09-11T18:17:39.676230+00:00,200,2018.7,
2026-09-11T18:17:41.565903+00:00,200,170.08,
2026-09-11T18:17:30.870458+00:00,200,10877.85,
2026-09-11T18:16:34.699511+00:00,200,67062.46,
2026-09-11T18:17:21.347655+00:00,200,20415.95,
2026-09-11T18:16:39.163517+00:00,200,62605.77,
2026-09-11T18:17:32.868850+00:00,200,8902.44,
2026-09-11T18:17:41.410770+00:00,200,385.89,
2026-09-11T18:17:32.479872+00:00,200,9330.56,
2026-09-11T18:17:35.177722+00:00,200,6667.55,
2026-09-11T18:17:02.272994+00:00,200,39574.55,
2026-09-11T18:17:40.782038+00:00,200,1075.32,
2026-09-11T18:17:18.333951+00:00,200,23532.14,
2026-09-11T18:17:29.719287+00:00,200,12154.42,
2026-09-11T18:17:34.953438+00:00,200,6926.45,
2026-09-11T18:17:28.130160+00:00,200,13755.66,
2026-09-11T18:17:33.392158+00:00,200,8495.13,
2026-09-11T18:17:32.612931+00:00,200,9305.19,
2026-09-11T18:17:39.669982+00:00,200,2252.15,
2026-09-11T18:17:39.174819+00:00,200,2766.79,
2026-09-11T18:17:36.855345+00:00,200,5096.2,
2026-09-11T18:16:38.705156+00:00,200,63259.27,
2026-09-11T18:17:37.534475+00:00,200,4439.68,
2026-09-11T18:16:55.270826+00:00,200,46706.57,
2026-09-11T18:17:09.108807+00:00,200,32870.51,
2026-09-11T18:17:28.617914+00:00,200,13392.05,
2026-09-11T18:17:40.334479+00:00,200,1677.62,
2026-09-11T18:17:37.598324+00:00,200,4420.49,
2026-09-11T18:17:30.002413+00:00,200,12021.65,
2026-09-11T18:17:40.614031+00:00,200,1418.7,
2026-09-11T18:17:28.243512+00:00,200,13792.43,
2026-09-11T18:17:37.220842+00:00,200,4838.4,
2026-09-11T18:17:22.065644+00:00,200,19995.78,
2026-09-11T18:17:29.961527+00:00,200,12105.75,
2026-09-11T18:17:02.496039+00:00,200,39583.66,
2026-09-11T18:17:33.552582+00:00,200,8557.08,
2026-09-11T18:17:14.939061+00:00,200,27177.45,
2026-09-11T18:17:36.824206+00:00,200,5299.07,
2026-09-11T18:17:35.534099+00:00,200,6596.55,
2026-09-11T18:17:15.006690+00:00,200,27129.53,
2026-09-11T18:17:14.897161+00:00,200,27252.46,
2026-09-11T18:16:49.479172+00:00,200,52674.12,
2026-09-11T18:17:32.688383+00:00,200,9483.0,
2026-09-11T18:17:16.228686+00:00,200,25954.14,
2026-09-11T18:17:41.796670+00:00,200,396.72,
2026-09-11T18:17:37.226156+00:00,200,4987.54,
2026-09-11T18:16:57.233201+00:00,200,44985.25,
2026-09-11T18:17:22.862552+00:00,200,19360.5,
2026-09-11T18:17:32.147134+00:00,200,10084.24,
2026-09-11T18:17:40.796042+00:00,200,1446.08,
2026-09-11T18:17:38.668276+00:00,200,3593.45,
2026-09-11T18:17:40.911454+00:00,200,1354.49,
2026-09-11T18:17:41.761981+00:00,200,513.94,
2026-09-11T18:17:39.813855+00:00,200,2468.03,
2026-09-11T18:17:32.283132+00:00,200,10009.42,
2026-09-11T18:17:38.838481+00:00,200,3485.53,
2026-09-11T18:17:22.172078+00:00,200,20160.59,
2026-09-11T18:17:19.353476+00:00,200,22991.97,
2026-09-11T18:17:22.820524+00:00,200,19531.95,
2026-09-11T18:17:32.554639+00:00,200,9805.7,
2026-09-11T18:17:41.078516+00:00,200,1284.5,
2026-09-11T18:17:40.476420+00:00,200,1896.97,
2026-09-11T18:17:40.434133+00:00,200,1950.38,
2026-09-11T18:17:34.329677+00:00,200,8070.85,
2026-09-11T18:17:36.121603+00:00,200,6292.18,
2026-09-11T18:17:04.576796+00:00,200,37839.77,
2026-09-11T18:17:40.807986+00:00,200,1614.75,
2026-09-11T18:16:59.642545+00:00,200,42791.06,
2026-09-11T18:17:01.985645+00:00,200,40449.29,
2026-09-11T18:17:13.028289+00:00,200,29409.6,
2026-09-11T18:17:40.356863+00:00,200,2083.48,
2026-09-11T18:17:19.704666+00:00,200,22739.23,
2026-09-11T18:17:38.835532+00:00,200,3635.59,
2026-09-11T18:17:38.527486+00:00,200,3956.18,
2026-09-11T18:16:49.350806+00:00,200,53138.92,
2026-09-11T18:17:02.670472+00:00,200,39825.91,
2026-09-11T18:17:34.726464+00:00,200,7783.87,
2026-09-11T18:17:37.968315+00:00,200,4556.92,
2026-09-11T18:17:39.999682+00:00,200,2542.26,
2026-09-11T18:16:48.638959+00:00,200,53925.79,
2026-09-11T18:17:17.757107+00:00,200,24813.09,
2026-09-11T18:17:28.158649+00:00,200,14417.95,
2026-09-11T18:17:29.305892+00:00,200,13272.84,
2026-09-11T18:17:19.375911+00:00,200,23218.72,
2026-09-11T18:17:39.975127+00:00,200,2630.07,
2026-09-11T18:16:53.867732+00:00,200,48739.46,
2026-09-11T18:17:31.666083+00:00,200,10949.4,
2026-09-11T18:17:42.218457+00:00,200,400.43,
2026-09-11T18:16:30.107660+00:00,200,72519.33,
2026-09-11T18:17:39.624876+00:00,200,3016.87,
2026-09-11T18:17:07.534729+00:00,200,35111.9,
2026-09-11T18:17:20.897455+00:00,200,21751.88,
2026-09-11T18:17:42.471134+00:00,200,181.02,
2026-09-11T18:17:28.610944+00:00,200,14056.59,
2026-09-11T18:17:33.833818+00:00,200,8845.14,
2026-09-11T18:17:31.295717+00:00,200,11414.71,
2026-09-11T18:17:06.115639+00:00,200,36619.16,
2026-09-11T18:16:33.506550+00:00,200,69239.17,
2026-09-11T18:17:30.197857+00:00,200,12560.23,
2026-09-11T18:17:33.934360+00:00,200,8846.41,
2026-09-11T18:17:41.329864+00:00,200,1479.52,
2026-09-11T18:17:40.928506+00:00,200,1890.53,
2026-09-11T18:17:41.104008+00:00,200,1717.06,
2026-09-11T18:17:25.193999+00:00,200,17630.4,
2026-09-11T18:17:35.857129+00:00,200,6971.74,
2026-09-11T18:17:39.363326+00:00,200,3467.17,
2026-09-11T18:17:41.093190+00:00,200,1762.16,
2026-09-11T18:17:13.865966+00:00,200,28990.59,
2026-09-11T18:17:40.576879+00:00,200,2282.04,
2026-09-11T18:17:30.672626+00:00,200,12207.87,
2026-09-11T18:17:40.872808+00:00,200,2013.6,
2026-09-11T18:17:41.545622+00:00,200,1369.87,
2026-09-11T18:17:17.669536+00:00,200,25251.23,
2026-09-11T18:17:42.109678+00:00,200,818.27,
2026-09-11T18:17:21.393940+00:00,200,21556.22,
2026-09-11T18:17:36.021813+00:00,200,6938.65,
2026-09-11T18:17:33.128523+00:00,200,9849.87,
2026-09-11T18:16:56.128264+00:00,200,46859.1,
2026-09-11T18:17:38.314124+00:00,200,4699.86,
2026-09-11T18:17:34.160143+00:00,200,8872.09,
2026-09-11T18:17:22.727575+00:00,200,20306.6,
2026-09-11T18:17:20.533579+00:00,200,22504.69,
2026-09-11T18:17:05.716721+00:00,200,37331.87,
2026-09-11T18:17:33.003804+00:00,200,10051.58,
2026-09-11T18:17:41.327474+00:00,200,1729.46,
2026-09-11T18:17:39.257889+00:00,200,3807.61,
2026-09-11T18:17:31.290564+00:00,200,11778.11,
2026-09-11T18:17:42.012108+00:00,200,1066.51,
2026-09-11T18:17:34.333836+00:00,200,8772.58,
2026-09-11T18:17:30.649297+00:00,200,12469.31,
2026-09-11T18:17:34.400150+00:00,200,8755.51,
2026-09-11T18:16:55.533690+00:00,200,47624.45,
2026-09-11T18:17:26.384114+00:00,200,16783.19,
2026-09-11T18:17:40.481923+00:00,200,2690.19,
2026-09-11T18:17:17.064535+00:00,200,26117.62,
2026-09-11T18:17:39.073700+00:00,200,4110.78,
2026-09-11T18:17:16.175119+00:00,200,27025.82,
2026-09-11T18:17:35.503712+00:00,200,7698.42,
2026-09-11T18:17:17.992713+00:00,200,25214.81,
2026-09-11T18:17:20.027442+00:00,200,23186.44,
2026-09-11T18:17:42.960469+00:00,200,258.34,
2026-09-11T18:17:38.401478+00:00,200,4824.77,
2026-09-11T18:17:41.350963+00:00,200,1902.02,
2026-09-11T18:17:42.059262+00:00,200,1210.82,
2026-09-11T18:17:26.736594+00:00,200,16559.35,
2026-09-11T18:17:41.568006+00:00,200,1744.97,
2026-09-11T18:17:38.094912+00:00,200,5246.34,
2026-09-11T18:17:32.318328+00:00,200,11035.76,
2026-09-11T18:17:42.809403+00:00,200,563.95,
2026-09-11T18:17:27.396352+00:00,200,15982.65,
2026-09-11T18:17:36.018140+00:00,200,7367.39,
2026-09-11T18:17:38.128251+00:00,200,5264.63,
2026-09-11T18:17:33.007813+00:00,200,10386.58,
2026-09-11T18:16:41.650502+00:00,200,61748.78,
2026-09-11T18:17:41.735999+00:00,200,1680.98,
2026-09-11T18:16:34.488427+00:00,200,69012.64,
2026-09-11T18:17:08.033400+00:00,200,35495.88,
2026-09-11T18:17:42.363027+00:00,200,1168.69,
2026-09-11T18:17:35.007283+00:00,200,8539.4,
2026-09-11T18:17:37.544647+00:00,200,6006.85,
2026-09-11T18:17:34.279155+00:00,200,9285.56,
2026-09-11T18:17:37.113618+00:00,200,6458.65,
2026-09-11T18:17:14.253677+00:00,200,29320.53,
2026-09-11T18:17:35.625795+00:00,200,7954.45,
2026-09-11T18:17:33.121662+00:00,200,10460.58,
2026-09-11T18:17:43.341272+00:00,200,254.73,
2026-09-11T18:17:38.548553+00:00,200,5062.78,
2026-09-11T18:17:31.005113+00:00,200,12619.4,
2026-09-11T18:17:41.100166+00:00,200,2533.21,
2026-09-11T18:17:22.254112+00:00,200,21381.73,
2026-09-11T18:17:30.357205+00:00,200,13280.44,
2026-09-11T18:17:37.586134+00:00,200,6060.9,
2026-09-11T18:17:19.676102+00:00,200,23980.25,
2026-09-11T18:17:29.836812+00:00,200,13839.71,
2026-09-11T18:17:39.789816+00:00,200,3889.65,
2026-09-11T18:16:50.626279+00:00,200,53061.28,
2026-09-11T18:17:31.733665+00:00,200,11958.51,
2026-09-11T18:17:42.819054+00:00,200,882.23,
2026-09-11T18:17:36.141537+00:00,200,7603.26,
2026-09-11T18:17:42.116519+00:00,200,1637.03,
2026-09-11T18:17:41.237638+00:00,200,2518.32,
2026-09-11T18:17:21.229669+00:00,200,22536.85,
2026-09-11T18:17:21.879374+00:00,200,21922.0,
2026-09-11T18:17:20.674735+00:00,200,23128.0,
2026-09-11T18:16:57.072067+00:00,200,46735.09,
2026-09-11T18:17:15.599024+00:00,200,28220.04,
2026-09-11T18:17:34.640133+00:00,200,9181.77,
2026-09-11T18:17:40.084486+00:00,200,3740.22,
2026-09-11T18:17:18.005526+00:00,200,25821.89,
2026-09-11T18:17:41.396467+00:00,200,2433.43,
2026-09-11T18:17:30.628847+00:00,200,13203.55,
2026-09-11T18:17:33.027009+00:00,200,10808.38,
2026-09-11T18:17:37.264808+00:00,200,6581.17,
2026-09-11T18:17:01.415146+00:00,200,42446.44,
2026-09-11T18:17:37.684551+00:00,200,6181.66,
2026-09-11T18:17:15.107061+00:00,200,28761.08,
2026-09-11T18:17:39.918855+00:00,200,3960.61,
2026-09-11T18:17:39.502231+00:00,200,4385.79,
2026-09-11T18:16:34.454952+00:00,200,69454.37,
2026-09-11T18:17:42.123292+00:00,200,1788.79,
2026-09-11T18:17:38.397338+00:00,200,5523.48,
2026-09-11T18:17:31.899831+00:00,200,12028.39,
2026-09-11T18:16:22.029061+00:00,200,81902.72,
2026-09-11T18:17:30.981703+00:00,200,12960.77,
2026-09-11T18:17:42.130664+00:00,200,1813.59,
2026-09-11T18:17:18.677896+00:00,200,25270.68,
2026-09-11T18:17:12.874737+00:00,200,31083.49,
2026-09-11T18:17:39.901526+00:00,200,4069.86,
2026-09-11T18:17:25.561246+00:00,200,18412.08,
2026-09-11T18:17:27.614002+00:00,200,16361.02,
2026-09-11T18:17:16.183615+00:00,200,27820.55,
2026-09-11T18:17:36.670947+00:00,200,7339.43,
2026-09-11T18:17:35.378082+00:00,200,8634.33,
2026-09-11T18:17:08.980005+00:00,200,35034.18,
2026-09-11T18:17:22.563439+00:00,200,21453.17,
2026-09-11T18:17:37.627572+00:00,200,6391.01,
2026-09-11T18:17:21.680260+00:00,200,22340.34,
2026-09-11T18:17:09.808005+00:00,200,34214.52,
2026-09-11T18:17:38.417616+00:00,200,5606.81,
2026-09-11T18:17:38.362201+00:00,200,5664.15,
2026-09-11T18:17:01.053326+00:00,200,42974.95,
2026-09-11T18:16:52.359951+00:00,200,51670.29,
2026-09-11T18:17:27.201025+00:00,200,16831.59,
2026-09-11T18:17:22.651809+00:00,200,21382.91,
2026-09-11T18:17:41.885830+00:00,200,2168.29,
2026-09-11T18:17:42.830498+00:00,200,1233.3,
2026-09-11T18:17:23.740091+00:00,200,20338.59,
2026-09-11T18:17:40.117874+00:00,200,3979.42,
2026-09-11T18:16:58.300273+00:00,200,45823.15,
2026-09-11T18:17:43.399285+00:00,200,746.64,
2026-09-11T18:17:29.419705+00:00,200,14736.36,
2026-09-11T18:17:32.036880+00:00,200,12122.27,
2026-09-11T18:17:24.229437+00:00,200,19954.04,
2026-09-11T18:17:33.969334+00:00,200,10244.97,
2026-09-11T18:17:01.662419+00:00,200,42569.21,
2026-09-11T18:17:42.678975+00:00,200,1585.52,
2026-09-11T18:17:34.484650+00:00,200,9786.13,
2026-09-11T18:17:41.694941+00:00,200,2603.76,
2026-09-11T18:17:34.737353+00:00,200,9578.76,
2026-09-11T18:17:40.372671+00:00,200,3965.8,
2026-09-11T18:17:31.150984+00:00,200,13195.52,
2026-09-11T18:17:23.011795+00:00,200,21341.43,
2026-09-11T18:17:33.345193+00:00,200,11052.23,
2026-09-11T18:16:57.869353+00:00,200,46540.63,
2026-09-11T18:17:10.931598+00:00,200,33515.18,
2026-09-11T18:17:29.757284+00:00,200,14722.52,
2026-09-11T18:17:03.084746+00:00,200,41402.59,
2026-09-11T18:17:40.280763+00:00,200,4253.35,
2026-09-11T18:17:36.363808+00:00,200,8180.62,
2026-09-11T18:17:15.686498+00:00,200,28868.65,
2026-09-11T18:17:42.384529+00:00,200,2179.67,
2026-09-11T18:17:38.955439+00:00,200,5620.5,
2026-09-11T18:17:24.505846+00:00,200,20084.42,
2026-09-11T18:17:43.687577+00:00,200,914.61,
2026-09-11T18:17:23.861541+00:00,200,20776.86,
2026-09-11T18:17:29.128868+00:00,200,15551.68,
2026-09-11T18:17:32.034910+00:00,200,12672.21,
2026-09-11T18:17:21.254317+00:00,200,23494.01,
2026-09-11T18:16:47.000753+00:00,200,57761.13,
2026-09-11T18:17:25.572446+00:00,200,19195.56,
2026-09-11T18:17:37.169105+00:00,200,7602.47,
2026-09-11T18:17:39.566286+00:00,200,5242.12,
2026-09-11T18:17:27.521909+00:00,200,17288.7,
2026-09-11T18:17:25.721408+00:00,200,19091.37,
2026-09-11T18:17:36.819342+00:00,200,8004.96,
2026-09-11T18:17:04.157611+00:00,200,40670.85,
2026-09-11T18:17:32.432461+00:00,200,12423.38,
2026-09-11T18:17:29.671708+00:00,200,15188.45,
2026-09-11T18:17:44.316125+00:00,200,562.93,
2026-09-11T18:17:41.271863+00:00,200,3613.14,
2026-09-11T18:17:24.308663+00:00,200,20611.42,
2026-09-11T18:17:22.133721+00:00,200,22811.72,
2026-09-11T18:17:22.928843+00:00,200,22056.25,
2026-09-11T18:17:30.686434+00:00,200,14301.33,
2026-09-11T18:17:13.476066+00:00,200,31539.47,
2026-09-11T18:17:40.244374+00:00,200,4773.59,
2026-09-11T18:17:36.375304+00:00,200,8656.36,
2026-09-11T18:17:23.754270+00:00,200,21309.06,
2026-09-11T18:17:35.251268+00:00,200,9818.9,
2026-09-11T18:17:41.224885+00:00,200,3858.52,
2026-09-11T18:17:18.270268+00:00,200,26855.75,
2026-09-11T18:17:38.664706+00:00,200,6522.78,
2026-09-11T18:17:42.067277+00:00,200,3134.08,
2026-09-11T18:17:27.189275+00:00,200,18032.27,
2026-09-11T18:16:44.542958+00:00,200,60704.82,
2026-09-11T18:17:38.390271+00:00,200,6871.91,
2026-09-11T18:17:09.388260+00:00,200,35893.4,
2026-09-11T18:17:44.014196+00:00,200,1280.23,
2026-09-11T18:17:31.795106+00:00,200,13507.84,
2026-09-11T18:17:23.467405+00:00,200,21849.62,
2026-09-11T18:17:41.459792+00:00,200,3876.43,
2026-09-11T18:17:23.343510+00:00,200,21999.62,
2026-09-11T18:17:40.883954+00:00,200,4475.67,
2026-09-11T18:17:37.551357+00:00,200,7861.45,
2026-09-11T18:17:42.627000+00:00,200,2793.98,
2026-09-11T18:17:16.146550+00:00,200,29284.15,
2026-09-11T18:17:43.692179+00:00,200,1774.21,
2026-09-11T18:17:28.534887+00:00,200,16937.99,
2026-09-11T18:17:42.927960+00:00,200,2550.57,
2026-09-11T18:16:42.063480+00:00,200,63427.65,
2026-09-11T18:17:43.295959+00:00,200,2213.61,
2026-09-11T18:17:33.674648+00:00,200,11849.92,
2026-09-11T18:17:39.888067+00:00,200,5668.36,
2026-09-11T18:17:25.854271+00:00,200,19748.19,
2026-09-11T18:17:27.080286+00:00,200,18560.15,
2026-09-11T18:17:42.646634+00:00,200,3008.3,
2026-09-11T18:17:16.639875+00:00,200,29052.27,
2026-09-11T18:17:32.293183+00:00,200,13403.46,
2026-09-11T18:17:39.093244+00:00,200,6605.77,
2026-09-11T18:17:34.652670+00:00,200,11068.17,
2026-09-11T18:17:36.194371+00:00,200,9528.68,
2026-09-11T18:17:32.340495+00:00,200,13393.93,
2026-09-11T18:17:12.298970+00:00,200,33445.95,
2026-09-11T18:17:38.800986+00:00,200,6971.36,
2026-09-11T18:17:33.820315+00:00,200,11960.99,
2026-09-11T18:17:45.302953+00:00,200,518.26,
2026-09-11T18:17:44.353235+00:00,200,1483.55,
2026-09-11T18:17:38.768045+00:00,200,7083.76,
2026-09-11T18:17:43.218819+00:00,200,2651.6,
2026-09-11T18:17:13.339223+00:00,200,32533.64,
2026-09-11T18:17:41.040155+00:00,200,4843.49,
2026-09-11T18:17:26.415227+00:00,200,19495.6,
2026-09-11T18:17:34.683899+00:00,200,11234.68,
2026-09-11T18:17:39.780038+00:00,200,6152.71,
2026-09-11T18:17:08.855645+00:00,200,37082.54,
2026-09-11T18:17:42.149625+00:00,200,3824.77,
2026-09-11T18:17:44.264506+00:00,200,1712.45,
2026-09-11T18:17:36.699875+00:00,200,9292.44,
2026-09-11T18:17:28.388590+00:00,200,17617.62,
2026-09-11T18:17:16.867920+00:00,200,29150.04,
2026-09-11T18:17:43.379009+00:00,200,2653.44,
2026-09-11T18:17:25.019891+00:00,200,21072.54,
2026-09-11T18:17:42.758094+00:00,200,3339.1,
2026-09-11T18:17:42.578734+00:00,200,3574.1,
2026-09-11T18:17:36.803396+00:00,200,9354.08,
2026-09-11T18:17:28.580506+00:00,200,17590.79,
2026-09-11T18:17:35.547520+00:00,200,10648.04,
2026-09-11T18:17:30.869225+00:00,200,15380.73,
2026-09-11T18:17:41.151594+00:00,200,5104.44,
2026-09-11T18:17:29.438993+00:00,200,16819.16,
2026-09-11T18:17:37.553688+00:00,200,8709.65,
2026-09-11T18:17:35.366464+00:00,200,10922.64,
2026-09-11T18:16:25.257089+00:00,200,81040.02,
2026-09-11T18:17:35.146781+00:00,200,11152.6,
2026-09-11T18:17:43.551502+00:00,200,2759.74,
2026-09-11T18:17:43.392887+00:00,200,2925.42,
2026-09-11T18:17:16.196769+00:00,200,30127.66,
2026-09-11T18:17:37.580260+00:00,200,8784.69,
2026-09-11T18:17:26.644077+00:00,200,19751.97,
2026-09-11T18:17:44.145937+00:00,200,2274.05,
2026-09-11T18:17:45.063335+00:00,200,1385.8,
2026-09-11T18:17:20.549404+00:00,200,25957.98,
2026-09-11T18:17:00.617608+00:00,200,45922.05,
2026-09-11T18:17:22.282122+00:00,200,24259.84,
2026-09-11T18:17:23.091604+00:00,200,23498.05,
2026-09-11T18:17:29.205212+00:00,200,17386.8,
2026-09-11T18:17:38.218297+00:00,200,8377.47,
2026-09-11T18:17:37.643895+00:00,200,8961.45,
2026-09-11T18:16:41.476079+00:00,200,65157.38,
2026-09-11T18:17:39.213929+00:00,200,7449.12,
2026-09-11T18:17:35.646827+00:00,200,11019.94,
2026-09-11T18:17:30.168113+00:00,200,16518.36,
2026-09-11T18:17:32.395317+00:00,200,14316.99,
2026-09-11T18:17:42.416576+00:00,200,4300.19,
2026-09-11T18:17:43.948586+00:00,200,2780.66,
2026-09-11T18:17:38.639712+00:00,200,8097.06,
2026-09-11T18:17:34.700026+00:00,200,12085.63,
2026-09-11T18:17:42.710445+00:00,200,4106.19,
2026-09-11T18:17:17.745005+00:00,200,29079.83,
2026-09-11T18:17:37.367427+00:00,200,9476.74,
2026-09-11T18:17:17.615530+00:00,200,29254.35,
2026-09-11T18:17:38.423499+00:00,200,8449.51,
2026-09-11T18:17:45.781318+00:00,200,1100.7,
2026-09-11T18:17:38.301548+00:00,200,8598.76,
2026-09-11T18:17:31.104760+00:00,200,15797.68,
2026-09-11T18:17:33.796207+00:00,200,13161.48,
2026-09-11T18:17:36.924801+00:00,200,10043.57,
2026-09-11T18:17:29.546305+00:00,200,17494.34,
2026-09-11T18:17:43.679482+00:00,200,3380.83,
2026-09-11T18:17:37.946143+00:00,200,9119.47,
2026-09-11T18:16:41.569934+00:00,200,65498.92,
2026-09-11T18:17:40.703016+00:00,200,6399.82,
2026-09-11T18:17:25.065374+00:00,200,22043.06,
2026-09-11T18:17:38.922318+00:00,200,8192.92,
2026-09-11T18:17:25.167198+00:00,200,21954.52,
2026-09-11T18:17:36.829498+00:00,200,10333.89,
2026-09-11T18:17:18.961977+00:00,200,28225.87,
2026-09-11T18:17:41.550712+00:00,200,5665.03,
2026-09-11T18:17:39.189123+00:00,200,8035.84,
2026-09-11T18:17:03.042206+00:00,200,44193.02,
2026-09-11T18:17:35.860097+00:00,200,11392.63,
2026-09-11T18:16:44.236147+00:00,200,63024.46,
2026-09-11T18:17:38.075246+00:00,200,9214.17,
2026-09-11T18:17:29.164215+00:00,200,18133.28,
2026-09-11T18:17:18.341498+00:00,200,28984.37,
2026-09-11T18:17:19.231805+00:00,200,28124.21,
2026-09-11T18:17:17.583459+00:00,200,29785.32,
2026-09-11T18:17:37.995709+00:00,200,9446.31,
2026-09-11T18:17:43.912094+00:00,200,3546.36,
2026-09-11T18:17:37.969743+00:00,200,9514.99,
2026-09-11T18:17:31.633282+00:00,200,15864.32,
2026-09-11T18:17:46.152849+00:00,200,1391.01,
2026-09-11T18:17:17.358119+00:00,200,30193.46,
2026-09-11T18:17:38.692328+00:00,200,8861.59,
2026-09-11T18:17:20.119892+00:00,200,27464.86,
2026-09-11T18:17:21.738754+00:00,200,25851.24,
2026-09-11T18:17:45.262199+00:00,200,2333.6,
2026-09-11T18:17:31.877607+00:00,200,15774.51,
2026-09-11T18:17:44.748343+00:00,200,2958.74,
2026-09-11T18:17:28.751505+00:00,200,18998.12,
2026-09-11T18:17:38.234707+00:00,200,9517.89,
2026-09-11T18:17:41.234668+00:00,200,6544.29,
2026-09-11T18:17:45.524578+00:00,200,2261.22,
2026-09-11T18:17:45.478533+00:00,200,2309.77,
2026-09-11T18:17:47.497611+00:00,200,301.86,
2026-09-11T18:17:38.919820+00:00,200,8909.32,
2026-09-11T18:17:09.903742+00:00,200,37929.62,
2026-09-11T18:17:36.287144+00:00,200,11583.96,
2026-09-11T18:17:29.832557+00:00,200,18043.54,
2026-09-11T18:17:29.501885+00:00,200,18377.67,
2026-09-11T18:17:42.915510+00:00,200,4970.52,
2026-09-11T18:16:49.629720+00:00,200,58306.94,
2026-09-11T18:17:45.696659+00:00,200,2274.74,
2026-09-11T18:17:43.637649+00:00,200,4341.69,
2026-09-11T18:16:27.273847+00:00,200,80723.45,
2026-09-11T18:17:46.032459+00:00,200,1975.89,
2026-09-11T18:17:34.046319+00:00,200,13964.34,
2026-09-11T18:17:45.420995+00:00,200,2596.61,
2026-09-11T18:17:34.362483+00:00,200,13665.61,
2026-09-11T18:17:17.240097+00:00,200,30837.87,
2026-09-11T18:17:44.032620+00:00,200,4073.57,
2026-09-11T18:17:42.780786+00:00,200,5329.51,
2026-09-11T18:17:25.428950+00:00,200,22699.78,
2026-09-11T18:17:36.641163+00:00,200,11585.96,
2026-09-11T18:17:44.920104+00:00,200,3313.61,
2026-09-11T18:17:34.760109+00:00,200,13479.69,
2026-09-11T18:17:46.157476+00:00,200,2098.77,
2026-09-11T18:17:23.006007+00:00,200,25256.51,
2026-09-11T18:17:15.157743+00:00,200,33110.54,
2026-09-11T18:17:33.460952+00:00,200,14821.3,
2026-09-11T18:17:46.092441+00:00,200,2231.18,
2026-09-11T18:17:32.812178+00:00,200,15516.28,
2026-09-11T18:17:36.915400+00:00,200,11415.78,
2026-09-11T18:17:31.348476+00:00,200,17016.59,
2026-09-11T18:17:19.773999+00:00,200,28605.18,
2026-09-11T18:17:30.278376+00:00,200,18123.56,
2026-09-11T18:17:30.150997+00:00,200,18302.95,
2026-09-11T18:17:35.273314+00:00,200,13198.36,
2026-09-11T18:17:31.857670+00:00,200,16621.75,
2026-09-11T18:17:43.385538+00:00,200,5111.97,
2026-09-11T18:17:04.305313+00:00,200,44208.94,
2026-09-11T18:16:58.777638+00:00,200,49739.91,
2026-09-11T18:17:47.936681+00:00,200,613.11,
2026-09-11T18:17:40.164543+00:00,200,8414.33,
2026-09-11T18:16:51.909120+00:00,200,56676.76,
2026-09-11T18:16:43.303609+00:00,200,65295.98,
2026-09-11T18:17:15.115980+00:00,200,33510.23,
2026-09-11T18:17:21.726478+00:00,200,26910.58,
2026-09-11T18:17:40.730202+00:00,200,7941.87,
2026-09-11T18:17:13.550098+00:00,200,35171.97,
2026-09-11T18:17:33.886217+00:00,200,14843.81,
2026-09-11T18:17:24.954236+00:00,200,23781.17,
2026-09-11T18:17:37.716163+00:00,200,11028.76,
2026-09-11T18:17:28.957899+00:00,200,19797.3,
2026-09-11T18:16:55.615167+00:00,200,53155.83,
2026-09-11T18:17:31.011298+00:00,200,17788.11,
2026-09-11T18:17:44.397439+00:00,200,4439.41,
2026-09-11T18:17:07.506493+00:00,200,41381.72,
2026-09-11T18:16:33.096042+00:00,200,75800.93,
2026-09-11T18:17:30.160767+00:00,200,18737.95,
2026-09-11T18:17:27.097948+00:00,200,21804.56,
2026-09-11T18:17:09.316446+00:00,200,39594.98,
2026-09-11T18:17:24.261611+00:00,200,24680.62,
2026-09-11T18:17:48.722081+00:00,200,267.05,
2026-09-11T18:17:22.994936+00:00,200,26010.02,
2026-09-11T18:17:40.612670+00:00,200,8396.68,
2026-09-11T18:17:45.870434+00:00,200,3157.41,
2026-09-11T18:17:27.473942+00:00,200,21555.61,
2026-09-11T18:17:23.769292+00:00,200,25268.66,
2026-09-11T18:17:46.396067+00:00,200,2678.09,
2026-09-11T18:17:03.640711+00:00,200,45446.95,
2026-09-11T18:17:14.437510+00:00,200,34658.91,
2026-09-11T18:17:34.548706+00:00,200,14552.96,
2026-09-11T18:17:32.906994+00:00,200,16200.98,
2026-09-11T18:17:45.556442+00:00,200,3557.25,
2026-09-11T18:17:47.325891+00:00,200,1789.66,
2026-09-11T18:17:36.306016+00:00,200,12817.0,
2026-09-11T18:17:24.839375+00:00,200,24292.0,
2026-09-11T18:17:42.950180+00:00,200,6200.19,
2026-09-11T18:17:48.517558+00:00,200,654.66,
2026-09-11T18:17:24.846129+00:00,200,24332.51,
2026-09-11T18:17:18.335366+00:00,200,30851.0,
2026-09-11T18:17:27.838693+00:00,200,21351.39,
2026-09-11T18:17:21.849489+00:00,200,27348.46,
2026-09-11T18:17:46.736772+00:00,200,2470.02,
2026-09-11T18:17:09.929456+00:00,200,39279.59,
2026-09-11T18:17:41.847553+00:00,200,7374.77,
2026-09-11T18:17:28.321927+00:00,200,20923.36,
2026-09-11T18:17:16.452214+00:00,200,32795.73,
2026-09-11T18:17:30.906786+00:00,200,18370.64,
2026-09-11T18:17:34.791614+00:00,200,14496.2,
2026-09-11T18:17:02.931598+00:00,200,46365.25,
2026-09-11T18:17:45.126032+00:00,200,4191.22,
2026-09-11T18:17:42.413795+00:00,200,6908.54,
2026-09-11T18:17:44.812783+00:00,200,4515.75,
2026-09-11T18:17:49.150380+00:00,200,197.63,
2026-09-11T18:17:22.017317+00:00,200,27332.64,
2026-09-11T18:17:12.903464+00:00,200,36449.37,
2026-09-11T18:17:18.748770+00:00,200,30605.4,
2026-09-11T18:17:30.469625+00:00,200,18921.18,
2026-09-11T18:16:47.087354+00:00,200,62320.42,
2026-09-11T18:17:40.523316+00:00,200,8895.56,
2026-09-11T18:17:25.405365+00:00,200,24028.07,
2026-09-11T18:17:43.078629+00:00,200,6357.87,
2026-09-11T18:17:48.836869+00:00,200,626.91,
2026-09-11T18:17:48.771011+00:00,200,707.89,
2026-09-11T18:17:41.475776+00:00,200,8017.78,
2026-09-11T18:17:04.920913+00:00,200,44575.39,
2026-09-11T18:17:43.056940+00:00,200,6444.85,
2026-09-11T18:17:31.250655+00:00,200,18264.66,
2026-09-11T18:17:43.861597+00:00,200,5662.26,
2026-09-11T18:17:47.886035+00:00,200,1648.85,
2026-09-11T18:17:44.018589+00:00,200,5521.1,
2026-09-11T18:17:21.846828+00:00,200,27694.13,
2026-09-11T18:17:25.737023+00:00,200,23812.41,
2026-09-11T18:17:44.761904+00:00,200,4789.96,
2026-09-11T18:17:28.286954+00:00,200,21269.17,
2026-09-11T18:17:29.843386+00:00,200,19723.2,
2026-09-11T18:17:00.306492+00:00,200,49271.83,
2026-09-11T18:17:31.293817+00:00,200,18292.5,
2026-09-11T18:17:23.782855+00:00,200,25821.39,
2026-09-11T18:17:36.668784+00:00,200,12959.7,
2026-09-11T18:17:00.859631+00:00,200,48775.59,
2026-09-11T18:17:31.514232+00:00,200,18122.21,
2026-09-11T18:17:49.463797+00:00,200,173.85,
2026-09-11T18:17:37.056681+00:00,200,12589.17,
2026-09-11T18:17:49.478921+00:00,200,171.16,
2026-09-11T18:17:48.077982+00:00,200,1582.37,
2026-09-11T18:17:28.313032+00:00,200,21364.05,
2026-09-11T18:17:20.890494+00:00,200,28815.51,
2026-09-11T18:17:39.807372+00:00,200,9920.55,
2026-09-11T18:17:42.422744+00:00,200,7312.88,
2026-09-11T18:17:43.596017+00:00,200,6151.72,
2026-09-11T18:17:36.405573+00:00,200,13346.23,
2026-09-11T18:17:46.006220+00:00,200,3752.12,
2026-09-11T18:17:45.491141+00:00,200,4272.92,
2026-09-11T18:17:07.113642+00:00,200,42651.59,
2026-09-11T18:17:49.586326+00:00,200,190.23,
2026-09-11T18:17:37.050504+00:00,200,12734.56,
2026-09-11T18:17:49.628496+00:00,200,193.99,
2026-09-11T18:17:32.483467+00:00,200,17350.24,
2026-09-11T18:17:37.253415+00:00,200,12592.11,
2026-09-11T18:17:39.359636+00:00,200,10494.97,
2026-09-11T18:17:24.454878+00:00,200,25405.93,
2026-09-11T18:17:34.883224+00:00,200,14990.78,
2026-09-11T18:17:43.564723+00:00,200,6316.26,
2026-09-11T18:17:46.873019+00:00,200,3010.59,
2026-09-11T18:17:41.873720+00:00,200,8048.07,
2026-09-11T18:17:24.852254+00:00,200,25073.92,
2026-09-11T18:17:25.425680+00:00,200,24523.96,
2026-09-11T18:17:03.938415+00:00,200,46017.22,
2026-09-11T18:17:47.778963+00:00,200,2178.99,
2026-09-11T18:17:42.024071+00:00,200,7945.68,
2026-09-11T18:17:15.554205+00:00,200,34425.04,
2026-09-11T18:17:47.749643+00:00,200,2243.03,
2026-09-11T18:17:37.529783+00:00,200,12466.56,
2026-09-11T18:17:42.434943+00:00,200,7567.66,
2026-09-11T18:17:24.615869+00:00,200,25391.06,
2026-09-11T18:17:41.771294+00:00,200,8239.98,
2026-09-11T18:17:29.708307+00:00,200,20307.97,
2026-09-11T18:17:49.845540+00:00,200,172.95,
2026-09-11T18:17:39.099689+00:00,200,10928.95,
2026-09-11T18:17:46.017969+00:00,200,4066.14,
2026-09-11T18:17:15.120222+00:00,200,34966.53,
2026-09-11T18:17:46.592017+00:00,200,3520.41,
2026-09-11T18:17:49.317265+00:00,200,802.99,
2026-09-11T18:17:49.578328+00:00,200,544.65,
2026-09-11T18:16:39.206389+00:00,200,70918.77,
2026-09-11T18:17:36.810739+00:00,200,13323.96,
2026-09-11T18:17:35.101405+00:00,200,15035.12,
2026-09-11T18:17:28.642617+00:00,200,21497.95,
2026-09-11T18:17:20.863082+00:00,200,29286.57,
2026-09-11T18:17:31.202277+00:00,200,18954.34,
2026-09-11T18:17:14.883662+00:00,200,35286.07,
2026-09-11T18:17:49.957959+00:00,200,214.37,
2026-09-11T18:17:36.029936+00:00,200,14164.2,
2026-09-11T18:16:57.429385+00:00,200,52819.01,
2026-09-11T18:17:41.444427+00:00,200,8807.09,
2026-09-11T18:17:18.570816+00:00,200,31718.61,
2026-09-11T18:17:26.115635+00:00,200,24177.6,
2026-09-11T18:17:46.824846+00:00,200,3478.06,
2026-09-11T18:17:46.663062+00:00,200,3643.7,
2026-09-11T18:17:47.788313+00:00,200,2553.52,
2026-09-11T18:17:47.652135+00:00,200,2704.93,
2026-09-11T18:17:34.376747+00:00,200,15982.82,
2026-09-11T18:17:18.508501+00:00,200,31853.41,
2026-09-11T18:17:38.572082+00:00,200,11826.58,
2026-09-11T18:16:58.867424+00:00,200,51534.72,
2026-09-11T18:17:34.946639+00:00,200,15466.92,
2026-09-11T18:17:35.297115+00:00,200,15155.76,
2026-09-11T18:16:49.634860+00:00,200,60863.11,
2026-09-11T18:17:41.080513+00:00,200,9421.78,
2026-09-11T18:17:30.579022+00:00,200,19937.21,
2026-09-11T18:17:44.054133+00:00,200,6469.94,
2026-09-11T18:17:47.484743+00:00,200,3050.77,
2026-09-11T18:17:44.544437+00:00,200,5993.45,
2026-09-11T18:17:40.804829+00:00,200,9734.89,
2026-09-11T18:17:30.786852+00:00,200,19754.57,
2026-09-11T18:17:22.926433+00:00,200,27616.66,
2026-09-11T18:17:16.773299+00:00,200,33771.17,
2026-09-11T18:17:12.765498+00:00,200,37780.32,
2026-09-11T18:17:47.590009+00:00,200,2957.62,
2026-09-11T18:17:46.712330+00:00,200,3836.74,
2026-09-11T18:17:19.544946+00:00,200,31005.84,
2026-09-11T18:17:33.143760+00:00,200,17408.6,
2026-09-11T18:17:30.794135+00:00,200,19759.74,
2026-09-11T18:17:44.945466+00:00,200,5610.13,
2026-09-11T18:17:49.390823+00:00,200,1166.44,
2026-09-11T18:17:40.780720+00:00,200,9778.3,
2026-09-11T18:17:47.871130+00:00,200,2719.55,
2026-09-11T18:17:29.874373+00:00,200,20718.99,
2026-09-11T18:17:41.979321+00:00,200,8616.01,
2026-09-11T18:17:41.016211+00:00,200,9580.8,
2026-09-11T18:16:40.839553+00:00,200,69759.38,
2026-09-11T18:17:05.789310+00:00,200,44811.4,
2026-09-11T18:17:43.958228+00:00,200,6644.78,
2026-09-11T18:17:27.960573+00:00,200,22644.3,
2026-09-11T18:17:21.206891+00:00,200,29399.95,
2026-09-11T18:17:39.907857+00:00,200,10701.08,
2026-09-11T18:16:44.140141+00:00,200,66503.35,
2026-09-11T18:17:39.228767+00:00,200,11417.29,
2026-09-11T18:17:46.539667+00:00,200,4117.93,
2026-09-11T18:17:21.127552+00:00,200,29532.04,
2026-09-11T18:17:41.687731+00:00,200,8973.92,
2026-09-11T18:17:28.974723+00:00,200,21689.04,
2026-09-11T18:17:31.055460+00:00,200,19610.34,
2026-09-11T18:16:26.203945+00:00,200,84463.89,
2026-09-11T18:17:46.968377+00:00,200,3701.55,
2026-09-11T18:17:29.571502+00:00,200,21100.57,
2026-09-11T18:17:07.280284+00:00,200,43394.15,
2026-09-11T18:17:08.954550+00:00,200,41722.07,
2026-09-11T18:17:08.373296+00:00,200,42305.5,
2026-09-11T18:17:43.501081+00:00,200,7179.99,
2026-09-11T18:16:55.943668+00:00,200,54750.34,
2026-09-11T18:17:39.613435+00:00,200,11086.44,
2026-09-11T18:17:32.952851+00:00,200,17760.14,
2026-09-11T18:17:35.103508+00:00,200,15627.16,
2026-09-11T18:17:50.398691+00:00,200,341.28,
2026-09-11T18:17:28.353103+00:00,200,22435.14,
2026-09-11T18:17:33.089083+00:00,200,17701.81,
2026-09-11T18:16:42.386488+00:00,200,68445.82,
2026-09-11T18:17:33.516192+00:00,200,17333.57,
2026-09-11T18:17:34.082049+00:00,200,16772.94,
2026-09-11T18:17:45.294438+00:00,200,5568.29,
2026-09-11T18:17:44.346512+00:00,200,6567.32,
2026-09-11T18:17:22.521345+00:00,200,28399.05,
2026-09-11T18:17:44.987766+00:00,200,5944.55,
2026-09-11T18:17:17.808830+00:00,200,33167.58,
2026-09-11T18:17:23.541367+00:00,200,27438.2,
2026-09-11T18:17:04.564924+00:00,200,46430.67,
2026-09-11T18:17:49.496314+00:00,200,1535.6,
2026-09-11T18:17:48.637085+00:00,200,2414.32,
2026-09-11T18:17:28.767798+00:00,200,22306.89,
2026-09-11T18:17:35.067979+00:00,200,16019.43,
2026-09-11T18:17:43.807170+00:00,200,7284.88,
2026-09-11T18:17:20.396142+00:00,200,30708.14,
2026-09-11T18:17:32.495089+00:00,200,18612.71,
2026-09-11T18:16:41.152571+00:00,200,69968.69,
2026-09-11T18:17:29.315758+00:00,200,21813.17,
2026-09-11T18:17:35.651342+00:00,200,15489.93,
2026-09-11T18:17:44.575948+00:00,200,6579.05,
2026-09-11T18:17:24.599104+00:00,200,26564.81,
2026-09-11T18:17:36.608377+00:00,200,14588.33,
2026-09-11T18:17:36.832350+00:00,200,14366.88,
2026-09-11T18:17:48.227137+00:00,200,2974.77,
2026-09-11T18:17:49.009357+00:00,200,2235.67,
2026-09-11T18:17:47.297512+00:00,200,3991.24,
2026-09-11T18:16:43.192006+00:00,200,68119.12,
2026-09-11T18:17:43.182165+00:00,200,8152.84,
2026-09-11T18:17:33.475361+00:00,200,17876.22,
2026-09-11T18:17:40.651646+00:00,200,10702.51,
2026-09-11T18:17:28.006546+00:00,200,23377.68,
2026-09-11T18:17:29.984497+00:00,200,21433.22,
2026-09-11T18:17:37.517921+00:00,200,13906.18,
2026-09-11T18:17:45.017975+00:00,200,6430.37,
2026-09-11T18:17:24.910395+00:00,200,26562.27,
2026-09-11T18:17:48.010670+00:00,200,3479.07,
2026-09-11T18:17:22.528496+00:00,200,28993.55,
2026-09-11T18:17:44.555149+00:00,200,6982.32,
2026-09-11T18:17:33.437968+00:00,200,18106.89,
2026-09-11T18:17:31.298240+00:00,200,20251.94,
2026-09-11T18:17:11.129616+00:00,200,40432.85,
2026-09-11T18:17:19.707955+00:00,200,31909.97,
2026-09-11T18:17:25.349532+00:00,200,26283.56,
2026-09-11T18:17:15.516696+00:00,200,36123.02,
2026-09-11T18:16:58.992436+00:00,200,52670.16,
2026-09-11T18:17:49.493572+00:00,200,2188.52,
2026-09-11T18:17:40.670862+00:00,200,11032.46,
2026-09-11T18:17:45.772365+00:00,200,5942.94,
2026-09-11T18:17:28.123396+00:00,200,23620.54,
2026-09-11T18:17:34.274426+00:00,200,17476.21,
2026-09-11T18:16:32.728234+00:00,200,79044.69,
2026-09-11T18:17:45.836793+00:00,200,5971.48,
2026-09-11T18:17:41.590747+00:00,200,10238.4,
2026-09-11T18:17:29.447696+00:00,200,22409.19,
2026-09-11T18:17:49.328545+00:00,200,2569.77,
2026-09-11T18:17:40.450023+00:00,200,11455.17,
2026-09-11T18:16:51.249671+00:00,200,60659.51,
2026-09-11T18:17:44.156080+00:00,200,7758.76,
2026-09-11T18:17:51.633104+00:00,200,290.66,
2026-09-11T18:17:50.251527+00:00,200,1756.84,
2026-09-11T18:17:42.193409+00:00,200,9868.42,
2026-09-11T18:17:19.292541+00:00,200,32774.16,
2026-09-11T18:17:44.879064+00:00,200,7193.71,
2026-09-11T18:17:05.246742+00:00,200,46849.22,
2026-09-11T18:17:32.525318+00:00,200,19590.95,
2026-09-11T18:17:40.276923+00:00,200,11851.15,
2026-09-11T18:17:28.559840+00:00,200,23579.37,
2026-09-11T18:17:24.544117+00:00,200,27644.85,
2026-09-11T18:17:19.478106+00:00,200,32713.51,
2026-09-11T18:17:43.038283+00:00,200,9171.75,
2026-09-11T18:17:24.656292+00:00,200,27558.49,
2026-09-11T18:17:39.700519+00:00,200,12523.59,
2026-09-11T18:17:39.637762+00:00,200,12590.65,
2026-09-11T18:17:50.598937+00:00,200,1643.18,
2026-09-11T18:17:07.892478+00:00,200,44423.58,
2026-09-11T18:17:28.874534+00:00,200,23451.92,
2026-09-11T18:17:50.293240+00:00,200,2056.73,
2026-09-11T18:17:39.894938+00:00,200,12477.7,
2026-09-11T18:17:18.923734+00:00,200,33456.15,
2026-09-11T18:17:35.374338+00:00,200,17035.21,
2026-09-11T18:17:49.113698+00:00,200,3315.11,
2026-09-11T18:17:46.507397+00:00,200,5928.19,
2026-09-11T18:17:34.503422+00:00,200,17966.98,
2026-09-11T18:17:30.290959+00:00,200,22218.22,
2026-09-11T18:17:48.239804+00:00,200,4302.97,
2026-09-11T18:17:37.623659+00:00,200,14940.71,
2026-09-11T18:17:44.214325+00:00,200,8367.32,
2026-09-11T18:17:35.664225+00:00,200,16932.7,
2026-09-11T18:17:46.633474+00:00,200,5978.59,
2026-09-11T18:17:40.836421+00:00,200,11784.18,
2026-09-11T18:17:29.062567+00:00,200,23562.63,
2026-09-11T18:17:51.856899+00:00,200,777.95,
2026-09-11T18:17:37.702265+00:00,200,14944.18,
2026-09-11T18:17:43.829909+00:00,200,8837.53,
2026-09-11T18:17:36.118947+00:00,200,16573.07,
2026-09-11T18:17:52.326468+00:00,200,381.56,
2026-09-11T18:17:38.755453+00:00,200,13954.99,
2026-09-11T18:17:42.489737+00:00,200,10223.51,
2026-09-11T18:17:29.290282+00:00,200,23434.22,
2026-09-11T18:17:49.860818+00:00,200,2888.01,
2026-09-11T18:17:43.416989+00:00,200,9339.3,
2026-09-11T18:17:22.289697+00:00,200,30474.53,
2026-09-11T18:17:49.635237+00:00,200,3149.34,
2026-09-11T18:17:52.428825+00:00,200,427.34,
2026-09-11T18:17:22.832309+00:00,200,30035.12,
2026-09-11T18:17:47.799485+00:00,200,5083.6,
2026-09-11T18:17:20.409834+00:00,200,32511.75,
2026-09-11T18:17:07.236559+00:00,200,45704.38,
2026-09-11T18:17:39.801101+00:00,200,13165.74,
2026-09-11T18:17:09.627275+00:00,200,43382.29,
2026-09-11T18:17:49.096441+00:00,200,3927.0,
2026-09-11T18:17:47.833370+00:00,200,5194.77,
2026-09-11T18:17:48.942236+00:00,200,4107.27,
2026-09-11T18:17:36.479640+00:00,200,16578.01,
2026-09-11T18:17:52.066663+00:00,200,1005.0,
2026-09-11T18:17:52.713253+00:00,200,360.84,
2026-09-11T18:17:47.876106+00:00,200,5217.91,
2026-09-11T18:17:31.200584+00:00,200,21895.97,
2026-09-11T18:17:49.004970+00:00,200,4106.74,
2026-09-11T18:17:41.534852+00:00,200,11591.85,
2026-09-11T18:17:41.261224+00:00,200,11887.51,
2026-09-11T18:17:40.429068+00:00,200,12744.99,
2026-09-11T18:17:20.980591+00:00,200,32197.21,
2026-09-11T18:17:21.711637+00:00,200,31484.71,
2026-09-11T18:17:33.922651+00:00,200,19317.12,
2026-09-11T18:17:28.700982+00:00,200,24551.81,
2026-09-11T18:17:49.785079+00:00,200,3476.6,
2026-09-11T18:17:47.553924+00:00,200,5764.05,
2026-09-11T18:17:48.282261+00:00,200,5042.12,
2026-09-11T18:17:52.710443+00:00,200,617.86,
2026-09-11T18:17:20.794364+00:00,200,32549.73,
2026-09-11T18:17:38.205810+00:00,200,15148.33,
2026-09-11T18:17:21.134994+00:00,200,32243.74,
2026-09-11T18:17:37.165935+00:00,200,16228.34,
2026-09-11T18:17:50.497993+00:00,200,2924.83,
2026-09-11T18:17:40.453118+00:00,200,12996.84,
2026-09-11T18:17:42.856562+00:00,200,10616.2,
2026-09-11T18:17:35.209561+00:00,200,18269.41,
2026-09-11T18:17:36.055786+00:00,200,17439.68,
2026-09-11T18:17:49.027857+00:00,200,4475.31,
2026-09-11T18:17:45.247794+00:00,200,8293.95,
2026-09-11T18:17:50.643512+00:00,200,2901.89,
2026-09-11T18:17:12.992199+00:00,200,40581.08,
2026-09-11T18:17:21.333141+00:00,200,32272.11,
2026-09-11T18:17:49.949652+00:00,200,3694.88,
2026-09-11T18:17:27.589882+00:00,200,26063.14,
2026-09-11T18:17:47.187863+00:00,200,6475.47,
2026-09-11T18:17:12.796216+00:00,200,40894.66,
2026-09-11T18:17:50.544478+00:00,200,3197.17,
2026-09-11T18:17:52.191626+00:00,200,1573.02,
2026-09-11T18:17:39.397805+00:00,200,14380.65,
2026-09-11T18:17:46.195577+00:00,200,7613.07,
2026-09-11T18:17:48.626227+00:00,200,5186.06,
2026-09-11T18:17:28.810589+00:00,200,25028.69,
2026-09-11T18:17:47.108455+00:00,200,6770.62,
2026-09-11T18:17:39.595044+00:00,200,14296.36,
2026-09-11T18:17:48.744926+00:00,200,5154.97,
2026-09-11T18:17:41.879898+00:00,200,12022.57,
2026-09-11T18:17:30.625455+00:00,200,23291.33,
2026-09-11T18:17:44.487344+00:00,200,9446.47,
2026-09-11T18:17:42.886422+00:00,200,11077.44,
2026-09-11T18:17:07.377766+00:00,200,46621.61,
2026-09-11T18:17:47.785801+00:00,200,6216.11,
2026-09-11T18:17:33.193303+00:00,200,20819.45,
2026-09-11T18:17:30.954196+00:00,200,23079.58,
2026-09-11T18:17:42.440347+00:00,200,11597.44,
2026-09-11T18:17:52.349989+00:00,200,1708.0,
2026-09-11T18:17:10.151257+00:00,200,43914.07,
2026-09-11T18:17:43.832407+00:00,200,10277.98,
2026-09-11T18:17:49.566599+00:00,200,4570.15,
2026-09-11T18:16:49.501205+00:00,200,64638.39,
2026-09-11T18:17:20.920775+00:00,200,33222.94,
2026-09-11T18:17:46.882028+00:00,200,7279.94,
2026-09-11T18:17:45.412821+00:00,200,8751.72,
2026-09-11T18:17:46.364964+00:00,200,7813.5,
2026-09-11T18:17:41.548154+00:00,200,12684.23,
2026-09-11T18:17:20.701961+00:00,200,33553.62,
2026-09-11T18:17:39.269204+00:00,200,14995.55,
2026-09-11T18:17:27.595627+00:00,200,26674.0,
2026-09-11T18:17:41.857374+00:00,200,12469.47,
2026-09-11T18:17:35.058010+00:00,200,19283.61,
2026-09-11T18:17:14.572178+00:00,200,39799.09,
2026-09-11T18:17:40.917206+00:00,200,13460.25,
2026-09-11T18:17:53.812291+00:00,200,584.84,
2026-09-11T18:17:43.373372+00:00,200,11037.64,
2026-09-11T18:17:47.368800+00:00,200,7044.87,
2026-09-11T18:17:12.000108+00:00,200,42418.59,
2026-09-11T18:17:38.917486+00:00,200,15529.25,
2026-09-11T18:17:50.550787+00:00,200,3898.42,
2026-09-11T18:17:51.898331+00:00,200,2655.34,
2026-09-11T18:16:59.793096+00:00,200,54790.1,
2026-09-11T18:17:52.210052+00:00,200,2390.75,
2026-09-11T18:17:50.995595+00:00,200,3609.61,
2026-09-11T18:17:43.580251+00:00,200,11033.59,
2026-09-11T18:17:54.326859+00:00,200,303.45,
2026-09-11T18:17:50.361916+00:00,200,4284.12,
2026-09-11T18:17:38.764865+00:00,200,15908.17,
2026-09-11T18:17:42.570208+00:00,200,12116.96,
2026-09-11T18:17:22.797193+00:00,200,31905.11,
2026-09-11T18:17:41.383498+00:00,200,13326.81,
2026-09-11T18:17:38.658595+00:00,200,16057.69,
2026-09-11T18:17:45.932764+00:00,200,8791.6,
2026-09-11T18:17:54.397141+00:00,200,347.26,
2026-09-11T18:17:44.771583+00:00,200,10006.67,
2026-09-11T18:16:23.438080+00:00,200,91357.59,
2026-09-11T18:17:39.946548+00:00,200,14855.67,
2026-09-11T18:17:32.609466+00:00,200,22222.74,
2026-09-11T18:17:45.083420+00:00,200,9774.34,
2026-09-11T18:17:53.891421+00:00,200,998.72,
2026-09-11T18:17:41.763610+00:00,200,13130.5,
2026-09-11T18:17:35.094597+00:00,200,19807.12,
2026-09-11T18:17:32.797194+00:00,200,22109.74,
2026-09-11T18:17:08.561705+00:00,200,46365.11,
2026-09-11T18:17:36.530463+00:00,200,18401.58,
2026-09-11T18:17:43.944265+00:00,200,10990.39,
2026-09-11T18:17:44.885007+00:00,200,10115.62,
2026-09-11T18:17:41.303278+00:00,200,13761.45,
2026-09-11T18:17:54.341626+00:00,200,736.29,
2026-09-11T18:17:38.442992+00:00,200,16644.1,
2026-09-11T18:16:38.031584+00:00,200,77070.8,
2026-09-11T18:17:08.749050+00:00,200,46356.51,
2026-09-11T18:17:49.854617+00:00,200,5271.72,
2026-09-11T18:17:27.602039+00:00,200,27528.7,
2026-09-11T18:17:20.296450+00:00,200,34880.39,
2026-09-11T18:17:49.534891+00:00,200,5702.38,
2026-09-11T18:17:54.012765+00:00,200,1253.44,
2026-09-11T18:17:50.862733+00:00,200,4417.65,
2026-09-11T18:17:37.919028+00:00,200,17363.92,
2026-09-11T18:17:51.639733+00:00,200,3676.39,
2026-09-11T18:17:53.328310+00:00,200,2020.29,
2026-09-11T18:17:39.578063+00:00,200,15773.65,
2026-09-11T18:17:39.734177+00:00,200,15633.33,
2026-09-11T18:16:43.026827+00:00,200,72418.95,
2026-09-11T18:17:26.542637+00:00,200,28905.68,
2026-09-11T18:17:36.224919+00:00,200,19227.12,
2026-09-11T18:17:34.472796+00:00,200,20988.36,
2026-09-11T18:16:52.720235+00:00,200,62758.69,
2026-09-11T18:17:52.379888+00:00,200,3108.45,
2026-09-11T18:17:14.385135+00:00,200,41123.56,
2026-09-11T18:17:52.625204+00:00,200,2894.04,
2026-09-11T18:17:52.409556+00:00,200,3167.92,
2026-09-11T18:17:48.902514+00:00,200,6679.82,
2026-09-11T18:17:42.213716+00:00,200,13374.67,
2026-09-11T18:17:48.453959+00:00,200,7163.92,
2026-09-11T18:17:40.379972+00:00,200,15262.49,
2026-09-11T18:17:51.092054+00:00,200,4557.3,
2026-09-11T18:17:17.073655+00:00,200,38577.37,
2026-09-11T18:17:50.788259+00:00,200,4895.19,
2026-09-11T18:17:53.545409+00:00,200,2145.99,
2026-09-11T18:17:41.661324+00:00,200,14043.62,
2026-09-11T18:17:31.368613+00:00,200,24354.6,
2026-09-11T18:17:39.900182+00:00,200,15826.31,
2026-09-11T18:17:05.103727+00:00,200,50643.77,
2026-09-11T18:17:50.112439+00:00,200,5642.82,
2026-09-11T18:17:38.772855+00:00,200,16985.78,
2026-09-11T18:17:34.895099+00:00,200,20873.37,
2026-09-11T18:17:32.215473+00:00,200,23573.1,
2026-09-11T18:17:31.114808+00:00,200,24689.96,
2026-09-11T18:17:12.625298+00:00,200,43186.09,
2026-09-11T18:17:33.013297+00:00,200,22800.31,
2026-09-11T18:17:50.011284+00:00,200,5814.83,
2026-09-11T18:17:36.157412+00:00,200,19686.06,
2026-09-11T18:17:53.023453+00:00,200,2837.02,
2026-09-11T18:17:50.194152+00:00,200,5667.82,
2026-09-11T18:17:48.497521+00:00,200,7381.9,
2026-09-11T18:17:41.606076+00:00,200,14279.5,
2026-09-11T18:17:36.835030+00:00,200,19057.53,
2026-09-11T18:17:24.154599+00:00,200,31753.53,
2026-09-11T18:17:28.686371+00:00,200,27227.9,
2026-09-11T18:17:44.298714+00:00,200,11619.0,
2026-09-11T18:17:03.291125+00:00,200,52628.75,
2026-09-11T18:17:55.788595+00:00,200,159.51,
2026-09-11T18:17:30.502882+00:00,200,25458.22,
2026-09-11T18:17:54.037798+00:00,200,1934.37,
2026-09-11T18:17:42.615497+00:00,200,13369.9,
2026-09-11T18:17:43.158143+00:00,200,12836.57,
2026-09-11T18:17:13.984235+00:00,200,42014.17,
2026-09-11T18:17:51.051445+00:00,200,4962.84,
2026-09-11T18:17:37.185987+00:00,200,18832.76,
2026-09-11T18:17:49.677097+00:00,200,6346.3,
2026-09-11T18:17:31.494587+00:00,200,24579.84,
2026-09-11T18:17:43.065514+00:00,200,13011.53,
2026-09-11T18:17:53.839290+00:00,200,2240.54,
2026-09-11T18:17:37.453244+00:00,200,18630.89,
2026-09-11T18:16:49.499199+00:00,200,66603.19,
2026-09-11T18:17:50.604878+00:00,200,5512.22,
2026-09-11T18:17:37.706285+00:00,200,18426.54,
2026-09-11T18:17:50.913844+00:00,200,5227.03,
2026-09-11T18:17:49.197961+00:00,200,6947.14,
2026-09-11T18:17:37.742263+00:00,200,18413.73,
2026-09-11T18:17:40.853988+00:00,200,15333.15,
2026-09-11T18:17:42.400539+00:00,200,13789.28,
2026-09-11T18:17:31.824263+00:00,200,24375.99,
2026-09-11T18:17:26.627532+00:00,200,29580.15,
2026-09-11T18:17:36.520375+00:00,200,19714.86,
2026-09-11T18:17:16.952788+00:00,200,39288.05,
2026-09-11T18:17:53.653036+00:00,200,2631.8,
2026-09-11T18:17:40.851948+00:00,200,15443.51,
2026-09-11T18:17:29.509506+00:00,200,26787.54,
2026-09-11T18:17:30.434790+00:00,200,25890.65,
2026-09-11T18:17:50.661655+00:00,200,5665.13,
2026-09-11T18:17:23.377721+00:00,200,32950.25,
2026-09-11T18:17:02.997685+00:00,200,53342.82,
2026-09-11T18:17:52.596933+00:00,200,3772.72,
2026-09-11T18:17:39.535781+00:00,200,16857.87,
2026-09-11T18:17:49.883620+00:00,200,6515.3,
2026-09-11T18:17:05.130272+00:00,200,51272.29,
2026-09-11T18:17:39.615034+00:00,200,16791.59,
2026-09-11T18:17:31.068269+00:00,200,25357.05,
2026-09-11T18:17:46.716773+00:00,200,9724.84,
2026-09-11T18:17:55.582342+00:00,200,865.59,
2026-09-11T18:17:55.064745+00:00,200,1384.93,
2026-09-11T18:17:18.401107+00:00,200,38070.35,
2026-09-11T18:17:18.490094+00:00,200,37988.7,
2026-09-11T18:17:41.922140+00:00,200,14568.7,
2026-09-11T18:17:48.471690+00:00,200,8021.48,
2026-09-11T18:17:42.594642+00:00,200,13905.36,
2026-09-11T18:17:49.660362+00:00,200,6842.08,
2026-09-11T18:17:50.608947+00:00,200,5934.98,
2026-09-11T18:17:26.009071+00:00,200,30539.86,
2026-09-11T18:17:54.001919+00:00,200,2553.92,
2026-09-11T18:17:37.004579+00:00,200,19552.49,
2026-09-11T18:17:33.374700+00:00,200,23194.87,
2026-09-11T18:17:17.704770+00:00,200,38874.57,
2026-09-11T18:17:15.354570+00:00,200,41228.86,
2026-09-11T18:17:53.605271+00:00,200,2980.65,
2026-09-11T18:17:21.859682+00:00,200,34751.75,
2026-09-11T18:17:56.447945+00:00,200,164.78,
2026-09-11T18:17:22.572965+00:00,200,34045.58,
2026-09-11T18:17:52.748844+00:00,200,3872.31,
2026-09-11T18:17:21.200277+00:00,200,35443.02,
2026-09-11T18:17:47.235233+00:00,200,9409.33,
2026-09-11T18:17:37.754675+00:00,200,18892.13,
2026-09-11T18:17:44.855863+00:00,200,11803.77,
2026-09-11T18:17:25.056413+00:00,200,31617.77,
2026-09-11T18:17:24.906308+00:00,200,31794.81,
2026-09-11T18:17:52.509194+00:00,200,4193.51,
2026-09-11T18:17:49.348021+00:00,200,7376.43,
2026-09-11T18:17:19.962252+00:00,200,36799.3,
2026-09-11T18:17:29.882938+00:00,200,26882.97,
2026-09-11T18:17:30.260116+00:00,200,26512.36,
2026-09-11T18:17:53.741667+00:00,200,3042.21,
2026-09-11T18:17:27.022727+00:00,200,29783.32,
2026-09-11T18:17:41.434492+00:00,200,15373.4,
2026-09-11T18:17:30.071668+00:00,200,26737.59,
2026-09-11T18:17:34.719277+00:00,200,22179.62,
2026-09-11T18:17:14.840886+00:00,200,42086.2,
2026-09-11T18:17:44.824315+00:00,200,12121.76,
2026-09-11T18:17:09.401514+00:00,200,47548.48,
2026-09-11T18:17:47.458467+00:00,200,9502.53,
2026-09-11T18:17:27.910219+00:00,200,29065.98,
2026-09-11T18:17:56.701131+00:00,200,278.55,
2026-09-11T18:17:53.663350+00:00,200,3318.45,
2026-09-11T18:16:54.302840+00:00,200,62686.66,
2026-09-11T18:17:50.699883+00:00,200,6298.99,
2026-09-11T18:17:56.702712+00:00,200,300.84,
2026-09-11T18:17:03.520209+00:00,200,53501.8,
2026-09-11T18:17:20.490216+00:00,200,36546.72,
2026-09-11T18:17:16.384476+00:00,200,40674.32,
2026-09-11T18:17:49.880995+00:00,200,7199.82,
2026-09-11T18:17:21.706529+00:00,200,35377.75,
2026-09-11T18:17:53.096562+00:00,200,3997.76,
2026-09-11T18:17:32.737594+00:00,200,24389.0,
2026-09-11T18:17:35.166615+00:00,200,21968.78,
2026-09-11T18:17:43.207532+00:00,200,13941.73,
2026-09-11T18:16:49.605000+00:00,200,67591.37,
2026-09-11T18:17:28.398760+00:00,200,28808.72,
2026-09-11T18:17:32.372713+00:00,200,24838.72,
2026-09-11T18:17:41.648143+00:00,200,15578.12,
2026-09-11T18:17:31.268218+00:00,200,25960.62,
2026-09-11T18:17:49.758350+00:00,200,7472.01,
2026-09-11T18:16:39.173852+00:00,200,78082.97,
2026-09-11T18:17:56.145110+00:00,200,1113.46,
2026-09-11T18:17:39.407650+00:00,200,17852.17,
2026-09-11T18:17:43.068680+00:00,200,14192.36,
2026-09-11T18:17:54.778272+00:00,200,2484.69,
2026-09-11T18:17:41.684595+00:00,200,15579.69,
2026-09-11T18:17:40.693924+00:00,200,16571.64,
2026-09-11T18:17:29.790068+00:00,200,27493.57,
2026-09-11T18:17:44.985108+00:00,200,12300.01,
2026-09-11T18:17:19.898982+00:00,200,37403.45,
2026-09-11T18:17:21.364045+00:00,200,35940.37,
2026-09-11T18:17:47.115248+00:00,200,10190.96,
2026-09-11T18:17:33.947083+00:00,200,23360.79,
2026-09-11T18:17:13.937837+00:00,200,43371.57,
2026-09-11T18:17:22.734134+00:00,200,34576.77,
2026-09-11T18:17:40.587408+00:00,200,16725.01,
2026-09-11T18:17:21.251415+00:00,200,36062.81,
2026-09-11T18:17:40.841679+00:00,200,16474.14,
2026-09-11T18:17:45.720856+00:00,200,11602.23,
2026-09-11T18:17:32.389025+00:00,200,24944.75,
2026-09-11T18:17:40.159359+00:00,200,17176.38,
2026-09-11T18:17:28.105633+00:00,200,29234.18,
2026-09-11T18:17:34.565139+00:00,200,22786.39,
2026-09-11T18:17:34.550698+00:00,200,22804.04,
2026-09-11T18:17:18.000942+00:00,200,39364.96,
2026-09-11T18:17:53.196360+00:00,200,4224.82,
2026-09-11T18:17:50.248415+00:00,200,7197.42,
2026-09-11T18:17:13.472263+00:00,200,44007.16,
2026-09-11T18:17:45.976961+00:00,200,11515.48,
2026-09-11T18:17:50.854997+00:00,200,6691.06,
2026-09-11T18:17:42.332677+00:00,200,15216.2,
2026-09-11T18:17:50.593366+00:00,200,6960.82,
2026-09-11T18:17:34.084891+00:00,200,23473.85,
2026-09-11T18:17:43.766531+00:00,200,13793.96,
2026-09-11T18:17:44.183491+00:00,200,13393.54,
2026-09-11T18:17:48.323633+00:00,200,9266.52,
2026-09-11T18:17:50.665804+00:00,200,6975.63,
2026-09-11T18:17:38.854968+00:00,200,18789.32,
2026-09-11T18:17:33.966726+00:00,200,23702.29,
2026-09-11T18:17:43.200952+00:00,200,14490.66,
2026-09-11T18:17:50.920409+00:00,200,6794.33,
2026-09-11T18:17:39.008630+00:00,200,18719.95,
2026-09-11T18:17:44.024431+00:00,200,13707.51,
2026-09-11T18:17:52.784596+00:00,200,4960.87,
2026-09-11T18:17:55.176854+00:00,200,2572.15,
2026-09-11T18:17:36.578670+00:00,200,21197.93,
2026-09-11T18:17:11.346510+00:00,200,46482.4,
2026-09-11T18:17:47.215757+00:00,200,10616.04,
2026-09-11T18:17:34.534196+00:00,200,23301.48,
2026-09-11T18:17:36.387122+00:00,200,21459.76,
2026-09-11T18:17:57.259823+00:00,200,611.69,
2026-09-11T18:17:57.228846+00:00,200,668.13,
2026-09-11T18:17:34.968029+00:00,200,22941.77,
2026-09-11T18:17:50.681075+00:00,200,7241.48,
2026-09-11T18:17:15.505907+00:00,200,42421.32,
2026-09-11T18:17:24.501726+00:00,200,33452.35,
2026-09-11T18:17:56.806056+00:00,200,1170.52,
2026-09-11T18:17:41.425158+00:00,200,16559.5,
2026-09-11T18:17:57.776640+00:00,200,238.59,
2026-09-11T18:16:27.319317+00:00,200,90752.97,
2026-09-11T18:17:45.851819+00:00,200,12229.9,
2026-09-11T18:17:52.435599+00:00,200,5665.95,
2026-09-11T18:16:32.082613+00:00,200,86040.65,
2026-09-11T18:17:15.577076+00:00,200,42566.3,
2026-09-11T18:17:49.765237+00:00,200,8380.26,
2026-09-11T18:17:32.452597+00:00,200,25693.83,
2026-09-11T18:17:33.325525+00:00,200,24821.61,
2026-09-11T18:17:17.646865+00:00,200,40502.66,
2026-09-11T18:17:50.557265+00:00,200,7593.02,
2026-09-11T18:17:40.639335+00:00,200,17512.58,
2026-09-11T18:17:11.367833+00:00,200,46785.7,
2026-09-11T18:17:56.583441+00:00,200,1573.79,
2026-09-11T18:17:23.530904+00:00,200,34632.02,
2026-09-11T18:17:38.228354+00:00,200,19939.45,
2026-09-11T18:17:35.587132+00:00,200,22614.05,
2026-09-11T18:17:22.992375+00:00,200,35225.71,
2026-09-11T18:17:39.340312+00:00,200,18883.99,
2026-09-11T18:17:48.911430+00:00,200,9318.55,
2026-09-11T18:17:48.514268+00:00,200,9729.78,
2026-09-11T18:17:07.725804+00:00,200,50528.76,
2026-09-11T18:17:48.028101+00:00,200,10263.7,
2026-09-11T18:17:11.560490+00:00,200,46744.66,
2026-09-11T18:17:45.699021+00:00,200,12627.15,
2026-09-11T18:17:37.207839+00:00,200,21118.99,
2026-09-11T18:17:21.002135+00:00,200,37326.37,
2026-09-11T18:17:43.676541+00:00,200,14653.53,
2026-09-11T18:16:33.887965+00:00,200,84452.07,
2026-09-11T18:17:57.896994+00:00,200,451.28,
2026-09-11T18:17:37.176214+00:00,200,21175.76,
2026-09-11T18:17:53.252801+00:00,200,5149.18,
2026-09-11T18:16:55.054710+00:00,200,63378.02,
2026-09-11T18:17:41.977402+00:00,200,16493.36,
2026-09-11T18:17:56.297056+00:00,200,2180.35,
2026-09-11T18:17:54.646049+00:00,200,3845.46,
2026-09-11T18:17:54.110407+00:00,200,4385.69,
2026-09-11T18:17:41.095225+00:00,200,17406.85,
2026-09-11T18:17:35.725924+00:00,200,22785.01,
2026-09-11T18:17:54.143722+00:00,200,4386.42,
2026-09-11T18:17:25.267429+00:00,200,33281.29,
2026-09-11T18:17:55.892568+00:00,200,2657.39,
2026-09-11T18:17:38.492672+00:00,200,20061.34,
2026-09-11T18:17:47.971423+00:00,200,10629.02,
2026-09-11T18:17:53.472773+00:00,200,5136.04,
2026-09-11T18:17:36.621492+00:00,200,21987.95,
2026-09-11T18:16:16.007283+00:00,200,102608.99,
2026-09-11T18:17:47.252742+00:00,200,11366.56,
2026-09-11T18:17:04.705110+00:00,200,53950.51,
2026-09-11T18:17:55.577495+00:00,200,3083.19,
2026-09-11T18:17:19.673440+00:00,200,39005.04,
2026-09-11T18:17:30.096873+00:00,200,28596.58,
2026-09-11T18:17:23.397829+00:00,200,35308.02,
2026-09-11T18:17:20.810466+00:00,200,37899.06,
2026-09-11T18:17:55.105568+00:00,200,3617.42,
2026-09-11T18:17:07.432210+00:00,200,51311.15,
2026-09-11T18:17:32.221631+00:00,200,26536.9,
2026-09-11T18:17:49.764065+00:00,200,9002.2,
2026-09-11T18:17:35.930484+00:00,200,22881.77,
2026-09-11T18:16:26.718319+00:00,200,92099.87,
2026-09-11T18:17:39.104700+00:00,200,19716.1,
2026-09-11T18:17:39.938979+00:00,200,18890.95,
2026-09-11T18:17:49.247959+00:00,200,9597.14,
2026-09-11T18:17:42.032738+00:00,200,16819.52,
2026-09-11T18:17:41.088177+00:00,200,17768.22,
2026-09-11T18:17:23.664695+00:00,200,35197.39,
2026-09-11T18:17:16.765704+00:00,200,42112.0,
2026-09-11T18:17:57.846897+00:00,200,1038.0,
2026-09-11T18:17:51.905203+00:00,200,6982.5,
2026-09-11T18:17:48.110304+00:00,200,10783.66,
2026-09-11T18:17:42.352488+00:00,200,16574.15,
2026-09-11T18:17:53.071671+00:00,200,5860.75,
2026-09-11T18:17:28.160709+00:00,200,30781.32,
2026-09-11T18:17:49.992687+00:00,200,8967.46,
2026-09-11T18:17:01.877209+00:00,200,57100.7,
2026-09-11T18:16:49.234075+00:00,200,69759.96,
2026-09-11T18:17:29.178666+00:00,200,29850.19,
2026-09-11T18:17:51.155008+00:00,200,7892.16,
2026-09-11T18:17:37.921866+00:00,200,21135.6,
2026-09-11T18:17:06.818288+00:00,200,52244.23,
2026-09-11T18:17:40.375169+00:00,200,18701.17,
2026-09-11T18:17:35.594838+00:00,200,23483.06,
2026-09-11T18:17:40.514713+00:00,200,18571.34,
2026-09-11T18:17:20.527685+00:00,200,38564.37,
2026-09-11T18:17:28.481902+00:00,200,30612.47,
2026-09-11T18:17:55.985413+00:00,200,3113.67,
2026-09-11T18:17:57.323095+00:00,200,1779.26,
2026-09-11T18:17:54.605208+00:00,200,4515.59,
2026-09-11T18:16:51.666279+00:00,200,67455.15,
2026-09-11T18:17:55.908145+00:00,200,3229.18,
2026-09-11T18:17:44.010383+00:00,200,15129.45,
2026-09-11T18:17:38.905631+00:00,200,20240.84,
2026-09-11T18:17:42.061426+00:00,200,17099.09,
2026-09-11T18:17:40.919516+00:00,200,18245.19,
2026-09-11T18:17:41.866102+00:00,200,17304.88,
2026-09-11T18:17:41.375630+00:00,200,17813.15,
2026-09-11T18:17:43.942479+00:00,200,15252.36,
2026-09-11T18:17:50.663764+00:00,200,8561.86,
2026-09-11T18:17:36.384830+00:00,200,22846.41,
2026-09-11T18:17:53.394281+00:00,200,5861.97,
2026-09-11T18:17:54.255605+00:00,200,5004.84,
2026-09-11T18:17:32.582013+00:00,200,26681.56,
2026-09-11T18:17:34.522677+00:00,200,24777.26,
2026-09-11T18:17:21.357403+00:00,200,37993.2,
2026-09-11T18:17:44.638414+00:00,200,14722.25,
2026-09-11T18:17:41.974170+00:00,200,17441.43,
2026-09-11T18:17:57.307880+00:00,200,2108.41,
2026-09-11T18:17:37.042782+00:00,200,22374.19,
2026-09-11T18:17:43.529290+00:00,200,15888.41,
2026-09-11T18:17:02.859205+00:00,200,56564.53,
2026-09-11T18:17:39.550086+00:00,200,19874.78,
2026-09-11T18:17:53.999391+00:00,200,5446.65,
2026-09-11T18:17:43.744816+00:00,200,15721.65,
2026-09-11T18:17:56.611451+00:00,200,2861.4,
2026-09-11T18:17:55.804790+00:00,200,3677.37,
2026-09-11T18:17:50.669927+00:00,200,8833.64,
2026-09-11T18:17:36.581772+00:00,200,22933.47,
2026-09-11T18:17:37.013275+00:00,200,22515.31,
2026-09-11T18:17:47.224977+00:00,200,12307.8,
2026-09-11T18:17:39.740050+00:00,200,19812.11,
2026-09-11T18:17:32.875451+00:00,200,26680.72,
2026-09-11T18:17:54.411017+00:00,200,5146.02,
2026-09-11T18:17:50.402162+00:00,200,9157.76,
2026-09-11T18:17:13.084618+00:00,200,46494.17,
2026-09-11T18:17:46.844177+00:00,200,12736.89,
2026-09-11T18:17:17.813555+00:00,200,41772.49,
2026-09-11T18:17:56.406632+00:00,200,3189.78,
2026-09-11T18:17:55.280394+00:00,200,4345.93,
2026-09-11T18:17:49.515325+00:00,200,10117.49,
2026-09-11T18:16:55.316765+00:00,200,64346.06,
2026-09-11T18:17:50.555595+00:00,200,9131.25,
2026-09-11T18:17:35.668920+00:00,200,24032.99,
2026-09-11T18:17:49.645862+00:00,200,10057.61,
2026-09-11T18:17:36.099379+00:00,200,23613.43,
2026-09-11T18:17:43.184490+00:00,200,16533.61,
2026-09-11T18:17:45.015549+00:00,200,14707.52,
2026-09-11T18:17:41.008145+00:00,200,18738.19,
2026-09-11T18:17:37.425724+00:00,200,22321.36,
2026-09-11T18:17:34.687724+00:00,200,25120.23,
2026-09-11T18:17:42.920779+00:00,200,16895.6,
2026-09-11T18:17:45.509580+00:00,200,14318.52,
2026-09-11T18:17:22.915126+00:00,200,36939.82,
2026-09-11T18:17:29.937367+00:00,200,29950.21,
2026-09-11T18:17:02.227733+00:00,200,57663.38,
2026-09-11T18:17:49.287828+00:00,200,10611.95,
2026-09-11T18:17:26.805666+00:00,200,33094.98,
2026-09-11T18:17:39.381016+00:00,200,20527.98,
2026-09-11T18:17:25.082964+00:00,200,34839.5,
2026-09-11T18:17:31.328103+00:00,200,28619.85,
2026-09-11T18:17:44.123428+00:00,200,15844.25,
2026-09-11T18:17:23.123471+00:00,200,36858.49,
2026-09-11T18:17:45.317044+00:00,200,14699.5,
2026-09-11T18:17:42.855367+00:00,200,17165.11,
2026-09-11T18:17:50.018496+00:00,200,10003.9,
2026-09-11T18:17:48.888230+00:00,200,11144.47,
2026-09-11T18:17:35.875253+00:00,200,24158.3,
2026-09-11T18:17:51.808289+00:00,200,8241.99,
2026-09-11T18:17:03.400823+00:00,200,56692.57,
2026-09-11T18:17:13.211266+00:00,200,46898.54,
2026-09-11T18:17:54.033794+00:00,200,6107.08,
2026-09-11T18:17:27.086271+00:00,200,33056.49,
2026-09-11T18:17:24.239890+00:00,200,35904.7,
2026-09-11T18:17:43.931793+00:00,200,16217.15,
2026-09-11T18:17:35.557486+00:00,200,24600.79,
2026-09-11T18:17:42.292564+00:00,200,17943.64,
2026-09-11T18:17:42.261741+00:00,200,17988.92,
2026-09-11T18:17:27.782968+00:00,200,32476.41,
2026-09-11T18:16:36.735667+00:00,200,83524.33,
2026-09-11T18:17:42.265953+00:00,200,18004.04,
2026-09-11T18:17:49.735636+00:00,200,10541.95,
2026-09-11T18:17:14.078640+00:00,200,46207.44,
2026-09-11T18:17:20.373328+00:00,200,39928.25,
2026-09-11T18:17:47.065621+00:00,200,13243.91,
2026-09-11T18:17:43.656369+00:00,200,16664.9,
2026-09-11T18:17:46.311253+00:00,200,14016.3,
2026-09-11T18:17:37.639514+00:00,200,22688.79,
2026-09-11T18:17:49.074165+00:00,200,11257.67,
2026-09-11T18:17:47.040659+00:00,200,13293.6,
2026-09-11T18:17:05.727059+00:00,200,54611.21,
2026-09-11T18:17:30.121895+00:00,200,30236.84,
2026-09-11T18:17:35.312450+00:00,200,25060.66,
2026-09-11T18:17:25.792263+00:00,200,34586.12,
2026-09-11T18:17:42.828874+00:00,200,17574.58,
2026-09-11T18:16:51.080101+00:00,200,69330.02,
2026-09-11T18:17:56.548937+00:00,200,3869.76,
2026-09-11T18:17:47.829150+00:00,200,12597.13,
2026-09-11T18:17:33.575580+00:00,200,26852.36,
2026-09-11T18:17:49.727944+00:00,200,10720.65,
2026-09-11T18:17:38.720417+00:00,200,21740.29,
2026-09-11T18:17:49.296862+00:00,200,11176.22,
2026-09-11T18:17:18.798267+00:00,200,41716.06,
2026-09-11T18:17:43.034183+00:00,200,17503.46,
2026-09-11T18:17:14.861336+00:00,200,45681.42,
2026-09-11T18:17:42.987377+00:00,200,17563.94,
2026-09-11T18:17:41.368619+00:00,200,19189.0,
2026-09-11T18:17:50.120261+00:00,200,10438.12,
2026-09-11T18:17:22.533358+00:00,200,38030.72,
2026-09-11T18:17:56.927104+00:00,200,3661.55,
2026-09-11T18:17:43.973331+00:00,200,16623.42,
2026-09-11T18:17:57.728589+00:00,200,2874.81,
2026-09-11T18:17:14.701438+00:00,200,45902.65,
2026-09-11T18:17:57.871528+00:00,200,2738.81,
2026-09-11T18:17:30.634629+00:00,200,30012.98,
2026-09-11T18:17:50.289439+00:00,200,10373.24,
2026-09-11T18:17:56.490850+00:00,200,4185.14,
2026-09-11T18:17:32.247049+00:00,200,28429.9,
2026-09-11T18:17:50.172340+00:00,200,10512.84,
2026-09-11T18:17:40.486478+00:00,200,20212.21,
2026-09-11T18:17:56.074441+00:00,200,4632.91,
2026-09-11T18:17:54.264769+00:00,200,6452.47,
2026-09-11T18:17:42.541960+00:00,200,18178.05,
2026-09-11T18:17:57.909819+00:00,200,2816.39,
2026-09-11T18:17:41.364199+00:00,200,19391.69,
2026-09-11T18:17:01.957915+00:00,200,58810.67,
2026-09-11T18:17:33.581434+00:00,200,27196.08,
2026-09-11T18:17:32.124874+00:00,200,28657.27,
2026-09-11T18:17:38.333220+00:00,200,22451.27,
2026-09-11T18:17:33.559710+00:00,200,27227.79,
2026-09-11T18:17:15.946333+00:00,200,44856.54,
2026-09-11T18:17:40.602438+00:00,200,20201.17,
2026-09-11T18:17:51.562478+00:00,200,9265.89,
2026-09-11T18:17:05.959814+00:00,200,54895.05,
2026-09-11T18:16:36.288137+00:00,200,84586.03,
2026-09-11T18:17:46.957699+00:00,200,13927.1,
2026-09-11T18:17:56.402573+00:00,200,4489.02,
2026-09-11T18:17:56.084143+00:00,200,4830.08,
2026-09-11T18:17:48.799417+00:00,200,12136.05,
2026-09-11T18:17:52.692038+00:00,200,8249.38,
2026-09-11T18:17:56.187157+00:00,200,4784.98,
2026-09-11T18:17:55.478927+00:00,200,5515.05,
2026-09-11T18:17:30.860124+00:00,200,30160.16,
2026-09-11T18:17:50.084130+00:00,200,10939.91,
2026-09-11T18:17:57.302455+00:00,200,3730.85,
2026-09-11T18:17:51.121276+00:00,200,9918.92,
2026-09-11T18:17:57.546069+00:00,200,3501.46,
2026-09-11T18:17:41.366703+00:00,200,19689.53,
2026-09-11T18:17:05.668548+00:00,200,55401.71,
2026-09-11T18:17:20.084292+00:00,200,40990.91,
2026-09-11T18:16:58.362708+00:00,200,62728.1,
2026-09-11T18:17:56.117104+00:00,200,4982.24,
2026-09-11T18:17:38.068420+00:00,200,23050.07,
2026-09-11T18:17:54.890150+00:00,200,6241.82,
2026-09-11T18:17:09.348596+00:00,200,51797.94,
2026-09-11T18:17:51.682102+00:00,200,9488.2,
2026-09-11T18:16:24.189341+00:00,200,96986.2,
2026-09-11T18:17:45.654944+00:00,200,15555.95,
2026-09-11T18:17:50.122987+00:00,200,11089.84,
2026-09-11T18:17:44.564211+00:00,200,16659.14,
2026-09-11T18:17:55.994720+00:00,200,5231.56,
2026-09-11T18:17:31.836456+00:00,200,29414.19,
2026-09-11T18:17:39.592662+00:00,200,21674.02,
2026-09-11T18:17:56.441625+00:00,200,4852.56,
2026-09-11T18:17:57.315822+00:00,200,4010.44,
2026-09-11T18:17:55.860486+00:00,200,5470.55,
2026-09-11T18:17:53.177810+00:00,200,8159.5,
2026-09-11T18:17:57.479441+00:00,200,3862.89,
2026-09-11T18:17:15.040704+00:00,200,46308.37,
2026-09-11T18:17:54.377469+00:00,200,6986.23,
2026-09-11T18:17:49.822652+00:00,200,11551.8,
2026-09-11T18:17:34.037194+00:00,200,27338.14,
2026-09-11T18:17:39.069371+00:00,200,22322.74,
2026-09-11T18:17:55.130749+00:00,200,6267.06,
2026-09-11T18:17:43.879568+00:00,200,17523.98,
2026-09-11T18:17:17.324680+00:00,200,44081.55,
2026-09-11T18:17:42.009981+00:00,200,19402.47,
2026-09-11T18:17:36.040644+00:00,200,25374.43,
2026-09-11T18:17:20.482949+00:00,200,40947.43,
2026-09-11T18:17:34.164046+00:00,200,27278.34,
2026-09-11T18:17:52.116286+00:00,200,9353.37,
2026-09-11T18:17:52.612072+00:00,200,8858.32,
2026-09-11T18:17:53.344111+00:00,200,8127.84,
2026-09-11T18:17:17.266585+00:00,200,44209.69,
2026-09-11T18:17:49.172236+00:00,200,12323.63,
2026-09-11T18:17:10.144885+00:00,200,51361.68,
2026-09-11T18:17:56.643310+00:00,200,4873.73,
2026-09-11T18:17:51.662613+00:00,200,9870.27,
2026-09-11T18:17:38.965800+00:00,200,22593.04,
2026-09-11T18:17:49.418897+00:00,200,12147.16,
2026-09-11T18:17:40.194137+00:00,200,21374.9,
2026-09-11T18:17:44.028280+00:00,200,17544.25,
2026-09-11T18:17:52.470410+00:00,200,9119.93,
2026-09-11T18:17:10.644683+00:00,200,50951.63,
2026-09-11T18:17:43.574212+00:00,200,18025.2,
2026-09-11T18:17:46.686490+00:00,200,14932.27,
2026-09-11T18:17:36.454132+00:00,200,25176.37,
2026-09-11T18:17:19.343261+00:00,200,42307.56,
2026-09-11T18:17:23.557993+00:00,200,38097.25,
2026-09-11T18:17:25.394296+00:00,200,36277.28,
2026-09-11T18:17:49.751804+00:00,200,11933.12,
2026-09-11T18:17:43.624522+00:00,200,18067.51,
2026-09-11T18:17:44.020609+00:00,200,17673.95,
2026-09-11T18:17:46.171306+00:00,200,15533.25,
2026-09-11T18:17:54.161984+00:00,200,7578.5,
2026-09-11T18:16:56.961369+00:00,200,64781.6,
2026-09-11T18:17:57.283662+00:00,200,4487.15,
2026-09-11T18:17:44.338484+00:00,200,17455.12,
2026-09-11T18:17:56.557071+00:00,200,5242.41,
2026-09-11T18:17:52.128081+00:00,200,9675.0,
2026-09-11T18:16:53.534564+00:00,200,68298.36,
2026-09-11T18:17:41.057611+00:00,200,20785.36,
2026-09-11T18:17:28.969922+00:00,200,32880.43,
2026-09-11T18:17:57.548883+00:00,200,4311.1,
2026-09-11T18:17:05.592773+00:00,200,56267.93,
2026-09-11T18:17:10.195831+00:00,200,51669.85,
2026-09-11T18:17:13.460717+00:00,200,48411.82,
2026-09-11T18:17:28.261419+00:00,200,33637.3,
2026-09-11T18:17:27.818375+00:00,200,34100.33,
2026-09-11T18:17:57.094336+00:00,200,4825.2,
2026-09-11T18:17:11.788965+00:00,200,50145.49,
2026-09-11T18:17:43.835398+00:00,200,18102.46,
2026-09-11T18:17:09.990117+00:00,200,51952.86,
2026-09-11T18:17:49.245306+00:00,200,12709.1,
2026-09-11T18:17:49.436517+00:00,200,12524.93,
2026-09-11T18:17:53.764665+00:00,200,8215.09,
2026-09-11T18:17:54.702319+00:00,200,7307.01,
2026-09-11T18:17:53.317989+00:00,200,8699.11,
2026-09-11T18:17:43.226264+00:00,200,18854.47,
2026-09-11T18:17:57.339821+00:00,200,4748.87,
2026-09-11T18:17:46.299392+00:00,200,15790.05,
2026-09-11T18:17:34.412587+00:00,200,27685.04,
2026-09-11T18:17:57.984671+00:00,200,4114.96,
2026-09-11T18:17:56.189828+00:00,200,5911.9,
2026-09-11T18:17:29.430181+00:00,200,32682.38,
2026-09-11T18:17:44.810615+00:00,200,17304.33,
2026-09-11T18:17:43.354097+00:00,200,18765.15,
2026-09-11T18:17:54.600809+00:00,200,7529.32,
2026-09-11T18:17:47.879557+00:00,200,14282.25,
2026-09-11T18:17:38.135351+00:00,200,24029.76,
2026-09-11T18:17:38.072786+00:00,200,24098.8,
2026-09-11T18:17:43.701306+00:00,200,18471.02,
2026-09-11T18:17:40.156791+00:00,200,22018.39,
2026-09-11T18:17:54.932046+00:00,200,7256.38,
2026-09-11T18:17:56.981808+00:00,200,5212.38,
2026-09-11T18:17:41.175783+00:00,200,21031.87,
2026-09-11T18:17:24.930464+00:00,200,37279.35,
2026-09-11T18:17:57.211444+00:00,200,5040.37,
2026-09-11T18:17:55.704961+00:00,200,6550.69,
2026-09-11T18:17:55.617889+00:00,200,6657.86,
2026-09-11T18:17:21.675634+00:00,200,40659.94,
2026-09-11T18:17:50.597014+00:00,200,11739.78,
2026-09-11T18:17:39.510404+00:00,200,22831.18,
2026-09-11T18:17:47.356025+00:00,200,14995.19,
2026-09-11T18:17:56.807906+00:00,200,5547.08,
2026-09-11T18:17:57.590170+00:00,200,4771.69,
2026-09-11T18:17:27.830458+00:00,200,34534.03,
2026-09-11T18:17:35.746297+00:00,200,26635.84,
2026-09-11T18:17:33.316556+00:00,200,29087.18,
2026-09-11T18:16:37.963456+00:00,200,84444.39,
2026-09-11T18:17:42.223062+00:00,200,20193.04,
2026-09-11T18:17:56.156005+00:00,200,6283.69,
2026-09-11T18:16:57.477966+00:00,200,64964.33,
2026-09-11T18:17:43.866224+00:00,200,18578.6,
2026-09-11T18:17:48.599594+00:00,200,13852.02,
2026-09-11T18:16:55.326816+00:00,200,67141.38,
2026-09-11T18:17:36.064626+00:00,200,26404.76,
2026-09-11T18:17:53.778469+00:00,200,8700.22,
2026-09-11T18:17:32.839496+00:00,200,29654.61,
2026-09-11T18:17:19.642027+00:00,200,42866.6,
2026-09-11T18:17:33.403280+00:00,200,29106.92,
2026-09-11T18:17:41.918139+00:00,200,20612.16,
2026-09-11T18:17:46.729252+00:00,200,15802.12,
2026-09-11T18:17:22.834508+00:00,200,39720.16,
2026-09-11T18:17:43.394401+00:00,200,19166.43,
2026-09-11T18:17:16.913999+00:00,200,45655.83,
2026-09-11T18:17:39.674665+00:00,200,22897.58,
2026-09-11T18:17:18.952595+00:00,200,43627.98,
2026-09-11T18:17:13.038145+00:00,200,49550.02,
2026-09-11T18:17:50.979577+00:00,200,11618.82,
2026-09-11T18:17:31.059684+00:00,200,31552.47,
2026-09-11T18:17:44.768020+00:00,200,17848.8,
2026-09-11T18:17:56.976216+00:00,200,5649.66,
2026-09-11T18:17:23.539864+00:00,200,39091.64,
2026-09-11T18:17:18.287971+00:00,200,44354.5,
2026-09-11T18:16:59.916889+00:00,200,62736.48,
2026-09-11T18:17:40.115367+00:00,200,22546.05,
2026-09-11T18:17:57.312426+00:00,200,5372.57,
2026-09-11T18:17:13.510325+00:00,200,49176.08,
2026-09-11T18:17:51.537485+00:00,200,11153.76,
2026-09-11T18:17:48.268272+00:00,200,14424.12,
2026-09-11T18:17:49.322369+00:00,200,13372.55,
2026-09-11T18:17:55.747511+00:00,200,6949.3,
2026-09-11T18:17:46.902441+00:00,200,15797.99,
2026-09-11T18:17:57.306214+00:00,200,5398.07,
2026-09-11T18:17:54.795687+00:00,200,7919.12,
2026-09-11T18:17:57.230368+00:00,200,5496.29,
2026-09-11T18:16:31.792088+00:00,200,90947.4,
2026-09-11T18:17:29.340481+00:00,200,33436.16,
2026-09-11T18:17:40.215335+00:00,200,22564.35,
2026-09-11T18:17:49.556130+00:00,200,13224.7,
2026-09-11T18:17:35.133033+00:00,200,27654.19,
2026-09-11T18:17:57.554199+00:00,200,5244.83,
2026-09-11T18:17:52.095969+00:00,200,10708.08,
2026-09-11T18:17:36.361374+00:00,200,26454.66,
2026-09-11T18:17:54.269635+00:00,200,8558.17,
2026-09-11T18:17:42.275931+00:00,200,20552.35,
2026-09-11T18:17:33.737676+00:00,200,29100.63,
2026-09-11T18:17:25.717376+00:00,200,37132.45,
2026-09-11T18:17:35.221350+00:00,200,27644.1,
2026-09-11T18:17:56.621162+00:00,200,6245.91,
2026-09-11T18:17:13.958932+00:00,200,48909.98,
2026-09-11T18:17:43.633386+00:00,200,19238.32,
2026-09-11T18:17:42.605205+00:00,200,20272.46,
2026-09-11T18:17:45.938189+00:00,200,16951.07,
2026-09-11T18:17:44.808417+00:00,200,18094.34,
2026-09-11T18:17:32.937511+00:00,200,29983.77,
2026-09-11T18:17:41.147466+00:00,200,21775.75,
2026-09-11T18:17:44.590271+00:00,200,18339.15,
2026-09-11T18:17:36.257080+00:00,200,26689.78,
2026-09-11T18:17:46.785677+00:00,200,16169.44,
2026-09-11T18:17:57.714754+00:00,200,5255.86,
2026-09-11T18:17:39.815139+00:00,200,23161.9,
2026-09-11T18:17:35.278820+00:00,200,27712.64,
2026-09-11T18:17:45.070173+00:00,200,17925.97,
2026-09-11T18:17:51.522069+00:00,200,11484.06,
2026-09-11T18:16:52.925936+00:00,200,70083.07,
2026-09-11T18:17:44.004177+00:00,200,19040.73,
2026-09-11T18:17:25.400216+00:00,200,37660.0,
2026-09-11T18:16:43.058352+00:00,200,80006.27,
2026-09-11T18:17:35.957775+00:00,200,27116.01,
2026-09-11T18:17:32.119272+00:00,200,30959.71,
2026-09-11T18:17:58.015240+00:00,200,5066.94,
2026-09-11T18:17:50.302917+00:00,200,12791.25,
2026-09-11T18:17:51.087417+00:00,200,12019.36,
2026-09-11T18:17:14.143124+00:00,200,48967.05,
2026-09-11T18:17:34.786249+00:00,200,28335.94,
2026-09-11T18:17:42.035949+00:00,200,21087.47,
2026-09-11T18:17:13.675008+00:00,200,49470.82,
2026-09-11T18:17:34.072700+00:00,200,29076.39,
2026-09-11T18:17:50.790903+00:00,200,12371.89,
2026-09-11T18:17:00.737201+00:00,200,62428.22,
2026-09-11T18:17:39.180931+00:00,200,23991.81,
2026-09-11T18:17:12.485922+00:00,200,50688.63,
2026-09-11T18:17:57.022021+00:00,200,6160.44,
2026-09-11T18:17:18.069272+00:00,200,45114.39,
2026-09-11T18:17:56.425330+00:00,200,6766.22,
2026-09-11T18:17:48.755213+00:00,200,14446.23,
2026-09-11T18:17:30.193310+00:00,200,33009.36,
2026-09-11T18:17:12.100803+00:00,200,51103.35,
2026-09-11T18:17:56.200263+00:00,200,7006.19,
2026-09-11T18:17:51.617945+00:00,200,11589.09,
2026-09-11T18:17:43.928234+00:00,200,19302.75,
2026-09-11T18:17:39.355279+00:00,200,23895.57,
2026-09-11T18:17:46.256042+00:00,200,17011.89,
2026-09-11T18:17:41.362307+00:00,200,21909.69,
2026-09-11T18:16:48.550478+00:00,200,74729.0,
2026-09-11T18:17:28.924872+00:00,200,34361.09,
2026-09-11T18:17:57.558749+00:00,200,5727.81,
2026-09-11T18:17:40.606236+00:00,200,22704.95,
2026-09-11T18:17:29.414079+00:00,200,33923.03,
2026-09-11T18:17:41.585474+00:00,200,21761.96,
2026-09-11T18:17:47.707097+00:00,200,15643.43,
2026-09-11T18:17:51.424115+00:00,200,11941.24,
2026-09-11T18:17:42.483683+00:00,200,20896.02,
2026-09-11T18:17:49.349966+00:00,200,14039.17,
2026-09-11T18:17:45.692164+00:00,200,17700.59,
2026-09-11T18:17:00.903801+00:00,200,62492.69,
2026-09-11T18:17:39.959729+00:00,200,23459.44,
2026-09-11T18:17:29.884956+00:00,200,33539.07,
2026-09-11T18:17:57.149277+00:00,200,6275.46,
2026-09-11T18:17:51.923764+00:00,200,11506.42,
2026-09-11T18:17:36.882607+00:00,200,26550.35,
2026-09-11T18:17:39.683569+00:00,200,23752.47,
2026-09-11T18:17:50.694016+00:00,200,12759.83,
2026-09-11T18:17:57.976587+00:00,200,5479.3,
2026-09-11T18:17:49.955645+00:00,200,13518.82,
2026-09-11T18:17:48.017611+00:00,200,15462.13,
2026-09-11T18:17:30.774437+00:00,200,32770.81,
2026-09-11T18:17:08.958793+00:00,200,54592.25,
2026-09-11T18:17:53.094025+00:00,200,10460.31,
2026-09-11T18:17:53.009585+00:00,200,10552.89,
2026-09-11T18:17:44.022527+00:00,200,19558.1,
2026-09-11T18:17:50.357079+00:00,200,13224.08,
2026-09-11T18:17:43.611346+00:00,200,19998.42,
2026-09-11T18:17:44.534125+00:00,200,19078.26,
2026-09-11T18:17:49.352840+00:00,200,14260.94,
2026-09-11T18:17:56.023402+00:00,200,7596.95,
2026-09-11T18:17:44.097299+00:00,200,19526.19,
2026-09-11T18:17:38.579400+00:00,200,25045.3,
2026-09-11T18:17:41.537455+00:00,200,22095.39,
2026-09-11T18:16:44.320515+00:00,200,79323.98,
2026-09-11T18:16:20.580473+00:00,200,103110.18,
2026-09-11T18:17:38.482791+00:00,200,25235.81,
2026-09-11T18:17:47.551582+00:00,200,16168.36,
2026-09-11T18:17:35.564401+00:00,200,28158.35,
2026-09-11T18:17:32.909011+00:00,200,30825.62,
2026-09-11T18:17:37.108182+00:00,200,26627.8,
2026-09-11T18:17:24.925727+00:00,200,38816.64,
2026-09-11T18:17:52.139219+00:00,200,11612.17,
2026-09-11T18:17:50.932326+00:00,200,12827.94,
2026-09-11T18:17:56.783885+00:00,200,6979.06,
2026-09-11T18:16:50.087018+00:00,200,73680.03,
2026-09-11T18:16:49.863053+00:00,200,73927.25,
2026-09-11T18:17:50.539721+00:00,200,13251.17,
2026-09-11T18:17:50.600716+00:00,200,13206.89,
2026-09-11T18:17:56.898924+00:00,200,6910.37,
2026-09-11T18:17:31.863300+00:00,200,31947.51,
2026-09-11T18:17:52.188989+00:00,200,11630.83,
2026-09-11T18:17:37.457869+00:00,200,26365.27,
2026-09-11T18:16:53.975602+00:00,200,69867.5,
2026-09-11T18:17:32.382177+00:00,200,31472.92,
2026-09-11T18:17:40.141458+00:00,200,23714.21,
2026-09-11T18:17:56.478805+00:00,200,7377.39,
2026-09-11T18:17:41.294889+00:00,200,22588.34,
2026-09-11T18:17:56.295478+00:00,200,7591.1,
2026-09-11T18:17:28.235011+00:00,200,35668.13,
2026-09-11T18:17:57.335741+00:00,200,6573.7,
2026-09-11T18:17:57.304427+00:00,200,6615.26,
2026-09-11T18:17:41.357442+00:00,200,22568.85,
2026-09-11T18:17:37.268581+00:00,200,26675.93,
2026-09-11T18:17:10.019609+00:00,200,53940.67,
2026-09-11T18:17:52.242136+00:00,200,11722.54,
2026-09-11T18:17:33.450459+00:00,200,30521.39,
2026-09-11T18:17:49.190095+00:00,200,14790.13,
2026-09-11T18:17:21.991416+00:00,200,42005.86,
2026-09-11T18:17:26.513794+00:00,200,37488.79,
2026-09-11T18:17:40.109736+00:00,200,23912.27,
2026-09-11T18:17:56.326788+00:00,200,7699.32,
2026-09-11T18:17:39.322292+00:00,200,24709.36,
2026-09-11T18:17:47.584771+00:00,200,16475.03,
2026-09-11T18:17:57.669031+00:00,200,6406.21,
2026-09-11T18:17:40.255732+00:00,200,23825.07,
2026-09-11T18:17:50.516249+00:00,200,13572.91,
2026-09-11T18:17:46.097208+00:00,200,17994.99,
2026-09-11T18:17:37.936892+00:00,200,26162.43,
2026-09-11T18:17:39.925163+00:00,200,24188.12,
2026-09-11T18:17:37.444975+00:00,200,26680.07,
2026-09-11T18:17:55.461158+00:00,200,8675.49,
2026-09-11T18:17:50.016288+00:00,200,14124.25,
2026-09-11T18:17:33.940433+00:00,200,30206.55,
2026-09-11T18:17:43.252998+00:00,200,20901.89,
2026-09-11T18:17:28.866010+00:00,200,35289.43,
2026-09-11T18:17:03.153772+00:00,200,61004.45,
2026-09-11T18:17:56.543947+00:00,200,7620.23,
2026-09-11T18:16:40.921671+00:00,200,83243.39,
2026-09-11T18:17:38.874152+00:00,200,25315.59,
2026-09-11T18:17:51.351589+00:00,200,12843.87,
2026-09-11T18:17:56.646808+00:00,200,7563.7,
2026-09-11T18:17:22.130577+00:00,200,42098.24,
2026-09-11T18:17:39.041769+00:00,200,25221.47,
2026-09-11T18:17:52.756307+00:00,200,11512.49,
2026-09-11T18:17:37.750803+00:00,200,26528.99,
2026-09-11T18:17:51.544875+00:00,200,12736.71,
2026-09-11T18:17:21.095576+00:00,200,43208.27,
2026-09-11T18:16:57.594385+00:00,200,66720.53,
2026-09-11T18:17:20.541841+00:00,200,43791.72,
2026-09-11T18:17:44.159161+00:00,200,20186.44,
2026-09-11T18:17:50.552367+00:00,200,13797.17,
2026-09-11T18:17:40.552971+00:00,200,23797.13,
2026-09-11T18:17:38.025624+00:00,200,26330.64,
2026-09-11T18:17:04.386764+00:00,200,59977.07,
2026-09-11T18:17:43.802744+00:00,200,20570.78,
2026-09-11T18:17:40.914568+00:00,200,23464.52,
2026-09-11T18:17:02.752320+00:00,200,61628.44,
2026-09-11T18:17:56.612739+00:00,200,7769.17,
2026-09-11T18:17:39.521226+00:00,200,24876.41,
2026-09-11T18:17:46.595773+00:00,200,17810.48,
2026-09-11T18:17:55.642477+00:00,200,8764.24,
2026-09-11T18:17:50.306765+00:00,200,14104.04,
2026-09-11T18:17:22.300748+00:00,200,42123.31,
2026-09-11T18:17:33.874447+00:00,200,30578.38,
2026-09-11T18:17:46.900314+00:00,200,17561.3,
2026-09-11T18:17:14.908079+00:00,200,49559.23,
2026-09-11T18:17:23.172168+00:00,200,41296.83,
2026-09-11T18:17:43.312988+00:00,200,21164.88,
2026-09-11T18:17:44.409997+00:00,200,20075.87,
2026-09-11T18:17:04.416949+00:00,200,60075.99,
2026-09-11T18:17:55.961116+00:00,200,8559.68,
2026-09-11T18:17:50.672089+00:00,200,13860.27,
2026-09-11T18:17:55.768482+00:00,200,8765.05,
2026-09-11T18:17:41.630944+00:00,200,22905.85,
2026-09-11T18:17:51.909185+00:00,200,12634.88,
2026-09-11T18:17:34.667542+00:00,200,29879.22,
2026-09-11T18:17:33.190099+00:00,200,31364.76,
2026-09-11T18:17:51.772943+00:00,200,12783.97,
2026-09-11T18:17:53.174072+00:00,200,11385.65,
2026-09-11T18:17:43.845990+00:00,200,20714.62,
2026-09-11T18:17:12.883334+00:00,200,51678.09,
2026-09-11T18:17:51.472685+00:00,200,13092.32,
2026-09-11T18:17:31.976412+00:00,200,32592.34,
2026-09-11T18:17:57.058816+00:00,200,7533.81,
2026-09-11T18:17:42.734820+00:00,200,21875.23,
2026-09-11T18:17:49.551873+00:00,200,15074.37,
2026-09-11T18:17:50.739972+00:00,200,13898.89,
2026-09-11T18:17:32.629567+00:00,200,32021.55,
2026-09-11T18:17:55.000646+00:00,200,9652.45,
2026-09-11T18:17:40.970949+00:00,200,23688.6,
2026-09-11T18:17:38.406372+00:00,200,26292.12,
2026-09-11T18:17:15.117439+00:00,200,49591.9,
2026-09-11T18:17:52.316076+00:00,200,12395.0,
2026-09-11T18:17:50.125163+00:00,200,14587.68,
2026-09-11T18:17:48.256255+00:00,200,16458.03,
2026-09-11T18:17:41.002586+00:00,200,23727.43,
2026-09-11T18:17:39.273754+00:00,200,25459.81,
2026-09-11T18:17:45.883661+00:00,200,18854.18,
2026-09-11T18:17:49.539706+00:00,200,15224.0,
2026-09-11T18:16:27.116714+00:00,200,97653.95,
2026-09-11T18:17:31.176778+00:00,200,33598.75,
2026-09-11T18:17:54.164547+00:00,200,10612.19,
2026-09-11T18:17:39.586266+00:00,200,25203.38,
2026-09-11T18:17:54.710323+00:00,200,10084.41,
2026-09-11T18:17:46.297114+00:00,200,18511.97,
2026-09-11T18:17:33.785979+00:00,200,31035.38,
2026-09-11T18:17:56.979688+00:00,200,7842.88,
2026-09-11T18:17:54.630322+00:00,200,10193.42,
2026-09-11T18:17:47.442035+00:00,200,17412.01,
2026-09-11T18:17:42.433615+00:00,200,22424.95,
2026-09-11T18:17:12.488007+00:00,200,52380.11,
2026-09-11T18:16:56.179070+00:00,200,68695.08,
2026-09-11T18:17:39.864845+00:00,200,25012.4,
2026-09-11T18:17:15.617883+00:00,200,49265.54,
2026-09-11T18:17:38.449691+00:00,200,26440.83,
2026-09-11T18:17:51.201907+00:00,200,13706.92,
2026-09-11T18:17:43.572270+00:00,200,21342.14,
2026-09-11T18:16:31.700557+00:00,200,93224.07,
2026-09-11T18:17:43.013993+00:00,200,21920.28,
2026-09-11T18:17:52.966856+00:00,200,11978.72,
2026-09-11T18:17:51.199232+00:00,200,13761.24,
2026-09-11T18:16:39.696871+00:00,200,85265.35,
2026-09-11T18:17:52.542791+00:00,200,12432.41,
2026-09-11T18:16:56.241785+00:00,200,68737.03,
2026-09-11T18:17:11.886102+00:00,200,53094.09,
2026-09-11T18:17:32.955008+00:00,200,32051.49,
2026-09-11T18:17:54.418706+00:00,200,10592.09,
2026-09-11T18:17:51.489762+00:00,200,13546.67,
2026-09-11T18:17:38.201485+00:00,200,26856.22,
2026-09-11T18:17:34.705402+00:00,200,30354.86,
2026-09-11T18:17:49.131378+00:00,200,15930.1,
2026-09-11T18:17:22.561408+00:00,200,42520.64,
2026-09-11T18:17:26.696108+00:00,200,38397.28,
2026-09-11T18:17:34.115861+00:00,200,30986.89,
2026-09-11T18:17:37.051990+00:00,200,28058.15,
2026-09-11T18:17:50.535527+00:00,200,14581.5,
2026-09-11T18:17:49.501800+00:00,200,15617.07,
2026-09-11T18:17:37.569914+00:00,200,27553.65,
2026-09-11T18:17:50.086763+00:00,200,15049.45,
2026-09-11T18:17:29.695065+00:00,200,35446.4,
2026-09-11T18:17:52.667451+00:00,200,12490.94,
2026-09-11T18:17:50.169740+00:00,200,14989.72,
2026-09-11T18:17:42.437898+00:00,200,22724.64,
2026-09-11T18:17:35.002828+00:00,200,30161.43,
2026-09-11T18:17:28.111681+00:00,200,37062.07,
2026-09-11T18:17:42.564762+00:00,200,22610.35,
2026-09-11T18:17:54.136760+00:00,200,11040.16,
2026-09-11T18:17:35.183131+00:00,200,29997.56,
2026-09-11T18:17:33.481408+00:00,200,31709.12,
2026-09-11T18:17:34.439949+00:00,200,30755.52,
2026-09-11T18:17:31.258719+00:00,200,33956.36,
2026-09-11T18:17:56.989504+00:00,200,8240.52,
2026-09-11T18:17:49.222335+00:00,200,16011.58,
2026-09-11T18:17:48.672092+00:00,200,16569.45,
2026-09-11T18:17:35.600379+00:00,200,29643.44,
2026-09-11T18:17:39.532431+00:00,200,25718.78,
2026-09-11T18:17:55.102390+00:00,200,10157.05,
2026-09-11T18:17:48.262521+00:00,200,16998.73,
2026-09-11T18:17:27.935992+00:00,200,37357.96,
2026-09-11T18:17:34.727973+00:00,200,30568.71,
2026-09-11T18:17:42.858921+00:00,200,22450.64,
2026-09-11T18:17:55.237288+00:00,200,10074.86,
2026-09-11T18:17:31.851353+00:00,200,33466.44,
2026-09-11T18:17:53.148747+00:00,200,12174.54,
2026-09-11T18:17:46.816657+00:00,200,18518.22,
2026-09-11T18:17:10.710085+00:00,200,54646.74,
2026-09-11T18:17:57.264286+00:00,200,8108.26,
2026-09-11T18:17:56.240848+00:00,200,9132.16,
2026-09-11T18:17:16.143388+00:00,200,49253.55,
2026-09-11T18:17:54.934661+00:00,200,10466.52,
2026-09-11T18:17:54.901719+00:00,200,10510.68,
2026-09-11T18:17:42.576604+00:00,200,22839.73,
2026-09-11T18:17:18.048511+00:00,200,47379.47,
2026-09-11T18:17:36.799633+00:00,200,28637.88,
2026-09-11T18:17:21.870095+00:00,200,43568.64,
2026-09-11T18:17:22.286386+00:00,200,43165.1,
2026-09-11T18:17:18.728697+00:00,200,46726.29,
2026-09-11T18:17:53.422837+00:00,200,12038.33,
2026-09-11T18:17:52.620614+00:00,200,12844.09,
2026-09-11T18:17:56.325455+00:00,200,9139.75,
2026-09-11T18:17:53.478982+00:00,200,11992.72,
2026-09-11T18:17:39.994420+00:00,200,25489.58,
2026-09-11T18:16:57.199384+00:00,200,68288.98,
2026-09-11T18:17:43.821913+00:00,200,21666.81,
2026-09-11T18:17:45.640453+00:00,200,19849.38,
2026-09-11T18:17:43.546692+00:00,200,21968.48,
2026-09-11T18:17:08.454976+00:00,200,57061.99,
2026-09-11T18:17:10.445890+00:00,200,55087.66,
2026-09-11T18:17:28.021438+00:00,200,37531.24,
2026-09-11T18:17:34.256509+00:00,200,31298.4,
2026-09-11T18:17:29.293101+00:00,200,36264.65,
2026-09-11T18:17:22.837068+00:00,200,42726.76,
2026-09-11T18:17:45.872871+00:00,200,19693.9,
2026-09-11T18:17:26.951761+00:00,200,38618.74,
2026-09-11T18:17:45.336235+00:00,200,20239.85,
2026-09-11T18:17:18.083434+00:00,200,47493.13,
2026-09-11T18:17:43.106439+00:00,200,22482.66,
2026-09-11T18:17:50.590689+00:00,200,15015.14,
2026-09-11T18:16:59.090989+00:00,200,66521.87,
2026-09-11T18:17:35.826925+00:00,200,29786.42,
2026-09-11T18:17:43.827429+00:00,200,21796.82,
2026-09-11T18:17:29.617387+00:00,200,36007.37,
2026-09-11T18:17:10.276520+00:00,200,55362.33,
2026-09-11T18:17:46.449155+00:00,200,19197.48,
2026-09-11T18:17:20.820595+00:00,200,44826.54,
2026-09-11T18:17:57.207498+00:00,200,8440.17,
2026-09-11T18:17:44.828472+00:00,200,20832.13,
2026-09-11T18:17:56.765912+00:00,200,8900.96,
2026-09-11T18:17:42.978400+00:00,200,22689.1,
2026-09-11T18:17:52.564378+00:00,200,13120.52,
2026-09-11T18:17:47.102851+00:00,200,18586.93,
2026-09-11T18:17:33.538308+00:00,200,32168.03,
2026-09-11T18:17:47.163411+00:00,200,18547.46,
2026-09-11T18:17:56.950012+00:00,200,8762.01,
2026-09-11T18:17:15.911988+00:00,200,49828.1,
2026-09-11T18:17:16.079326+00:00,200,49676.38,
2026-09-11T18:17:39.786657+00:00,200,25973.93,
2026-09-11T18:17:39.812568+00:00,200,25949.99,
2026-09-11T18:17:26.999060+00:00,200,38787.09,
2026-09-11T18:17:42.345471+00:00,200,23451.49,
2026-09-11T18:17:51.074712+00:00,200,14722.98,
2026-09-11T18:17:38.645877+00:00,200,27170.91,
2026-09-11T18:17:43.909366+00:00,200,21919.25,
2026-09-11T18:17:25.151059+00:00,200,40684.66,
2026-09-11T18:17:42.182847+00:00,200,23664.48,
2026-09-11T18:17:16.494055+00:00,200,49354.36,
2026-09-11T18:17:41.810437+00:00,200,24044.83,
2026-09-11T18:17:10.853126+00:00,200,55005.85,
2026-09-11T18:17:57.285128+00:00,200,8578.1,
2026-09-11T18:17:50.545821+00:00,200,15318.74,
2026-09-11T18:17:57.310907+00:00,200,8563.53,
2026-09-11T18:17:23.139223+00:00,200,42742.3,
2026-09-11T18:17:53.126716+00:00,200,12766.78,
2026-09-11T18:17:41.964444+00:00,200,23932.02,
2026-09-11T18:17:15.363314+00:00,200,50533.8,
2026-09-11T18:17:31.918814+00:00,200,33978.91,
2026-09-11T18:17:57.691632+00:00,200,8222.94,
2026-09-11T18:17:50.657601+00:00,200,15261.69,
2026-09-11T18:17:57.135399+00:00,200,8788.63,
2026-09-11T18:17:41.453264+00:00,200,24476.09,
2026-09-11T18:17:13.330831+00:00,200,52612.4,
2026-09-11T18:17:21.927871+00:00,200,44017.06,
2026-09-11T18:17:41.273751+00:00,200,24686.53,
2026-09-11T18:17:57.828923+00:00,200,8136.02,
2026-09-11T18:17:56.585931+00:00,200,9383.73,
2026-09-11T18:17:40.869770+00:00,200,25106.91,
2026-09-11T18:17:26.539904+00:00,200,39460.47,
2026-09-11T18:17:50.134700+00:00,200,15874.09,
2026-09-11T18:17:47.289441+00:00,200,18725.73,
2026-09-11T18:17:54.906940+00:00,200,11109.34,
2026-09-11T18:17:44.860172+00:00,200,21165.62,
2026-09-11T18:17:53.933821+00:00,200,12092.49,
2026-09-11T18:17:50.547634+00:00,200,15487.64,
2026-09-11T18:17:56.102395+00:00,200,9934.74,
2026-09-11T18:17:41.748331+00:00,200,24300.15,
2026-09-11T18:17:27.088860+00:00,200,38980.21,
2026-09-11T18:17:42.821074+00:00,200,23256.24,
2026-09-11T18:17:25.753378+00:00,200,40341.85,
2026-09-11T18:17:56.140889+00:00,200,9954.82,
2026-09-11T18:17:21.184133+00:00,200,44916.13,
2026-09-11T18:17:54.449209+00:00,200,11658.4,
2026-09-11T18:17:36.205729+00:00,200,29909.54,
2026-09-11T18:17:53.573287+00:00,200,12552.62,
2026-09-11T18:17:27.592964+00:00,200,38534.76,
2026-09-11T18:17:13.469164+00:00,200,52676.63,
2026-09-11T18:17:40.083034+00:00,200,26076.94,
2026-09-11T18:17:33.278528+00:00,200,32886.25,
2026-09-11T18:17:50.413589+00:00,200,15755.95,
2026-09-11T18:17:46.324430+00:00,200,19860.43,
2026-09-11T18:17:53.378743+00:00,200,12814.85,
2026-09-11T18:17:47.260610+00:00,200,18940.84,
2026-09-11T18:16:37.440619+00:00,200,88767.17,
2026-09-11T18:17:55.316133+00:00,200,10899.85,
2026-09-11T18:17:34.848649+00:00,200,31372.47,
2026-09-11T18:17:54.139601+00:00,200,12089.71,
2026-09-11T18:17:37.485581+00:00,200,28751.04,
2026-09-11T18:17:29.109575+00:00,200,37129.62,
2026-09-11T18:17:54.894116+00:00,200,11357.77,
2026-09-11T18:17:48.128738+00:00,200,18126.63,
2026-09-11T18:17:08.448411+00:00,200,57809.98,
2026-09-11T18:17:43.801386+00:00,200,22460.43,
2026-09-11T18:17:54.926821+00:00,200,11362.66,
2026-09-11T18:17:57.261046+00:00,200,9037.89,
2026-09-11T18:17:13.388435+00:00,200,52922.26,
2026-09-11T18:16:39.032621+00:00,200,87281.68,
2026-09-11T18:17:55.948122+00:00,200,10374.3,
2026-09-11T18:17:57.644295+00:00,200,8693.77,
2026-09-11T18:17:50.524084+00:00,200,15820.96,
2026-09-11T18:17:42.745723+00:00,200,23609.3,
2026-09-11T18:17:52.581658+00:00,200,13791.67,
2026-09-11T18:17:42.231383+00:00,200,24162.03,
2026-09-11T18:17:49.407794+00:00,200,16987.86,
2026-09-11T18:17:40.540410+00:00,200,25855.71,
2026-09-11T18:17:52.724506+00:00,200,13679.19,
2026-09-11T18:17:42.618898+00:00,200,23786.57,
2026-09-11T18:17:39.891787+00:00,200,26514.18,
2026-09-11T18:16:54.279242+00:00,200,72167.14,
2026-09-11T18:17:39.197106+00:00,200,27251.56,
2026-09-11T18:17:54.687175+00:00,200,11768.91,
2026-09-11T18:17:46.541972+00:00,200,19926.49,
2026-09-11T18:17:52.883103+00:00,200,13598.27,
2026-09-11T18:17:53.644553+00:00,200,12840.22,
2026-09-11T18:17:56.961009+00:00,200,9527.76,
2026-09-11T18:17:18.957113+00:00,200,47535.81,
2026-09-11T18:17:21.603974+00:00,200,44890.7,
2026-09-11T18:16:48.351589+00:00,200,78150.86,
2026-09-11T18:17:43.055397+00:00,200,23447.71,
2026-09-11T18:17:37.807273+00:00,200,28696.37,
2026-09-11T18:17:55.367514+00:00,200,11137.49,
2026-09-11T18:17:20.585632+00:00,200,45923.09,
2026-09-11T18:17:08.115603+00:00,200,58401.61,
2026-09-11T18:17:49.636444+00:00,200,16883.86,
2026-09-11T18:17:48.328471+00:00,200,18196.25,
2026-09-11T18:17:31.583647+00:00,200,34962.35,
2026-09-11T18:17:30.812615+00:00,200,35740.6,
2026-09-11T18:17:35.691630+00:00,200,30869.54,
2026-09-11T18:17:42.607203+00:00,200,23966.23,
2026-09-11T18:17:45.910844+00:00,200,20663.87,
2026-09-11T18:17:22.744878+00:00,200,43849.49,
2026-09-11T18:17:57.641455+00:00,200,8960.65,
2026-09-11T18:17:44.602198+00:00,200,22015.32,
2026-09-11T18:17:43.202137+00:00,200,23424.35,
2026-09-11T18:17:51.104297+00:00,200,15537.37,
2026-09-11T18:17:43.868147+00:00,200,22788.05,
2026-09-11T18:17:11.786104+00:00,200,54870.72,
2026-09-11T18:17:48.331182+00:00,200,18330.35,
2026-09-11T18:17:47.997309+00:00,200,18664.71,
2026-09-11T18:17:41.122477+00:00,200,25549.4,
2026-09-11T18:17:16.746430+00:00,200,49927.42,
2026-09-11T18:17:30.094455+00:00,200,36584.83,
2026-09-11T18:17:20.403061+00:00,200,46279.24,
2026-09-11T18:17:39.885429+00:00,200,26810.26,
2026-09-11T18:17:50.541427+00:00,200,16155.35,
2026-09-11T18:17:21.304588+00:00,200,45394.2,
2026-09-11T18:17:57.256835+00:00,200,9450.27,
2026-09-11T18:17:28.759620+00:00,200,37971.02,
2026-09-11T18:17:51.107802+00:00,200,15626.79,
2026-09-11T18:17:36.567826+00:00,200,30175.62,
2026-09-11T18:17:32.984214+00:00,200,33761.25,
2026-09-11T18:17:14.029184+00:00,200,52717.97,
2026-09-11T18:17:21.164031+00:00,200,45589.35,
2026-09-11T18:17:36.971026+00:00,200,29799.65,
2026-09-11T18:16:56.981121+00:00,200,69799.14,
2026-09-11T18:17:45.992326+00:00,200,20794.9,
2026-09-11T18:17:50.341846+00:00,200,16448.25,
2026-09-11T18:17:40.668112+00:00,200,26123.03,
2026-09-11T18:17:52.921596+00:00,200,13871.42,
2026-09-11T18:17:49.101675+00:00,200,17698.52,
2026-09-11T18:16:59.037894+00:00,200,67780.62,
2026-09-11T18:17:53.541750+00:00,200,13277.83,
2026-09-11T18:17:18.834727+00:00,200,47993.22,
2026-09-11T18:17:57.927239+00:00,200,8907.5,
2026-09-11T18:17:13.764411+00:00,200,53073.25,
2026-09-11T18:17:56.449678+00:00,200,10394.04,
2026-09-11T18:17:18.563490+00:00,200,48289.97,
2026-09-11T18:17:24.629516+00:00,200,42238.11,
2026-09-11T18:17:21.729930+00:00,200,45142.23,
2026-09-11T18:17:31.241544+00:00,200,35636.18,
2026-09-11T18:17:45.744928+00:00,200,21153.47,
2026-09-11T18:17:57.421206+00:00,200,9477.78,
2026-09-11T18:17:49.209049+00:00,200,17704.72,
2026-09-11T18:17:50.678798+00:00,200,16243.68,
2026-09-11T18:17:43.172116+00:00,200,23751.73,
2026-09-11T18:16:52.935527+00:00,200,73988.83,
2026-09-11T18:17:55.649371+00:00,200,11305.73,
2026-09-11T18:17:45.734431+00:00,200,21223.05,
2026-09-11T18:17:40.585658+00:00,200,26373.25,
2026-09-11T18:17:50.712992+00:00,200,16264.36,
2026-09-11T18:17:39.337277+00:00,200,27640.9,
2026-09-11T18:17:53.261691+00:00,200,13719.28,
2026-09-11T18:17:49.029559+00:00,200,17953.88,
2026-09-11T18:17:42.242131+00:00,200,24752.35,
2026-09-11T18:17:29.467210+00:00,200,37527.74,
2026-09-11T18:17:39.013401+00:00,200,27996.62,
2026-09-11T18:17:36.383274+00:00,200,30633.9,
2026-09-11T18:17:30.942988+00:00,200,36075.34,
2026-09-11T18:17:57.745478+00:00,200,9275.37,
2026-09-11T18:16:57.757393+00:00,200,69271.88,
2026-09-11T18:17:38.057072+00:00,200,28973.06,
2026-09-11T18:17:22.857121+00:00,200,44175.03,
2026-09-11T18:17:48.379194+00:00,200,18685.77,
2026-09-11T18:17:42.018817+00:00,200,25051.58,
2026-09-11T18:17:57.354755+00:00,200,9724.68,
2026-09-11T18:17:30.918627+00:00,200,36174.57,
2026-09-11T18:17:56.618561+00:00,200,10476.2,
2026-09-11T18:17:31.827133+00:00,200,35277.08,
2026-09-11T18:17:44.063810+00:00,200,23067.62,
2026-09-11T18:17:55.448322+00:00,200,11684.19,
2026-09-11T18:17:27.751551+00:00,200,39390.58,
2026-09-11T18:17:40.223757+00:00,200,26918.89,
2026-09-11T18:16:49.438073+00:00,200,77724.4,
2026-09-11T18:17:30.937367+00:00,200,36234.99,
2026-09-11T18:17:36.317910+00:00,200,30862.53,
2026-09-11T18:17:56.555853+00:00,200,10627.03,
2026-09-11T18:17:26.492582+00:00,200,40695.22,
2026-09-11T18:17:49.926183+00:00,200,17262.05,
2026-09-11T18:17:32.997425+00:00,200,34193.42,
2026-09-11T18:17:50.452902+00:00,200,16738.99,
2026-09-11T18:17:42.510342+00:00,200,24684.35,
2026-09-11T18:17:43.753561+00:00,200,23453.96,
2026-09-11T18:17:54.857766+00:00,200,12353.4,
2026-09-11T18:17:56.809260+00:00,200,10407.25,
2026-09-11T18:17:10.549983+00:00,200,56667.04,
2026-09-11T18:17:48.401949+00:00,200,18823.7,
2026-09-11T18:17:38.947300+00:00,200,28280.59,
2026-09-11T18:17:49.277450+00:00,200,17954.83,
2026-09-11T18:17:37.957729+00:00,200,29283.68,
2026-09-11T18:17:35.021247+00:00,200,32228.21,
2026-09-11T18:17:54.802233+00:00,200,12450.93,
2026-09-11T18:17:28.344043+00:00,200,38924.17,
2026-09-11T18:17:26.318585+00:00,200,40955.15,
2026-09-11T18:17:42.824407+00:00,200,24461.47,
2026-09-11T18:17:33.697243+00:00,200,33591.03,
2026-09-11T18:17:28.994427+00:00,200,38300.26,
2026-09-11T18:17:44.026356+00:00,200,23272.48,
2026-09-11T18:17:56.644573+00:00,200,10664.79,
2026-09-11T18:17:15.257980+00:00,200,52053.6,
2026-09-11T18:17:39.131544+00:00,200,28212.49,
2026-09-11T18:17:47.060325+00:00,200,20294.15,
2026-09-11T18:17:26.360324+00:00,200,40996.5,
2026-09-11T18:17:55.758655+00:00,200,11607.81,
2026-09-11T18:17:41.941621+00:00,200,25435.67,
2026-09-11T18:17:53.324388+00:00,200,14059.45,
2026-09-11T18:17:44.446804+00:00,200,22942.5,
2026-09-11T18:17:52.061848+00:00,200,15345.18,
2026-09-11T18:17:25.165294+00:00,200,42274.29,
2026-09-11T18:17:25.431724+00:00,200,42018.29,
2026-09-11T18:17:47.543865+00:00,200,19927.78,
2026-09-11T18:17:21.039471+00:00,200,46436.59,
2026-09-11T18:17:39.775492+00:00,200,27706.56,
2026-09-11T18:17:54.065339+00:00,200,13417.9,
2026-09-11T18:17:36.546295+00:00,200,30939.44,
2026-09-11T18:17:53.028149+00:00,200,14462.02,
2026-09-11T18:17:50.549078+00:00,200,16941.6,
2026-09-11T18:17:40.258564+00:00,200,27237.47,
2026-09-11T18:17:12.246172+00:00,200,55266.84,
2026-09-11T18:17:10.924588+00:00,200,56594.21,
2026-09-11T18:17:41.365424+00:00,200,26159.72,
2026-09-11T18:17:24.410662+00:00,200,43125.6,
2026-09-11T18:17:51.743963+00:00,200,15795.09,
2026-09-11T18:17:18.483237+00:00,200,49068.19,
2026-09-11T18:17:53.916794+00:00,200,13637.87,
2026-09-11T18:17:23.536935+00:00,200,44019.46,
2026-09-11T18:17:40.420809+00:00,200,27149.36,
2026-09-11T18:17:23.501542+00:00,200,44073.13,
2026-09-11T18:17:49.833723+00:00,200,17752.65,
2026-09-11T18:17:34.003192+00:00,200,33585.55,
2026-09-11T18:17:54.724367+00:00,200,12867.28,
2026-09-11T18:17:55.843482+00:00,200,11763.36,
2026-09-11T18:17:30.706012+00:00,200,36909.88,
2026-09-11T18:17:50.553883+00:00,200,17065.66,
2026-09-11T18:17:30.404186+00:00,200,37233.74,
2026-09-11T18:17:29.684953+00:00,200,37960.76,
2026-09-11T18:17:26.980975+00:00,200,40670.77,
2026-09-11T18:17:56.079833+00:00,200,11581.43,
2026-09-11T18:17:19.546762+00:00,200,48115.62,
2026-09-11T18:17:38.090870+00:00,200,29574.48,
2026-09-11T18:17:41.428176+00:00,200,26251.37,
2026-09-11T18:17:02.403296+00:00,200,65281.73,
2026-09-11T18:17:14.231827+00:00,200,53462.38,
2026-09-11T18:17:50.136529+00:00,200,17568.0,
2026-09-11T18:17:44.034728+00:00,200,23688.11,
2026-09-11T18:17:54.178478+00:00,200,13545.4,
2026-09-11T18:17:54.232398+00:00,200,13502.87,
2026-09-11T18:17:16.420289+00:00,200,51321.14,
2026-09-11T18:17:52.646448+00:00,200,15098.99,
2026-09-11T18:17:55.885579+00:00,200,11865.17,
2026-09-11T18:17:42.443905+00:00,200,25311.91,
2026-09-11T18:17:00.668715+00:00,200,67087.6,
2026-09-11T18:17:19.268266+00:00,200,48502.61,
2026-09-11T18:17:49.433454+00:00,200,18351.63,
2026-09-11T18:17:55.126347+00:00,200,12659.44,
2026-09-11T18:17:40.935745+00:00,200,26855.23,
2026-09-11T18:17:37.148633+00:00,200,30647.84,
2026-09-11T18:17:51.703327+00:00,200,16096.82,
2026-09-11T18:17:52.008388+00:00,200,15809.78,
2026-09-11T18:17:38.340029+00:00,200,29488.13,
2026-09-11T18:17:49.206795+00:00,200,18621.87,
2026-09-11T18:16:49.449400+00:00,200,78386.7,
2026-09-11T18:17:43.531724+00:00,200,24316.85,
2026-09-11T18:17:48.106213+00:00,200,19749.38,
2026-09-11T18:17:38.006667+00:00,200,29874.45,
2026-09-11T18:17:55.879434+00:00,200,12011.02,
2026-09-11T18:17:20.724511+00:00,200,47166.88,
2026-09-11T18:17:39.030795+00:00,200,28864.17,
2026-09-11T18:17:25.686605+00:00,200,42215.76,
2026-09-11T18:17:48.365087+00:00,200,19539.16,
2026-09-11T18:17:41.443048+00:00,200,26472.73,
2026-09-11T18:17:50.559025+00:00,200,17363.09,
2026-09-11T18:16:46.958587+00:00,200,80966.53,
2026-09-11T18:16:51.338620+00:00,200,76600.33,
2026-09-11T18:17:50.849774+00:00,200,17097.07,
2026-09-11T18:17:43.032244+00:00,200,24949.26,
2026-09-11T18:17:53.879078+00:00,200,14102.96,
2026-09-11T18:17:47.068860+00:00,200,20928.27,
2026-09-11T18:17:54.673042+00:00,200,13326.3,
2026-09-11T18:17:57.835690+00:00,200,10166.19,
2026-09-11T18:16:51.193443+00:00,200,76820.33,
2026-09-11T18:17:31.691346+00:00,200,36324.94,
2026-09-11T18:17:49.549453+00:00,200,18469.09,
2026-09-11T18:17:56.014296+00:00,200,12017.39,
2026-09-11T18:17:49.979259+00:00,200,18054.95,
2026-09-11T18:17:37.578233+00:00,200,30463.77,
2026-09-11T18:17:23.313864+00:00,200,44732.74,
2026-09-11T18:17:33.963861+00:00,200,34083.32,
2026-09-11T18:17:12.251233+00:00,200,55797.22,
2026-09-11T18:17:48.233722+00:00,200,19823.95,
2026-09-11T18:17:51.550199+00:00,200,16520.56,
2026-09-11T18:16:38.660992+00:00,200,89413.87,
2026-09-11T18:17:46.318312+00:00,200,21761.98,
2026-09-11T18:17:43.647051+00:00,200,24450.08,
2026-09-11T18:17:50.595333+00:00,200,17504.73,
2026-09-11T18:17:50.140577+00:00,200,17959.91,
2026-09-11T18:17:51.163922+00:00,200,16952.51,
2026-09-11T18:17:41.497205+00:00,200,26629.68,
2026-09-11T18:17:56.393670+00:00,200,11753.57,
2026-09-11T18:17:54.371284+00:00,200,13781.26,
2026-09-11T18:17:56.235251+00:00,200,11918.43,
2026-09-11T18:17:52.228416+00:00,200,15934.58,
2026-09-11T18:17:45.031671+00:00,200,23139.05,
2026-09-11T18:17:23.220456+00:00,200,44953.5,
2026-09-11T18:17:10.678400+00:00,200,57496.57,
2026-09-11T18:17:50.543096+00:00,200,17636.17,
2026-09-11T18:17:46.263348+00:00,200,21922.81,
2026-09-11T18:17:54.744412+00:00,200,13462.54,
2026-09-11T18:17:49.637655+00:00,200,18570.52,
2026-09-11T18:17:55.087145+00:00,200,13123.21,
2026-09-11T18:17:45.821232+00:00,200,22401.7,
2026-09-11T18:17:43.270096+00:00,200,24963.57,
2026-09-11T18:17:55.078011+00:00,200,13157.94,
2026-09-11T18:17:36.210959+00:00,200,32034.25,
2026-09-11T18:17:53.239789+00:00,200,15009.45,
2026-09-11T18:17:45.974416+00:00,200,22279.74,
2026-09-11T18:17:56.724467+00:00,200,11530.51,
2026-09-11T18:17:39.296816+00:00,200,28961.62,
2026-09-11T18:17:52.372653+00:00,200,15895.76,
2026-09-11T18:17:24.425307+00:00,200,43901.52,
2026-09-11T18:17:56.493169+00:00,200,11846.98,
2026-09-11T18:17:50.156631+00:00,200,18186.68,
2026-09-11T18:17:51.196720+00:00,200,17150.68,
2026-09-11T18:17:01.218138+00:00,200,67129.81,
2026-09-11T18:17:55.919884+00:00,200,12429.49,
2026-09-11T18:17:50.002615+00:00,200,18353.07,
2026-09-11T18:17:52.708038+00:00,200,15649.79,
2026-09-11T18:17:16.325272+00:00,200,52047.93,
2026-09-11T18:17:43.920835+00:00,200,24456.59,
2026-09-11T18:17:56.398940+00:00,200,11994.06,
2026-09-11T18:17:57.309407+00:00,200,11084.84,
2026-09-11T18:17:27.053128+00:00,200,41355.92,
2026-09-11T18:17:55.266210+00:00,200,13144.54,
2026-09-11T18:17:48.730038+00:00,200,19706.94,
2026-09-11T18:17:50.674435+00:00,200,17764.6,
2026-09-11T18:17:47.121726+00:00,200,21318.36,
2026-09-11T18:17:48.585893+00:00,200,19861.47,
2026-09-11T18:17:43.048599+00:00,200,25409.05,
2026-09-11T18:17:28.834608+00:00,200,39628.79,
2026-09-11T18:17:31.669763+00:00,200,36801.62,
2026-09-11T18:17:41.484474+00:00,200,26989.32,
2026-09-11T18:17:31.689259+00:00,200,36796.31,
2026-09-11T18:17:11.285354+00:00,200,57202.01,
2026-09-11T18:17:39.245575+00:00,200,29244.74,
2026-09-11T18:17:36.494150+00:00,200,31999.19,
2026-09-11T18:17:52.634851+00:00,200,15869.29,
2026-09-11T18:17:36.474172+00:00,200,32053.01,
2026-09-11T18:17:52.214792+00:00,200,16313.89,
2026-09-11T18:17:46.258177+00:00,200,22273.47,
2026-09-11T18:16:22.947775+00:00,200,105586.03,
2026-09-11T18:17:33.355665+00:00,200,35189.86,
2026-09-11T18:17:57.365919+00:00,200,11189.78,
2026-09-11T18:17:56.471472+00:00,200,12105.7,
2026-09-11T18:17:01.446654+00:00,200,67130.96,
2026-09-11T18:17:26.908002+00:00,200,41676.28,
2026-09-11T18:17:42.641766+00:00,200,25960.99,
2026-09-11T18:17:18.484466+00:00,200,50123.48,
2026-09-11T18:17:58.123280+00:00,200,10497.73,
2026-09-11T18:17:49.087677+00:00,200,19543.18,
2026-09-11T18:17:48.479427+00:00,200,20160.97,
2026-09-11T18:17:46.605351+00:00,200,22036.07,
2026-09-11T18:17:39.166955+00:00,200,29477.68,
2026-09-11T18:17:32.198723+00:00,200,36450.95,
2026-09-11T18:17:31.894895+00:00,200,36755.35,
2026-09-11T18:17:22.032725+00:00,200,46624.71,
2026-09-11T18:17:31.680303+00:00,200,36980.19,
2026-09-11T18:17:51.128938+00:00,200,17537.61,
2026-09-11T18:17:40.649142+00:00,200,28031.28,
2026-09-11T18:17:41.887290+00:00,200,26794.66,
2026-09-11T18:17:34.981122+00:00,200,33702.85,
2026-09-11T18:17:55.282949+00:00,200,13402.33,
2026-09-11T18:17:50.502496+00:00,200,18190.69,
2026-09-11T18:17:56.761569+00:00,200,11937.7,
2026-09-11T18:17:40.790974+00:00,200,27932.2,
2026-09-11T18:17:26.977066+00:00,200,41749.67,
2026-09-11T18:17:53.503171+00:00,200,15236.28,
2026-09-11T18:17:53.963874+00:00,200,14779.81,
2026-09-11T18:17:34.720892+00:00,200,34033.86,
2026-09-11T18:17:51.715315+00:00,200,17049.08,
2026-09-11T18:17:15.366130+00:00,200,53414.02,
2026-09-11T18:17:43.582245+00:00,200,25204.41,
2026-09-11T18:17:49.969758+00:00,200,18819.29,
2026-09-11T18:17:29.326879+00:00,200,39469.23,
2026-09-11T18:17:56.284851+00:00,200,12529.22,
2026-09-11T18:17:40.546603+00:00,200,28271.11,
2026-09-11T18:17:35.755985+00:00,200,33066.89,
2026-09-11T18:17:56.579353+00:00,200,12248.66,
2026-09-11T18:17:46.869891+00:00,200,21961.75,
2026-09-11T18:17:52.072786+00:00,200,16765.31,
2026-09-11T18:17:16.070376+00:00,200,52777.55,
2026-09-11T18:17:42.324026+00:00,200,26529.42,
2026-09-11T18:16:46.104409+00:00,200,82760.73,
2026-09-11T18:17:32.126823+00:00,200,36738.8,
2026-09-11T18:17:57.731954+00:00,200,11139.08,
2026-09-11T18:17:48.578893+00:00,200,20294.11,
2026-09-11T18:17:44.030243+00:00,200,24864.56,
2026-09-11T18:17:57.351545+00:00,200,11555.14,
2026-09-11T18:17:38.649413+00:00,200,30259.56,
2026-09-11T18:17:55.861982+00:00,200,13048.11,
2026-09-11T18:17:54.446747+00:00,200,14466.45,
2026-09-11T18:17:51.829157+00:00,200,17085.84,
2026-09-11T18:17:44.680570+00:00,200,24246.68,
2026-09-11T18:17:38.216103+00:00,200,30714.32,
2026-09-11T18:16:39.786838+00:00,200,89147.5,
2026-09-11T18:17:58.072306+00:00,200,10886.61,
2026-09-11T18:17:38.388545+00:00,200,30572.29,
2026-09-11T18:17:49.523860+00:00,200,19453.35,
2026-09-11T18:17:23.470491+00:00,200,45509.56,
2026-09-11T18:17:01.495903+00:00,200,67495.44,
2026-09-11T18:17:44.270790+00:00,200,24726.75,
2026-09-11T18:17:53.495479+00:00,200,15504.72,
2026-09-11T18:17:52.764245+00:00,200,16238.19,
2026-09-11T18:17:37.110970+00:00,200,31892.17,
2026-09-11T18:17:11.677862+00:00,200,57329.31,
2026-09-11T18:17:33.196701+00:00,200,35814.9,
2026-09-11T18:17:55.914278+00:00,200,13098.02,
2026-09-11T18:17:55.723238+00:00,200,13304.47,
2026-09-11T18:17:06.445576+00:00,200,62585.8,
2026-09-11T18:17:06.229601+00:00,200,62826.98,
2026-09-11T18:17:45.472886+00:00,200,23584.35,
2026-09-11T18:17:42.649344+00:00,200,26416.58,
2026-09-11T18:17:39.216808+00:00,200,29849.58,
2026-09-11T18:17:55.683464+00:00,200,13384.13,
2026-09-11T18:17:50.006939+00:00,200,19067.04,
2026-09-11T18:17:53.049523+00:00,200,16034.26,
2026-09-11T18:17:39.067025+00:00,200,30035.45,
2026-09-11T18:17:31.997986+00:00,200,37126.26,
2026-09-11T18:17:48.897021+00:00,200,20232.16,
2026-09-11T18:17:32.463267+00:00,200,36672.18,
2026-09-11T18:17:57.084290+00:00,200,12057.06,
2026-09-11T18:17:18.474416+00:00,200,50675.27,
2026-09-11T18:17:25.258391+00:00,200,43910.78,
2026-09-11T18:17:50.606845+00:00,200,18568.17,
2026-09-11T18:16:41.066211+00:00,200,88120.06,
2026-09-11T18:17:49.747749+00:00,200,19448.93,
2026-09-11T18:17:49.123018+00:00,200,20077.48,
2026-09-11T18:17:44.231637+00:00,200,24973.03,
2026-09-11T18:17:51.750655+00:00,200,17464.72,
2026-09-11T18:17:30.855324+00:00,200,38364.52,
2026-09-11T18:17:41.769305+00:00,200,27460.61,
2026-09-11T18:17:42.496391+00:00,200,26737.83,
2026-09-11T18:17:49.706024+00:00,200,19533.55,
2026-09-11T18:17:43.118627+00:00,200,26129.53,
2026-09-11T18:17:49.107987+00:00,200,20149.22,
2026-09-11T18:17:52.856185+00:00,200,16414.82,
2026-09-11T18:17:51.141272+00:00,200,18134.07,
2026-09-11T18:17:26.310778+00:00,200,42966.96,
2026-09-11T18:17:55.972181+00:00,200,13322.6,
2026-09-11T18:17:33.234874+00:00,200,36061.5,
2026-09-11T18:16:55.792380+00:00,200,73512.25,
2026-09-11T18:17:34.145145+00:00,200,35178.86,
2026-09-11T18:17:16.996234+00:00,200,52329.91,
2026-09-11T18:17:34.926615+00:00,200,34400.19,
2026-09-11T18:17:46.289113+00:00,200,23054.93,
2026-09-11T18:17:57.126604+00:00,200,12222.63,
2026-09-11T18:17:42.360351+00:00,200,26995.56,
2026-09-11T18:17:14.046722+00:00,200,55313.44,
2026-09-11T18:17:34.729942+00:00,200,34631.42,
2026-09-11T18:17:55.691415+00:00,200,13672.91,
2026-09-11T18:17:27.107532+00:00,200,42262.61,
2026-09-11T18:17:36.203554+00:00,200,33172.81,
2026-09-11T18:17:34.714523+00:00,200,34665.71,
2026-09-11T18:17:32.088961+00:00,200,37296.03,
2026-09-11T18:17:57.560492+00:00,200,11835.7,
2026-09-11T18:17:15.631216+00:00,200,53794.77,
2026-09-11T18:17:36.028340+00:00,200,33399.56,
2026-09-11T18:17:34.954882+00:00,200,34476.35,
2026-09-11T18:17:49.178655+00:00,200,20254.92,
2026-09-11T18:17:57.333792+00:00,200,12101.5,
2026-09-11T18:17:56.569600+00:00,200,12869.71,
2026-09-11T18:17:29.298952+00:00,200,40140.79,
2026-09-11T18:17:54.057999+00:00,200,15383.65,
2026-09-11T18:16:54.270410+00:00,200,75174.94,
2026-09-11T18:17:22.513323+00:00,200,46970.18,
2026-09-11T18:17:32.306128+00:00,200,37185.07,
2026-09-11T18:17:57.831807+00:00,200,11667.51,
2026-09-11T18:17:10.133016+00:00,200,59380.33,
2026-09-11T18:17:44.078687+00:00,200,25439.87,
2026-09-11T18:17:49.921809+00:00,200,19598.4,
2026-09-11T18:17:44.016621+00:00,200,25507.86,
2026-09-11T18:17:55.998408+00:00,200,13530.43,
2026-09-11T18:17:55.348617+00:00,200,14185.36,
2026-09-11T18:17:45.430707+00:00,200,24107.14,
2026-09-11T18:17:50.832327+00:00,200,18713.71,
2026-09-11T18:17:37.584566+00:00,200,31963.03,
2026-09-11T18:17:45.343145+00:00,200,24220.94,
2026-09-11T18:17:52.224124+00:00,200,17341.69,
2026-09-11T18:17:34.799348+00:00,200,34766.94,
2026-09-11T18:16:55.295804+00:00,200,74288.17,
2026-09-11T18:17:45.723058+00:00,200,23868.66,
2026-09-11T18:17:23.979484+00:00,200,45634.09,
2026-09-11T18:17:50.603017+00:00,200,19021.54,
2026-09-11T18:17:51.335020+00:00,200,18295.01,
2026-09-11T18:17:19.399885+00:00,200,50238.79,
2026-09-11T18:17:02.852455+00:00,200,66801.78,
2026-09-11T18:17:23.498325+00:00,200,46163.29,
2026-09-11T18:17:43.635844+00:00,200,26026.83,
2026-09-11T18:17:49.115555+00:00,200,20551.03,
2026-09-11T18:17:34.177338+00:00,200,35491.41,
2026-09-11T18:17:36.484498+00:00,200,33186.15,
2026-09-11T18:16:55.046062+00:00,200,74626.26,
2026-09-11T18:17:55.917726+00:00,200,13767.2,
2026-09-11T18:17:17.179629+00:00,200,52507.81,
2026-09-11T18:17:51.245043+00:00,200,18452.46,
2026-09-11T18:17:20.254333+00:00,200,49444.13,
2026-09-11T18:17:26.502032+00:00,200,43214.34,
2026-09-11T18:17:38.711686+00:00,200,31012.94,
2026-09-11T18:17:21.365450+00:00,200,48360.5,
2026-09-11T18:17:27.805698+00:00,200,41925.94,
2026-09-11T18:17:56.674202+00:00,200,13067.01,
2026-09-11T18:17:57.577041+00:00,200,12169.42,
2026-09-11T18:17:26.016055+00:00,200,43732.0,
2026-09-11T18:17:45.281670+00:00,200,24473.49,
2026-09-11T18:17:45.602479+00:00,200,24160.25,
2026-09-11T18:17:30.844059+00:00,200,38921.01,
2026-09-11T18:17:14.236580+00:00,200,55529.01,
2026-09-11T18:17:46.249974+00:00,200,23516.95,
2026-09-11T18:17:31.509570+00:00,200,38285.43,
2026-09-11T18:17:47.752607+00:00,200,22074.09,
2026-09-11T18:17:51.448357+00:00,200,18378.76,
2026-09-11T18:17:37.978624+00:00,200,31848.94,
2026-09-11T18:17:31.563300+00:00,200,38270.75,
2026-09-11T18:17:34.835022+00:00,200,35000.11,
2026-09-11T18:17:42.373407+00:00,200,27465.51,
2026-09-11T18:17:45.466399+00:00,200,24397.44,
2026-09-11T18:17:30.372403+00:00,200,39493.21,
2026-09-11T18:17:43.888050+00:00,200,25979.08,
2026-09-11T18:17:56.772479+00:00,200,13095.84,
2026-09-11T18:17:57.003560+00:00,200,12866.98,
2026-09-11T18:17:31.983705+00:00,200,37899.79,
2026-09-11T18:17:27.438769+00:00,200,42448.74,
2026-09-11T18:16:52.483663+00:00,200,77408.48,
2026-09-11T18:17:35.406494+00:00,200,34506.05,
2026-09-11T18:17:36.338839+00:00,200,33581.27,
2026-09-11T18:17:35.909315+00:00,200,34038.77,
2026-09-11T18:17:42.652163+00:00,200,27297.53,
2026-09-11T18:17:56.327972+00:00,200,13624.44,
2026-09-11T18:17:23.760029+00:00,200,46193.11,
2026-09-11T18:17:13.994805+00:00,200,55958.84,
2026-09-11T18:17:21.918023+00:00,200,48040.42,
2026-09-11T18:17:56.500008+00:00,200,13459.72,
2026-09-11T18:17:41.845288+00:00,200,28115.1,
2026-09-11T18:17:32.788612+00:00,200,37172.46,
2026-09-11T18:17:51.914842+00:00,200,18057.09,
2026-09-11T18:17:38.125386+00:00,200,31848.53,
2026-09-11T18:17:28.622977+00:00,200,41364.8,
2026-09-11T18:17:57.196394+00:00,200,12791.93,
2026-09-11T18:17:56.659641+00:00,200,13332.22,
2026-09-11T18:17:50.646063+00:00,200,19353.13,
2026-09-11T18:16:35.790066+00:00,200,94209.64,
2026-09-11T18:17:38.662944+00:00,200,31344.0,
2026-09-11T18:17:55.651035+00:00,200,14374.87,
2026-09-11T18:17:19.074589+00:00,200,50956.0,
2026-09-11T18:17:50.730683+00:00,200,19319.32,
2026-09-11T18:17:51.288770+00:00,200,18778.25,
2026-09-11T18:17:57.080826+00:00,200,12988.61,
2026-09-11T18:17:16.225568+00:00,200,53866.46,
2026-09-11T18:16:46.532361+00:00,200,83561.5,
2026-09-11T18:17:23.214737+00:00,200,46892.02,
2026-09-11T18:17:45.221572+00:00,200,24892.51,
2026-09-11T18:17:56.946086+00:00,200,13170.83,
2026-09-11T18:17:24.431366+00:00,200,45687.12,
2026-09-11T18:17:40.799942+00:00,200,29334.43,
2026-09-11T18:17:56.018762+00:00,200,14118.48,
2026-09-11T18:17:43.155688+00:00,200,26982.04,
2026-09-11T18:17:09.087854+00:00,200,61051.02,
2026-09-11T18:17:19.048011+00:00,200,51101.3,
2026-09-11T18:17:35.472124+00:00,200,34677.81,
2026-09-11T18:17:05.797571+00:00,200,64368.56,
2026-09-11T18:17:25.897863+00:00,200,44279.91,
2026-09-11T18:17:16.206569+00:00,200,53982.56,
2026-09-11T18:17:38.419015+00:00,200,31772.49,
2026-09-11T18:17:32.332566+00:00,200,37864.11,
2026-09-11T18:17:48.898724+00:00,200,21306.81,
2026-09-11T18:17:38.009807+00:00,200,32196.2,
2026-09-11T18:17:37.487661+00:00,200,32727.95,
2026-09-11T18:17:38.759879+00:00,200,31457.34,
2026-09-11T18:17:42.153298+00:00,200,28068.56,
2026-09-11T18:17:53.111714+00:00,200,17111.26,
2026-09-11T18:17:33.218638+00:00,200,37012.69,
2026-09-11T18:17:29.016463+00:00,200,41222.9,
2026-09-11T18:17:50.028649+00:00,200,20214.33,
2026-09-11T18:17:40.366286+00:00,200,29881.06,
2026-09-11T18:17:43.755966+00:00,200,26503.82,
2026-09-11T18:17:49.996355+00:00,200,20267.5,
2026-09-11T18:17:53.690891+00:00,200,16575.17,
2026-09-11T18:17:35.218873+00:00,200,35067.91,
2026-09-11T18:17:54.413679+00:00,200,15882.02,
2026-09-11T18:17:35.734824+00:00,200,34564.81,
2026-09-11T18:17:17.605108+00:00,200,52696.6,
2026-09-11T18:17:52.867440+00:00,200,17434.79,
2026-09-11T18:17:01.263235+00:00,200,69062.92,
2026-09-11T18:17:44.707141+00:00,200,25625.35,
2026-09-11T18:17:42.880510+00:00,200,27456.02,
2026-09-11T18:17:26.496115+00:00,200,43843.92,
2026-09-11T18:17:19.433851+00:00,200,50906.7,
2026-09-11T18:17:39.241531+00:00,200,31101.25,
2026-09-11T18:17:55.445791+00:00,200,14906.14,
2026-09-11T18:17:35.245084+00:00,200,35108.98,
2026-09-11T18:17:31.320192+00:00,200,39042.67,
2026-09-11T18:17:51.417736+00:00,200,18947.36,
2026-09-11T18:17:20.425136+00:00,200,49958.4,
2026-09-11T18:17:55.726507+00:00,200,14659.6,
2026-09-11T18:17:36.864536+00:00,200,33540.46,
2026-09-11T18:17:39.708693+00:00,200,30706.56,
2026-09-11T18:17:10.780340+00:00,200,59642.07,
2026-09-11T18:17:36.920837+00:00,200,33514.48,
2026-09-11T18:17:51.311138+00:00,200,19137.79,
2026-09-11T18:17:11.251618+00:00,200,59210.66,
2026-09-11T18:17:40.354827+00:00,200,30108.65,
2026-09-11T18:17:57.954082+00:00,200,12510.82,
2026-09-11T18:17:49.186380+00:00,200,21282.32,
2026-09-11T18:17:37.707783+00:00,200,32765.99,
2026-09-11T18:17:56.998880+00:00,200,13478.83,
2026-09-11T18:17:57.314228+00:00,200,13164.81,
2026-09-11T18:17:16.155600+00:00,200,54331.28,
2026-09-11T18:16:58.027727+00:00,200,72483.44,
2026-09-11T18:17:43.213894+00:00,200,27297.8,
2026-09-11T18:17:28.967290+00:00,200,41560.31,
2026-09-11T18:17:53.902471+00:00,200,16630.64,
2026-09-11T18:17:57.258578+00:00,200,13277.95,
2026-09-11T18:17:49.540966+00:00,200,21000.23,
2026-09-11T18:17:28.331842+00:00,200,42211.31,
2026-09-11T18:17:34.516211+00:00,200,36052.25,
2026-09-11T18:17:42.079714+00:00,200,28489.25,
2026-09-11T18:17:57.262970+00:00,200,13321.23,
2026-09-11T18:17:42.281902+00:00,200,28303.6,
2026-09-11T18:17:29.323699+00:00,200,41268.54,
2026-09-11T18:17:22.082406+00:00,200,48514.33,
2026-09-11T18:17:29.637856+00:00,200,40977.95,
2026-09-11T18:17:24.201983+00:00,200,46416.54,
2026-09-11T18:17:54.613848+00:00,200,16012.68,
2026-09-11T18:17:52.940948+00:00,200,17692.78,
2026-09-11T18:17:36.650462+00:00,200,33987.93,
2026-09-11T18:17:28.907371+00:00,200,41731.94,
2026-09-11T18:17:40.362152+00:00,200,30304.76,
2026-09-11T18:17:41.951561+00:00,200,28724.95,
2026-09-11T18:17:47.979356+00:00,200,22705.14,
2026-09-11T18:17:46.666777+00:00,200,24022.41,
2026-09-11T18:17:32.940813+00:00,200,37749.38,
2026-09-11T18:17:33.035002+00:00,200,37660.99,
2026-09-11T18:17:53.074097+00:00,200,17635.93,
2026-09-11T18:17:38.283675+00:00,200,32428.38,
2026-09-11T18:16:55.899884+00:00,200,74827.37,
2026-09-11T18:17:56.077049+00:00,200,14655.1,
2026-09-11T18:17:38.799595+00:00,200,31933.41,
2026-09-11T18:17:42.525275+00:00,200,28209.61,
2026-09-11T18:17:32.419319+00:00,200,38322.18,
2026-09-11T18:17:00.834040+00:00,200,69918.05,
2026-09-11T18:17:30.407506+00:00,200,40354.14,
2026-09-11T18:17:33.808474+00:00,200,36966.36,
2026-09-11T18:17:21.228424+00:00,200,49552.6,
2026-09-11T18:17:55.351717+00:00,200,15439.88,
2026-09-11T18:17:19.784074+00:00,200,51016.71,
2026-09-11T18:17:39.630342+00:00,200,31170.89,
2026-09-11T18:17:50.537888+00:00,200,20265.9,
2026-09-11T18:16:35.024525+00:00,200,95783.69,
2026-09-11T18:17:49.604264+00:00,200,21215.17,
2026-09-11T18:17:55.588397+00:00,200,15233.05,
2026-09-11T18:17:48.735416+00:00,200,22101.33,
2026-09-11T18:17:51.354163+00:00,200,19490.43,
2026-09-11T18:17:40.048610+00:00,200,30797.89,
2026-09-11T18:17:48.008357+00:00,200,22839.12,
2026-09-11T18:17:54.832216+00:00,200,16020.75,
2026-09-11T18:17:42.136233+00:00,200,28721.11,
2026-09-11T18:17:51.384235+00:00,200,19477.07,
2026-09-11T18:17:32.291665+00:00,200,38570.1,
2026-09-11T18:17:21.383291+00:00,200,49485.63,
2026-09-11T18:17:54.716293+00:00,200,16156.94,
2026-09-11T18:17:33.444670+00:00,200,37431.3,
2026-09-11T18:17:49.354173+00:00,200,21537.26,
2026-09-11T18:17:50.359574+00:00,200,20532.34,
2026-09-11T18:17:29.785499+00:00,200,41110.18,
2026-09-11T18:17:50.667845+00:00,200,20229.86,
2026-09-11T18:16:39.329116+00:00,200,91587.02,
2026-09-11T18:17:54.553687+00:00,200,16366.5,
2026-09-11T18:17:55.813615+00:00,200,15109.95,
2026-09-11T18:17:56.502450+00:00,200,14423.37,
2026-09-11T18:17:41.466497+00:00,200,29471.4,
2026-09-11T18:17:29.051661+00:00,200,41894.97,
2026-09-11T18:17:44.479816+00:00,200,26478.1,
2026-09-11T18:17:31.390948+00:00,200,39581.62,
2026-09-11T18:17:53.899900+00:00,200,17079.5,
2026-09-11T18:17:42.171411+00:00,200,28809.05,
2026-09-11T18:17:44.012413+00:00,200,26976.19,
2026-09-11T18:17:57.749014+00:00,200,13240.8,
2026-09-11T18:17:57.265570+00:00,200,13725.74,
2026-09-11T18:17:57.226275+00:00,200,13776.87,
2026-09-11T18:17:49.776567+00:00,200,21231.33,
2026-09-11T18:17:41.045410+00:00,200,29964.91,
2026-09-11T18:17:31.931014+00:00,200,39082.65,
2026-09-11T18:17:27.992398+00:00,200,43028.98,
2026-09-11T18:17:49.037957+00:00,200,22001.42,
2026-09-11T18:17:29.730129+00:00,200,41313.78,
2026-09-11T18:17:40.123733+00:00,200,30922.04,
2026-09-11T18:17:35.339136+00:00,200,35711.16,
2026-09-11T18:16:56.303038+00:00,200,74751.04,
2026-09-11T18:17:57.492451+00:00,200,13562.77,
2026-09-11T18:16:58.641838+00:00,200,72420.25,
2026-09-11T18:17:55.452049+00:00,200,15617.21,
2026-09-11T18:17:56.132845+00:00,200,14936.94,
2026-09-11T18:17:55.826131+00:00,200,15245.04,
2026-09-11T18:17:40.076205+00:00,200,31001.37,
2026-09-11T18:17:49.650082+00:00,200,21428.73,
2026-09-11T18:17:21.473859+00:00,200,49621.57,
2026-09-11T18:16:56.554019+00:00,200,74549.54,
2026-09-11T18:17:42.667549+00:00,200,28436.53,
2026-09-11T18:17:45.918592+00:00,200,25188.32,
2026-09-11T18:17:23.914427+00:00,200,47192.99,
2026-09-11T18:16:52.123179+00:00,200,78990.73,
2026-09-11T18:17:56.340514+00:00,200,14778.04,
2026-09-11T18:17:45.187508+00:00,200,25942.54,
2026-09-11T18:16:39.911589+00:00,200,91231.36,
2026-09-11T18:16:58.188032+00:00,200,72959.05,
2026-09-11T18:17:58.101556+00:00,200,13057.59,
2026-09-11T18:17:28.075534+00:00,200,43084.07,
2026-09-11T18:17:22.204779+00:00,200,48956.02,
2026-09-11T18:17:40.708400+00:00,200,30458.67,
2026-09-11T18:17:47.595803+00:00,200,23571.79,
2026-09-11T18:17:30.962912+00:00,200,40208.77,
2026-09-11T18:17:43.819086+00:00,200,27360.59,
2026-09-11T18:17:31.127026+00:00,200,40057.28,
2026-09-11T18:17:57.036947+00:00,200,14150.01,
2026-09-11T18:17:30.347481+00:00,200,40845.54,
2026-09-11T18:17:18.794800+00:00,200,52400.71,
2026-09-11T18:17:46.420001+00:00,200,24775.97,
2026-09-11T18:17:55.755286+00:00,200,15450.64,
2026-09-11T18:17:37.236299+00:00,200,33989.52,
2026-09-11T18:17:53.808651+00:00,200,17417.83,
2026-09-11T18:17:49.874015+00:00,200,21352.94,
2026-09-11T18:17:32.383476+00:00,200,38852.68,
2026-09-11T18:17:38.120174+00:00,200,33116.77,
2026-09-11T18:17:50.659601+00:00,200,20582.4,
2026-09-11T18:17:45.201384+00:00,200,26054.63,
2026-09-11T18:17:54.583212+00:00,200,16674.26,
2026-09-11T18:16:27.844491+00:00,200,103418.34,
2026-09-11T18:17:35.199291+00:00,200,36068.9,
2026-09-11T18:17:57.445854+00:00,200,13834.05,
2026-09-11T18:17:50.976426+00:00,200,20310.96,
2026-09-11T18:17:33.668129+00:00,200,37620.71,
2026-09-11T18:17:12.549130+00:00,200,58745.07,
2026-09-11T18:17:32.064138+00:00,200,39237.41,
2026-09-11T18:17:56.207697+00:00,200,15096.29,
2026-09-11T18:17:31.396786+00:00,200,39914.01,
2026-09-11T18:17:26.670722+00:00,200,44658.96,
2026-09-11T18:17:40.337482+00:00,200,30992.72,
2026-09-11T18:17:28.709141+00:00,200,42621.55,
2026-09-11T18:17:25.540702+00:00,200,45794.67,
2026-09-11T18:17:56.369671+00:00,200,14971.87,
2026-09-11T18:17:58.081730+00:00,200,13260.33,
2026-09-11T18:17:50.676625+00:00,200,20671.8,
2026-09-11T18:17:43.167320+00:00,200,28187.24,
2026-09-11T18:17:35.820954+00:00,200,35542.29,
2026-09-11T18:17:18.102367+00:00,200,53267.39,
2026-09-11T18:17:53.354154+00:00,200,18017.86,
2026-09-11T18:17:55.488344+00:00,200,15888.65,
2026-09-11T18:17:50.149671+00:00,200,21228.93,
2026-09-11T18:17:53.057663+00:00,200,18334.5,
2026-09-11T18:17:55.519248+00:00,200,15877.43,
2026-09-11T18:17:43.824722+00:00,200,27585.46,
2026-09-11T18:17:43.971398+00:00,200,27447.81,
2026-09-11T18:17:53.449974+00:00,200,17970.7,
2026-09-11T18:16:55.332062+00:00,200,76094.78,
2026-09-11T18:17:31.193680+00:00,200,40233.66,
2026-09-11T18:17:57.922569+00:00,200,13513.15,
2026-09-11T18:17:35.768130+00:00,200,35672.51,
2026-09-11T18:17:41.523450+00:00,200,29917.68,
2026-09-11T18:17:48.989153+00:00,200,22459.71,
2026-09-11T18:17:31.911949+00:00,200,39538.3,
2026-09-11T18:17:43.975033+00:00,200,27482.31,
2026-09-11T18:17:33.814479+00:00,200,37646.27,
2026-09-11T18:17:41.617577+00:00,200,29852.91,
2026-09-11T18:16:57.197787+00:00,200,74279.58,
2026-09-11T18:17:48.549804+00:00,200,22933.03,
2026-09-11T18:17:45.359640+00:00,200,26127.11,
2026-09-11T18:17:12.177890+00:00,200,59309.36,
2026-09-11T18:17:34.889016+00:00,200,36604.69,
2026-09-11T18:17:25.751062+00:00,200,45748.72,
2026-09-11T18:17:33.994077+00:00,200,37512.18,
2026-09-11T18:17:55.508700+00:00,200,16004.87,
2026-09-11T18:17:24.305982+00:00,200,47208.06,
2026-09-11T18:17:37.960361+00:00,200,33558.79,
2026-09-11T18:17:21.475945+00:00,200,50043.65,
2026-09-11T18:17:46.589665+00:00,200,24936.43,
2026-09-11T18:17:30.712037+00:00,200,40826.02,
2026-09-11T18:17:30.268006+00:00,200,41271.73,
2026-09-11T18:17:25.707687+00:00,200,45833.79,
2026-09-11T18:17:36.739075+00:00,200,34806.01,
2026-09-11T18:17:55.811400+00:00,200,15734.84,
2026-09-11T18:17:31.406846+00:00,200,40140.41,
2026-09-11T18:17:51.031934+00:00,200,20518.41,
2026-09-11T18:17:40.437850+00:00,200,31131.61,
