timestamp_iso,status_code,latency_ms,error
2026-09-12T13:47:19.174340+00:00,201,115.48,
2026-09-12T13:47:19.193777+00:00,201,101.32,
2026-09-12T13:47:19.236812+00:00,201,93.73,
2026-09-12T13:47:19.268995+00:00,201,110.47,
2026-09-12T13:47:19.289910+00:00,201,92.61,
2026-09-12T13:47:19.295193+00:00,201,90.25,
2026-09-12T13:47:19.330626+00:00,201,87.02,
2026-09-12T13:47:19.296299+00:00,201,135.29,
2026-09-12T13:47:19.328947+00:00,201,149.21,
2026-09-12T13:47:19.361816+00:00,201,118.7,
2026-09-12T13:47:19.379559+00:00,201,169.09,
2026-09-12T13:47:19.382663+00:00,201,184.16,
2026-09-12T13:47:19.393788+00:00,201,192.56,
2026-09-12T13:47:19.417807+00:00,201,189.34,
2026-09-12T13:47:19.385525+00:00,201,269.02,
2026-09-12T13:47:19.471326+00:00,201,209.74,
2026-09-12T13:47:19.431697+00:00,201,262.74,
2026-09-12T13:47:19.478340+00:00,201,219.29,
2026-09-12T13:47:19.429939+00:00,201,272.52,
2026-09-12T13:47:19.502402+00:00,201,215.62,
2026-09-12T13:47:19.532809+00:00,201,199.14,
2026-09-12T13:47:19.548814+00:00,201,192.64,
2026-09-12T13:47:19.566945+00:00,201,199.49,
2026-09-12T13:47:19.480592+00:00,201,294.5,
2026-09-12T13:47:19.564493+00:00,201,214.92,
2026-09-12T13:47:19.586459+00:00,201,202.09,
2026-09-12T13:47:19.594155+00:00,201,213.32,
2026-09-12T13:47:19.607257+00:00,201,219.27,
2026-09-12T13:47:19.641391+00:00,201,246.68,
2026-09-12T13:47:19.654643+00:00,201,245.18,
2026-09-12T13:47:19.672658+00:00,201,258.86,
2026-09-12T13:47:19.681188+00:00,201,254.31,
2026-09-12T13:47:19.694563+00:00,201,262.56,
2026-09-12T13:47:19.697719+00:00,201,276.82,
2026-09-12T13:47:19.702576+00:00,201,276.21,
2026-09-12T13:47:19.696289+00:00,201,285.66,
2026-09-12T13:47:19.718142+00:00,201,273.57,
2026-09-12T13:47:19.732081+00:00,201,281.06,
2026-09-12T13:47:19.730057+00:00,201,288.01,
2026-09-12T13:47:19.741598+00:00,201,282.36,
2026-09-12T13:47:19.766579+00:00,201,300.09,
2026-09-12T13:47:19.764645+00:00,201,306.05,
2026-09-12T13:47:19.775228+00:00,201,301.68,
2026-09-12T13:47:19.779552+00:00,201,304.48,
2026-09-12T13:47:19.788735+00:00,201,314.69,
2026-09-12T13:47:19.796658+00:00,201,323.25,
2026-09-12T13:47:19.807608+00:00,201,324.27,
2026-09-12T13:47:19.826708+00:00,201,342.92,
2026-09-12T13:47:19.828364+00:00,201,356.47,
2026-09-12T13:47:19.873687+00:00,201,373.83,
2026-09-12T13:47:19.888212+00:00,201,374.39,
2026-09-12T13:47:19.899966+00:00,201,376.99,
2026-09-12T13:47:19.897638+00:00,201,392.87,
2026-09-12T13:47:19.931613+00:00,201,399.67,
2026-09-12T13:47:19.935695+00:00,201,399.56,
2026-09-12T13:47:19.929413+00:00,201,411.22,
2026-09-12T13:47:19.957241+00:00,201,394.95,
2026-09-12T13:47:19.959573+00:00,201,407.58,
2026-09-12T13:47:19.974650+00:00,201,401.66,
2026-09-12T13:47:19.978922+00:00,201,404.93,
2026-09-12T13:47:19.982110+00:00,201,405.11,
2026-09-12T13:47:19.991830+00:00,201,409.03,
2026-09-12T13:47:19.993030+00:00,201,418.79,
2026-09-12T13:47:20.013338+00:00,201,408.59,
2026-09-12T13:47:20.018208+00:00,201,414.49,
2026-09-12T13:47:20.024073+00:00,201,411.68,
2026-09-12T13:47:20.029288+00:00,201,420.14,
2026-09-12T13:47:20.070821+00:00,201,416.03,
2026-09-12T13:47:20.066792+00:00,201,423.1,
2026-09-12T13:47:20.061211+00:00,201,431.36,
2026-09-12T13:47:20.077027+00:00,201,418.95,
2026-09-12T13:47:20.084118+00:00,201,423.4,
2026-09-12T13:47:20.103528+00:00,201,428.72,
2026-09-12T13:47:20.101866+00:00,201,441.59,
2026-09-12T13:47:20.120018+00:00,201,426.99,
2026-09-12T13:47:20.132041+00:00,201,435.39,
2026-09-12T13:47:20.129470+00:00,201,450.49,
2026-09-12T13:47:20.169763+00:00,201,427.69,
2026-09-12T13:47:20.168133+00:00,201,444.47,
2026-09-12T13:47:20.184954+00:00,201,438.46,
2026-09-12T13:47:20.199951+00:00,201,447.93,
2026-09-12T13:47:20.230537+00:00,201,461.26,
2026-09-12T13:47:20.247639+00:00,201,471.31,
2026-09-12T13:47:20.262695+00:00,201,470.29,
2026-09-12T13:47:20.260960+00:00,201,487.24,
2026-09-12T13:47:20.277086+00:00,201,480.9,
2026-09-12T13:47:20.290646+00:00,201,492.28,
2026-09-12T13:47:20.292743+00:00,201,492.9,
2026-09-12T13:47:20.331422+00:00,201,488.48,
2026-09-12T13:47:20.335339+00:00,201,488.58,
2026-09-12T13:47:20.329442+00:00,201,497.62,
2026-09-12T13:47:20.340743+00:00,201,492.79,
2026-09-12T13:47:20.352308+00:00,201,497.14,
2026-09-12T13:47:20.367261+00:00,201,496.63,
2026-09-12T13:47:20.364530+00:00,201,507.96,
2026-09-12T13:47:20.376462+00:00,201,500.64,
2026-09-12T13:47:20.383941+00:00,201,509.42,
2026-09-12T13:47:20.387323+00:00,201,511.34,
2026-09-12T13:47:20.400949+00:00,201,503.09,
2026-09-12T13:47:20.399175+00:00,201,515.22,
2026-09-12T13:47:20.411923+00:00,201,505.63,
2026-09-12T13:47:20.422018+00:00,201,511.14,
2026-09-12T13:47:20.432784+00:00,201,514.55,
2026-09-12T13:47:20.431399+00:00,201,522.89,
2026-09-12T13:47:20.435833+00:00,201,521.29,
2026-09-12T13:47:20.449535+00:00,201,528.22,
2026-09-12T13:47:20.463076+00:00,201,531.35,
2026-09-12T13:47:20.486942+00:00,201,539.66,
2026-09-12T13:47:20.489985+00:00,201,541.55,
2026-09-12T13:47:20.492657+00:00,201,546.14,
2026-09-12T13:47:20.496062+00:00,201,546.78,
2026-09-12T13:47:20.496938+00:00,201,556.58,
2026-09-12T13:47:20.507771+00:00,201,556.52,
2026-09-12T13:47:20.532326+00:00,201,560.22,
2026-09-12T13:47:20.530580+00:00,201,567.76,
2026-09-12T13:47:20.543550+00:00,201,567.06,
2026-09-12T13:47:20.547106+00:00,201,566.49,
2026-09-12T13:47:20.567524+00:00,201,566.38,
2026-09-12T13:47:20.565631+00:00,201,575.24,
2026-09-12T13:47:20.580221+00:00,201,574.74,
2026-09-12T13:47:20.597541+00:00,201,573.53,
2026-09-12T13:47:20.595909+00:00,201,578.6,
2026-09-12T13:47:20.612716+00:00,201,576.0,
2026-09-12T13:47:20.623511+00:00,201,581.79,
2026-09-12T13:47:20.633597+00:00,201,587.46,
2026-09-12T13:47:20.647993+00:00,201,584.17,
2026-09-12T13:47:20.664242+00:00,201,587.64,
2026-09-12T13:47:20.691906+00:00,201,579.74,
2026-09-12T13:47:20.693107+00:00,201,592.43,
2026-09-12T13:47:20.719052+00:00,201,581.68,
2026-09-12T13:47:20.726461+00:00,201,590.1,
2026-09-12T13:47:20.733082+00:00,201,586.53,
2026-09-12T13:47:20.748295+00:00,201,592.85,
2026-09-12T13:47:20.758083+00:00,201,593.17,
2026-09-12T13:47:20.759564+00:00,201,599.43,
2026-09-12T13:47:20.783040+00:00,201,601.82,
2026-09-12T13:47:20.785729+00:00,201,605.47,
2026-09-12T13:47:20.804250+00:00,201,610.05,
2026-09-12T13:47:20.820093+00:00,201,603.44,
2026-09-12T13:47:20.824054+00:00,201,603.19,
2026-09-12T13:47:20.827156+00:00,201,607.77,
2026-09-12T13:47:20.833615+00:00,201,612.97,
2026-09-12T13:47:20.828367+00:00,201,622.12,
2026-09-12T13:47:20.849674+00:00,201,615.95,
2026-09-12T13:47:20.863989+00:00,201,612.27,
2026-09-12T13:47:20.862381+00:00,201,616.85,
2026-09-12T13:47:20.872596+00:00,201,618.68,
2026-09-12T13:47:20.877199+00:00,201,621.07,
2026-09-12T13:47:20.893498+00:00,201,615.43,
2026-09-12T13:47:20.898818+00:00,201,622.35,
2026-09-12T13:47:20.894722+00:00,201,629.16,
2026-09-12T13:47:20.904124+00:00,201,622.73,
2026-09-12T13:47:20.914505+00:00,201,629.56,
2026-09-12T13:47:20.917652+00:00,201,629.72,
2026-09-12T13:47:20.927451+00:00,201,635.32,
2026-09-12T13:47:20.933305+00:00,201,632.48,
2026-09-12T13:47:20.947449+00:00,201,632.6,
2026-09-12T13:47:20.954403+00:00,201,630.24,
2026-09-12T13:47:20.957232+00:00,201,634.61,
2026-09-12T13:47:20.959990+00:00,201,641.8,
2026-09-12T13:47:20.977877+00:00,201,641.55,
2026-09-12T13:47:20.994645+00:00,201,638.49,
2026-09-12T13:47:20.996651+00:00,201,640.74,
2026-09-12T13:47:21.026703+00:00,201,624.88,
2026-09-12T13:47:21.031716+00:00,201,632.61,
2026-09-12T13:47:21.038923+00:00,201,629.42,
2026-09-12T13:47:21.042954+00:00,201,629.42,
2026-09-12T13:47:21.027692+00:00,201,646.1,
2026-09-12T13:47:21.053625+00:00,201,634.47,
2026-09-12T13:47:21.062496+00:00,201,635.8,
2026-09-12T13:47:21.064389+00:00,201,637.29,
2026-09-12T13:47:21.092702+00:00,201,633.65,
2026-09-12T13:47:21.094556+00:00,201,645.87,
2026-09-12T13:47:21.098435+00:00,201,645.17,
2026-09-12T13:47:21.110716+00:00,201,654.17,
2026-09-12T13:47:21.113688+00:00,201,654.43,
2026-09-12T13:47:21.134062+00:00,201,664.77,
2026-09-12T13:47:21.130269+00:00,201,672.27,
2026-09-12T13:47:21.140973+00:00,201,665.76,
2026-09-12T13:47:21.155078+00:00,201,657.2,
2026-09-12T13:47:21.171178+00:00,201,673.5,
2026-09-12T13:47:21.161342+00:00,201,686.18,
2026-09-12T13:47:21.174599+00:00,201,677.02,
2026-09-12T13:47:21.188831+00:00,201,684.58,
2026-09-12T13:47:21.205403+00:00,201,687.36,
2026-09-12T13:47:21.203335+00:00,201,691.99,
2026-09-12T13:47:21.221177+00:00,201,693.27,
2026-09-12T13:47:21.232260+00:00,201,693.27,
2026-09-12T13:47:21.230012+00:00,201,705.23,
2026-09-12T13:47:21.251993+00:00,201,704.55,
2026-09-12T13:47:21.271738+00:00,201,705.65,
2026-09-12T13:47:21.270152+00:00,201,710.01,
2026-09-12T13:47:21.285653+00:00,201,715.68,
2026-09-12T13:47:21.299130+00:00,201,714.47,
2026-09-12T13:47:21.300818+00:00,201,716.66,
2026-09-12T13:47:21.316672+00:00,201,715.88,
2026-09-12T13:47:21.319701+00:00,201,717.11,
2026-09-12T13:47:21.331768+00:00,201,725.18,
2026-09-12T13:47:21.341261+00:00,201,719.02,
2026-09-12T13:47:21.351362+00:00,201,724.11,
2026-09-12T13:47:21.359095+00:00,201,731.96,
2026-09-12T13:47:21.360517+00:00,201,734.43,
2026-09-12T13:47:21.384986+00:00,201,736.58,
2026-09-12T13:47:21.391299+00:00,201,741.33,
2026-09-12T13:47:21.392927+00:00,201,747.89,
2026-09-12T13:47:21.414418+00:00,201,741.76,
2026-09-12T13:47:21.423637+00:00,201,746.01,
2026-09-12T13:47:21.427347+00:00,201,745.51,
2026-09-12T13:47:21.435063+00:00,201,744.63,
2026-09-12T13:47:21.428567+00:00,201,755.05,
2026-09-12T13:47:21.446697+00:00,201,754.16,
2026-09-12T13:47:21.450611+00:00,201,753.93,
2026-09-12T13:47:21.465795+00:00,201,755.51,
2026-09-12T13:47:21.463760+00:00,201,767.39,
2026-09-12T13:47:21.476368+00:00,201,761.09,
2026-09-12T13:47:21.479315+00:00,201,761.11,
2026-09-12T13:47:21.491389+00:00,201,765.85,
2026-09-12T13:47:21.498368+00:00,201,769.74,
2026-09-12T13:47:21.493090+00:00,201,778.06,
2026-09-12T13:47:21.509103+00:00,201,768.16,
2026-09-12T13:47:21.521285+00:00,201,777.09,
2026-09-12T13:47:21.523975+00:00,201,778.05,
2026-09-12T13:47:21.526941+00:00,201,779.18,
2026-09-12T13:47:21.527912+00:00,201,788.0,
2026-09-12T13:47:21.544172+00:00,201,790.79,
2026-09-12T13:47:21.547462+00:00,201,791.04,
2026-09-12T13:47:21.565877+00:00,201,789.7,
2026-09-12T13:47:21.562862+00:00,201,795.92,
2026-09-12T13:47:21.561050+00:00,201,800.09,
2026-09-12T13:47:21.580154+00:00,201,799.76,
2026-09-12T13:47:21.584736+00:00,201,798.79,
2026-09-12T13:47:21.591945+00:00,201,797.19,
2026-09-12T13:47:21.593132+00:00,201,805.94,
2026-09-12T13:47:21.601900+00:00,201,804.93,
2026-09-12T13:47:21.619544+00:00,201,812.18,
2026-09-12T13:47:21.633250+00:00,201,815.41,
2026-09-12T13:47:21.629534+00:00,201,821.91,
2026-09-12T13:47:21.637486+00:00,201,816.64,
2026-09-12T13:47:21.651705+00:00,201,821.98,
2026-09-12T13:47:21.664427+00:00,201,828.37,
2026-09-12T13:47:21.668442+00:00,201,833.99,
2026-09-12T13:47:21.672463+00:00,201,840.78,
2026-09-12T13:47:21.660454+00:00,201,855.65,
2026-09-12T13:47:21.673873+00:00,201,846.57,
2026-09-12T13:47:21.688218+00:00,201,861.33,
2026-09-12T13:47:21.698390+00:00,201,882.05,
2026-09-12T13:47:21.701776+00:00,201,885.08,
2026-09-12T13:47:21.696608+00:00,201,900.39,
2026-09-12T13:47:21.726467+00:00,201,913.32,
2026-09-12T13:47:21.728095+00:00,201,916.13,
2026-09-12T13:47:21.740544+00:00,201,918.4,
2026-09-12T13:47:21.743701+00:00,201,919.63,
2026-09-12T13:47:21.764982+00:00,201,922.68,
2026-09-12T13:47:21.762607+00:00,201,947.48,
2026-09-12T13:47:21.768214+00:00,201,945.72,
2026-09-12T13:47:21.798918+00:00,201,949.05,
2026-09-12T13:47:21.796454+00:00,201,955.61,
2026-09-12T13:47:21.802676+00:00,201,958.75,
2026-09-12T13:47:21.806822+00:00,201,959.36,
2026-09-12T13:47:21.812374+00:00,201,961.49,
2026-09-12T13:47:21.831616+00:00,201,962.74,
2026-09-12T13:47:21.844804+00:00,201,964.04,
2026-09-12T13:47:21.851733+00:00,201,960.83,
2026-09-12T13:47:21.847613+00:00,201,968.11,
2026-09-12T13:47:21.862525+00:00,201,976.68,
2026-09-12T13:47:21.873522+00:00,201,970.99,
2026-09-12T13:47:21.892883+00:00,201,983.38,
2026-09-12T13:47:21.895421+00:00,201,985.63,
2026-09-12T13:47:21.896412+00:00,201,987.77,
2026-09-12T13:47:21.914559+00:00,201,986.45,
2026-09-12T13:47:21.925696+00:00,201,986.64,
2026-09-12T13:47:21.927274+00:00,201,999.15,
2026-09-12T13:47:21.935349+00:00,201,995.47,
2026-09-12T13:47:21.956657+00:00,201,996.41,
2026-09-12T13:47:21.977516+00:00,201,1000.2,
2026-09-12T13:47:21.970971+00:00,201,1009.52,
2026-09-12T13:47:21.980249+00:00,201,1005.12,
2026-09-12T13:47:22.001424+00:00,201,1011.68,
2026-09-12T13:47:21.999682+00:00,201,1021.37,
2026-09-12T13:47:22.013707+00:00,201,1021.87,
2026-09-12T13:47:22.017571+00:00,201,1020.75,
2026-09-12T13:47:22.032761+00:00,201,1027.8,
2026-09-12T13:47:22.036907+00:00,201,1029.28,
2026-09-12T13:47:22.030779+00:00,201,1039.05,
2026-09-12T13:47:22.057062+00:00,201,1047.54,
2026-09-12T13:47:22.060377+00:00,201,1048.83,
2026-09-12T13:47:22.062169+00:00,201,1058.27,
2026-09-12T13:47:22.075582+00:00,201,1067.18,
2026-09-12T13:47:22.091216+00:00,201,1083.1,
2026-09-12T13:47:22.095055+00:00,201,1082.28,
2026-09-12T13:47:22.097156+00:00,201,1090.19,
2026-09-12T13:47:22.121677+00:00,201,1106.7,
2026-09-12T13:47:22.132729+00:00,201,1121.7,
2026-09-12T13:47:22.140950+00:00,201,1117.37,
2026-09-12T13:47:22.127397+00:00,201,1133.77,
2026-09-12T13:47:22.156318+00:00,201,1118.44,
2026-09-12T13:47:22.169749+00:00,201,1119.83,
2026-09-12T13:47:22.167580+00:00,201,1133.15,
2026-09-12T13:47:22.172942+00:00,201,1131.54,
2026-09-12T13:47:22.179803+00:00,201,1128.51,
2026-09-12T13:47:22.183711+00:00,201,1134.69,
2026-09-12T13:47:22.200932+00:00,201,1143.49,
2026-09-12T13:47:22.204677+00:00,201,1146.73,
2026-09-12T13:47:22.199040+00:00,201,1159.48,
2026-09-12T13:47:22.221473+00:00,201,1152.74,
2026-09-12T13:47:22.231250+00:00,201,1160.56,
2026-09-12T13:47:22.229332+00:00,201,1165.99,
2026-09-12T13:47:22.237559+00:00,201,1163.98,
2026-09-12T13:47:22.240517+00:00,201,1172.77,
2026-09-12T13:47:22.257376+00:00,201,1174.95,
2026-09-12T13:47:22.268186+00:00,201,1178.96,
2026-09-12T13:47:22.271252+00:00,201,1181.38,
2026-09-12T13:47:22.266707+00:00,201,1189.0,
2026-09-12T13:47:22.277363+00:00,201,1186.5,
2026-09-12T13:47:22.302122+00:00,201,1196.07,
2026-09-12T13:47:22.298464+00:00,201,1202.72,
2026-09-12T13:47:22.306235+00:00,201,1200.15,
2026-09-12T13:47:22.296528+00:00,201,1213.23,
2026-09-12T13:47:22.316062+00:00,201,1203.21,
2026-09-12T13:47:22.335052+00:00,201,1211.27,
2026-09-12T13:47:22.333028+00:00,201,1220.75,
2026-09-12T13:47:22.338588+00:00,201,1217.05,
2026-09-12T13:47:22.355690+00:00,201,1217.97,
2026-09-12T13:47:22.358877+00:00,201,1218.85,
2026-09-12T13:47:22.362826+00:00,201,1229.09,
2026-09-12T13:47:22.361235+00:00,201,1236.06,
2026-09-12T13:47:22.383627+00:00,201,1234.94,
2026-09-12T13:47:22.380026+00:00,201,1242.38,
2026-09-12T13:47:22.389237+00:00,201,1247.26,
2026-09-12T13:47:22.393411+00:00,201,1250.02,
2026-09-12T13:47:22.399169+00:00,201,1251.55,
2026-09-12T13:47:22.406935+00:00,201,1262.42,
2026-09-12T13:47:22.431806+00:00,201,1270.36,
2026-09-12T13:47:22.429414+00:00,201,1278.8,
2026-09-12T13:47:22.448790+00:00,201,1284.0,
2026-09-12T13:47:22.451552+00:00,201,1288.86,
2026-09-12T13:47:22.454210+00:00,201,1293.39,
2026-09-12T13:47:22.473786+00:00,201,1301.55,
2026-09-12T13:47:22.471864+00:00,201,1310.43,
2026-09-12T13:47:22.492913+00:00,201,1299.18,
2026-09-12T13:47:22.502526+00:00,201,1294.63,
2026-09-12T13:47:22.494647+00:00,201,1307.79,
2026-09-12T13:47:22.513358+00:00,201,1302.47,
2026-09-12T13:47:22.516207+00:00,201,1303.09,
2026-09-12T13:47:22.520608+00:00,201,1303.44,
2026-09-12T13:47:22.532711+00:00,201,1314.19,
2026-09-12T13:47:22.549642+00:00,201,1306.93,
2026-09-12T13:47:22.563118+00:00,201,1302.22,
2026-09-12T13:47:22.580709+00:00,201,1298.63,
2026-09-12T13:47:22.587234+00:00,201,1301.33,
2026-09-12T13:47:22.597107+00:00,201,1309.06,
2026-09-12T13:47:22.595144+00:00,201,1312.94,
2026-09-12T13:47:22.639887+00:00,201,1304.33,
2026-09-12T13:47:22.644330+00:00,201,1304.09,
2026-09-12T13:47:22.637570+00:00,201,1320.35,
2026-09-12T13:47:22.663413+00:00,201,1313.49,
2026-09-12T13:47:22.659051+00:00,201,1321.69,
2026-09-12T13:47:22.661111+00:00,201,1322.8,
2026-09-12T13:47:22.687776+00:00,201,1313.05,
2026-09-12T13:47:22.710268+00:00,201,1322.6,
2026-09-12T13:47:22.701916+00:00,201,1336.05,
2026-09-12T13:47:22.714108+00:00,201,1326.01,
2026-09-12T13:47:22.732376+00:00,201,1322.52,
2026-09-12T13:47:22.748089+00:00,201,1325.62,
2026-09-12T13:47:22.752171+00:00,201,1328.31,
2026-09-12T13:47:22.761538+00:00,201,1340.88,
2026-09-12T13:47:22.766288+00:00,201,1340.37,
2026-09-12T13:47:22.762770+00:00,201,1350.68,
2026-09-12T13:47:22.774013+00:00,201,1351.89,
2026-09-12T13:47:22.794464+00:00,201,1357.73,
2026-09-12T13:47:22.795923+00:00,201,1365.21,
2026-09-12T13:47:22.808978+00:00,201,1378.59,
2026-09-12T13:47:22.812660+00:00,201,1378.46,
2026-09-12T13:47:22.815821+00:00,201,1389.33,
2026-09-12T13:47:22.839295+00:00,201,1399.59,
2026-09-12T13:47:22.844615+00:00,201,1398.8,
2026-09-12T13:47:22.836570+00:00,201,1411.62,
2026-09-12T13:47:22.876377+00:00,201,1411.77,
2026-09-12T13:47:22.881145+00:00,201,1418.68,
2026-09-12T13:47:22.872005+00:00,201,1432.26,
2026-09-12T13:47:22.884270+00:00,201,1426.16,
2026-09-12T13:47:22.901101+00:00,201,1440.92,
2026-09-12T13:47:22.899354+00:00,201,1445.94,
2026-09-12T13:47:22.912440+00:00,201,1449.1,
2026-09-12T13:47:22.926537+00:00,201,1464.18,
2026-09-12T13:47:22.930910+00:00,201,1470.77,
2026-09-12T13:47:22.928914+00:00,201,1478.8,
2026-09-12T13:47:22.953183+00:00,201,1481.98,
2026-09-12T13:47:22.966460+00:00,201,1486.5,
2026-09-12T13:47:22.977841+00:00,201,1483.76,
2026-09-12T13:47:22.980583+00:00,201,1487.53,
2026-09-12T13:47:22.985477+00:00,201,1487.05,
2026-09-12T13:47:22.996485+00:00,201,1492.64,
2026-09-12T13:47:23.013237+00:00,201,1498.73,
2026-09-12T13:47:23.021157+00:00,201,1500.83,
2026-09-12T13:47:23.027861+00:00,201,1515.71,
2026-09-12T13:47:23.035683+00:00,201,1512.09,
2026-09-12T13:47:23.038413+00:00,201,1512.66,
2026-09-12T13:47:23.060673+00:00,201,1526.07,
2026-09-12T13:47:23.066296+00:00,201,1528.82,
2026-09-12T13:47:23.061982+00:00,201,1540.64,
2026-09-12T13:47:23.070014+00:00,201,1535.02,
2026-09-12T13:47:23.104700+00:00,201,1531.34,
2026-09-12T13:47:23.109319+00:00,201,1529.8,
2026-09-12T13:47:23.102762+00:00,201,1539.46,
2026-09-12T13:47:23.120558+00:00,201,1536.97,
2026-09-12T13:47:23.142936+00:00,201,1535.76,
2026-09-12T13:47:23.135031+00:00,201,1547.56,
2026-09-12T13:47:23.166352+00:00,201,1552.79,
2026-09-12T13:47:23.174438+00:00,201,1547.06,
2026-09-12T13:47:23.177431+00:00,201,1548.24,
2026-09-12T13:47:23.187459+00:00,201,1542.03,
2026-09-12T13:47:23.197725+00:00,201,1549.8,
2026-09-12T13:47:23.228495+00:00,201,1577.86,
2026-09-12T13:47:23.229959+00:00,201,1579.68,
2026-09-12T13:47:23.254541+00:00,201,1577.81,
2026-09-12T13:47:23.258423+00:00,201,1580.49,
2026-09-12T13:47:23.261268+00:00,201,1586.27,
2026-09-12T13:47:23.262718+00:00,201,1591.68,
2026-09-12T13:47:23.274866+00:00,201,1591.1,
2026-09-12T13:47:23.293501+00:00,201,1590.07,
2026-09-12T13:47:23.289708+00:00,201,1597.32,
2026-09-12T13:47:23.300834+00:00,201,1590.85,
2026-09-12T13:47:23.308421+00:00,201,1610.69,
2026-09-12T13:47:23.304573+00:00,201,1617.99,
2026-09-12T13:47:23.318510+00:00,201,1619.58,
2026-09-12T13:47:23.344521+00:00,201,1617.82,
2026-09-12T13:47:23.339598+00:00,201,1641.38,
2026-09-12T13:47:23.351501+00:00,201,1633.33,
2026-09-12T13:47:23.358632+00:00,201,1629.83,
2026-09-12T13:47:23.360230+00:00,201,1637.05,
2026-09-12T13:47:23.374327+00:00,201,1634.26,
2026-09-12T13:47:23.391921+00:00,201,1646.0,
2026-09-12T13:47:23.395416+00:00,201,1647.55,
2026-09-12T13:47:23.396608+00:00,201,1649.71,
2026-09-12T13:47:23.401634+00:00,201,1650.16,
2026-09-12T13:47:23.413397+00:00,201,1655.24,
2026-09-12T13:47:23.432420+00:00,201,1656.4,
2026-09-12T13:47:23.430490+00:00,201,1661.79,
2026-09-12T13:47:23.447262+00:00,201,1658.76,
2026-09-12T13:47:23.452726+00:00,201,1666.22,
2026-09-12T13:47:23.455854+00:00,201,1666.16,
2026-09-12T13:47:23.463947+00:00,201,1667.88,
2026-09-12T13:47:23.462173+00:00,201,1675.1,
2026-09-12T13:47:23.498294+00:00,201,1673.56,
2026-09-12T13:47:23.501277+00:00,201,1716.98,
2026-09-12T13:47:23.506483+00:00,201,1719.43,
2026-09-12T13:47:23.494097+00:00,201,1739.36,
2026-09-12T13:47:23.509988+00:00,201,1728.51,
2026-09-12T13:47:23.519386+00:00,201,1736.5,
2026-09-12T13:47:23.546430+00:00,201,1762.82,
2026-09-12T13:47:23.554035+00:00,201,1768.03,
2026-09-12T13:47:23.555759+00:00,201,1777.04,
2026-09-12T13:47:23.541982+00:00,201,1794.54,
2026-09-12T13:47:23.573759+00:00,201,1780.87,
2026-09-12T13:47:23.577823+00:00,201,1787.72,
2026-09-12T13:47:23.571532+00:00,201,1799.08,
2026-09-12T13:47:23.592063+00:00,201,1782.97,
2026-09-12T13:47:23.597454+00:00,201,1786.91,
2026-09-12T13:47:23.595070+00:00,201,1792.34,
2026-09-12T13:47:23.618704+00:00,201,1782.65,
2026-09-12T13:47:23.622512+00:00,201,1782.91,
2026-09-12T13:47:23.636775+00:00,201,1781.84,
2026-09-12T13:47:23.643543+00:00,201,1788.32,
2026-09-12T13:47:23.634056+00:00,201,1804.73,
2026-09-12T13:47:23.650840+00:00,201,1800.7,
2026-09-12T13:47:23.669454+00:00,201,1807.57,
2026-09-12T13:47:23.664808+00:00,201,1816.43,
2026-09-12T13:47:23.702286+00:00,201,1815.96,
2026-09-12T13:47:23.696945+00:00,201,1825.27,
2026-09-12T13:47:23.708331+00:00,201,1815.57,
2026-09-12T13:47:23.732904+00:00,201,1808.33,
2026-09-12T13:47:23.727771+00:00,201,1817.19,
2026-09-12T13:47:23.740513+00:00,201,1813.81,
2026-09-12T13:47:23.747714+00:00,201,1810.35,
2026-09-12T13:47:23.775466+00:00,201,1815.94,
2026-09-12T13:47:23.782407+00:00,201,1812.39,
2026-09-12T13:47:23.773243+00:00,201,1827.11,
2026-09-12T13:47:23.792210+00:00,201,1818.07,
2026-09-12T13:47:23.797252+00:00,201,1825.17,
2026-09-12T13:47:23.802539+00:00,201,1823.74,
2026-09-12T13:47:23.793791+00:00,201,1836.48,
2026-09-12T13:47:23.815990+00:00,201,1826.71,
2026-09-12T13:47:23.819403+00:00,201,1830.46,
2026-09-12T13:47:23.824244+00:00,201,1842.38,
2026-09-12T13:47:23.828151+00:00,201,1851.17,
2026-09-12T13:47:23.847040+00:00,201,1843.06,
2026-09-12T13:47:23.856689+00:00,201,1838.17,
2026-09-12T13:47:23.865427+00:00,201,1838.79,
2026-09-12T13:47:23.863794+00:00,201,1848.65,
2026-09-12T13:47:23.879451+00:00,201,1840.33,
2026-09-12T13:47:23.888673+00:00,201,1853.87,
2026-09-12T13:47:23.906271+00:00,201,1866.34,
2026-09-12T13:47:23.908167+00:00,201,1867.9,
2026-09-12T13:47:23.898319+00:00,201,1881.03,
2026-09-12T13:47:23.929060+00:00,201,1874.08,
2026-09-12T13:47:23.944335+00:00,201,1882.91,
2026-09-12T13:47:23.948646+00:00,201,1889.36,
2026-09-12T13:47:23.958054+00:00,201,1883.04,
2026-09-12T13:47:23.977017+00:00,201,1896.65,
2026-09-12T13:47:23.980832+00:00,201,1900.59,
2026-09-12T13:47:23.983997+00:00,201,1900.75,
2026-09-12T13:47:23.974558+00:00,201,1923.16,
2026-09-12T13:47:24.000918+00:00,201,1911.61,
2026-09-12T13:47:23.998689+00:00,201,1917.17,
2026-09-12T13:47:24.033023+00:00,201,1915.21,
2026-09-12T13:47:24.040309+00:00,201,1911.22,
2026-09-12T13:47:24.038067+00:00,201,1917.07,
2026-09-12T13:47:24.030762+00:00,201,1927.67,
2026-09-12T13:47:24.055006+00:00,201,1923.46,
2026-09-12T13:47:24.073937+00:00,201,1919.54,
2026-09-12T13:47:24.067358+00:00,201,1931.59,
2026-09-12T13:47:24.080584+00:00,201,1921.9,
2026-09-12T13:47:24.102528+00:00,201,1928.66,
2026-09-12T13:47:24.106791+00:00,201,1931.1,
2026-09-12T13:47:24.113559+00:00,201,1934.21,
2026-09-12T13:47:24.099873+00:00,201,1953.05,
2026-09-12T13:47:24.127971+00:00,201,1942.65,
2026-09-12T13:47:24.126025+00:00,201,1947.95,
2026-09-12T13:47:24.152406+00:00,201,1927.83,
2026-09-12T13:47:24.161260+00:00,201,1933.35,
2026-09-12T13:47:24.176598+00:00,201,1924.34,
2026-09-12T13:47:24.187676+00:00,201,1922.92,
2026-09-12T13:47:24.191216+00:00,201,1927.73,
2026-09-12T13:47:24.193822+00:00,201,1940.7,
2026-09-12T13:47:24.205271+00:00,201,1933.32,
2026-09-12T13:47:24.238992+00:00,201,2011.51,
2026-09-12T13:47:24.243629+00:00,201,2020.32,
2026-09-12T13:47:24.248296+00:00,201,2021.85,
2026-09-12T13:47:24.236347+00:00,201,2036.94,
2026-09-12T13:47:24.271221+00:00,201,2030.81,
2026-09-12T13:47:24.288299+00:00,201,2022.18,
2026-09-12T13:47:24.299932+00:00,201,2033.43,
2026-09-12T13:47:24.304437+00:00,201,2033.04,
2026-09-12T13:47:24.297168+00:00,201,2042.11,
2026-09-12T13:47:24.310540+00:00,201,2032.01,
2026-09-12T13:47:24.332182+00:00,201,2041.19,
2026-09-12T13:47:24.342134+00:00,201,2035.71,
2026-09-12T13:47:24.345407+00:00,201,2035.64,
2026-09-12T13:47:24.361658+00:00,201,2041.94,
2026-09-12T13:47:24.363621+00:00,201,2044.53,
2026-09-12T13:47:24.390926+00:00,201,2048.59,
2026-09-12T13:47:24.401916+00:00,201,2049.02,
2026-09-12T13:47:24.395396+00:00,201,2059.32,
2026-09-12T13:47:24.407814+00:00,201,2058.7,
2026-09-12T13:47:24.435268+00:00,201,2074.37,
2026-09-12T13:47:24.431761+00:00,201,2081.33,
2026-09-12T13:47:24.453095+00:00,201,2084.32,
2026-09-12T13:47:24.461708+00:00,201,2085.66,
2026-09-12T13:47:24.468207+00:00,201,2096.5,
2026-09-12T13:47:24.472619+00:00,201,2095.52,
2026-09-12T13:47:24.463065+00:00,201,2108.98,
2026-09-12T13:47:24.489246+00:00,201,2104.22,
2026-09-12T13:47:24.504416+00:00,201,2117.66,
2026-09-12T13:47:24.512077+00:00,201,2113.98,
2026-09-12T13:47:24.522101+00:00,201,2117.75,
2026-09-12T13:47:24.535601+00:00,201,2123.37,
2026-09-12T13:47:24.543681+00:00,201,2122.41,
2026-09-12T13:47:24.551223+00:00,201,2137.72,
2026-09-12T13:47:24.547870+00:00,201,2145.26,
2026-09-12T13:47:24.566703+00:00,201,2152.22,
2026-09-12T13:47:24.586902+00:00,201,2149.87,
2026-09-12T13:47:24.595215+00:00,201,2159.1,
2026-09-12T13:47:24.602877+00:00,201,2157.27,
2026-09-12T13:47:24.605129+00:00,201,2162.39,
2026-09-12T13:47:24.596513+00:00,201,2175.47,
2026-09-12T13:47:24.636149+00:00,201,2182.67,
2026-09-12T13:47:24.629318+00:00,201,2193.78,
2026-09-12T13:47:24.639203+00:00,201,2192.43,
2026-09-12T13:47:24.642310+00:00,201,2194.66,
2026-09-12T13:47:24.657633+00:00,201,2197.43,
2026-09-12T13:47:24.678794+00:00,201,2204.7,
2026-09-12T13:47:24.682759+00:00,201,2204.49,
2026-09-12T13:47:24.676521+00:00,201,2215.62,
2026-09-12T13:47:24.719251+00:00,201,2209.47,
2026-09-12T13:47:24.721588+00:00,201,2211.6,
2026-09-12T13:47:24.708205+00:00,201,2229.03,
2026-09-12T13:47:24.725876+00:00,201,2216.02,
2026-09-12T13:47:24.731873+00:00,201,2215.84,
2026-09-12T13:47:24.729596+00:00,201,2222.01,
2026-09-12T13:47:24.747642+00:00,201,2221.21,
2026-09-12T13:47:24.768877+00:00,201,2227.13,
2026-09-12T13:47:24.806459+00:00,201,2224.87,
2026-09-12T13:47:24.809606+00:00,201,2226.65,
2026-09-12T13:47:24.799894+00:00,201,2244.1,
2026-09-12T13:47:24.832439+00:00,201,2237.97,
2026-09-12T13:47:24.839008+00:00,201,2239.27,
2026-09-12T13:47:24.830401+00:00,201,2251.46,
2026-09-12T13:47:24.847645+00:00,201,2246.34,
2026-09-12T13:47:24.854549+00:00,201,2247.83,
2026-09-12T13:47:24.866076+00:00,201,2250.21,
2026-09-12T13:47:24.861444+00:00,201,2258.19,
2026-09-12T13:47:24.883698+00:00,201,2249.22,
2026-09-12T13:47:24.887192+00:00,201,2250.0,
2026-09-12T13:47:24.891792+00:00,201,2251.21,
2026-09-12T13:47:24.894187+00:00,201,2260.54,
2026-09-12T13:47:24.919229+00:00,201,2285.37,
2026-09-12T13:47:24.922664+00:00,201,2286.17,
2026-09-12T13:47:24.938185+00:00,201,2285.84,
2026-09-12T13:47:24.935707+00:00,201,2292.49,
2026-09-12T13:47:24.962459+00:00,201,2282.99,
2026-09-12T13:47:24.963731+00:00,201,2286.82,
2026-09-12T13:47:24.981086+00:00,201,2299.95,
2026-09-12T13:47:24.988553+00:00,201,2299.29,
2026-09-12T13:47:24.984929+00:00,201,2306.22,
2026-09-12T13:47:24.997368+00:00,201,2304.89,
2026-09-12T13:47:24.995058+00:00,201,2310.85,
2026-09-12T13:47:25.008700+00:00,201,2312.06,
2026-09-12T13:47:25.038020+00:00,201,2316.81,
2026-09-12T13:47:25.043066+00:00,201,2333.49,
2026-09-12T13:47:25.034080+00:00,201,2348.35,
2026-09-12T13:47:25.046412+00:00,201,2342.28,
2026-09-12T13:47:25.051889+00:00,201,2357.16,
2026-09-12T13:47:25.068755+00:00,201,2370.5,
2026-09-12T13:47:25.066055+00:00,201,2378.3,
2026-09-12T13:47:25.088943+00:00,201,2378.89,
2026-09-12T13:47:25.092387+00:00,201,2382.89,
2026-09-12T13:47:25.094042+00:00,201,2391.98,
2026-09-12T13:47:25.106137+00:00,201,2387.14,
2026-09-12T13:47:25.119062+00:00,201,2400.53,
2026-09-12T13:47:25.122125+00:00,201,2403.66,
2026-09-12T13:47:25.131915+00:00,201,2412.57,
2026-09-12T13:47:25.137372+00:00,201,2415.45,
2026-09-12T13:47:25.130012+00:00,201,2430.2,
2026-09-12T13:47:25.218364+00:00,201,2380.93,
2026-09-12T13:47:25.172020+00:00,201,2431.53,
2026-09-12T13:47:25.226014+00:00,201,2384.13,
2026-09-12T13:47:25.169824+00:00,201,2444.01,
2026-09-12T13:47:25.233562+00:00,201,2387.37,
2026-09-12T13:47:25.220037+00:00,201,2403.81,
2026-09-12T13:47:25.238604+00:00,201,2392.89,
2026-09-12T13:47:25.229998+00:00,201,2408.74,
2026-09-12T13:47:25.256002+00:00,201,2403.13,
2026-09-12T13:47:25.267345+00:00,201,2400.68,
2026-09-12T13:47:25.298121+00:00,201,2396.04,
2026-09-12T13:47:25.309367+00:00,201,2397.33,
2026-09-12T13:47:25.322193+00:00,201,2398.53,
2026-09-12T13:47:25.332957+00:00,201,2402.03,
2026-09-12T13:47:25.330206+00:00,201,2410.73,
2026-09-12T13:47:25.336584+00:00,201,2407.78,
2026-09-12T13:47:25.354837+00:00,201,2414.15,
2026-09-12T13:47:25.365743+00:00,201,2412.24,
2026-09-12T13:47:25.370709+00:00,201,2412.82,
2026-09-12T13:47:25.361343+00:00,201,2426.16,
2026-09-12T13:47:25.375137+00:00,201,2416.21,
2026-09-12T13:47:25.384478+00:00,201,2423.69,
2026-09-12T13:47:25.387610+00:00,201,2424.05,
2026-09-12T13:47:25.401471+00:00,201,2439.05,
2026-09-12T13:47:25.405509+00:00,201,2438.95,
2026-09-12T13:47:25.398526+00:00,201,2449.46,
2026-09-12T13:47:25.418724+00:00,201,2447.56,
2026-09-12T13:47:25.431953+00:00,201,2449.97,
2026-09-12T13:47:25.430037+00:00,201,2459.26,
2026-09-12T13:47:25.438891+00:00,201,2454.46,
2026-09-12T13:47:25.451650+00:00,201,2460.27,
2026-09-12T13:47:25.477153+00:00,201,2469.29,
2026-09-12T13:47:25.469194+00:00,201,2482.16,
2026-09-12T13:47:25.481346+00:00,201,2473.69,
2026-09-12T13:47:25.500593+00:00,201,2489.16,
2026-09-12T13:47:25.522321+00:00,201,2484.08,
2026-09-12T13:47:25.518371+00:00,201,2492.02,
2026-09-12T13:47:25.523986+00:00,201,2490.41,
2026-09-12T13:47:25.530485+00:00,201,2493.39,
2026-09-12T13:47:25.545061+00:00,201,2497.05,
2026-09-12T13:47:25.541401+00:00,201,2504.25,
2026-09-12T13:47:25.554434+00:00,201,2514.72,
2026-09-12T13:47:25.558159+00:00,201,2515.87,
2026-09-12T13:47:25.562016+00:00,201,2524.93,
2026-09-12T13:47:25.591538+00:00,201,2520.75,
2026-09-12T13:47:25.600457+00:00,201,2517.09,
2026-09-12T13:47:25.594889+00:00,201,2525.99,
2026-09-12T13:47:25.596335+00:00,201,2529.81,
2026-09-12T13:47:25.610390+00:00,201,2524.64,
2026-09-12T13:47:25.622531+00:00,201,2537.92,
2026-09-12T13:47:25.626554+00:00,201,2541.13,
2026-09-12T13:47:25.630361+00:00,201,2542.85,
2026-09-12T13:47:25.631453+00:00,201,2545.02,
2026-09-12T13:47:25.642783+00:00,201,2543.07,
2026-09-12T13:47:25.649971+00:00,201,2539.25,
2026-09-12T13:47:25.666800+00:00,201,2560.54,
2026-09-12T13:47:25.664193+00:00,201,2568.4,
2026-09-12T13:47:25.679456+00:00,201,2560.77,
2026-09-12T13:47:25.690217+00:00,201,2564.54,
2026-09-12T13:47:25.694957+00:00,201,2563.41,
2026-09-12T13:47:25.696189+00:00,201,2577.11,
2026-09-12T13:47:25.704442+00:00,201,2573.55,
2026-09-12T13:47:25.712555+00:00,201,2573.6,
2026-09-12T13:47:25.719893+00:00,201,2588.29,
2026-09-12T13:47:25.733575+00:00,201,2602.44,
2026-09-12T13:47:25.742661+00:00,201,2600.27,
2026-09-12T13:47:25.764279+00:00,201,2608.83,
2026-09-12T13:47:25.772723+00:00,201,2604.58,
2026-09-12T13:47:25.776164+00:00,201,2604.86,
2026-09-12T13:47:25.779442+00:00,201,2607.88,
2026-09-12T13:47:25.794617+00:00,201,2614.23,
2026-09-12T13:47:25.803252+00:00,201,2611.58,
2026-09-12T13:47:25.827374+00:00,201,2620.35,
2026-09-12T13:47:25.829092+00:00,201,2624.71,
2026-09-12T13:47:25.838112+00:00,201,2619.01,
2026-09-12T13:47:25.841193+00:00,201,2627.17,
2026-09-12T13:47:25.873813+00:00,201,2634.7,
2026-09-12T13:47:25.868868+00:00,201,2656.39,
2026-09-12T13:47:25.881526+00:00,201,2647.44,
2026-09-12T13:47:25.884834+00:00,201,2649.91,
2026-09-12T13:47:25.897813+00:00,201,2654.47,
2026-09-12T13:47:25.895642+00:00,201,2671.95,
2026-09-12T13:47:25.912644+00:00,201,2674.87,
2026-09-12T13:47:25.915998+00:00,201,2675.7,
2026-09-12T13:47:25.934972+00:00,201,2685.03,
2026-09-12T13:47:25.948343+00:00,201,2701.94,
2026-09-12T13:47:25.951631+00:00,201,2705.15,
2026-09-12T13:47:25.955227+00:00,201,2706.45,
2026-09-12T13:47:25.958569+00:00,201,2705.15,
2026-09-12T13:47:25.960775+00:00,201,2724.04,
2026-09-12T13:47:25.978575+00:00,201,2730.02,
2026-09-12T13:47:25.993705+00:00,201,2731.72,
2026-09-12T13:47:25.999040+00:00,201,2735.19,
2026-09-12T13:47:26.002623+00:00,201,2741.09,
2026-09-12T13:47:25.996432+00:00,201,2755.2,
2026-09-12T13:47:26.031281+00:00,201,2752.28,
2026-09-12T13:47:26.028800+00:00,201,2758.42,
2026-09-12T13:47:26.037998+00:00,201,2753.45,
2026-09-12T13:47:26.047879+00:00,201,2765.74,
2026-09-12T13:47:26.053024+00:00,201,2767.43,
2026-09-12T13:47:26.070715+00:00,201,2777.47,
2026-09-12T13:47:26.067961+00:00,201,2793.92,
2026-09-12T13:47:26.074069+00:00,201,2797.33,
2026-09-12T13:47:26.080331+00:00,201,2795.43,
2026-09-12T13:47:26.094780+00:00,201,2814.1,
2026-09-12T13:47:26.101029+00:00,201,2814.01,
2026-09-12T13:47:26.096178+00:00,201,2828.54,
2026-09-12T13:47:26.110700+00:00,201,2817.24,
2026-09-12T13:47:26.119051+00:00,201,2826.08,
2026-09-12T13:47:26.134618+00:00,201,2842.64,
2026-09-12T13:47:26.138678+00:00,201,2844.54,
2026-09-12T13:47:26.131017+00:00,201,2855.78,
2026-09-12T13:47:26.167829+00:00,201,2859.94,
2026-09-12T13:47:26.243455+00:00,201,2790.56,
2026-09-12T13:47:26.241384+00:00,201,2796.67,
2026-09-12T13:47:26.250631+00:00,201,2792.2,
2026-09-12T13:47:26.264054+00:00,201,2790.71,
2026-09-12T13:47:26.261862+00:00,201,2817.91,
2026-09-12T13:47:26.270242+00:00,201,2813.24,
2026-09-12T13:47:26.273476+00:00,201,2814.7,
2026-09-12T13:47:26.299641+00:00,201,2820.55,
2026-09-12T13:47:26.302129+00:00,201,2822.47,
2026-09-12T13:47:26.310574+00:00,201,2818.0,
2026-09-12T13:47:26.333463+00:00,201,2834.42,
2026-09-12T13:47:26.337693+00:00,201,2834.67,
2026-09-12T13:47:26.339365+00:00,201,2839.92,
2026-09-12T13:47:26.342640+00:00,201,2855.09,
2026-09-12T13:47:26.330893+00:00,201,2873.21,
2026-09-12T13:47:26.373475+00:00,201,2847.18,
2026-09-12T13:47:26.377949+00:00,201,2857.34,
2026-09-12T13:47:26.381137+00:00,201,2858.58,
2026-09-12T13:47:26.370941+00:00,201,2874.3,
2026-09-12T13:47:26.403706+00:00,201,2876.59,
2026-09-12T13:47:26.408251+00:00,201,2877.84,
2026-09-12T13:47:26.400310+00:00,201,2889.66,
2026-09-12T13:47:26.433130+00:00,201,2889.22,
2026-09-12T13:47:26.439620+00:00,201,2886.46,
2026-09-12T13:47:26.451040+00:00,201,2897.23,
2026-09-12T13:47:26.454808+00:00,201,2897.44,
2026-09-12T13:47:26.466604+00:00,201,2908.77,
2026-09-12T13:47:26.463810+00:00,201,2916.04,
2026-09-12T13:47:26.495222+00:00,201,2927.1,
2026-09-12T13:47:26.513200+00:00,201,2923.11,
2026-09-12T13:47:26.509754+00:00,201,2930.96,
2026-09-12T13:47:26.537883+00:00,201,2939.51,
2026-09-12T13:47:26.534266+00:00,201,2948.51,
2026-09-12T13:47:26.547486+00:00,201,2940.16,
2026-09-12T13:47:26.564804+00:00,201,2960.33,
2026-09-12T13:47:26.562710+00:00,201,2974.31,
2026-09-12T13:47:26.568240+00:00,201,2973.58,
2026-09-12T13:47:26.572135+00:00,201,2982.62,
2026-09-12T13:47:26.593716+00:00,201,2989.75,
2026-09-12T13:47:26.595887+00:00,201,2991.06,
2026-09-12T13:47:26.622195+00:00,201,2992.18,
2026-09-12T13:47:26.626160+00:00,201,2992.64,
2026-09-12T13:47:26.628241+00:00,201,3004.58,
2026-09-12T13:47:26.639960+00:00,201,3002.5,
2026-09-12T13:47:26.659094+00:00,201,3014.17,
2026-09-12T13:47:26.661650+00:00,201,3020.9,
2026-09-12T13:47:26.666180+00:00,201,3023.92,
2026-09-12T13:47:26.689072+00:00,201,3034.47,
2026-09-12T13:47:26.693237+00:00,201,3034.07,
2026-09-12T13:47:26.695493+00:00,201,3047.27,
2026-09-12T13:47:26.719039+00:00,201,3048.31,
2026-09-12T13:47:26.728798+00:00,201,3045.07,
2026-09-12T13:47:26.736882+00:00,201,3041.19,
2026-09-12T13:47:26.754454+00:00,201,3046.14,
2026-09-12T13:47:26.760251+00:00,201,3057.81,
2026-09-12T13:47:26.767679+00:00,201,3059.8,
2026-09-12T13:47:26.772078+00:00,201,3064.64,
2026-09-12T13:47:26.764637+00:00,201,3077.59,
2026-09-12T13:47:26.806693+00:00,201,3069.77,
2026-09-12T13:47:26.823205+00:00,201,3067.63,
2026-09-12T13:47:26.818938+00:00,201,3076.11,
2026-09-12T13:47:26.831723+00:00,201,3083.82,
2026-09-12T13:47:26.829160+00:00,201,3090.99,
2026-09-12T13:47:26.837098+00:00,201,3087.35,
2026-09-12T13:47:26.855173+00:00,201,3099.0,
2026-09-12T13:47:26.868868+00:00,201,3102.96,
2026-09-12T13:47:26.883609+00:00,201,3104.17,
2026-09-12T13:47:26.887344+00:00,201,3114.72,
2026-09-12T13:47:26.892316+00:00,201,3116.25,
2026-09-12T13:47:26.894704+00:00,201,3121.74,
2026-09-12T13:47:26.928854+00:00,201,3117.02,
2026-09-12T13:47:26.933276+00:00,201,3120.8,
2026-09-12T13:47:26.931294+00:00,201,3130.26,
2026-09-12T13:47:26.941996+00:00,201,3127.66,
2026-09-12T13:47:26.947990+00:00,201,3124.01,
2026-09-12T13:47:26.937324+00:00,201,3149.04,
2026-09-12T13:47:26.951695+00:00,201,3138.1,
2026-09-12T13:47:26.969042+00:00,201,3142.31,
2026-09-12T13:47:26.963776+00:00,201,3153.82,
2026-09-12T13:47:26.996128+00:00,201,3156.25,
2026-09-12T13:47:26.997745+00:00,201,3163.58,
2026-09-12T13:47:27.031480+00:00,201,3159.83,
2026-09-12T13:47:27.036379+00:00,201,3167.79,
2026-09-12T13:47:27.044106+00:00,201,3166.19,
2026-09-12T13:47:27.028751+00:00,201,3185.46,
2026-09-12T13:47:27.070511+00:00,201,3173.08,
2026-09-12T13:47:27.078457+00:00,201,3172.59,
2026-09-12T13:47:27.068099+00:00,201,3187.19,
2026-09-12T13:47:27.081955+00:00,201,3177.63,
2026-09-12T13:47:27.094098+00:00,201,3181.51,
2026-09-12T13:47:27.096113+00:00,201,3189.24,
2026-09-12T13:47:27.102478+00:00,201,3186.36,
2026-09-12T13:47:27.119731+00:00,201,3186.86,
2026-09-12T13:47:27.116393+00:00,201,3194.29,
2026-09-12T13:47:27.133010+00:00,201,3195.31,
2026-09-12T13:47:27.137280+00:00,201,3201.02,
2026-09-12T13:47:27.143106+00:00,201,3198.87,
2026-09-12T13:47:27.130471+00:00,201,3217.65,
2026-09-12T13:47:27.154900+00:00,201,3212.1,
2026-09-12T13:47:27.166793+00:00,201,3219.88,
2026-09-12T13:47:27.204725+00:00,201,3206.12,
2026-09-12T13:47:27.198267+00:00,201,3219.24,
2026-09-12T13:47:27.208933+00:00,201,3211.88,
2026-09-12T13:47:27.224224+00:00,201,3221.24,
2026-09-12T13:47:27.228288+00:00,201,3221.72,
2026-09-12T13:47:27.230135+00:00,201,3228.57,
2026-09-12T13:47:27.245650+00:00,201,3231.94,
2026-09-12T13:47:27.250657+00:00,201,3232.99,
2026-09-12T13:47:27.281275+00:00,201,3230.91,
2026-09-12T13:47:27.288209+00:00,201,3230.79,
2026-09-12T13:47:27.276656+00:00,201,3248.43,
2026-09-12T13:47:27.291239+00:00,201,3236.57,
2026-09-12T13:47:27.302346+00:00,201,3237.5,
2026-09-12T13:47:27.305995+00:00,201,3244.55,
2026-09-12T13:47:27.299855+00:00,201,3254.28,
2026-09-12T13:47:27.320883+00:00,201,3251.79,
2026-09-12T13:47:27.339505+00:00,201,3252.59,
2026-09-12T13:47:27.354963+00:00,201,3240.92,
2026-09-12T13:47:27.376717+00:00,201,3238.64,
2026-09-12T13:47:27.382553+00:00,201,3237.17,
2026-09-12T13:47:27.370188+00:00,201,3254.59,
2026-09-12T13:47:27.388810+00:00,201,3240.1,
2026-09-12T13:47:27.409298+00:00,201,3238.66,
2026-09-12T13:47:27.401121+00:00,201,3251.33,
2026-09-12T13:47:27.432076+00:00,201,3248.18,
2026-09-12T13:47:27.439375+00:00,201,3244.69,
2026-09-12T13:47:27.444547+00:00,201,3242.91,
2026-09-12T13:47:27.467974+00:00,201,3235.31,
2026-09-12T13:47:27.462685+00:00,201,3246.18,
2026-09-12T13:47:27.475362+00:00,201,3245.49,
2026-09-12T13:47:27.486142+00:00,201,3245.75,
2026-09-12T13:47:27.493379+00:00,201,3254.97,
2026-09-12T13:47:27.495142+00:00,201,3261.66,
2026-09-12T13:47:27.519712+00:00,201,3260.9,
2026-09-12T13:47:27.525889+00:00,201,3261.79,
2026-09-12T13:47:27.527770+00:00,201,3270.78,
2026-09-12T13:47:27.544595+00:00,201,3263.55,
2026-09-12T13:47:27.552916+00:00,201,3267.52,
2026-09-12T13:47:27.560295+00:00,201,3266.78,
2026-09-12T13:47:27.561840+00:00,201,3278.17,
2026-09-12T13:47:27.599394+00:00,201,3268.71,
2026-09-12T13:47:27.603649+00:00,201,3269.38,
2026-09-12T13:47:27.596280+00:00,201,3284.74,
2026-09-12T13:47:27.610376+00:00,201,3274.25,
2026-09-12T13:47:27.613922+00:00,201,3275.21,
2026-09-12T13:47:27.621029+00:00,201,3273.54,
2026-09-12T13:47:27.623940+00:00,201,3275.56,
2026-09-12T13:47:27.631582+00:00,201,3279.71,
2026-09-12T13:47:27.638830+00:00,201,3283.85,
2026-09-12T13:47:27.629161+00:00,201,3297.23,
2026-09-12T13:47:27.659248+00:00,201,3290.92,
2026-09-12T13:47:27.668132+00:00,201,3300.87,
2026-09-12T13:47:27.661105+00:00,201,3311.9,
2026-09-12T13:47:27.694271+00:00,201,3308.71,
2026-09-12T13:47:27.696367+00:00,201,3312.52,
2026-09-12T13:47:27.706794+00:00,201,3307.73,
2026-09-12T13:47:27.720835+00:00,201,3302.22,
2026-09-12T13:47:27.730817+00:00,201,3313.34,
2026-09-12T13:47:27.735085+00:00,201,3312.41,
2026-09-12T13:47:27.741033+00:00,201,3318.95,
2026-09-12T13:47:27.744459+00:00,201,3319.23,
2026-09-12T13:47:27.769092+00:00,201,3317.09,
2026-09-12T13:47:27.761943+00:00,201,3327.88,
2026-09-12T13:47:27.778087+00:00,201,3317.6,
2026-09-12T13:47:27.783625+00:00,201,3318.89,
2026-09-12T13:47:27.787594+00:00,201,3320.39,
2026-09-12T13:47:27.791439+00:00,201,3321.97,
2026-09-12T13:47:27.794790+00:00,201,3339.99,
2026-09-12T13:47:27.808275+00:00,201,3330.93,
2026-09-12T13:47:27.811760+00:00,201,3332.33,
2026-09-12T13:47:27.840608+00:00,201,3333.2,
2026-09-12T13:47:27.844552+00:00,201,3333.59,
2026-09-12T13:47:27.838106+00:00,201,3342.33,
2026-09-12T13:47:27.848074+00:00,201,3338.89,
2026-09-12T13:47:27.866397+00:00,201,3336.49,
2026-09-12T13:47:27.863555+00:00,201,3342.91,
2026-09-12T13:47:27.882044+00:00,201,3342.01,
2026-09-12T13:47:27.889524+00:00,201,3346.17,
2026-09-12T13:47:27.893523+00:00,201,3346.61,
2026-09-12T13:47:27.895301+00:00,201,3348.41,
2026-09-12T13:47:27.912037+00:00,201,3357.75,
2026-09-12T13:47:27.935293+00:00,201,3358.95,
2026-09-12T13:47:27.946554+00:00,201,3353.64,
2026-09-12T13:47:27.951461+00:00,201,3357.06,
2026-09-12T13:47:27.955127+00:00,201,3356.58,
2026-09-12T13:47:27.966877+00:00,201,3373.11,
2026-09-12T13:47:27.989860+00:00,201,3356.12,
2026-09-12T13:47:27.997963+00:00,201,3363.26,
2026-09-12T13:47:28.006517+00:00,201,3375.33,
2026-09-12T13:47:28.014486+00:00,201,3371.24,
2026-09-12T13:47:28.010538+00:00,201,3378.5,
2026-09-12T13:47:28.024042+00:00,201,3368.65,
2026-09-12T13:47:28.028287+00:00,201,3380.75,
2026-09-12T13:47:28.042225+00:00,201,3378.76,
2026-09-12T13:47:28.045749+00:00,201,3379.28,
2026-09-12T13:47:28.069255+00:00,201,3388.62,
2026-09-12T13:47:28.074121+00:00,201,3388.97,
2026-09-12T13:47:28.066606+00:00,201,3400.06,
2026-09-12T13:47:28.087068+00:00,201,3393.49,
2026-09-12T13:47:28.112386+00:00,201,3391.91,
2026-09-12T13:47:28.117668+00:00,201,3393.9,
2026-09-12T13:47:28.121017+00:00,201,3394.58,
2026-09-12T13:47:28.107602+00:00,201,3411.97,
2026-09-12T13:47:28.126243+00:00,201,3401.46,
2026-09-12T13:47:28.135156+00:00,201,3398.99,
2026-09-12T13:47:28.128691+00:00,201,3407.51,
2026-09-12T13:47:28.160700+00:00,201,3421.1,
2026-09-12T13:47:28.167784+00:00,201,3417.23,
2026-09-12T13:47:28.176571+00:00,201,3413.86,
2026-09-12T13:47:28.173311+00:00,201,3422.57,
2026-09-12T13:47:28.185964+00:00,201,3428.26,
2026-09-12T13:47:28.163452+00:00,201,3455.48,
2026-09-12T13:47:28.189310+00:00,201,3435.49,
2026-09-12T13:47:28.201731+00:00,201,3454.05,
2026-09-12T13:47:28.227455+00:00,201,3447.08,
2026-09-12T13:47:28.232685+00:00,201,3445.48,
2026-09-12T13:47:28.230554+00:00,201,3452.62,
2026-09-12T13:47:28.240433+00:00,201,3451.91,
2026-09-12T13:47:28.254864+00:00,201,3457.83,
2026-09-12T13:47:28.258627+00:00,201,3489.63,
2026-09-12T13:47:28.273630+00:00,201,3478.14,
2026-09-12T13:47:28.286253+00:00,201,3470.23,
2026-09-12T13:47:28.261035+00:00,201,3498.16,
2026-09-12T13:47:28.278084+00:00,201,3483.71,
2026-09-12T13:47:28.296021+00:00,201,3475.75,
2026-09-12T13:47:28.308290+00:00,201,3477.55,
2026-09-12T13:47:28.336124+00:00,201,3475.77,
2026-09-12T13:47:28.333669+00:00,201,3492.15,
2026-09-12T13:47:28.343055+00:00,201,3488.88,
2026-09-12T13:47:28.373201+00:00,201,3493.33,
2026-09-12T13:47:28.377518+00:00,201,3494.65,
2026-09-12T13:47:28.381117+00:00,201,3495.47,
2026-09-12T13:47:28.387435+00:00,201,3496.21,
2026-09-12T13:47:28.370984+00:00,201,3516.33,
2026-09-12T13:47:28.414930+00:00,201,3507.61,
2026-09-12T13:47:28.409188+00:00,201,3518.66,
2026-09-12T13:47:28.403451+00:00,201,3526.91,
2026-09-12T13:47:28.434625+00:00,201,3519.26,
2026-09-12T13:47:28.447835+00:00,201,3526.35,
2026-09-12T13:47:28.453907+00:00,201,3524.34,
2026-09-12T13:47:28.457212+00:00,201,3526.02,
2026-09-12T13:47:28.468464+00:00,201,3523.92,
2026-09-12T13:47:28.464722+00:00,201,3551.41,
2026-09-12T13:47:28.496756+00:00,201,3532.43,
2026-09-12T13:47:28.508625+00:00,201,3528.53,
2026-09-12T13:47:28.525467+00:00,201,3537.86,
2026-09-12T13:47:28.529071+00:00,201,3541.53,
2026-09-12T13:47:28.534850+00:00,201,3541.24,
2026-09-12T13:47:28.531867+00:00,201,3558.65,
2026-09-12T13:47:28.552397+00:00,201,3549.29,
2026-09-12T13:47:28.567686+00:00,201,3548.53,
2026-09-12T13:47:28.564492+00:00,201,3559.02,
2026-09-12T13:47:28.587637+00:00,201,3552.78,
2026-09-12T13:47:28.591798+00:00,201,3553.98,
2026-09-12T13:47:28.607303+00:00,201,3553.31,
2026-09-12T13:47:28.620420+00:00,201,3561.01,
2026-09-12T13:47:28.638087+00:00,201,3552.69,
2026-09-12T13:47:28.650406+00:00,201,3548.7,
2026-09-12T13:47:28.656893+00:00,201,3555.67,
2026-09-12T13:47:28.661778+00:00,201,3554.63,
2026-09-12T13:47:28.665837+00:00,201,3554.24,
2026-09-12T13:47:28.663807+00:00,201,3569.86,
2026-09-12T13:47:28.685034+00:00,201,3565.42,
2026-09-12T13:47:28.708712+00:00,201,3566.11,
2026-09-12T13:47:28.699883+00:00,201,3578.99,
2026-09-12T13:47:28.725541+00:00,201,3560.68,
2026-09-12T13:47:28.734377+00:00,201,3573.12,
2026-09-12T13:47:28.729932+00:00,201,3581.95,
2026-09-12T13:47:28.743823+00:00,201,3571.42,
2026-09-12T13:47:28.751732+00:00,201,3574.84,
2026-09-12T13:47:28.783668+00:00,201,3576.18,
2026-09-12T13:47:28.787324+00:00,201,3579.09,
2026-09-12T13:47:28.791535+00:00,201,3579.67,
2026-09-12T13:47:28.776700+00:00,201,3598.11,
2026-09-12T13:47:28.813718+00:00,201,3581.18,
2026-09-12T13:47:28.808926+00:00,201,3593.05,
2026-09-12T13:47:28.820557+00:00,201,3589.3,
2026-09-12T13:47:28.848480+00:00,201,3584.02,
2026-09-12T13:47:28.838724+00:00,201,3598.23,
2026-09-12T13:47:28.861997+00:00,201,3596.25,
2026-09-12T13:47:28.871495+00:00,201,3590.81,
2026-09-12T13:47:28.863626+00:00,201,3605.77,
2026-09-12T13:47:28.875854+00:00,201,3598.48,
2026-09-12T13:47:28.908986+00:00,201,3586.18,
2026-09-12T13:47:28.901965+00:00,201,3602.92,
2026-09-12T13:47:28.915214+00:00,201,3594.7,
2026-09-12T13:47:28.924827+00:00,201,3603.37,
2026-09-12T13:47:28.928032+00:00,201,3604.85,
2026-09-12T13:47:28.929956+00:00,201,3615.24,
2026-09-12T13:47:28.945244+00:00,201,3624.03,
2026-09-12T13:47:28.964033+00:00,201,3650.5,
2026-09-12T13:47:28.977500+00:00,201,3662.06,
2026-09-12T13:47:28.983444+00:00,201,3663.9,
2026-09-12T13:47:28.986888+00:00,201,3676.63,
2026-09-12T13:47:29.009641+00:00,201,3678.45,
2026-09-12T13:47:29.027907+00:00,201,3678.4,
2026-09-12T13:47:29.034147+00:00,201,3683.62,
2026-09-12T13:47:29.038147+00:00,201,3684.4,
2026-09-12T13:47:29.042931+00:00,201,3682.42,
2026-09-12T13:47:29.030638+00:00,201,3698.48,
2026-09-12T13:47:29.054877+00:00,201,3681.52,
2026-09-12T13:47:29.079879+00:00,201,3698.64,
2026-09-12T13:47:29.071029+00:00,201,3712.11,
2026-09-12T13:47:29.083583+00:00,201,3704.77,
2026-09-12T13:47:29.088267+00:00,201,3704.56,
2026-09-12T13:47:29.102167+00:00,201,3697.95,
2026-09-12T13:47:29.120302+00:00,201,3712.31,
2026-09-12T13:47:29.124792+00:00,201,3711.69,
2026-09-12T13:47:29.128680+00:00,201,3717.75,
2026-09-12T13:47:29.130520+00:00,201,3720.08,
2026-09-12T13:47:29.167978+00:00,201,3712.43,
2026-09-12T13:47:29.172513+00:00,201,3711.86,
2026-09-12T13:47:29.164832+00:00,201,3731.63,
2026-09-12T13:47:29.179448+00:00,201,3739.6,
2026-09-12T13:47:29.204201+00:00,201,3719.05,
2026-09-12T13:47:29.197842+00:00,201,3729.66,
2026-09-12T13:47:29.201812+00:00,201,3741.15,
2026-09-12T13:47:29.220772+00:00,201,3731.05,
2026-09-12T13:47:29.235381+00:00,201,3740.98,
2026-09-12T13:47:29.239806+00:00,201,3740.56,
2026-09-12T13:47:29.245465+00:00,201,3739.09,
2026-09-12T13:47:29.232468+00:00,201,3756.54,
2026-09-12T13:47:29.280413+00:00,201,3738.07,
2026-09-12T13:47:29.286186+00:00,201,3750.66,
2026-09-12T13:47:29.290070+00:00,201,3750.83,
2026-09-12T13:47:29.274564+00:00,201,3773.05,
2026-09-12T13:47:29.309067+00:00,201,3744.1,
2026-09-12T13:47:29.322464+00:00,201,3751.66,
2026-09-12T13:47:29.326206+00:00,201,3753.19,
2026-09-12T13:47:29.328463+00:00,201,3758.85,
2026-09-12T13:47:29.348387+00:00,201,3760.25,
2026-09-12T13:47:29.352487+00:00,201,3762.49,
2026-09-12T13:47:29.375470+00:00,201,3777.47,
2026-09-12T13:47:29.372486+00:00,201,3787.98,
2026-09-12T13:47:29.379948+00:00,201,3784.09,
2026-09-12T13:47:29.403068+00:00,201,3801.26,
2026-09-12T13:47:29.422436+00:00,201,3792.97,
2026-09-12T13:47:29.440819+00:00,201,3798.61,
2026-09-12T13:47:29.436405+00:00,201,3808.12,
2026-09-12T13:47:29.433817+00:00,201,3813.44,
2026-09-12T13:47:29.465789+00:00,201,3802.53,
2026-09-12T13:47:29.477533+00:00,201,3800.64,
2026-09-12T13:47:29.482924+00:00,201,3799.16,
2026-09-12T13:47:29.487755+00:00,201,3798.67,
2026-09-12T13:47:29.496065+00:00,201,3811.05,
2026-09-12T13:47:29.525358+00:00,201,3792.36,
2026-09-12T13:47:29.537126+00:00,201,3802.29,
2026-09-12T13:47:29.542042+00:00,201,3801.65,
2026-09-12T13:47:29.554857+00:00,201,3792.51,
2026-09-12T13:47:29.534449+00:00,201,3820.0,
2026-09-12T13:47:29.573168+00:00,201,3805.59,
2026-09-12T13:47:29.583576+00:00,201,3802.88,
2026-09-12T13:47:29.587143+00:00,201,3803.27,
2026-09-12T13:47:29.603697+00:00,201,3809.17,
2026-09-12T13:47:29.614494+00:00,201,3804.74,
2026-09-12T13:47:29.618895+00:00,201,3807.93,
2026-09-12T13:47:29.632925+00:00,201,3810.36,
2026-09-12T13:47:29.642567+00:00,201,3806.8,
2026-09-12T13:47:29.630226+00:00,201,3822.81,
2026-09-12T13:47:29.673456+00:00,201,3810.84,
2026-09-12T13:47:29.666922+00:00,201,3822.38,
2026-09-12T13:47:29.682668+00:00,201,3810.54,
2026-09-12T13:47:29.690245+00:00,201,3812.48,
2026-09-12T13:47:29.698328+00:00,201,3817.95,
2026-09-12T13:47:29.723727+00:00,201,3821.45,
2026-09-12T13:47:29.727489+00:00,201,3821.69,
2026-09-12T13:47:29.729726+00:00,201,3824.3,
2026-09-12T13:47:29.742876+00:00,201,3827.71,
2026-09-12T13:47:29.767459+00:00,201,3828.38,
2026-09-12T13:47:29.773977+00:00,201,3829.31,
2026-09-12T13:47:29.778165+00:00,201,3831.36,
2026-09-12T13:47:29.764022+00:00,201,3851.09,
2026-09-12T13:47:29.800743+00:00,201,3850.76,
2026-09-12T13:47:29.797462+00:00,201,3859.16,
2026-09-12T13:47:29.818179+00:00,201,3855.67,
2026-09-12T13:47:29.827634+00:00,201,3865.91,
2026-09-12T13:47:29.836834+00:00,201,3882.63,
2026-09-12T13:47:29.829861+00:00,201,3893.42,
2026-09-12T13:47:29.842375+00:00,201,3884.67,
2026-09-12T13:47:29.876568+00:00,201,3881.73,
2026-09-12T13:47:29.870639+00:00,201,3892.36,
2026-09-12T13:47:29.890963+00:00,201,3889.76,
2026-09-12T13:47:29.895151+00:00,201,3890.05,
2026-09-12T13:47:29.897620+00:00,201,3896.76,
2026-09-12T13:47:29.915712+00:00,201,3901.56,
2026-09-12T13:47:29.924552+00:00,201,3897.72,
2026-09-12T13:47:29.920316+00:00,201,3904.33,
2026-09-12T13:47:29.927882+00:00,201,3907.22,
2026-09-12T13:47:29.954294+00:00,201,3908.93,
2026-09-12T13:47:29.963168+00:00,201,3908.51,
2026-09-12T13:47:29.971946+00:00,201,3918.83,
2026-09-12T13:47:29.987914+00:00,201,3917.23,
2026-09-12T13:47:30.002171+00:00,201,3920.46,
2026-09-12T13:47:30.008677+00:00,201,3934.38,
2026-09-12T13:47:29.999042+00:00,201,3949.12,
2026-09-12T13:47:30.016590+00:00,201,3943.05,
2026-09-12T13:47:30.045977+00:00,201,3945.68,
2026-09-12T13:47:30.040900+00:00,201,3956.56,
2026-09-12T13:47:30.054192+00:00,201,3946.52,
2026-09-12T13:47:30.061675+00:00,201,3946.82,
2026-09-12T13:47:30.069781+00:00,201,3952.56,
2026-09-12T13:47:30.072103+00:00,201,3954.82,
2026-09-12T13:47:30.063780+00:00,201,3969.75,
2026-09-12T13:47:30.086489+00:00,201,3962.24,
2026-09-12T13:47:30.089905+00:00,201,3964.01,
2026-09-12T13:47:30.111453+00:00,201,3967.42,
2026-09-12T13:47:30.102745+00:00,201,3979.92,
2026-09-12T13:47:30.117702+00:00,201,3973.87,
2026-09-12T13:47:30.134155+00:00,201,3983.92,
2026-09-12T13:47:30.152497+00:00,201,3985.06,
2026-09-12T13:47:30.161443+00:00,201,3986.47,
2026-09-12T13:47:30.163506+00:00,201,3992.33,
2026-09-12T13:47:30.191426+00:00,201,3998.85,
2026-09-12T13:47:30.204289+00:00,201,4001.98,
2026-09-12T13:47:30.196740+00:00,201,4013.67,
2026-09-12T13:47:30.214313+00:00,201,4004.16,
2026-09-12T13:47:30.210405+00:00,201,4012.23,
2026-09-12T13:47:30.243699+00:00,201,4007.28,
2026-09-12T13:47:30.251153+00:00,201,4006.37,
2026-09-12T13:47:30.255389+00:00,201,4010.95,
2026-09-12T13:47:30.240555+00:00,201,4029.62,
2026-09-12T13:47:30.259684+00:00,201,4015.87,
2026-09-12T13:47:30.261998+00:00,201,4021.34,
2026-09-12T13:47:30.275719+00:00,201,4016.76,
2026-09-12T13:47:30.285466+00:00,201,4025.39,
2026-09-12T13:47:30.288935+00:00,201,4026.02,
2026-09-12T13:47:30.310776+00:00,201,4032.89,
2026-09-12T13:47:30.303892+00:00,201,4044.33,
2026-09-12T13:47:30.306687+00:00,201,4044.91,
2026-09-12T13:47:30.328442+00:00,201,4034.1,
2026-09-12T13:47:30.338399+00:00,201,4036.56,
2026-09-12T13:47:30.330915+00:00,201,4047.9,
2026-09-12T13:47:30.348216+00:00,201,4040.56,
2026-09-12T13:47:30.342080+00:00,201,4050.31,
2026-09-12T13:47:30.367103+00:00,201,4053.6,
2026-09-12T13:47:30.364137+00:00,201,4064.4,
2026-09-12T13:47:30.386797+00:00,201,4055.01,
2026-09-12T13:47:30.400518+00:00,201,4062.34,
2026-09-12T13:47:30.411037+00:00,201,4060.02,
2026-09-12T13:47:30.417605+00:00,201,4066.59,
2026-09-12T13:47:30.420923+00:00,201,4067.46,
2026-09-12T13:47:30.431435+00:00,201,4077.72,
2026-09-12T13:47:30.445582+00:00,201,4077.75,
2026-09-12T13:47:30.450120+00:00,201,4077.64,
2026-09-12T13:47:30.458957+00:00,201,4077.44,
2026-09-12T13:47:30.461544+00:00,201,4083.69,
2026-09-12T13:47:30.477708+00:00,201,4104.82,
2026-09-12T13:47:30.483756+00:00,201,4111.56,
2026-09-12T13:47:30.512282+00:00,201,4133.67,
2026-09-12T13:47:30.509349+00:00,201,4152.69,
2026-09-12T13:47:30.519138+00:00,201,4149.89,
2026-09-12T13:47:30.525346+00:00,201,4150.0,
2026-09-12T13:47:30.527903+00:00,201,4152.88,
2026-09-12T13:47:30.530348+00:00,201,4156.23,
2026-09-12T13:47:30.539959+00:00,201,4154.94,
2026-09-12T13:47:30.550660+00:00,201,4165.72,
2026-09-12T13:47:30.554238+00:00,201,4166.8,
2026-09-12T13:47:30.572779+00:00,201,4169.89,
2026-09-12T13:47:30.570253+00:00,201,4176.6,
2026-09-12T13:47:30.592227+00:00,201,4175.95,
2026-09-12T13:47:30.595990+00:00,201,4176.63,
2026-09-12T13:47:30.597950+00:00,201,4179.96,
2026-09-12T13:47:30.615508+00:00,201,4179.19,
2026-09-12T13:47:30.619843+00:00,201,4182.7,
2026-09-12T13:47:30.624890+00:00,201,4195.29,
2026-09-12T13:47:30.629071+00:00,201,4195.65,
2026-09-12T13:47:30.631200+00:00,201,4198.34,
2026-09-12T13:47:30.648104+00:00,201,4205.8,
2026-09-12T13:47:30.652628+00:00,201,4205.19,
2026-09-12T13:47:30.666433+00:00,201,4213.67,
2026-09-12T13:47:30.680372+00:00,201,4217.24,
2026-09-12T13:47:30.684170+00:00,201,4222.95,
2026-09-12T13:47:30.687551+00:00,201,4224.62,
2026-09-12T13:47:30.703396+00:00,201,4231.67,
2026-09-12T13:47:30.697968+00:00,201,4242.74,
2026-09-12T13:47:30.708976+00:00,201,4236.45,
2026-09-12T13:47:30.720956+00:00,201,4239.31,
2026-09-12T13:47:30.732012+00:00,201,4235.51,
2026-09-12T13:47:30.729521+00:00,201,4251.18,
2026-09-12T13:47:30.748467+00:00,201,4247.42,
2026-09-12T13:47:30.756913+00:00,201,4246.36,
2026-09-12T13:47:30.780717+00:00,201,4265.61,
2026-09-12T13:47:30.787784+00:00,201,4265.57,
2026-09-12T13:47:30.775500+00:00,201,4280.26,
2026-09-12T13:47:30.798647+00:00,201,4278.88,
2026-09-12T13:47:30.795894+00:00,201,4285.55,
2026-09-12T13:47:30.808255+00:00,201,4278.01,
2026-09-12T13:47:30.820542+00:00,201,4289.62,
2026-09-12T13:47:30.827225+00:00,201,4291.42,
2026-09-12T13:47:30.829642+00:00,201,4294.08,
2026-09-12T13:47:30.840111+00:00,201,4299.68,
2026-09-12T13:47:30.868208+00:00,201,4293.36,
2026-09-12T13:47:30.873142+00:00,201,4301.59,
2026-09-12T13:47:30.884770+00:00,201,4294.9,
2026-09-12T13:47:30.881120+00:00,201,4301.68,
2026-09-12T13:47:30.889307+00:00,201,4299.4,
2026-09-12T13:47:30.865608+00:00,201,4326.13,
2026-09-12T13:47:30.894666+00:00,201,4305.74,
2026-09-12T13:47:30.899591+00:00,201,4303.9,
2026-09-12T13:47:30.897281+00:00,201,4318.74,
2026-09-12T13:47:30.911378+00:00,201,4311.93,
2026-09-12T13:47:30.922792+00:00,201,4326.8,
2026-09-12T13:47:30.926479+00:00,201,4327.17,
2026-09-12T13:47:30.928283+00:00,201,4330.17,
2026-09-12T13:47:30.950292+00:00,201,4329.66,
2026-09-12T13:47:30.969104+00:00,201,4345.15,
2026-09-12T13:47:30.973099+00:00,201,4347.1,
2026-09-12T13:47:30.965771+00:00,201,4358.63,
2026-09-12T13:47:31.003076+00:00,201,4355.81,
2026-09-12T13:47:31.009045+00:00,201,4361.55,
2026-09-12T13:47:31.000506+00:00,201,4374.58,
2026-09-12T13:47:31.014616+00:00,201,4367.9,
2026-09-12T13:47:31.023153+00:00,201,4370.25,
2026-09-12T13:47:31.044194+00:00,201,4398.01,
2026-09-12T13:47:31.047637+00:00,201,4400.64,
2026-09-12T13:47:31.039629+00:00,201,4411.85,
2026-09-12T13:47:31.060096+00:00,201,4401.23,
2026-09-12T13:47:31.063921+00:00,201,4405.89,
2026-09-12T13:47:31.065798+00:00,201,4409.48,
2026-09-12T13:47:31.086362+00:00,201,4405.85,
2026-09-12T13:47:31.089921+00:00,201,4410.33,
2026-09-12T13:47:31.095784+00:00,201,4413.71,
2026-09-12T13:47:31.102610+00:00,201,4417.75,
2026-09-12T13:47:31.108081+00:00,201,4416.98,
2026-09-12T13:47:31.097382+00:00,201,4432.4,
2026-09-12T13:47:31.113508+00:00,201,4425.67,
2026-09-12T13:47:31.134933+00:00,201,4445.35,
2026-09-12T13:47:31.139303+00:00,201,4449.35,
2026-09-12T13:47:31.144178+00:00,201,4447.47,
2026-09-12T13:47:31.131923+00:00,201,4463.82,
2026-09-12T13:47:31.164279+00:00,201,4459.92,
2026-09-12T13:47:31.173914+00:00,201,4465.82,
2026-09-12T13:47:31.178232+00:00,201,4471.78,
2026-09-12T13:47:31.180529+00:00,201,4474.94,
2026-09-12T13:47:31.187120+00:00,201,4471.31,
2026-09-12T13:47:31.195197+00:00,201,4482.55,
2026-09-12T13:47:31.202995+00:00,201,4478.76,
2026-09-12T13:47:31.206559+00:00,201,4480.35,
2026-09-12T13:47:31.224201+00:00,201,4485.72,
2026-09-12T13:47:31.235802+00:00,201,4502.14,
2026-09-12T13:47:31.240228+00:00,201,4507.02,
2026-09-12T13:47:31.243812+00:00,201,4506.7,
2026-09-12T13:47:31.233293+00:00,201,4525.28,
2026-09-12T13:47:31.269887+00:00,201,4547.72,
2026-09-12T13:47:31.267293+00:00,201,4559.03,
2026-09-12T13:47:31.300297+00:00,201,4561.48,
2026-09-12T13:47:31.294353+00:00,201,4571.43,
2026-09-12T13:47:31.297442+00:00,201,4582.78,
2026-09-12T13:47:31.311783+00:00,201,4577.41,
2026-09-12T13:47:31.308628+00:00,201,4585.03,
2026-09-12T13:47:31.340085+00:00,201,4595.2,
2026-09-12T13:47:31.335546+00:00,201,4605.59,
2026-09-12T13:47:31.346078+00:00,201,4599.07,
2026-09-12T13:47:31.361423+00:00,201,4590.28,
2026-09-12T13:47:31.363200+00:00,201,4613.09,
2026-09-12T13:47:31.382025+00:00,201,4621.8,
2026-09-12T13:47:31.385838+00:00,201,4623.45,
2026-09-12T13:47:31.389210+00:00,201,4645.89,
2026-09-12T13:47:31.392781+00:00,201,4652.58,
2026-09-12T13:47:31.396699+00:00,201,4651.61,
2026-09-12T13:47:31.409207+00:00,201,4642.32,
2026-09-12T13:47:31.421195+00:00,201,4637.63,
2026-09-12T13:47:31.425411+00:00,201,4638.87,
2026-09-12T13:47:31.431435+00:00,201,4647.93,
2026-09-12T13:47:31.457988+00:00,201,4656.66,
2026-09-12T13:47:31.463191+00:00,201,4660.25,
2026-09-12T13:47:31.469408+00:00,201,4658.28,
2026-09-12T13:47:31.466801+00:00,201,4677.63,
2026-09-12T13:47:31.480648+00:00,201,4670.9,
2026-09-12T13:47:31.504491+00:00,201,4665.51,
2026-09-12T13:47:31.511676+00:00,201,4680.65,
2026-09-12T13:47:31.519726+00:00,201,4680.64,
2026-09-12T13:47:31.501957+00:00,201,4706.04,
2026-09-12T13:47:31.515700+00:00,201,4695.17,
2026-09-12T13:47:31.527823+00:00,201,4695.14,
2026-09-12T13:47:31.534235+00:00,201,4695.21,
2026-09-12T13:47:31.531211+00:00,201,4706.57,
2026-09-12T13:47:31.536298+00:00,201,4707.12,
2026-09-12T13:47:31.581913+00:00,201,4676.0,
2026-09-12T13:47:31.585188+00:00,201,4676.77,
2026-09-12T13:47:31.572052+00:00,201,4701.04,
2026-09-12T13:47:31.590583+00:00,201,4687.01,
2026-09-12T13:47:31.596006+00:00,201,4686.43,
2026-09-12T13:47:31.597894+00:00,201,4688.31,
2026-09-12T13:47:31.614323+00:00,201,4687.89,
2026-09-12T13:47:31.619048+00:00,201,4692.02,
2026-09-12T13:47:31.624935+00:00,201,4699.93,
2026-09-12T13:47:31.634933+00:00,201,4707.8,
2026-09-12T13:47:31.655899+00:00,201,4707.93,
2026-09-12T13:47:31.666171+00:00,201,4706.77,
2026-09-12T13:47:31.674644+00:00,201,4708.03,
2026-09-12T13:47:31.678264+00:00,201,4711.52,
2026-09-12T13:47:31.683275+00:00,201,4717.11,
2026-09-12T13:47:31.692478+00:00,201,4714.96,
2026-09-12T13:47:31.697949+00:00,201,4723.93,
2026-09-12T13:47:31.712917+00:00,201,4720.43,
2026-09-12T13:47:31.728888+00:00,201,4724.62,
2026-09-12T13:47:31.748379+00:00,201,4729.5,
2026-09-12T13:47:31.751862+00:00,201,4733.66,
2026-09-12T13:47:31.756582+00:00,201,4748.3,
2026-09-12T13:47:31.761892+00:00,201,4747.97,
2026-09-12T13:47:31.764657+00:00,201,4748.91,
2026-09-12T13:47:31.759288+00:00,201,4761.03,
2026-09-12T13:47:31.771878+00:00,201,4752.68,
2026-09-12T13:47:31.785948+00:00,201,4757.8,
2026-09-12T13:47:31.812069+00:00,201,4767.72,
2026-09-12T13:47:31.806529+00:00,201,4777.4,
2026-09-12T13:47:31.825925+00:00,201,4778.46,
2026-09-12T13:47:31.832057+00:00,201,4777.09,
2026-09-12T13:47:31.829451+00:00,201,4783.67,
2026-09-12T13:47:31.866644+00:00,201,4780.95,
2026-09-12T13:47:31.872274+00:00,201,4785.29,
2026-09-12T13:47:31.876703+00:00,201,4784.79,
2026-09-12T13:47:31.883738+00:00,201,4784.53,
2026-09-12T13:47:31.863332+00:00,201,4809.85,
2026-09-12T13:47:31.887412+00:00,201,4794.14,
2026-09-12T13:47:31.895873+00:00,201,4794.82,
2026-09-12T13:47:31.922652+00:00,201,4801.24,
2026-09-12T13:47:31.928044+00:00,201,4800.95,
2026-09-12T13:47:31.933497+00:00,201,4809.42,
2026-09-12T13:47:31.930450+00:00,201,4822.08,
2026-09-12T13:47:31.953994+00:00,201,4818.44,
2026-09-12T13:47:31.963629+00:00,201,4816.21,
2026-09-12T13:47:31.974298+00:00,201,4815.73,
2026-09-12T13:47:31.978341+00:00,201,4816.36,
2026-09-12T13:47:31.983335+00:00,201,4817.72,
2026-09-12T13:47:31.992495+00:00,201,4819.04,
2026-09-12T13:47:31.995096+00:00,201,4832.62,
2026-09-12T13:47:32.016238+00:00,201,4837.42,
2026-09-12T13:47:32.029302+00:00,201,4844.4,
2026-09-12T13:47:32.037310+00:00,201,4843.85,
2026-09-12T13:47:32.030964+00:00,201,4855.37,
2026-09-12T13:47:32.063443+00:00,201,4850.61,
2026-09-12T13:47:32.070710+00:00,201,4849.38,
2026-09-12T13:47:32.076203+00:00,201,4848.27,
2026-09-12T13:47:32.065373+00:00,201,4863.5,
2026-09-12T13:47:32.090628+00:00,201,4868.12,
2026-09-12T13:47:32.101787+00:00,201,4870.05,
2026-09-12T13:47:32.098801+00:00,201,4880.57,
2026-09-12T13:47:32.116329+00:00,201,4880.72,
2026-09-12T13:47:32.123620+00:00,201,4885.48,
2026-09-12T13:47:32.145878+00:00,201,4891.88,
2026-09-12T13:47:32.140517+00:00,201,4902.86,
2026-09-12T13:47:32.135809+00:00,201,4913.18,
2026-09-12T13:47:32.160725+00:00,201,4891.18,
2026-09-12T13:47:32.162734+00:00,201,4914.83,
2026-09-12T13:47:32.181535+00:00,201,4899.65,
2026-09-12T13:47:32.190982+00:00,201,4896.59,
2026-09-12T13:47:32.199205+00:00,201,4905.66,
2026-09-12T13:47:32.196660+00:00,201,4913.96,
2026-09-12T13:47:32.212679+00:00,201,4925.85,
2026-09-12T13:47:32.220182+00:00,201,4923.41,
2026-09-12T13:47:32.216531+00:00,201,4930.88,
2026-09-12T13:47:32.233760+00:00,201,4924.95,
2026-09-12T13:47:32.229297+00:00,201,4933.81,
2026-09-12T13:47:32.250566+00:00,201,4943.63,
2026-09-12T13:47:32.274926+00:00,201,4955.01,
2026-09-12T13:47:32.278969+00:00,201,4959.47,
2026-09-12T13:47:32.286320+00:00,201,4957.41,
2026-09-12T13:47:32.271736+00:00,201,4974.76,
2026-09-12T13:47:32.307676+00:00,201,4968.62,
2026-09-12T13:47:32.311971+00:00,201,4968.78,
2026-09-12T13:47:32.315339+00:00,201,4975.16,
2026-09-12T13:47:32.304626+00:00,201,4990.41,
2026-09-12T13:47:32.326679+00:00,201,4976.11,
2026-09-12T13:47:32.328362+00:00,201,4982.36,
2026-09-12T13:47:32.359963+00:00,201,4990.61,
2026-09-12T13:47:32.371301+00:00,201,4997.68,
2026-09-12T13:47:32.366542+00:00,201,5007.65,
2026-09-12T13:47:32.374902+00:00,201,5004.76,
2026-09-12T13:47:32.362166+00:00,201,5020.7,
2026-09-12T13:47:32.395043+00:00,201,5011.53,
2026-09-12T13:47:32.402059+00:00,201,5013.14,
2026-09-12T13:47:32.396973+00:00,201,5023.43,
2026-09-12T13:47:32.409958+00:00,201,5015.21,
2026-09-12T13:47:32.432597+00:00,201,5023.33,
2026-09-12T13:47:32.437170+00:00,201,5025.98,
2026-09-12T13:47:32.429742+00:00,201,5041.3,
2026-09-12T13:47:32.458360+00:00,201,5030.3,
2026-09-12T13:47:32.462403+00:00,201,5031.45,
2026-09-12T13:47:32.469501+00:00,201,5030.77,
2026-09-12T13:47:32.474447+00:00,201,5030.83,
2026-09-12T13:47:32.464342+00:00,201,5049.34,
2026-09-12T13:47:32.495341+00:00,201,5032.27,
2026-09-12T13:47:32.505098+00:00,201,5032.23,
2026-09-12T13:47:32.510019+00:00,201,5034.85,
2026-09-12T13:47:32.497725+00:00,201,5051.43,
2026-09-12T13:47:32.533096+00:00,201,5037.92,
2026-09-12T13:47:32.528319+00:00,201,5047.09,
2026-09-12T13:47:32.534787+00:00,201,5045.41,
2026-09-12T13:47:32.545296+00:00,201,5049.99,
2026-09-12T13:47:32.569391+00:00,201,5040.92,
2026-09-12T13:47:32.562998+00:00,201,5051.12,
2026-09-12T13:47:32.614661+00:00,201,5030.61,
2026-09-12T13:47:32.605263+00:00,201,5044.84,
2026-09-12T13:47:32.639706+00:00,201,5023.21,
2026-09-12T13:47:32.647563+00:00,201,5025.08,
2026-09-12T13:47:32.636101+00:00,201,5041.36,
2026-09-12T13:47:32.663638+00:00,201,5041.02,
2026-09-12T13:47:32.666090+00:00,201,5045.72,
2026-09-12T13:47:32.688315+00:00,201,5040.9,
2026-09-12T13:47:32.706418+00:00,201,5040.58,
2026-09-12T13:47:32.697767+00:00,201,5053.78,
2026-09-12T13:47:32.717938+00:00,201,5056.64,
2026-09-12T13:47:32.722642+00:00,201,5058.03,
2026-09-12T13:47:32.725437+00:00,201,5060.34,
2026-09-12T13:47:32.729224+00:00,201,5059.69,
2026-09-12T13:47:32.736493+00:00,201,5060.17,
2026-09-12T13:47:32.731687+00:00,201,5072.31,
2026-09-12T13:47:32.778632+00:00,201,5069.68,
2026-09-12T13:47:32.783288+00:00,201,5072.93,
2026-09-12T13:47:32.788461+00:00,201,5075.19,
2026-09-12T13:47:32.792926+00:00,201,5081.52,
2026-09-12T13:47:32.775735+00:00,201,5104.87,
2026-09-12T13:47:32.795673+00:00,201,5092.71,
2026-09-12T13:47:32.800218+00:00,201,5093.84,
2026-09-12T13:47:32.832730+00:00,201,5118.45,
2026-09-12T13:47:32.836671+00:00,201,5119.46,
2026-09-12T13:47:32.830008+00:00,201,5130.91,
2026-09-12T13:47:32.846541+00:00,201,5134.78,
2026-09-12T13:47:32.850728+00:00,201,5135.87,
2026-09-12T13:47:32.868758+00:00,201,5142.41,
2026-09-12T13:47:32.880539+00:00,201,5147.12,
2026-09-12T13:47:32.884472+00:00,201,5147.0,
2026-09-12T13:47:32.896588+00:00,201,5146.09,
2026-09-12T13:47:32.898814+00:00,201,5150.05,
2026-09-12T13:47:32.919173+00:00,201,5156.47,
2026-09-12T13:47:32.923369+00:00,201,5156.79,
2026-09-12T13:47:32.930272+00:00,201,5157.63,
2026-09-12T13:47:32.927602+00:00,201,5164.65,
2026-09-12T13:47:32.943072+00:00,201,5160.77,
2026-09-12T13:47:32.951945+00:00,201,5156.19,
2026-09-12T13:47:32.961691+00:00,201,5161.94,
2026-09-12T13:47:32.976473+00:00,201,5169.63,
2026-09-12T13:47:32.980470+00:00,201,5173.03,
2026-09-12T13:47:32.984722+00:00,201,5182.82,
2026-09-12T13:47:32.989118+00:00,201,5182.97,
2026-09-12T13:47:33.009674+00:00,201,5182.43,
2026-09-12T13:47:33.018614+00:00,201,5178.27,
2026-09-12T13:47:33.036996+00:00,201,5191.69,
2026-09-12T13:47:33.041158+00:00,201,5194.58,
2026-09-12T13:47:33.047714+00:00,201,5190.83,
2026-09-12T13:47:33.033611+00:00,201,5209.37,
2026-09-12T13:47:33.053278+00:00,201,5195.54,
2026-09-12T13:47:33.074256+00:00,201,5195.34,
2026-09-12T13:47:33.079583+00:00,201,5195.84,
2026-09-12T13:47:33.070250+00:00,201,5214.54,
2026-09-12T13:47:33.087431+00:00,201,5201.16,
2026-09-12T13:47:33.108787+00:00,201,5210.88,
2026-09-12T13:47:33.115093+00:00,201,5210.18,
2026-09-12T13:47:33.102228+00:00,201,5226.42,
2026-09-12T13:47:33.133435+00:00,201,5211.62,
2026-09-12T13:47:33.153138+00:00,201,5224.63,
2026-09-12T13:47:33.160567+00:00,201,5225.46,
2026-09-12T13:47:33.164135+00:00,201,5225.06,
2026-09-12T13:47:33.166848+00:00,201,5236.58,
2026-09-12T13:47:33.204448+00:00,201,5230.92,
2026-09-12T13:47:33.195847+00:00,201,5243.72,
2026-09-12T13:47:33.215548+00:00,201,5230.6,
2026-09-12T13:47:33.239558+00:00,201,5247.94,
2026-09-12T13:47:33.244623+00:00,201,5247.28,
2026-09-12T13:47:33.236220+00:00,201,5259.69,
2026-09-12T13:47:33.247378+00:00,201,5256.86,
2026-09-12T13:47:33.268414+00:00,201,5254.11,
2026-09-12T13:47:33.265586+00:00,201,5261.13,
2026-09-12T13:47:33.278284+00:00,201,5261.54,
2026-09-12T13:47:33.282226+00:00,201,5261.81,
2026-09-12T13:47:33.286520+00:00,201,5261.68,
2026-09-12T13:47:33.307198+00:00,201,5274.49,
2026-09-12T13:47:33.304465+00:00,201,5281.87,
2026-09-12T13:47:33.317829+00:00,201,5274.17,
2026-09-12T13:47:33.339556+00:00,201,5280.37,
2026-09-12T13:47:33.343869+00:00,201,5294.19,
2026-09-12T13:47:33.347546+00:00,201,5296.55,
2026-09-12T13:47:33.354554+00:00,201,5292.46,
2026-09-12T13:47:33.336692+00:00,201,5314.87,
2026-09-12T13:47:33.367100+00:00,201,5298.4,
2026-09-12T13:47:33.378874+00:00,201,5291.81,
2026-09-12T13:47:33.386586+00:00,201,5297.63,
2026-09-12T13:47:33.390513+00:00,201,5296.9,
2026-09-12T13:47:33.398610+00:00,201,5303.43,
2026-09-12T13:47:33.413122+00:00,201,5316.5,
2026-09-12T13:47:33.419352+00:00,201,5323.15,
2026-09-12T13:47:33.426933+00:00,201,5329.23,
2026-09-12T13:47:33.429029+00:00,201,5332.26,
2026-09-12T13:47:33.443411+00:00,201,5329.99,
2026-09-12T13:47:33.453130+00:00,201,5339.85,
2026-09-12T13:47:33.449495+00:00,201,5351.42,
2026-09-12T13:47:33.484408+00:00,201,5351.92,
2026-09-12T13:47:33.489404+00:00,201,5352.57,
2026-09-12T13:47:33.475570+00:00,201,5369.98,
2026-09-12T13:47:33.493310+00:00,201,5361.0,
2026-09-12T13:47:33.496067+00:00,201,5362.1,
2026-09-12T13:47:33.502837+00:00,201,5362.1,
2026-09-12T13:47:33.516396+00:00,201,5376.44,
2026-09-12T13:47:33.545283+00:00,201,5377.18,
2026-09-12T13:47:33.537798+00:00,201,5395.58,
2026-09-12T13:47:33.549295+00:00,201,5390.32,
2026-09-12T13:47:33.554164+00:00,201,5389.81,
2026-09-12T13:47:33.570687+00:00,201,5399.11,
2026-09-12T13:47:33.567114+00:00,201,5408.43,
2026-09-12T13:47:33.595960+00:00,201,5393.87,
2026-09-12T13:47:33.603384+00:00,201,5405.5,
2026-09-12T13:47:33.609628+00:00,201,5405.03,
2026-09-12T13:47:33.598150+00:00,201,5420.01,
2026-09-12T13:47:33.615221+00:00,201,5407.7,
2026-09-12T13:47:33.631971+00:00,201,5409.48,
2026-09-12T13:47:33.651621+00:00,201,5406.29,
2026-09-12T13:47:33.656720+00:00,201,5405.58,
2026-09-12T13:47:33.663218+00:00,201,5406.89,
2026-09-12T13:47:33.673953+00:00,201,5409.36,
2026-09-12T13:47:33.693658+00:00,201,5396.79,
2026-09-12T13:47:33.695677+00:00,201,5405.43,
2026-09-12T13:47:33.719640+00:00,201,5411.01,
2026-09-12T13:47:33.723369+00:00,201,5417.1,
2026-09-12T13:47:33.727141+00:00,201,5418.89,
2026-09-12T13:47:33.731249+00:00,201,5417.91,
2026-09-12T13:47:33.758394+00:00,201,5412.71,
2026-09-12T13:47:33.763106+00:00,201,5415.88,
2026-09-12T13:47:33.765302+00:00,201,5432.69,
2026-09-12T13:47:33.780834+00:00,201,5430.46,
2026-09-12T13:47:33.785303+00:00,201,5432.47,
2026-09-12T13:47:33.794491+00:00,201,5439.99,
2026-09-12T13:47:33.796433+00:00,201,5442.73,
2026-09-12T13:47:33.817389+00:00,201,5440.32,
2026-09-12T13:47:33.822374+00:00,201,5446.52,
2026-09-12T13:47:33.824739+00:00,201,5448.59,
2026-09-12T13:47:33.835193+00:00,201,5449.63,
2026-09-12T13:47:33.829452+00:00,201,5459.76,
2026-09-12T13:47:33.863332+00:00,201,5451.08,
2026-09-12T13:47:33.871949+00:00,201,5461.4,
2026-09-12T13:47:33.865510+00:00,201,5472.65,
2026-09-12T13:47:33.890881+00:00,201,5460.27,
2026-09-12T13:47:33.905244+00:00,201,5458.81,
2026-09-12T13:47:33.897694+00:00,201,5474.57,
2026-09-12T13:47:33.922743+00:00,201,5456.21,
2026-09-12T13:47:33.929741+00:00,201,5475.3,
2026-09-12T13:47:33.943198+00:00,201,5483.5,
2026-09-12T13:47:33.948372+00:00,201,5484.57,
2026-09-12T13:47:33.959759+00:00,201,5479.58,
2026-09-12T13:47:33.962096+00:00,201,5484.02,
2026-09-12T13:47:33.991775+00:00,201,5486.38,
2026-09-12T13:47:33.997605+00:00,201,5487.65,
2026-09-12T13:47:34.000813+00:00,201,5509.87,
2026-09-12T13:47:34.008593+00:00,201,5507.28,
2026-09-12T13:47:34.003413+00:00,201,5522.46,
2026-09-12T13:47:34.022459+00:00,201,5506.42,
2026-09-12T13:47:34.027027+00:00,201,5504.91,
2026-09-12T13:47:34.033632+00:00,201,5506.06,
2026-09-12T13:47:34.029460+00:00,201,5514.51,
2026-09-12T13:47:34.048986+00:00,201,5509.05,
2026-09-12T13:47:34.054018+00:00,201,5507.07,
2026-09-12T13:47:34.069451+00:00,201,5515.83,
2026-09-12T13:47:34.078980+00:00,201,5517.81,
2026-09-12T13:47:34.082760+00:00,201,5517.41,
2026-09-12T13:47:34.091680+00:00,201,5516.56,
2026-09-12T13:47:34.101023+00:00,201,5533.1,
2026-09-12T13:47:34.118185+00:00,201,5531.39,
2026-09-12T13:47:34.137664+00:00,201,5533.5,
2026-09-12T13:47:34.132811+00:00,201,5545.64,
2026-09-12T13:47:34.148016+00:00,201,5540.79,
2026-09-12T13:47:34.155944+00:00,201,5537.56,
2026-09-12T13:47:34.165149+00:00,201,5549.64,
2026-09-12T13:47:34.190391+00:00,201,5536.64,
2026-09-12T13:47:34.206367+00:00,201,5544.78,
2026-09-12T13:47:34.210506+00:00,201,5550.3,
2026-09-12T13:47:34.203460+00:00,201,5563.76,
2026-09-12T13:47:34.218578+00:00,201,5563.71,
2026-09-12T13:47:34.222738+00:00,201,5563.5,
2026-09-12T13:47:34.251092+00:00,201,5559.02,
2026-09-12T13:47:34.243144+00:00,201,5571.86,
2026-09-12T13:47:34.257624+00:00,201,5561.91,
2026-09-12T13:47:34.266431+00:00,201,5566.95,
2026-09-12T13:47:34.270262+00:00,201,5575.25,
2026-09-12T13:47:34.275655+00:00,201,5574.56,
2026-09-12T13:47:34.263877+00:00,201,5597.85,
2026-09-12T13:47:34.283448+00:00,201,5585.53,
2026-09-12T13:47:34.292581+00:00,201,5588.6,
2026-09-12T13:47:34.295207+00:00,201,5595.71,
2026-09-12T13:47:34.310963+00:00,201,5598.2,
2026-09-12T13:47:34.315068+00:00,201,5599.01,
2026-09-12T13:47:34.343838+00:00,201,5604.71,
2026-09-12T13:47:34.348339+00:00,201,5608.2,
2026-09-12T13:47:34.351687+00:00,201,5611.43,
2026-09-12T13:47:34.338296+00:00,201,5632.96,
2026-09-12T13:47:34.362635+00:00,201,5614.94,
2026-09-12T13:47:34.365366+00:00,201,5621.14,
2026-09-12T13:47:34.375062+00:00,201,5618.29,
2026-09-12T13:47:34.378914+00:00,201,5625.74,
2026-09-12T13:47:34.388987+00:00,201,5648.52,
2026-09-12T13:47:34.392481+00:00,201,5650.38,
2026-09-12T13:47:34.395357+00:00,201,5658.12,
2026-09-12T13:47:34.420902+00:00,201,5662.08,
2026-09-12T13:47:34.428647+00:00,201,5660.3,
2026-09-12T13:47:34.431125+00:00,201,5671.81,
2026-09-12T13:47:34.441896+00:00,201,5668.28,
2026-09-12T13:47:34.462968+00:00,201,5682.16,
2026-09-12T13:47:34.471151+00:00,201,5681.82,
2026-09-12T13:47:34.464976+00:00,201,5692.89,
2026-09-12T13:47:34.488490+00:00,201,5683.29,
2026-09-12T13:47:34.484312+00:00,201,5693.09,
2026-09-12T13:47:34.509368+00:00,201,5696.88,
2026-09-12T13:47:34.505327+00:00,201,5707.66,
2026-09-12T13:47:34.523447+00:00,201,5707.2,
2026-09-12T13:47:34.527859+00:00,201,5710.98,
2026-09-12T13:47:34.530039+00:00,201,5711.98,
2026-09-12T13:47:34.536543+00:00,201,5711.34,
2026-09-12T13:47:34.545344+00:00,201,5709.17,
2026-09-12T13:47:34.582681+00:00,201,5692.68,
2026-09-12T13:47:34.572809+00:00,201,5708.36,
2026-09-12T13:47:34.595474+00:00,201,5708.51,
2026-09-12T13:47:34.598530+00:00,201,5712.93,
2026-09-12T13:47:34.634634+00:00,201,5715.8,
2026-09-12T13:47:34.646128+00:00,201,5710.91,
2026-09-12T13:47:34.662164+00:00,201,5710.05,
2026-09-12T13:47:34.669149+00:00,201,5707.59,
2026-09-12T13:47:34.680907+00:00,201,5708.43,
2026-09-12T13:47:34.675488+00:00,201,5717.88,
2026-09-12T13:47:34.665454+00:00,201,5739.2,
2026-09-12T13:47:34.686671+00:00,201,5723.19,
2026-09-12T13:47:34.695021+00:00,201,5718.96,
2026-09-12T13:47:34.697100+00:00,201,5728.44,
2026-09-12T13:47:34.721142+00:00,201,5723.51,
2026-09-12T13:47:34.716506+00:00,201,5732.04,
2026-09-12T13:47:34.728590+00:00,201,5736.48,
2026-09-12T13:47:34.742778+00:00,201,5744.73,
2026-09-12T13:47:34.746958+00:00,201,5745.34,
2026-09-12T13:47:34.768287+00:00,201,5746.71,
2026-09-12T13:47:34.764000+00:00,201,5756.98,
2026-09-12T13:47:34.772722+00:00,201,5752.6,
2026-09-12T13:47:34.778014+00:00,201,5751.51,
2026-09-12T13:47:34.794818+00:00,201,5745.37,
2026-09-12T13:47:34.802789+00:00,201,5751.69,
2026-09-12T13:47:34.797772+00:00,201,5761.1,
2026-09-12T13:47:34.820295+00:00,201,5765.21,
2026-09-12T13:47:34.824929+00:00,201,5765.38,
2026-09-12T13:47:34.829646+00:00,201,5766.11,
2026-09-12T13:47:34.831508+00:00,201,5773.39,
2026-09-12T13:47:34.854019+00:00,201,5765.69,
2026-09-12T13:47:34.857929+00:00,201,5771.39,
2026-09-12T13:47:34.862099+00:00,201,5780.29,
2026-09-12T13:47:34.880229+00:00,201,5782.1,
2026-09-12T13:47:34.897729+00:00,201,5793.52,
2026-09-12T13:47:34.907237+00:00,201,5789.47,
2026-09-12T13:47:34.912272+00:00,201,5787.44,
2026-09-12T13:47:34.900415+00:00,201,5803.66,
2026-09-12T13:47:34.935177+00:00,201,5795.47,
2026-09-12T13:47:34.940964+00:00,201,5798.45,
2026-09-12T13:47:34.931842+00:00,201,5812.23,
2026-09-12T13:47:34.945534+00:00,201,5807.22,
2026-09-12T13:47:34.960364+00:00,201,5802.53,
2026-09-12T13:47:34.962592+00:00,201,5804.87,
2026-09-12T13:47:34.967621+00:00,201,5805.94,
2026-09-12T13:47:34.980930+00:00,201,5799.64,
2026-09-12T13:47:34.996002+00:00,201,5798.45,
2026-09-12T13:47:35.003373+00:00,201,5809.53,
2026-09-12T13:47:34.998250+00:00,201,5827.17,
2026-09-12T13:47:35.046438+00:00,201,5822.59,
2026-09-12T13:47:35.053456+00:00,201,5820.01,
2026-09-12T13:47:35.055849+00:00,201,5824.17,
2026-09-12T13:47:35.041418+00:00,201,5844.66,
2026-09-12T13:47:35.063264+00:00,201,5828.6,
2026-09-12T13:47:35.077643+00:00,201,5837.57,
2026-09-12T13:47:35.081540+00:00,201,5837.77,
2026-09-12T13:47:35.086364+00:00,201,5838.1,
2026-09-12T13:47:35.110318+00:00,201,5843.74,
2026-09-12T13:47:35.118761+00:00,201,5839.81,
2026-09-12T13:47:35.104137+00:00,201,5862.5,
2026-09-12T13:47:35.123825+00:00,201,5847.21,
2026-09-12T13:47:35.139895+00:00,201,5865.92,
2026-09-12T13:47:35.136673+00:00,201,5872.36,
2026-09-12T13:47:35.161695+00:00,201,5856.38,
2026-09-12T13:47:35.163781+00:00,201,5859.02,
2026-09-12T13:47:35.174839+00:00,201,5861.04,
2026-09-12T13:47:35.179887+00:00,201,5873.35,
2026-09-12T13:47:35.188922+00:00,201,5888.6,
2026-09-12T13:47:35.191827+00:00,201,5889.64,
2026-09-12T13:47:35.200513+00:00,201,5885.19,
2026-09-12T13:47:35.205863+00:00,201,5895.08,
2026-09-12T13:47:35.203596+00:00,201,5902.82,
2026-09-12T13:47:35.223411+00:00,201,5887.04,
2026-09-12T13:47:35.216126+00:00,201,5901.19,
2026-09-12T13:47:35.232211+00:00,201,5890.69,
2026-09-12T13:47:35.182896+00:00,201,5944.36,
2026-09-12T13:47:35.249717+00:00,201,5882.04,
2026-09-12T13:47:35.253747+00:00,201,5884.47,
2026-09-12T13:47:35.258559+00:00,201,5888.74,
2026-09-12T13:47:35.262121+00:00,201,5896.0,
2026-09-12T13:47:35.280175+00:00,201,5907.37,
2026-09-12T13:47:35.314353+00:00,201,5923.46,
2026-09-12T13:47:35.320438+00:00,201,5921.76,
2026-09-12T13:47:35.324510+00:00,201,5923.95,
2026-09-12T13:47:35.309471+00:00,201,5943.39,
2026-09-12T13:47:35.330157+00:00,201,5929.41,
2026-09-12T13:47:35.358997+00:00,201,5913.92,
2026-09-12T13:47:35.370686+00:00,201,5920.5,
2026-09-12T13:47:35.375184+00:00,201,5920.84,
2026-09-12T13:47:35.382740+00:00,201,5920.68,
2026-09-12T13:47:35.367631+00:00,201,5940.9,
2026-09-12T13:47:35.393518+00:00,201,5935.92,
2026-09-12T13:47:35.396001+00:00,201,5940.05,
2026-09-12T13:47:35.442305+00:00,201,5933.87,
2026-09-12T13:47:35.448389+00:00,201,5932.31,
2026-09-12T13:47:35.451580+00:00,201,5933.61,
2026-09-12T13:47:35.461433+00:00,201,5932.9,
2026-09-12T13:47:35.437126+00:00,201,5960.4,
2026-09-12T13:47:35.475377+00:00,201,5936.42,
2026-09-12T13:47:35.469907+00:00,201,5947.32,
2026-09-12T13:47:35.464626+00:00,201,5956.43,
2026-09-12T13:47:35.492497+00:00,201,5951.36,
2026-09-12T13:47:35.500356+00:00,201,5948.73,
2026-09-12T13:47:35.497069+00:00,201,5959.49,
2026-09-12T13:47:35.509604+00:00,201,5953.95,
2026-09-12T13:47:35.520469+00:00,201,5951.53,
2026-09-12T13:47:35.525174+00:00,201,5952.54,
2026-09-12T13:47:35.529873+00:00,201,5952.61,
2026-09-12T13:47:35.539273+00:00,201,5952.38,
2026-09-12T13:47:35.532180+00:00,201,5968.82,
2026-09-12T13:47:35.580477+00:00,201,5966.58,
2026-09-12T13:47:35.588839+00:00,201,5962.95,
2026-09-12T13:47:35.595856+00:00,201,5960.59,
2026-09-12T13:47:35.574952+00:00,201,5985.86,
2026-09-12T13:47:35.600596+00:00,201,5968.07,
2026-09-12T13:47:35.591745+00:00,201,5986.31,
2026-09-12T13:47:35.624377+00:00,201,5966.92,
2026-09-12T13:47:35.639968+00:00,201,5972.38,
2026-09-12T13:47:35.636301+00:00,201,5983.95,
2026-09-12T13:47:35.650126+00:00,201,5975.14,
2026-09-12T13:47:35.655752+00:00,201,5974.55,
2026-09-12T13:47:35.658525+00:00,201,5974.83,
2026-09-12T13:47:35.677857+00:00,201,5978.92,
2026-09-12T13:47:35.669536+00:00,201,6005.08,
2026-09-12T13:47:35.681865+00:00,201,5998.93,
2026-09-12T13:47:35.687002+00:00,201,5996.91,
2026-09-12T13:47:35.701048+00:00,201,6001.5,
2026-09-12T13:47:35.710021+00:00,201,5997.47,
2026-09-12T13:47:35.738059+00:00,201,6000.18,
2026-09-12T13:47:35.747422+00:00,201,5996.99,
2026-09-12T13:47:35.732370+00:00,201,6017.11,
2026-09-12T13:47:35.750621+00:00,201,6003.16,
2026-09-12T13:47:35.758703+00:00,201,6000.96,
2026-09-12T13:47:35.765612+00:00,201,6001.42,
2026-09-12T13:47:35.817818+00:00,201,5978.18,
2026-09-12T13:47:35.810181+00:00,201,5994.81,
2026-09-12T13:47:35.826434+00:00,201,5981.58,
2026-09-12T13:47:35.829012+00:00,201,5985.01,
2026-09-12T13:47:35.861895+00:00,201,5992.51,
2026-09-12T13:47:35.865912+00:00,201,5992.92,
2026-09-12T13:47:35.868209+00:00,201,5998.52,
2026-09-12T13:47:35.880330+00:00,201,5990.93,
2026-09-12T13:47:35.889304+00:00,201,5997.67,
2026-09-12T13:47:35.893750+00:00,201,5997.81,
2026-09-12T13:47:35.896080+00:00,201,6000.45,
2026-09-12T13:47:35.935395+00:00,201,6008.48,
2026-09-12T13:47:35.941294+00:00,201,6007.76,
2026-09-12T13:47:35.945247+00:00,201,6008.65,
2026-09-12T13:47:35.932318+00:00,201,6026.74,
2026-09-12T13:47:35.951809+00:00,201,6011.86,
2026-09-12T13:47:35.976401+00:00,201,6008.9,
2026-09-12T13:47:35.967876+00:00,201,6021.87,
2026-09-12T13:47:36.003929+00:00,201,6033.82,
2026-09-12T13:47:36.009391+00:00,201,6063.68,
2026-09-12T13:47:36.035229+00:00,201,6042.7,
2026-09-12T13:47:35.998549+00:00,201,6109.8,
2026-09-12T13:47:36.045459+00:00,201,6071.81,
2026-09-12T13:47:36.058922+00:00,201,6066.29,
2026-09-12T13:47:36.064381+00:00,201,6078.68,
2026-09-12T13:47:36.073089+00:00,201,6075.5,
2026-09-12T13:47:36.048408+00:00,201,6104.65,
2026-09-12T13:47:36.041763+00:00,201,6120.85,
2026-09-12T13:47:36.051628+00:00,201,6125.82,
2026-09-12T13:47:36.100554+00:00,201,6082.78,
2026-09-12T13:47:36.079483+00:00,201,6108.51,
2026-09-12T13:47:36.114761+00:00,201,6077.6,
2026-09-12T13:47:36.123555+00:00,201,6085.45,
2026-09-12T13:47:36.127796+00:00,201,6092.6,
2026-09-12T13:47:36.130495+00:00,201,6096.44,
2026-09-12T13:47:36.144545+00:00,201,6098.6,
2026-09-12T13:47:36.151659+00:00,201,6102.55,
2026-09-12T13:47:36.170093+00:00,201,6094.21,
2026-09-12T13:47:36.166863+00:00,201,6108.52,
2026-09-12T13:47:36.192433+00:00,201,6091.94,
2026-09-12T13:47:36.200475+00:00,201,6105.52,
2026-09-12T13:47:36.195604+00:00,201,6115.16,
2026-09-12T13:47:36.208104+00:00,201,6108.33,
2026-09-12T13:47:36.210969+00:00,201,6108.57,
2026-09-12T13:47:36.223075+00:00,201,6102.11,
2026-09-12T13:47:36.229555+00:00,201,6109.94,
2026-09-12T13:47:36.237885+00:00,201,6113.78,
2026-09-12T13:47:36.243521+00:00,201,6113.61,
2026-09-12T13:47:36.231822+00:00,201,6128.63,
2026-09-12T13:47:36.258032+00:00,201,6106.63,
2026-09-12T13:47:36.262052+00:00,201,6115.99,
2026-09-12T13:47:36.273198+00:00,201,6113.66,
2026-09-12T13:47:36.264237+00:00,201,6127.47,
2026-09-12T13:47:36.277694+00:00,201,6124.18,
2026-09-12T13:47:36.282542+00:00,201,6123.44,
2026-09-12T13:47:36.286303+00:00,201,6126.28,
2026-09-12T13:47:36.302308+00:00,201,6132.5,
2026-09-12T13:47:36.299180+00:00,201,6141.65,
2026-09-12T13:47:36.311176+00:00,201,6133.81,
2026-09-12T13:47:36.324958+00:00,201,6127.45,
2026-09-12T13:47:36.342830+00:00,201,6147.05,
2026-09-12T13:47:36.339922+00:00,201,6162.05,
2026-09-12T13:47:36.363952+00:00,201,6167.62,
2026-09-12T13:47:36.373040+00:00,201,6173.7,
2026-09-12T13:47:36.366456+00:00,201,6184.66,
2026-09-12T13:47:36.382867+00:00,201,6173.86,
2026-09-12T13:47:36.389895+00:00,201,6185.31,
2026-09-12T13:47:36.400485+00:00,201,6190.35,
2026-09-12T13:47:36.407532+00:00,201,6208.99,
2026-09-12T13:47:36.397357+00:00,201,6230.35,
2026-09-12T13:47:36.421986+00:00,201,6236.07,
2026-09-12T13:47:36.433524+00:00,201,6240.44,
2026-09-12T13:47:36.430504+00:00,201,6252.73,
2026-09-12T13:47:36.453615+00:00,201,6244.3,
2026-09-12T13:47:36.470627+00:00,201,6258.58,
2026-09-12T13:47:36.477978+00:00,201,6255.74,
2026-09-12T13:47:36.485628+00:00,201,6256.56,
2026-09-12T13:47:36.504979+00:00,201,6253.67,
2026-09-12T13:47:36.509962+00:00,201,6259.32,
2026-09-12T13:47:36.513666+00:00,201,6260.14,
2026-09-12T13:47:36.520418+00:00,201,6267.92,
2026-09-12T13:47:36.501767+00:00,201,6291.43,
2026-09-12T13:47:36.531749+00:00,201,6272.17,
2026-09-12T13:47:36.524725+00:00,201,6290.65,
2026-09-12T13:47:36.543854+00:00,201,6276.51,
2026-09-12T13:47:36.564561+00:00,201,6294.35,
2026-09-12T13:47:36.584023+00:00,201,6280.72,
2026-09-12T13:47:36.579906+00:00,201,6289.39,
2026-09-12T13:47:36.595489+00:00,201,6295.08,
2026-09-12T13:47:36.604488+00:00,201,6291.31,
2026-09-12T13:47:36.609245+00:00,201,6299.09,
2026-09-12T13:47:36.613215+00:00,201,6299.23,
2026-09-12T13:47:36.647778+00:00,201,6291.83,
2026-09-12T13:47:36.642554+00:00,201,6302.45,
2026-09-12T13:47:36.657674+00:00,201,6296.95,
2026-09-12T13:47:36.661613+00:00,201,6297.85,
2026-09-12T13:47:36.668402+00:00,201,6302.26,
2026-09-12T13:47:36.673282+00:00,201,6312.28,
2026-09-12T13:47:36.665196+00:00,201,6325.38,
2026-09-12T13:47:36.681658+00:00,201,6315.81,
2026-09-12T13:47:36.690795+00:00,201,6319.89,
2026-09-12T13:47:36.705064+00:00,201,6320.45,
2026-09-12T13:47:36.724033+00:00,201,6324.79,
2026-09-12T13:47:36.729101+00:00,201,6325.22,
2026-09-12T13:47:36.731282+00:00,201,6344.04,
2026-09-12T13:47:36.743049+00:00,201,6338.08,
2026-09-12T13:47:36.752741+00:00,201,6344.91,
2026-09-12T13:47:36.772528+00:00,201,6339.14,
2026-09-12T13:47:36.779942+00:00,201,6338.41,
2026-09-12T13:47:36.769417+00:00,201,6469.73,
2026-09-12T13:47:36.790132+00:00,201,6453.54,
2026-09-12T13:47:36.794801+00:00,201,6452.7,
2026-09-12T13:47:36.801190+00:00,201,6449.98,
2026-09-12T13:47:36.797874+00:00,201,6457.77,
2026-09-12T13:47:36.811646+00:00,201,6448.02,
2026-09-12T13:47:36.827808+00:00,201,6436.75,
2026-09-12T13:47:36.830035+00:00,201,6440.21,
2026-09-12T13:47:36.853780+00:00,201,6421.72,
2026-09-12T13:47:36.873812+00:00,201,6421.69,
2026-09-12T13:47:36.881286+00:00,201,6418.86,
2026-09-12T13:47:36.870595+00:00,201,6435.05,
2026-09-12T13:47:36.886436+00:00,201,6424.36,
2026-09-12T13:47:36.914211+00:00,201,6414.83,
2026-09-12T13:47:36.920196+00:00,201,6430.24,
2026-09-12T13:47:36.907803+00:00,201,6448.29,
2026-09-12T13:47:36.924708+00:00,201,6446.35,
2026-09-12T13:47:36.928974+00:00,201,6447.99,
2026-09-12T13:47:36.933467+00:00,201,6467.76,
2026-09-12T13:47:36.958913+00:00,201,6492.27,
2026-09-12T13:47:36.962941+00:00,201,6500.17,
2026-09-12T13:47:36.971934+00:00,201,6528.2,
2026-09-12T13:47:36.979477+00:00,201,6532.81,
2026-09-12T13:47:36.997165+00:00,201,6541.87,
2026-09-12T13:47:36.999194+00:00,201,6547.65,
2026-09-12T13:47:37.009214+00:00,201,6569.84,
2026-09-12T13:47:37.037866+00:00,201,6548.0,
2026-09-12T13:47:37.043539+00:00,201,6550.99,
2026-09-12T13:47:37.049085+00:00,201,6553.5,
2026-09-12T13:47:37.051997+00:00,201,6589.09,
2026-09-12T13:47:37.032690+00:00,201,6619.74,
2026-09-12T13:47:37.063398+00:00,201,6600.25,
2026-09-12T13:47:37.077678+00:00,201,6597.05,
2026-09-12T13:47:37.081286+00:00,201,6604.09,
2026-09-12T13:47:37.087672+00:00,201,6642.17,
2026-09-12T13:47:37.104973+00:00,201,6635.36,
2026-09-12T13:47:37.110720+00:00,201,6640.94,
2026-09-12T13:47:37.101063+00:00,201,6661.33,
2026-09-12T13:47:37.138626+00:00,201,6669.42,
2026-09-12T13:47:37.143698+00:00,201,6675.0,
2026-09-12T13:47:37.147511+00:00,201,6682.07,
2026-09-12T13:47:37.133901+00:00,201,6706.82,
2026-09-12T13:47:37.158826+00:00,201,6693.15,
2026-09-12T13:47:37.163202+00:00,201,6700.47,
2026-09-12T13:47:37.165714+00:00,201,6764.25,
2026-09-12T13:47:37.194322+00:00,201,6747.91,
2026-09-12T13:47:37.196834+00:00,201,6757.01,
2026-09-12T13:47:37.230049+00:00,201,6789.48,
2026-09-12T13:47:37.238534+00:00,201,6793.32,
2026-09-12T13:47:37.243820+00:00,201,6803.01,
2026-09-12T13:47:37.246593+00:00,201,6819.94,
2026-09-12T13:47:37.232357+00:00,201,6849.47,
2026-09-12T13:47:37.267485+00:00,201,6827.52,
2026-09-12T13:47:37.276419+00:00,201,6830.98,
2026-09-12T13:47:37.280857+00:00,201,6841.54,
2026-09-12T13:47:37.290612+00:00,201,6844.78,
2026-09-12T13:47:37.295142+00:00,201,6854.57,
2026-09-12T13:47:37.302891+00:00,201,6974.86,
2026-09-12T13:47:37.297712+00:00,201,6994.72,
2026-09-12T13:47:37.310822+00:00,201,6997.12,
2026-09-12T13:47:37.329298+00:00,201,6994.48,
2026-09-12T13:47:37.350694+00:00,201,6988.08,
2026-09-12T13:47:37.369097+00:00,201,6984.16,
2026-09-12T13:47:37.374334+00:00,201,6992.97,
2026-09-12T13:47:37.379759+00:00,201,7003.01,
2026-09-12T13:47:37.365187+00:00,201,7033.05,
2026-09-12T13:47:37.382961+00:00,201,7030.71,
2026-09-12T13:47:37.406665+00:00,201,7091.37,
2026-09-12T13:47:37.415317+00:00,201,7102.13,
2026-09-12T13:47:37.403599+00:00,201,7130.23,
2026-09-12T13:47:37.420496+00:00,201,7130.57,
2026-09-12T13:47:37.425274+00:00,201,7142.45,
2026-09-12T13:47:37.438230+00:00,201,7147.76,
2026-09-12T13:47:37.456048+00:00,201,7145.27,
2026-09-12T13:47:37.471222+00:00,201,7310.44,
2026-09-12T13:47:37.463288+00:00,201,7339.06,
2026-09-12T13:47:37.465485+00:00,201,7355.29,
2026-09-12T13:47:37.488775+00:00,201,7350.51,
2026-09-12T13:47:37.493960+00:00,201,7364.13,
2026-09-12T13:47:37.500361+00:00,201,7375.98,
2026-09-12T13:47:37.505373+00:00,201,7389.36,
2026-09-12T13:47:37.513781+00:00,201,7401.3,
2026-09-12T13:47:37.497005+00:00,201,7436.22,
2026-09-12T13:47:37.527730+00:00,201,7426.67,
2026-09-12T13:47:37.530104+00:00,201,7444.86,
2026-09-12T13:47:37.537430+00:00,201,7457.38,
2026-09-12T13:47:37.549259+00:00,201,7465.89,
2026-09-12T13:47:37.544970+00:00,201,7495.74,
2026-09-12T13:47:37.571126+00:00,201,7493.54,
2026-09-12T13:47:37.563480+00:00,201,7523.73,
2026-09-12T13:47:37.575510+00:00,201,7537.38,
2026-09-12T13:47:37.580289+00:00,201,7555.79,
2026-09-12T13:47:37.595399+00:00,201,7563.48,
2026-09-12T13:47:37.597870+00:00,201,7583.79,
2026-09-12T13:47:37.610419+00:00,201,7593.84,
2026-09-12T13:47:37.614217+00:00,201,7614.28,
2026-09-12T13:47:37.645371+00:00,201,7605.84,
2026-09-12T13:47:37.650259+00:00,201,7625.98,
2026-09-12T13:47:37.641803+00:00,201,7656.18,
2026-09-12T13:47:37.663078+00:00,201,7835.34,
2026-09-12T13:47:37.672747+00:00,201,7850.9,
2026-09-12T13:47:37.665390+00:00,201,7887.16,
2026-09-12T13:47:37.677573+00:00,201,7898.79,
2026-09-12T13:47:37.704816+00:00,201,7897.07,
2026-09-12T13:47:37.711906+00:00,201,7924.18,
2026-09-12T13:47:37.701687+00:00,201,7959.79,
2026-09-12T13:47:37.729332+00:00,201,7958.64,
2026-09-12T13:47:37.731657+00:00,201,7982.8,
2026-09-12T13:47:37.747120+00:00,201,7993.91,
2026-09-12T13:47:37.751708+00:00,201,8018.05,
2026-09-12T13:47:37.774685+00:00,201,8024.08,
2026-09-12T13:47:37.780785+00:00,201,8045.09,
2026-09-12T13:47:37.785893+00:00,201,8066.66,
2026-09-12T13:47:37.767179+00:00,201,8113.75,
2026-09-12T13:47:37.789116+00:00,201,8122.9,
2026-09-12T13:47:37.796781+00:00,201,8152.18,
2026-09-12T13:47:37.804102+00:00,201,8176.09,
2026-09-12T13:47:37.798634+00:00,201,8215.34,
2026-09-12T13:47:37.848768+00:00,201,8201.72,
2026-09-12T13:47:37.856332+00:00,201,8228.74,
2026-09-12T13:47:37.843882+00:00,201,8275.27,
2026-09-12T13:47:37.863807+00:00,201,8282.61,
2026-09-12T13:47:37.874572+00:00,201,8590.93,
2026-09-12T13:47:37.880711+00:00,201,8618.31,
2026-09-12T13:47:37.894214+00:00,201,8637.91,
2026-09-12T13:47:37.888482+00:00,201,8679.74,
2026-09-12T13:47:37.866845+00:00,201,8735.4,
2026-09-12T13:47:37.897817+00:00,201,8735.61,
2026-09-12T13:47:37.938217+00:00,201,8730.47,
2026-09-12T13:47:37.951330+00:00,201,8752.76,
2026-09-12T13:47:37.956226+00:00,201,8784.02,
2026-09-12T13:47:37.961016+00:00,201,8811.44,
2026-09-12T13:47:37.963042+00:00,201,8842.8,
2026-09-12T13:47:37.981433+00:00,201,8861.6,
2026-09-12T13:47:37.986706+00:00,201,8893.48,
2026-09-12T13:47:38.000035+00:00,201,8913.05,
2026-09-12T13:47:38.011274+00:00,201,8937.9,
2026-09-12T13:47:38.027779+00:00,201,8953.56,
2026-09-12T13:47:38.031574+00:00,201,8981.24,
2026-09-12T13:47:38.042791+00:00,201,9004.27,
2026-09-12T13:47:38.033745+00:00,201,9048.14,
2026-09-12T13:47:38.049043+00:00,201,9066.35,
2026-09-12T13:47:38.075752+00:00,201,9072.35,
2026-09-12T13:47:38.080257+00:00,201,9105.69,
2026-09-12T13:47:38.088098+00:00,201,9132.74,
2026-09-12T13:47:38.092355+00:00,201,9162.33,
2026-09-12T13:47:38.072379+00:00,201,9218.6,
2026-09-12T13:47:38.103945+00:00,201,9222.83,
2026-09-12T13:47:38.108236+00:00,201,9256.66,
2026-09-12T13:47:38.097071+00:00,201,9301.33,
2026-09-12T13:47:38.123752+00:00,201,9308.17,
2026-09-12T13:47:38.146213+00:00,201,9319.88,
2026-09-12T13:47:38.140287+00:00,201,9364.69,
2026-09-12T13:47:38.153608+00:00,201,9938.11,
2026-09-12T13:47:38.167644+00:00,201,9958.54,
2026-09-12T13:47:38.172183+00:00,201,9987.61,
2026-09-12T13:47:38.163899+00:00,201,10024.6,
2026-09-12T13:47:38.192225+00:00,201,10023.58,
2026-09-12T13:47:38.196980+00:00,201,10045.48,
2026-09-12T13:47:38.238639+00:00,201,10096.06,
2026-09-12T13:47:38.232965+00:00,201,10151.03,
2026-09-12T13:47:38.269719+00:00,201,10157.47,
2026-09-12T13:47:38.284892+00:00,201,10203.0,
2026-09-12T13:47:38.296917+00:00,201,10238.96,
2026-09-12T13:47:38.319778+00:00,201,10243.08,
2026-09-12T13:47:38.328741+00:00,201,10294.79,
2026-09-12T13:47:38.386152+00:00,201,10289.23,
2026-09-12T13:47:38.374901+00:00,201,10340.41,
2026-09-12T13:47:38.439664+00:00,201,10355.42,
2026-09-12T13:47:38.487607+00:00,201,10401.05,
2026-09-12T13:47:38.492006+00:00,201,10426.9,
2026-09-12T13:47:38.501183+00:00,201,10472.82,
2026-09-12T13:47:38.522635+00:00,201,10477.41,
2026-09-12T13:47:38.539935+00:00,201,10514.56,
2026-09-12T13:47:38.581799+00:00,201,10526.7,
2026-09-12T13:47:38.576924+00:00,201,10586.84,
2026-09-12T13:47:38.596079+00:00,201,10603.38,
2026-09-12T13:47:38.620046+00:00,201,10608.6,
2026-09-12T13:47:38.638158+00:00,201,10622.11,
2026-09-12T13:47:38.670789+00:00,201,10673.93,
2026-09-12T13:47:38.665611+00:00,201,10763.11,
2026-09-12T13:47:38.707109+00:00,201,10753.0,
2026-09-12T13:47:38.729709+00:00,201,10764.06,
2026-09-12T13:47:38.761402+00:00,201,10803.29,
2026-09-12T13:47:38.793110+00:00,201,10828.06,
2026-09-12T13:47:38.801018+00:00,201,10855.46,
2026-09-12T13:47:38.796880+00:00,201,10888.96,
2026-09-12T13:47:38.836506+00:00,201,10877.25,
2026-09-12T13:47:38.842078+00:00,201,10899.41,
2026-09-12T13:47:38.845655+00:00,201,10923.25,
2026-09-12T13:47:38.854399+00:00,201,10944.25,
2026-09-12T13:47:38.865041+00:00,201,10999.91,
2026-09-12T13:47:38.867944+00:00,201,11025.23,
2026-09-12T13:47:38.922582+00:00,201,11027.48,
2026-09-12T13:47:38.228799+00:00,201,12360.57,
2026-09-12T13:47:38.235834+00:00,201,12368.11,
2026-09-12T13:47:38.248912+00:00,201,12366.12,
2026-09-12T13:47:38.265148+00:00,201,12359.7,
2026-09-12T13:47:38.275522+00:00,201,12358.59,
2026-09-12T13:47:38.288802+00:00,201,12354.26,
2026-09-12T13:47:38.325372+00:00,201,12326.78,
2026-09-12T13:47:38.331284+00:00,201,12330.72,
2026-09-12T13:47:38.345162+00:00,201,12327.43,
2026-09-12T13:47:38.389295+00:00,201,12294.41,
2026-09-12T13:47:38.403523+00:00,201,12288.7,
2026-09-12T13:47:38.400248+00:00,201,12300.3,
2026-09-12T13:47:38.435461+00:00,201,12273.19,
2026-09-12T13:47:38.446273+00:00,201,12270.53,
2026-09-12T13:47:38.432157+00:00,201,12292.41,
2026-09-12T13:47:38.496011+00:00,201,12237.1,
2026-09-12T13:47:38.504329+00:00,201,12236.61,
2026-09-12T13:47:38.526815+00:00,201,12221.64,
2026-09-12T13:47:38.529192+00:00,201,12226.89,
2026-09-12T13:47:38.544138+00:00,201,12219.7,
2026-09-12T13:47:38.548353+00:00,201,12222.87,
2026-09-12T13:47:38.586424+00:00,201,12192.0,
2026-09-12T13:47:38.644197+00:00,201,12141.44,
2026-09-12T13:47:38.647113+00:00,201,12145.78,
2026-09-12T13:47:38.651652+00:00,201,12148.17,
2026-09-12T13:47:38.634413+00:00,201,12172.22,
2026-09-12T13:47:38.672980+00:00,201,12142.43,
2026-09-12T13:47:38.684325+00:00,201,12137.79,
2026-09-12T13:47:38.687508+00:00,201,12141.72,
2026-09-12T13:47:38.702160+00:00,201,12133.98,
2026-09-12T13:47:38.742643+00:00,201,12101.3,
2026-09-12T13:47:38.731667+00:00,201,12120.29,
2026-09-12T13:47:38.756279+00:00,201,12103.36,
2026-09-12T13:47:38.773590+00:00,201,12092.54,
2026-09-12T13:47:38.764056+00:00,201,12108.09,
2026-09-12T13:47:38.833206+00:00,201,12045.13,
2026-09-12T13:47:38.858266+00:00,201,12026.12,
2026-09-12T13:47:38.893010+00:00,201,11997.65,
2026-09-12T13:47:38.895631+00:00,201,12001.06,
2026-09-12T13:47:38.933476+00:00,201,11969.31,
2026-09-12T13:47:38.939716+00:00,201,11979.12,
2026-09-12T13:47:38.944069+00:00,201,11986.67,
2026-09-12T13:47:38.930651+00:00,201,12013.24,
2026-09-12T13:47:38.964078+00:00,201,11996.02,
2026-09-12T13:47:38.975643+00:00,201,11995.88,
2026-09-12T13:47:39.008992+00:00,201,11978.42,
2026-09-12T13:47:39.004929+00:00,201,12003.44,
2026-09-12T13:47:39.031216+00:00,201,11988.46,
2026-09-12T13:47:39.041563+00:00,201,11989.61,
2026-09-12T13:47:39.023022+00:00,201,12019.96,
2026-09-12T13:47:39.058007+00:00,201,11997.71,
2026-09-12T13:47:39.070191+00:00,201,12004.38,
2026-09-12T13:47:39.065451+00:00,201,12019.61,
2026-09-12T13:47:39.090548+00:00,201,12013.03,
2026-09-12T13:47:39.098278+00:00,201,12020.8,
2026-09-12T13:47:39.130777+00:00,201,11998.89,
2026-09-12T13:47:39.146162+00:00,201,11999.81,
2026-09-12T13:47:39.133246+00:00,201,12022.86,
2026-09-12T13:47:39.149245+00:00,201,12017.03,
2026-09-12T13:47:39.171255+00:00,201,12005.86,
2026-09-12T13:47:39.164863+00:00,201,12027.68,
2026-09-12T13:47:39.198110+00:00,201,12004.66,
2026-09-12T13:47:39.217955+00:00,201,12007.51,
2026-09-12T13:47:39.234579+00:00,201,12007.38,
2026-09-12T13:47:39.239379+00:00,201,12012.57,
2026-09-12T13:47:39.231013+00:00,201,12030.72,
2026-09-12T13:47:39.257823+00:00,201,12015.68,
2026-09-12T13:47:39.273529+00:00,201,12013.79,
2026-09-12T13:47:39.284990+00:00,201,12017.02,
2026-09-12T13:47:39.305297+00:00,201,12013.06,
2026-09-12T13:47:39.314542+00:00,201,12015.37,
2026-09-12T13:47:39.333454+00:00,201,12006.02,
2026-09-12T13:47:39.338258+00:00,201,12010.36,
2026-09-12T13:47:39.351259+00:00,201,12012.33,
2026-09-12T13:47:39.372415+00:00,201,12004.34,
2026-09-12T13:47:39.379049+00:00,201,12006.58,
2026-09-12T13:47:39.366776+00:00,201,12027.94,
2026-09-12T13:47:39.399143+00:00,201,12004.38,
2026-09-12T13:47:39.405135+00:00,201,12007.84,
2026-09-12T13:47:39.426802+00:00,201,11999.41,
2026-09-12T13:47:39.439440+00:00,201,12002.25,
2026-09-12T13:47:39.446215+00:00,201,12013.35,
2026-09-12T13:47:39.478270+00:00,201,11997.23,
2026-09-12T13:47:39.510788+00:00,201,11981.45,
2026-09-12T13:47:39.515980+00:00,201,11994.98,
2026-09-12T13:47:39.558129+00:00,201,11961.64,
2026-09-12T13:47:39.539953+00:00,201,11989.22,
2026-09-12T13:47:39.561167+00:00,201,11978.73,
2026-09-12T13:47:39.532040+00:00,201,12021.34,
2026-09-12T13:47:39.608505+00:00,201,11962.48,
2026-09-12T13:47:39.544101+00:00,201,12035.79,
2026-09-12T13:47:39.634267+00:00,201,11954.39,
2026-09-12T13:47:39.600270+00:00,201,11997.04,
2026-09-12T13:47:39.525973+00:00,201,12079.62,
2026-09-12T13:47:39.610509+00:00,201,12003.94,
2026-09-12T13:47:39.636481+00:00,201,11993.81,
2026-09-12T13:47:39.671274+00:00,201,11972.69,
2026-09-12T13:47:39.678559+00:00,201,11974.14,
2026-09-12T13:47:39.667664+00:00,201,11994.54,
2026-09-12T13:47:39.693599+00:00,201,11983.87,
2026-09-12T13:47:39.727136+00:00,201,11968.32,
2026-09-12T13:47:39.751255+00:00,201,11956.17,
2026-09-12T13:47:39.767314+00:00,201,11948.13,
2026-09-12T13:47:39.760916+00:00,201,11962.62,
2026-09-12T13:47:39.782446+00:00,201,11956.54,
2026-09-12T13:47:39.810216+00:00,201,11936.99,
2026-09-12T13:47:39.819623+00:00,201,11935.92,
2026-09-12T13:47:39.833477+00:00,201,11938.29,
2026-09-12T13:47:39.850314+00:00,201,11937.14,
2026-09-12T13:47:39.865616+00:00,201,11937.58,
2026-09-12T13:47:39.891279+00:00,201,11923.97,
2026-09-12T13:47:39.909266+00:00,201,11914.16,
2026-09-12T13:47:39.914172+00:00,201,11919.98,
2026-09-12T13:47:39.933058+00:00,201,11915.52,
2026-09-12T13:47:39.963233+00:00,201,11901.42,
2026-09-12T13:47:39.971348+00:00,201,11901.69,
2026-09-12T13:47:39.977732+00:00,201,11903.37,
2026-09-12T13:47:39.967539+00:00,201,11929.29,
2026-09-12T13:47:39.993498+00:00,201,11918.17,
2026-09-12T13:47:39.999838+00:00,201,11921.91,
2026-09-12T13:47:40.037612+00:00,201,11893.95,
2026-09-12T13:47:40.042967+00:00,201,11902.24,
2026-09-12T13:47:38.243070+00:00,201,14084.94,
2026-09-12T13:47:38.377864+00:00,201,13954.06,
2026-09-12T13:47:38.467865+00:00,201,13867.62,
2026-09-12T13:47:38.592105+00:00,201,13747.53,
2026-09-12T13:47:38.969909+00:00,201,13373.16,
2026-09-12T13:47:39.014762+00:00,201,13330.1,
2026-09-12T13:47:39.018262+00:00,201,13328.33,
2026-09-12T13:47:39.062390+00:00,201,13286.1,
2026-09-12T13:47:39.265741+00:00,201,13086.33,
2026-09-12T13:47:39.462684+00:00,201,12892.02,
2026-09-12T13:47:39.485357+00:00,201,12871.59,
2026-09-12T13:47:39.521214+00:00,201,12838.16,
2026-09-12T13:47:39.568800+00:00,201,12792.2,
2026-09-12T13:47:39.596898+00:00,201,12767.33,
2026-09-12T13:47:39.649694+00:00,201,12717.27,
2026-09-12T13:47:39.696195+00:00,201,12672.64,
2026-09-12T13:47:39.714909+00:00,201,12655.46,
2026-09-12T13:47:39.763933+00:00,201,12608.8,
2026-09-12T13:47:39.786341+00:00,201,12588.12,
2026-09-12T13:47:39.806278+00:00,201,12569.97,
2026-09-12T13:47:39.830057+00:00,201,12547.91,
2026-09-12T13:47:39.845626+00:00,201,12533.97,
2026-09-12T13:47:39.869078+00:00,201,12512.13,
2026-09-12T13:47:39.861834+00:00,201,12521.22,
2026-09-12T13:47:39.948639+00:00,201,12436.46,
2026-09-12T13:47:39.956658+00:00,201,12430.25,
2026-09-12T13:47:39.986625+00:00,201,12401.74,
2026-09-12T13:47:40.053591+00:00,201,12337.78,
2026-09-12T13:47:40.110277+00:00,201,12286.4,
2026-09-12T13:47:40.099591+00:00,201,12298.99,
2026-09-12T13:47:40.145241+00:00,201,12255.37,
2026-09-12T13:47:40.138514+00:00,201,12265.73,
2026-09-12T13:47:40.153081+00:00,201,12253.92,
2026-09-12T13:47:40.162839+00:00,201,12247.0,
2026-09-12T13:47:40.171901+00:00,201,12240.74,
2026-09-12T13:47:40.177628+00:00,201,12237.75,
2026-09-12T13:47:40.213073+00:00,201,12206.07,
2026-09-12T13:47:40.200858+00:00,201,12220.85,
2026-09-12T13:47:40.230737+00:00,201,12194.0,
2026-09-12T13:47:40.238952+00:00,201,12188.62,
2026-09-12T13:47:40.242201+00:00,201,12187.85,
2026-09-12T13:47:40.232887+00:00,201,12202.01,
2026-09-12T13:47:40.281267+00:00,201,12156.38,
2026-09-12T13:47:40.275478+00:00,201,12164.88,
2026-09-12T13:47:40.247983+00:00,201,12195.26,
2026-09-12T13:47:40.304160+00:00,201,12141.87,
2026-09-12T13:47:40.299007+00:00,201,12151.52,
2026-09-12T13:47:40.350556+00:00,201,12102.95,
2026-09-12T13:47:40.341569+00:00,201,12115.04,
2026-09-12T13:47:40.357155+00:00,201,12102.63,
2026-09-12T13:47:40.372333+00:00,201,12090.71,
2026-09-12T13:47:40.376836+00:00,201,12089.66,
2026-09-12T13:47:40.369125+00:00,201,12100.87,
2026-09-12T13:47:40.389449+00:00,201,12083.91,
2026-09-12T13:47:40.393469+00:00,201,12083.54,
2026-09-12T13:47:40.404761+00:00,201,12078.7,
2026-09-12T13:47:40.409964+00:00,201,12078.3,
2026-09-12T13:47:40.414074+00:00,201,12079.0,
2026-09-12T13:47:40.444759+00:00,201,12055.99,
2026-09-12T13:47:40.448718+00:00,201,12056.07,
2026-09-12T13:47:40.436206+00:00,201,12073.52,
2026-09-12T13:47:40.467590+00:00,201,12050.99,
2026-09-12T13:47:40.487624+00:00,201,12035.59,
2026-09-12T13:47:40.499425+00:00,201,12029.98,
2026-09-12T13:47:40.515105+00:00,201,12018.28,
2026-09-12T13:47:40.521194+00:00,201,12016.72,
2026-09-12T13:47:40.525410+00:00,201,12017.11,
2026-09-12T13:47:40.529622+00:00,201,12017.67,
2026-09-12T13:47:40.540432+00:00,201,12011.79,
2026-09-12T13:47:40.554586+00:00,201,12014.67,
2026-09-12T13:47:40.585606+00:00,201,11997.37,
2026-09-12T13:47:40.590448+00:00,201,12008.41,
2026-09-12T13:47:40.598505+00:00,201,12014.84,
2026-09-12T13:47:40.619826+00:00,201,12009.84,
2026-09-12T13:47:40.631912+00:00,201,12013.55,
2026-09-12T13:47:40.642509+00:00,201,12008.47,
2026-09-12T13:47:40.662450+00:00,201,11993.22,
2026-09-12T13:47:40.665076+00:00,201,11995.18,
2026-09-12T13:47:40.691370+00:00,201,11972.84,
2026-09-12T13:47:40.707041+00:00,201,11963.46,
2026-09-12T13:47:40.699814+00:00,201,11976.34,
2026-09-12T13:47:40.704179+00:00,201,11977.01,
2026-09-12T13:47:40.739505+00:00,201,11947.79,
2026-09-12T13:47:40.744171+00:00,201,11946.78,
2026-09-12T13:47:40.752863+00:00,201,11941.63,
2026-09-12T13:47:40.763002+00:00,201,11936.78,
2026-09-12T13:47:40.767562+00:00,201,11936.19,
2026-09-12T13:47:40.773689+00:00,201,11934.58,
2026-09-12T13:47:40.780671+00:00,201,11932.66,
2026-09-12T13:47:40.770354+00:00,201,11947.06,
2026-09-12T13:47:40.794571+00:00,201,11927.01,
2026-09-12T13:47:40.797041+00:00,201,11928.63,
2026-09-12T13:47:40.825530+00:00,201,11908.1,
2026-09-12T13:47:40.843761+00:00,201,11895.33,
2026-09-12T13:47:40.869141+00:00,201,11876.67,
2026-09-12T13:47:40.873560+00:00,201,11877.48,
2026-09-12T13:47:40.865312+00:00,201,11890.24,
2026-09-12T13:47:40.891968+00:00,201,11872.27,
2026-09-12T13:47:40.906222+00:00,201,11862.72,
2026-09-12T13:47:40.915317+00:00,201,11858.23,
2026-09-12T13:47:40.924560+00:00,201,11855.69,
2026-09-12T13:47:40.937232+00:00,201,11847.74,
2026-09-12T13:47:40.958677+00:00,201,11830.91,
2026-09-12T13:47:40.966726+00:00,201,11830.37,
2026-09-12T13:47:40.971115+00:00,201,11830.76,
2026-09-12T13:47:40.963872+00:00,201,11842.8,
2026-09-12T13:47:41.005918+00:00,201,11806.59,
2026-09-12T13:47:41.009121+00:00,201,11808.82,
2026-09-12T13:47:41.000610+00:00,201,11822.85,
2026-09-12T13:47:41.018187+00:00,201,11810.28,
2026-09-12T13:47:41.022949+00:00,201,11810.42,
2026-09-12T13:47:41.036001+00:00,201,11802.2,
2026-09-12T13:47:41.030824+00:00,201,11812.99,
2026-09-12T13:47:41.053350+00:00,201,11795.46,
2026-09-12T13:47:41.062925+00:00,201,11790.83,
2026-09-12T13:47:41.081573+00:00,201,11781.69,
2026-09-12T13:47:41.101046+00:00,201,11767.03,
2026-09-12T13:47:41.110560+00:00,201,11766.46,
2026-09-12T13:47:41.122999+00:00,201,11758.44,
2026-09-12T13:47:41.097471+00:00,201,11789.09,
2026-09-12T13:47:41.127354+00:00,201,11764.21,
2026-09-12T13:47:41.131853+00:00,201,11764.2,
2026-09-12T13:47:41.134823+00:00,201,11766.19,
2026-09-12T13:47:41.158293+00:00,201,11749.79,
2026-09-12T13:47:41.147399+00:00,201,11765.33,
2026-09-12T13:47:41.165514+00:00,201,11752.29,
2026-09-12T13:47:41.187663+00:00,201,11734.78,
2026-09-12T13:47:41.203886+00:00,201,11723.28,
2026-09-12T13:47:41.237915+00:00,201,11693.73,
2026-09-12T13:47:41.248600+00:00,201,11690.16,
2026-09-12T13:47:41.252960+00:00,201,11690.98,
2026-09-12T13:47:41.234436+00:00,201,11714.59,
2026-09-12T13:47:41.265075+00:00,201,11692.93,
2026-09-12T13:47:41.273018+00:00,201,11690.82,
2026-09-12T13:47:41.296154+00:00,201,11676.07,
2026-09-12T13:47:41.303565+00:00,201,11673.53,
2026-09-12T13:47:41.308622+00:00,201,11673.32,
2026-09-12T13:47:41.299951+00:00,201,11686.78,
2026-09-12T13:47:41.329534+00:00,201,11661.81,
2026-09-12T13:47:41.336228+00:00,201,11659.96,
2026-09-12T13:47:41.332734+00:00,201,11668.16,
2026-09-12T13:47:41.376290+00:00,201,11628.93,
2026-09-12T13:47:41.380786+00:00,201,11628.87,
2026-09-12T13:47:41.394439+00:00,201,11621.76,
2026-09-12T13:47:41.401638+00:00,201,11619.08,
2026-09-12T13:47:41.372409+00:00,201,11652.87,
2026-09-12T13:47:41.397678+00:00,201,11637.56,
2026-09-12T13:47:41.417328+00:00,201,11624.77,
2026-09-12T13:47:41.443952+00:00,201,11606.44,
2026-09-12T13:47:41.449340+00:00,201,11605.46,
2026-09-12T13:47:41.472144+00:00,201,11593.24,
2026-09-12T13:47:41.436992+00:00,201,11633.7,
2026-09-12T13:47:41.482581+00:00,201,11592.57,
2026-09-12T13:47:41.477831+00:00,201,11601.75,
2026-09-12T13:47:41.468633+00:00,201,11615.25,
2026-09-12T13:47:41.491743+00:00,201,11596.37,
2026-09-12T13:47:41.496405+00:00,201,11598.26,
2026-09-12T13:47:41.531342+00:00,201,11567.87,
2026-09-12T13:47:41.547237+00:00,201,11556.36,
2026-09-12T13:47:41.556536+00:00,201,11553.6,
2026-09-12T13:47:41.560901+00:00,201,11553.73,
2026-09-12T13:47:41.568765+00:00,201,11550.43,
2026-09-12T13:47:41.578165+00:00,201,11547.45,
2026-09-12T13:47:41.591409+00:00,201,11538.5,
2026-09-12T13:47:41.612460+00:00,201,11521.7,
2026-09-12T13:47:41.620356+00:00,201,11522.31,
2026-09-12T13:47:41.625363+00:00,201,11523.55,
2026-09-12T13:47:41.635768+00:00,201,11523.22,
2026-09-12T13:47:41.656888+00:00,201,11506.49,
2026-09-12T13:47:41.674718+00:00,201,11524.5,
2026-09-12T13:47:41.680892+00:00,201,11524.43,
2026-09-12T13:47:41.684003+00:00,201,11525.82,
2026-09-12T13:47:41.671128+00:00,201,11542.75,
2026-09-12T13:47:41.707660+00:00,201,11512.76,
2026-09-12T13:47:41.698939+00:00,201,11525.63,
2026-09-12T13:47:41.738387+00:00,201,11490.08,
2026-09-12T13:47:41.749583+00:00,201,11484.59,
2026-09-12T13:47:41.733265+00:00,201,11504.65,
2026-09-12T13:47:41.753873+00:00,201,11487.83,
2026-09-12T13:47:41.759766+00:00,201,11485.7,
2026-09-12T13:47:41.762776+00:00,201,11499.71,
2026-09-12T13:47:41.796214+00:00,201,11474.26,
2026-09-12T13:47:41.805102+00:00,201,11470.19,
2026-09-12T13:47:41.801204+00:00,201,11481.47,
2026-09-12T13:47:41.814118+00:00,201,11474.55,
2026-09-12T13:47:41.842942+00:00,201,11449.56,
2026-09-12T13:47:41.854510+00:00,201,11441.71,
2026-09-12T13:47:41.858932+00:00,201,11440.91,
2026-09-12T13:47:41.866819+00:00,201,11436.49,
2026-09-12T13:47:41.863578+00:00,201,11443.37,
2026-09-12T13:47:41.887088+00:00,201,11425.31,
2026-09-12T13:47:41.891720+00:00,201,11424.23,
2026-09-12T13:47:41.896625+00:00,201,11422.71,
2026-09-12T13:47:41.898906+00:00,201,11423.9,
2026-09-12T13:47:41.949156+00:00,201,11380.75,
2026-09-12T13:47:41.953994+00:00,201,11380.5,
2026-09-12T13:47:41.959170+00:00,201,11379.81,
2026-09-12T13:47:41.938648+00:00,201,11404.57,
2026-09-12T13:47:41.963748+00:00,201,11383.43,
2026-09-12T13:47:41.966202+00:00,201,11384.24,
2026-09-12T13:47:41.985422+00:00,201,11368.28,
2026-09-12T13:47:42.001570+00:00,201,11357.35,
2026-09-12T13:47:42.037859+00:00,201,11324.5,
2026-09-12T13:47:42.033820+00:00,201,11331.95,
2026-09-12T13:47:42.073349+00:00,201,11296.03,
2026-09-12T13:47:42.078051+00:00,201,11297.4,
2026-09-12T13:47:42.108657+00:00,201,11271.1,
2026-09-12T13:47:42.117388+00:00,201,11266.77,
2026-09-12T13:47:42.104470+00:00,201,11285.05,
2026-09-12T13:47:42.153137+00:00,201,11240.05,
2026-09-12T13:47:42.148701+00:00,201,11247.86,
2026-09-12T13:47:42.143187+00:00,201,11257.01,
2026-09-12T13:47:42.162719+00:00,201,11243.1,
2026-09-12T13:47:42.177575+00:00,201,11231.97,
2026-09-12T13:47:42.166654+00:00,201,11246.42,
2026-09-12T13:47:42.183438+00:00,201,11233.42,
2026-09-12T13:47:42.192457+00:00,201,11229.4,
2026-09-12T13:47:42.196390+00:00,201,11228.83,
2026-09-12T13:47:42.209124+00:00,201,11219.48,
2026-09-12T13:47:42.220512+00:00,201,11211.51,
2026-09-12T13:47:42.229925+00:00,201,11208.81,
2026-09-12T13:47:42.243247+00:00,201,11199.97,
2026-09-12T13:47:42.254402+00:00,201,11192.77,
2026-09-12T13:47:42.267086+00:00,201,11185.36,
2026-09-12T13:47:42.264409+00:00,201,11191.48,
2026-09-12T13:47:42.284485+00:00,201,11175.42,
2026-09-12T13:47:42.306100+00:00,201,11157.44,
2026-09-12T13:47:42.297528+00:00,201,11172.78,
2026-09-12T13:47:42.310877+00:00,201,11163.57,
2026-09-12T13:47:42.316529+00:00,201,11163.01,
2026-09-12T13:47:42.325285+00:00,201,11158.97,
2026-09-12T13:47:42.339613+00:00,201,11148.5,
2026-09-12T13:47:42.336500+00:00,201,11155.07,
2026-09-12T13:47:42.351778+00:00,201,11143.13,
2026-09-12T13:47:42.364758+00:00,201,11136.39,
2026-09-12T13:47:42.360548+00:00,201,11144.66,
2026-09-12T13:47:42.378150+00:00,201,11131.27,
2026-09-12T13:47:42.391808+00:00,201,11125.57,
2026-09-12T13:47:42.369055+00:00,201,11152.24,
2026-09-12T13:47:42.401968+00:00,201,11122.71,
2026-09-12T13:47:42.412693+00:00,201,11116.85,
2026-09-12T13:47:42.406082+00:00,201,11126.83,
2026-09-12T13:47:42.445091+00:00,201,11090.91,
2026-09-12T13:47:42.434960+00:00,201,11104.17,
2026-09-12T13:47:42.431248+00:00,201,11115.41,
2026-09-12T13:47:42.468995+00:00,201,11081.58,
2026-09-12T13:47:42.490014+00:00,201,11064.35,
2026-09-12T13:47:42.546836+00:00,201,11016.55,
2026-09-12T13:47:42.556822+00:00,201,11010.79,
2026-09-12T13:47:42.531776+00:00,201,11039.19,
2026-09-12T13:47:42.575437+00:00,201,11003.41,
2026-09-12T13:47:42.570023+00:00,201,11013.29,
2026-09-12T13:47:42.590983+00:00,201,10995.88,
2026-09-12T13:47:42.627818+00:00,201,10965.68,
2026-09-12T13:47:42.631249+00:00,201,10965.56,
2026-09-12T13:47:42.658172+00:00,201,10941.9,
2026-09-12T13:47:42.674075+00:00,201,10929.09,
2026-09-12T13:47:42.683338+00:00,201,10924.59,
2026-09-12T13:47:42.698010+00:00,201,10912.78,
2026-09-12T13:47:42.700538+00:00,201,10913.13,
2026-09-12T13:47:42.729319+00:00,201,10887.45,
2026-09-12T13:47:42.733824+00:00,201,10885.98,
2026-09-12T13:47:42.736296+00:00,201,10888.28,
2026-09-12T13:47:42.758763+00:00,201,10868.86,
2026-09-12T13:47:42.769387+00:00,201,10861.16,
2026-09-12T13:47:42.773979+00:00,201,10859.68,
2026-09-12T13:47:42.793295+00:00,201,10847.67,
2026-09-12T13:47:42.796590+00:00,201,10847.31,
2026-09-12T13:47:42.804076+00:00,201,10847.96,
2026-09-12T13:47:42.820471+00:00,201,10838.26,
2026-09-12T13:47:42.815482+00:00,201,10847.16,
2026-09-12T13:47:42.864850+00:00,201,10806.24,
2026-09-12T13:47:42.840558+00:00,201,10836.29,
2026-09-12T13:47:42.890773+00:00,201,10789.49,
2026-09-12T13:47:42.872654+00:00,201,10810.33,
2026-09-12T13:47:42.898484+00:00,201,10788.74,
2026-09-12T13:47:42.908437+00:00,201,10781.32,
2026-09-12T13:47:42.912536+00:00,201,10779.97,
2026-09-12T13:47:42.939701+00:00,201,10755.37,
2026-09-12T13:47:42.959566+00:00,201,10740.2,
2026-09-12T13:47:42.945110+00:00,201,10757.26,
2026-09-12T13:47:42.935681+00:00,201,10769.35,
2026-09-12T13:47:42.965613+00:00,201,10742.16,
2026-09-12T13:47:42.970765+00:00,201,10739.77,
2026-09-12T13:47:43.000184+00:00,201,10715.73,
2026-09-12T13:47:42.997584+00:00,201,10720.88,
2026-09-12T13:47:43.010779+00:00,201,10710.2,
2026-09-12T13:47:43.025601+00:00,201,10697.94,
2026-09-12T13:47:43.048928+00:00,201,10677.21,
2026-09-12T13:47:43.045323+00:00,201,10684.92,
2026-09-12T13:47:43.075427+00:00,201,10657.77,
2026-09-12T13:47:43.081298+00:00,201,10654.4,
2026-09-12T13:47:43.071209+00:00,201,10667.04,
2026-09-12T13:47:43.100136+00:00,201,10641.08,
2026-09-12T13:47:43.111774+00:00,201,10633.38,
2026-09-12T13:47:43.118463+00:00,201,10629.54,
2026-09-12T13:47:43.239250+00:00,201,10511.87,
2026-09-12T13:47:43.243777+00:00,201,10510.02,
2026-09-12T13:47:43.287241+00:00,201,10469.21,
2026-09-12T13:47:43.350559+00:00,201,10411.19,
2026-09-12T13:47:43.226901+00:00,201,10537.18,
2026-09-12T13:47:43.229646+00:00,201,10537.23,
2026-09-12T13:47:43.233214+00:00,201,10536.01,
2026-09-12T13:47:43.401343+00:00,201,10370.29,
2026-09-12T13:47:43.585975+00:00,201,10191.02,
2026-09-12T13:47:43.729985+00:00,201,10049.5,
2026-09-12T13:47:43.740455+00:00,201,10041.61,
2026-09-12T13:47:44.019685+00:00,201,9764.98,
2026-09-12T13:47:38.199914+00:00,201,15688.93,
2026-09-12T13:47:38.989948+00:00,201,14902.05,
2026-09-12T13:47:39.083423+00:00,201,14812.89,
2026-09-12T13:47:39.101204+00:00,201,14796.33,
2026-09-12T13:47:39.179100+00:00,201,14720.17,
2026-09-12T13:47:39.364163+00:00,201,14538.32,
2026-09-12T13:47:39.546477+00:00,201,14359.54,
2026-09-12T13:47:39.585392+00:00,201,14322.93,
2026-09-12T13:47:39.688914+00:00,201,14221.8,
2026-09-12T13:47:39.815110+00:00,201,14098.65,
2026-09-12T13:47:39.881300+00:00,201,14037.74,
2026-09-12T13:47:39.901877+00:00,201,14018.88,
2026-09-12T13:47:40.004788+00:00,201,13917.38,
2026-09-12T13:47:40.034278+00:00,201,13890.99,
2026-09-12T13:47:40.075184+00:00,201,13851.67,
2026-09-12T13:47:40.083106+00:00,201,13845.07,
2026-09-12T13:47:40.089042+00:00,201,13840.49,
2026-09-12T13:47:40.103051+00:00,201,13828.42,
2026-09-12T13:47:40.254614+00:00,201,13678.75,
2026-09-12T13:47:40.396134+00:00,201,13538.85,
2026-09-12T13:47:40.465176+00:00,201,13471.19,
2026-09-12T13:47:40.696810+00:00,201,13242.34,
2026-09-12T13:47:40.886171+00:00,201,13055.26,
2026-09-12T13:47:40.919428+00:00,201,13023.24,
2026-09-12T13:47:41.085799+00:00,201,12858.69,
2026-09-12T13:47:41.117434+00:00,201,12828.36,
2026-09-12T13:47:41.259663+00:00,201,12688.65,
2026-09-12T13:47:41.385374+00:00,201,12565.05,
2026-09-12T13:47:41.456668+00:00,201,12495.55,
2026-09-12T13:47:41.989847+00:00,201,11967.24,
2026-09-12T13:47:42.125332+00:00,201,11833.55,
2026-09-12T13:47:42.188234+00:00,201,11772.27,
2026-09-12T13:47:42.502067+00:00,201,11462.34,
2026-09-12T13:47:42.788485+00:00,201,11178.56,
2026-09-12T13:47:42.859069+00:00,201,11109.39,
2026-09-12T13:47:43.500277+00:00,201,10471.42,
2026-09-12T13:47:43.579170+00:00,201,10393.72,
2026-09-12T13:47:43.594618+00:00,201,10441.63,
2026-09-12T13:47:43.808186+00:00,201,10230.73,
2026-09-12T13:47:44.498302+00:00,201,9544.92,
2026-09-12T13:47:39.200970+00:00,201,14855.08,
2026-09-12T13:47:39.268993+00:00,201,14789.05,
2026-09-12T13:47:39.289308+00:00,201,14769.97,
2026-09-12T13:47:39.430012+00:00,201,14633.03,
2026-09-12T13:47:39.729680+00:00,201,14336.93,
2026-09-12T13:47:40.157983+00:00,201,13916.7,
2026-09-12T13:47:40.265447+00:00,201,13813.13,
2026-09-12T13:47:40.311579+00:00,201,13769.68,
2026-09-12T13:47:40.558969+00:00,201,13526.35,
2026-09-12T13:47:40.595856+00:00,201,13491.15,
2026-09-12T13:47:40.629427+00:00,201,13458.99,
2026-09-12T13:47:40.730756+00:00,201,13360.25,
2026-09-12T13:47:40.733177+00:00,201,13359.89,
2026-09-12T13:47:40.880155+00:00,201,13215.06,
2026-09-12T13:47:41.077642+00:00,201,13019.98,
2026-09-12T13:47:41.106510+00:00,201,12992.8,
2026-09-12T13:47:41.138309+00:00,201,12963.76,
2026-09-12T13:47:41.463750+00:00,201,12643.8,
2026-09-12T13:47:41.501224+00:00,201,12607.79,
2026-09-12T13:47:41.608706+00:00,201,12501.75,
2026-09-12T13:47:41.630393+00:00,201,12481.23,
2026-09-12T13:47:41.633450+00:00,201,12479.16,
2026-09-12T13:47:41.767129+00:00,201,12347.82,
2026-09-12T13:47:41.871393+00:00,201,12245.3,
2026-09-12T13:47:42.139347+00:00,201,11982.25,
2026-09-12T13:47:42.551205+00:00,201,11577.48,
2026-09-12T13:47:42.608242+00:00,201,11522.09,
2026-09-12T13:47:42.895906+00:00,201,11239.67,
2026-09-12T13:47:42.954734+00:00,201,11182.73,
2026-09-12T13:47:42.990676+00:00,201,11148.17,
2026-09-12T13:47:43.300247+00:00,201,10841.51,
2026-09-12T13:47:44.046993+00:00,201,10190.51,
2026-09-12T13:47:44.858256+00:00,201,9382.42,
2026-09-12T13:47:45.064847+00:00,201,9177.23,
2026-09-12T13:47:39.211409+00:00,201,15035.92,
2026-09-12T13:47:39.330349+00:00,201,14919.16,
2026-09-12T13:47:39.433036+00:00,201,14818.39,
2026-09-12T13:47:40.206355+00:00,201,14051.53,
2026-09-12T13:47:40.425652+00:00,201,13834.58,
2026-09-12T13:47:40.492406+00:00,201,13770.08,
2026-09-12T13:47:40.532669+00:00,201,13731.13,
2026-09-12T13:47:40.604991+00:00,201,13660.3,
2026-09-12T13:47:40.954165+00:00,201,13315.36,
2026-09-12T13:47:41.242284+00:00,201,13029.65,
2026-09-12T13:47:41.551884+00:00,201,12724.82,
2026-09-12T13:47:41.702647+00:00,201,12576.29,
2026-09-12T13:47:41.808219+00:00,201,12472.37,
2026-09-12T13:47:41.943977+00:00,201,12337.72,
2026-09-12T13:47:42.063814+00:00,201,12220.44,
2026-09-12T13:47:42.275487+00:00,201,12010.93,
2026-09-12T13:47:42.440943+00:00,201,11848.4,
2026-09-12T13:47:42.452515+00:00,201,11837.99,
2026-09-12T13:47:42.536135+00:00,201,11757.3,
2026-09-12T13:47:42.742288+00:00,201,11553.26,
2026-09-12T13:47:39.140622+00:00,201,15208.26,
2026-09-12T13:47:39.528973+00:00,201,14823.97,
2026-09-12T13:47:40.577273+00:00,201,13792.6,
2026-09-12T13:47:41.291304+00:00,201,13084.39,
2026-09-12T13:47:41.411887+00:00,201,12966.21,
2026-09-12T13:47:41.421145+00:00,201,12958.2,
2026-09-12T13:47:42.227045+00:00,201,12157.79,
2026-09-12T13:47:42.396874+00:00,201,11991.35,
2026-09-12T13:47:42.498092+00:00,201,11891.32,
2026-09-12T13:47:42.616644+00:00,201,11774.42,
2026-09-12T13:47:42.357229+00:00,201,12117.27,
2026-09-12T13:47:42.386964+00:00,201,12089.1,
2026-09-12T13:47:42.985667+00:00,201,11500.33,
2026-09-12T13:47:43.054424+00:00,201,11433.04,
2026-09-12T13:47:43.097763+00:00,201,11391.14,
2026-09-12T13:47:40.813017+00:00,201,13755.87,
2026-09-12T13:47:41.563360+00:00,201,13011.82,
2026-09-12T13:47:41.744511+00:00,201,12835.36,
2026-09-12T13:47:42.319636+00:00,201,12269.65,
2026-09-12T13:47:42.766151+00:00,201,11832.38,
2026-09-12T13:47:42.869398+00:00,201,11734.16,
2026-09-12T13:47:43.247626+00:00,201,11368.87,
2026-09-12T13:47:42.668596+00:00,201,12060.84,
2026-09-12T13:47:44.975081+00:00,201,9960.07,
2026-09-12T13:47:45.204380+00:00,201,9851.13,
2026-09-12T13:47:52.344946+00:00,201,4088.58,
2026-09-12T13:47:52.348568+00:00,201,4174.89,
2026-09-12T13:47:52.354794+00:00,201,4173.46,
2026-09-12T13:47:52.346666+00:00,201,4186.24,
2026-09-12T13:47:52.357070+00:00,201,4180.35,
2026-09-12T13:47:52.352152+00:00,201,4264.18,
2026-09-12T13:47:52.359450+00:00,201,4260.82,
2026-09-12T13:47:52.361085+00:00,201,4264.36,
2026-09-12T13:47:52.367050+00:00,201,4263.48,
2026-09-12T13:47:52.370450+00:00,201,4361.86,
2026-09-12T13:47:52.374541+00:00,201,4362.85,
2026-09-12T13:47:52.368916+00:00,201,4374.88,
2026-09-12T13:47:52.376346+00:00,201,4372.84,
2026-09-12T13:47:52.372815+00:00,201,4383.12,
2026-09-12T13:47:52.364375+00:00,201,4397.26,
2026-09-12T13:47:52.378057+00:00,201,4392.15,
2026-09-12T13:47:52.379668+00:00,201,4401.5,
2026-09-12T13:47:52.381309+00:00,201,4410.14,
2026-09-12T13:47:52.383133+00:00,201,4419.91,
2026-09-12T13:47:52.385181+00:00,201,4430.86,
2026-09-12T13:47:52.386987+00:00,201,4440.32,
2026-09-12T13:47:52.388457+00:00,201,4551.29,
2026-09-12T13:47:52.391459+00:00,201,4556.3,
2026-09-12T13:47:44.933347+00:00,201,14263.22,
2026-09-12T13:47:44.586112+00:00,201,14616.22,
2026-09-12T13:47:45.159020+00:00,201,14047.81,
2026-09-12T13:47:46.532272+00:00,201,12679.51,
2026-09-12T13:47:46.913209+00:00,201,12303.3,
2026-09-12T13:47:53.888929+00:00,201,5403.34,
2026-09-12T13:47:46.843165+00:00,201,12453.9,
2026-09-12T13:47:53.892081+00:00,201,5411.4,
2026-09-12T13:47:53.896405+00:00,201,5413.54,
2026-09-12T13:47:53.899424+00:00,201,5416.3,
2026-09-12T13:47:53.902564+00:00,201,5418.85,
2026-09-12T13:47:53.897613+00:00,201,5430.25,
2026-09-12T13:47:51.085146+00:00,201,8249.92,
2026-09-12T13:47:51.376837+00:00,201,7965.3,
2026-09-12T13:47:53.906112+00:00,201,5443.32,
2026-09-12T13:47:53.908419+00:00,201,5449.44,
2026-09-12T13:47:53.919127+00:00,201,5446.13,
2026-09-12T13:47:53.910796+00:00,201,5462.49,
2026-09-12T13:47:51.787530+00:00,201,7595.33,
2026-09-12T13:47:53.913862+00:00,201,5477.78,
2026-09-12T13:47:53.922261+00:00,201,5581.24,
2026-09-12T13:47:53.920835+00:00,201,5591.65,
2026-09-12T13:47:53.925352+00:00,201,5596.18,
2026-09-12T13:47:53.929602+00:00,201,5602.53,
2026-09-12T13:47:53.928253+00:00,201,5614.25,
2026-09-12T13:47:53.931553+00:00,201,5620.32,
2026-09-12T13:47:53.926930+00:00,201,5635.01,
2026-09-12T13:47:51.911758+00:00,201,7659.54,
2026-09-12T13:47:53.933445+00:00,201,5648.44,
2026-09-12T13:47:53.935062+00:00,201,5656.68,
2026-09-12T13:47:53.941512+00:00,201,5803.62,
2026-09-12T13:47:53.936445+00:00,201,5819.83,
2026-09-12T13:47:53.945868+00:00,201,5822.28,
2026-09-12T13:47:53.939229+00:00,201,5840.47,
2026-09-12T13:47:53.942749+00:00,201,5849.88,
2026-09-12T13:47:53.948564+00:00,201,5854.68,
2026-09-12T13:47:53.950509+00:00,201,5863.33,
2026-09-12T13:47:53.944570+00:00,201,5882.51,
2026-09-12T13:47:53.957176+00:00,201,5881.98,
2026-09-12T13:47:53.952299+00:00,201,5900.49,
2026-09-12T13:47:53.964483+00:00,201,5901.57,
2026-09-12T13:47:53.960585+00:00,201,5921.43,
2026-09-12T13:47:53.958965+00:00,201,5937.27,
2026-09-12T13:47:53.967120+00:00,201,5944.03,
2026-09-12T13:47:53.971781+00:00,201,5955.11,
2026-09-12T13:47:53.968540+00:00,201,5973.09,
2026-09-12T13:47:53.972966+00:00,201,5984.01,
2026-09-12T13:47:53.980035+00:00,201,5992.36,
2026-09-12T13:47:53.979014+00:00,201,6008.0,
2026-09-12T13:47:53.981069+00:00,201,6023.06,
2026-09-12T13:47:53.983465+00:00,201,6040.37,
2026-09-12T13:47:53.982539+00:00,201,6057.73,
2026-09-12T13:47:53.984366+00:00,201,6334.21,
2026-09-12T13:47:53.985274+00:00,201,6351.7,
2026-09-12T13:47:53.989460+00:00,201,6365.21,
2026-09-12T13:47:53.987607+00:00,201,6383.61,
2026-09-12T13:47:53.986460+00:00,201,6403.27,
2026-09-12T13:47:53.991655+00:00,201,6416.45,
2026-09-12T13:47:53.990681+00:00,201,6433.98,
2026-09-12T13:47:53.992559+00:00,201,6449.9,
2026-09-12T13:47:53.994605+00:00,201,6465.84,
2026-09-12T13:47:53.993729+00:00,201,6485.38,
2026-09-12T13:47:53.988555+00:00,201,6508.78,
2026-09-12T13:47:53.995482+00:00,201,6521.67,
2026-09-12T13:47:53.997319+00:00,201,6539.21,
2026-09-12T13:47:54.000049+00:00,201,6555.15,
2026-09-12T13:47:53.998217+00:00,201,6576.05,
2026-09-12T13:47:53.996360+00:00,201,6602.11,
2026-09-12T13:47:54.004643+00:00,201,6612.96,
2026-09-12T13:47:54.003703+00:00,201,6634.03,
2026-09-12T13:47:54.005615+00:00,201,6652.44,
2026-09-12T13:47:53.999156+00:00,201,6678.27,
2026-09-12T13:47:54.007913+00:00,201,6688.71,
2026-09-12T13:47:54.000934+00:00,201,6719.32,
2026-09-12T13:47:54.009859+00:00,201,6733.36,
2026-09-12T13:47:54.012580+00:00,201,6752.12,
2026-09-12T13:47:54.015321+00:00,201,6770.16,
2026-09-12T13:47:54.010785+00:00,201,6797.72,
2026-09-12T13:47:54.006680+00:00,201,6823.04,
2026-09-12T13:47:54.013452+00:00,201,6837.36,
2026-09-12T13:47:54.016183+00:00,201,6856.16,
2026-09-12T13:47:54.011696+00:00,201,6885.57,
2026-09-12T13:47:54.008895+00:00,201,6913.66,
2026-09-12T13:47:54.014371+00:00,201,6933.05,
2026-09-12T13:47:54.018847+00:00,201,6954.39,
2026-09-12T13:47:54.017073+00:00,201,6996.24,
2026-09-12T13:47:54.017958+00:00,201,7032.25,
2026-09-12T13:47:54.022372+00:00,201,7054.76,
2026-09-12T13:47:54.023245+00:00,201,7080.5,
2026-09-12T13:47:54.020628+00:00,201,7108.74,
2026-09-12T13:47:54.019749+00:00,201,7133.35,
2026-09-12T13:47:54.025350+00:00,201,7161.32,
2026-09-12T13:47:54.024395+00:00,201,7188.62,
2026-09-12T13:47:54.028454+00:00,201,7213.64,
2026-09-12T13:47:54.021494+00:00,201,7248.18,
2026-09-12T13:47:54.031179+00:00,201,7265.53,
2026-09-12T13:47:54.027367+00:00,201,7294.61,
2026-09-12T13:47:54.032172+00:00,201,7317.35,
2026-09-12T13:47:54.030281+00:00,201,7344.19,
2026-09-12T13:47:54.033178+00:00,201,7368.09,
2026-09-12T13:47:54.029373+00:00,201,7399.15,
2026-09-12T13:47:54.026262+00:00,201,7432.31,
2026-09-12T13:47:54.935262+00:00,201,6923.67,
2026-09-12T13:47:44.149831+00:00,201,17737.28,
2026-09-12T13:47:53.753892+00:00,201,8161.24,
2026-09-12T13:47:43.889440+00:00,201,18053.85,
2026-09-12T13:47:54.141848+00:00,201,7841.06,
2026-09-12T13:47:53.689841+00:00,201,8320.99,
2026-09-12T13:47:53.838680+00:00,201,8201.97,
2026-09-12T13:47:54.138995+00:00,201,7930.55,
2026-09-12T13:47:53.854136+00:00,201,8242.04,
2026-09-12T13:47:53.869224+00:00,201,8256.3,
2026-09-12T13:47:54.166975+00:00,201,7987.21,
2026-09-12T13:47:54.170535+00:00,201,8014.19,
2026-09-12T13:47:54.175256+00:00,201,8042.51,
2026-09-12T13:47:54.169499+00:00,201,8078.49,
2026-09-12T13:47:54.172608+00:00,201,8101.2,
2026-09-12T13:47:54.171563+00:00,201,8125.79,
2026-09-12T13:47:54.178170+00:00,201,8143.37,
2026-09-12T13:47:54.137537+00:00,201,8682.9,
2026-09-12T13:47:54.183178+00:00,201,8657.61,
2026-09-12T13:47:54.174304+00:00,201,8686.61,
2026-09-12T13:47:54.176194+00:00,201,8705.02,
2026-09-12T13:47:54.177105+00:00,201,8724.92,
2026-09-12T13:47:54.182158+00:00,201,8763.59,
2026-09-12T13:47:54.189724+00:00,201,8781.33,
2026-09-12T13:47:54.184106+00:00,201,8813.48,
2026-09-12T13:47:54.185938+00:00,201,8836.42,
2026-09-12T13:47:54.185005+00:00,201,8863.14,
2026-09-12T13:47:54.180096+00:00,201,8895.14,
2026-09-12T13:47:54.192066+00:00,201,8920.08,
2026-09-12T13:47:54.191121+00:00,201,8951.25,
2026-09-12T13:47:54.186869+00:00,201,8984.67,
2026-09-12T13:47:54.196114+00:00,201,9007.06,
2026-09-12T13:47:54.195174+00:00,201,9033.69,
2026-09-12T13:47:54.188677+00:00,201,9069.4,
2026-09-12T13:47:54.193941+00:00,201,9089.84,
2026-09-12T13:47:54.197111+00:00,201,9112.68,
2026-09-12T13:47:54.193032+00:00,201,9142.79,
2026-09-12T13:47:54.179127+00:00,201,9182.75,
2026-09-12T13:47:54.198097+00:00,201,9189.57,
2026-09-12T13:47:54.187783+00:00,201,9227.08,
2026-09-12T13:47:54.181000+00:00,201,9260.47,
2026-09-12T13:47:54.203778+00:00,201,9265.74,
2026-09-12T13:47:54.202882+00:00,201,9296.85,
2026-09-12T13:47:54.206572+00:00,201,9319.65,
2026-09-12T13:47:54.199157+00:00,201,9351.16,
2026-09-12T13:47:54.200119+00:00,201,9375.59,
2026-09-12T13:47:54.201044+00:00,201,9401.18,
2026-09-12T13:47:54.201963+00:00,201,9424.59,
2026-09-12T13:47:54.208019+00:00,201,9454.42,
2026-09-12T13:47:54.204694+00:00,201,9497.61,
2026-09-12T13:47:54.205657+00:00,201,9531.53,
2026-09-12T13:47:54.209801+00:00,201,9558.76,
2026-09-12T13:47:54.208920+00:00,201,9594.78,
2026-09-12T13:47:54.214400+00:00,201,9620.78,
2026-09-12T13:47:54.212653+00:00,201,9651.81,
2026-09-12T13:47:54.211746+00:00,201,9682.59,
2026-09-12T13:47:54.213539+00:00,201,9717.96,
2026-09-12T13:47:54.210703+00:00,201,9751.48,
2026-09-12T13:47:43.463235+00:00,201,20532.41,
2026-09-12T13:47:43.382666+00:00,201,20643.65,
2026-09-12T13:47:54.237641+00:00,201,9818.94,
2026-09-12T13:47:44.135515+00:00,201,19948.71,
2026-09-12T13:47:44.168572+00:00,201,19944.45,
2026-09-12T13:47:52.343159+00:00,201,11796.8,
2026-09-12T13:47:54.135657+00:00,201,10038.06,
2026-09-12T13:47:44.601444+00:00,201,19608.01,
2026-09-12T13:47:46.633604+00:00,201,18622.6,
2026-09-12T13:47:52.192011+00:00,201,13134.47,
2026-09-12T13:47:54.353035+00:00,201,10992.86,
2026-09-12T13:47:51.426310+00:00,201,13943.45,
2026-09-12T13:47:52.400688+00:00,201,12991.73,
2026-09-12T13:47:54.369970+00:00,201,11036.13,
2026-09-12T13:47:52.733753+00:00,201,12686.65,
2026-09-12T13:47:52.446122+00:00,201,12987.72,
2026-09-12T13:47:52.533471+00:00,201,12913.91,
2026-09-12T13:47:52.977170+00:00,201,12484.27,
2026-09-12T13:47:52.664293+00:00,201,12812.53,
2026-09-12T13:47:52.891643+00:00,201,12600.19,
2026-09-12T13:47:54.375774+00:00,201,11131.83,
2026-09-12T13:47:53.025347+00:00,201,12496.95,
2026-09-12T13:47:54.378198+00:00,201,11158.62,
2026-09-12T13:47:53.350518+00:00,201,12201.41,
2026-09-12T13:47:54.379419+00:00,201,11187.37,
2026-09-12T13:47:53.220503+00:00,201,12360.95,
2026-09-12T13:47:53.065493+00:00,201,12531.91,
2026-09-12T13:47:53.384246+00:00,201,12236.37,
2026-09-12T13:47:54.384911+00:00,201,11258.97,
2026-09-12T13:47:54.389485+00:00,201,11270.53,
2026-09-12T13:47:54.388307+00:00,201,11284.71,
2026-09-12T13:47:53.494976+00:00,201,12189.78,
2026-09-12T13:47:54.391139+00:00,201,11304.09,
2026-09-12T13:47:53.761843+00:00,201,11949.6,
2026-09-12T13:47:53.658857+00:00,201,12062.58,
2026-09-12T13:47:53.699851+00:00,201,12031.13,
2026-09-12T13:47:53.870688+00:00,201,11874.46,
2026-09-12T13:47:54.405812+00:00,201,11354.5,
2026-09-12T13:47:54.407365+00:00,201,11366.96,
2026-09-12T13:47:54.408599+00:00,201,11376.67,
2026-09-12T13:47:54.409937+00:00,201,11386.78,
2026-09-12T13:47:54.036346+00:00,201,11776.22,
2026-09-12T13:47:43.702110+00:00,201,22120.03,
2026-09-12T13:47:43.251269+00:00,201,22580.25,
2026-09-12T13:47:43.519544+00:00,201,22321.83,
2026-09-12T13:47:54.039023+00:00,201,11811.9,
2026-09-12T13:47:44.915285+00:00,201,20945.62,
2026-09-12T13:47:44.642231+00:00,201,21228.25,
2026-09-12T13:47:43.612624+00:00,201,22267.64,
2026-09-12T13:47:44.199508+00:00,201,21690.59,
2026-09-12T13:47:45.228646+00:00,201,20671.73,
2026-09-12T13:47:46.668949+00:00,201,19242.58,
2026-09-12T13:47:44.994935+00:00,201,20931.78,
2026-09-12T13:47:50.672695+00:00,201,15265.09,
2026-09-12T13:47:51.441795+00:00,201,14506.91,
2026-09-12T13:47:51.146049+00:00,201,14819.7,
2026-09-12T13:47:52.195685+00:00,201,13782.47,
2026-09-12T13:47:51.848669+00:00,201,14140.47,
2026-09-12T13:47:52.424816+00:00,201,13575.36,
2026-09-12T13:47:52.538004+00:00,201,13475.08,
2026-09-12T13:47:52.450607+00:00,201,13573.02,
2026-09-12T13:47:52.670854+00:00,201,13365.01,
2026-09-12T13:47:52.739195+00:00,201,13309.39,
2026-09-12T13:47:53.224647+00:00,201,12835.42,
2026-09-12T13:47:53.035349+00:00,201,13035.53,
2026-09-12T13:47:52.896126+00:00,201,13185.86,
2026-09-12T13:47:52.986813+00:00,201,13107.13,
2026-09-12T13:47:53.470411+00:00,201,12635.12,
2026-09-12T13:47:53.070768+00:00,201,13047.4,
2026-09-12T13:47:53.359000+00:00,201,12771.46,
2026-09-12T13:47:54.474606+00:00,201,11669.12,
2026-09-12T13:47:53.501251+00:00,201,12657.88,
2026-09-12T13:47:53.603243+00:00,201,12568.25,
2026-09-12T13:47:53.389600+00:00,201,12831.12,
2026-09-12T13:47:54.487540+00:00,201,11743.1,
2026-09-12T13:47:53.702469+00:00,201,12541.91,
2026-09-12T13:47:53.662742+00:00,201,12590.45,
2026-09-12T13:47:53.764163+00:00,201,12498.97,
2026-09-12T13:47:54.488980+00:00,201,11782.99,
2026-09-12T13:47:53.841737+00:00,201,12439.31,
2026-09-12T13:47:53.856874+00:00,201,12436.74,
2026-09-12T13:47:54.529454+00:00,201,11773.37,
2026-09-12T13:47:54.532811+00:00,201,11779.57,
2026-09-12T13:47:53.871423+00:00,201,12450.15,
2026-09-12T13:47:54.534992+00:00,201,11795.18,
2026-09-12T13:47:43.930069+00:00,201,22407.91,
2026-09-12T13:47:44.653477+00:00,201,21692.56,
2026-09-12T13:47:45.136199+00:00,201,21217.85,
2026-09-12T13:47:45.251340+00:00,201,21110.77,
2026-09-12T13:47:45.015276+00:00,201,21355.12,
2026-09-12T13:47:44.210730+00:00,201,22167.99,
2026-09-12T13:47:46.704194+00:00,201,19683.15,
2026-09-12T13:47:47.082021+00:00,201,19313.56,
2026-09-12T13:47:51.156197+00:00,201,15247.48,
2026-09-12T13:47:51.864733+00:00,201,14549.4,
2026-09-12T13:47:50.692318+00:00,201,15734.38,
2026-09-12T13:47:52.203938+00:00,201,14232.8,
2026-09-12T13:47:52.427653+00:00,201,14024.23,
2026-09-12T13:47:52.453597+00:00,201,14012.34,
2026-09-12T13:47:53.042198+00:00,201,13430.77,
2026-09-12T13:47:52.908159+00:00,201,13572.07,
2026-09-12T13:47:53.079657+00:00,201,13407.8,
2026-09-12T13:47:54.568998+00:00,201,11925.08,
2026-09-12T13:47:52.751134+00:00,201,13749.43,
2026-09-12T13:47:54.575257+00:00,201,11937.43,
2026-09-12T13:47:53.228538+00:00,201,13292.72,
2026-09-12T13:47:53.474533+00:00,201,13054.54,
2026-09-12T13:47:53.362431+00:00,201,13172.99,
2026-09-12T13:47:54.589377+00:00,201,11951.64,
2026-09-12T13:47:54.579953+00:00,201,11966.59,
2026-09-12T13:47:53.608007+00:00,201,12947.13,
2026-09-12T13:47:53.505301+00:00,201,13055.81,
2026-09-12T13:47:54.598642+00:00,201,11968.21,
2026-09-12T13:47:53.705108+00:00,201,12867.57,
2026-09-12T13:47:54.603732+00:00,201,11975.16,
2026-09-12T13:47:53.671273+00:00,201,12913.84,
2026-09-12T13:47:53.858143+00:00,201,12733.16,
2026-09-12T13:47:53.766959+00:00,201,12830.72,
2026-09-12T13:47:54.616673+00:00,201,11987.43,
2026-09-12T13:47:53.842614+00:00,201,12768.22,
2026-09-12T13:47:53.872146+00:00,201,12745.77,
2026-09-12T13:47:54.657595+00:00,201,11967.32,
2026-09-12T13:47:54.659607+00:00,201,11973.46,
2026-09-12T13:47:43.279915+00:00,201,23362.31,
2026-09-12T13:47:45.276362+00:00,201,21374.46,
2026-09-12T13:47:43.942451+00:00,201,22715.78,
2026-09-12T13:47:44.663965+00:00,201,22002.6,
2026-09-12T13:47:46.499164+00:00,201,20174.51,
2026-09-12T13:47:45.040842+00:00,201,21640.03,
2026-09-12T13:47:50.724643+00:00,201,15963.83,
2026-09-12T13:47:47.115538+00:00,201,19585.17,
2026-09-12T13:47:51.177188+00:00,201,15530.61,
2026-09-12T13:47:51.475607+00:00,201,15241.11,
2026-09-12T13:47:51.873116+00:00,201,14850.44,
2026-09-12T13:47:52.456682+00:00,201,14274.42,
2026-09-12T13:47:52.206778+00:00,201,14530.95,
2026-09-12T13:47:52.687395+00:00,201,14060.32,
2026-09-12T13:47:52.755635+00:00,201,13998.22,
2026-09-12T13:47:52.430133+00:00,201,14329.56,
2026-09-12T13:47:53.083955+00:00,201,13681.39,
2026-09-12T13:47:53.000966+00:00,201,13772.99,
2026-09-12T13:47:53.365840+00:00,201,13413.23,
2026-09-12T13:47:52.912807+00:00,201,13872.45,
2026-09-12T13:47:53.396635+00:00,201,13393.37,
2026-09-12T13:47:53.517483+00:00,201,13277.17,
2026-09-12T13:47:54.729561+00:00,201,12069.95,
2026-09-12T13:47:53.484348+00:00,201,13319.77,
2026-09-12T13:47:53.610869+00:00,201,13198.14,
2026-09-12T13:47:53.843504+00:00,201,12970.14,
2026-09-12T13:47:53.707854+00:00,201,13111.4,
2026-09-12T13:47:53.676981+00:00,201,13147.74,
2026-09-12T13:47:53.858982+00:00,201,12970.78,
2026-09-12T13:47:53.769308+00:00,201,13066.03,
2026-09-12T13:47:53.872852+00:00,201,12968.45,
2026-09-12T13:47:54.745584+00:00,201,12102.97,
2026-09-12T13:47:54.750420+00:00,201,12105.36,
2026-09-12T13:47:54.748481+00:00,201,12114.68,
2026-09-12T13:47:54.747078+00:00,201,12122.38,
2026-09-12T13:47:43.953962+00:00,201,22921.27,
2026-09-12T13:47:54.240764+00:00,201,12642.15,
2026-09-12T13:47:45.298111+00:00,201,21589.86,
2026-09-12T13:47:43.539146+00:00,201,23353.98,
2026-09-12T13:47:44.674098+00:00,201,22224.52,
2026-09-12T13:47:50.748542+00:00,201,16155.1,
2026-09-12T13:47:47.148228+00:00,201,19760.55,
2026-09-12T13:47:46.772583+00:00,201,20140.93,
2026-09-12T13:47:51.192618+00:00,201,15725.45,
2026-09-12T13:47:51.492362+00:00,201,15430.3,
2026-09-12T13:47:52.209667+00:00,201,14719.0,
2026-09-12T13:47:51.881174+00:00,201,15054.57,
2026-09-12T13:47:52.764317+00:00,201,14183.23,
2026-09-12T13:47:52.691033+00:00,201,14263.53,
2026-09-12T13:47:52.459856+00:00,201,14500.27,
2026-09-12T13:47:53.005295+00:00,201,13958.23,
2026-09-12T13:47:52.922520+00:00,201,14044.52,
2026-09-12T13:47:53.088180+00:00,201,13882.44,
2026-09-12T13:47:53.237991+00:00,201,13736.39,
2026-09-12T13:47:53.353774+00:00,201,13624.33,
2026-09-12T13:47:53.405896+00:00,201,13576.1,
2026-09-12T13:47:53.479631+00:00,201,13506.25,
2026-09-12T13:47:53.613750+00:00,201,13376.32,
2026-09-12T13:47:53.680361+00:00,201,13313.9,
2026-09-12T13:47:53.521371+00:00,201,13477.13,
2026-09-12T13:47:53.710614+00:00,201,13292.36,
2026-09-12T13:47:53.771716+00:00,201,13237.11,
2026-09-12T13:47:53.844394+00:00,201,13169.77,
2026-09-12T13:47:53.859791+00:00,201,13160.21,
2026-09-12T13:47:54.856043+00:00,201,12168.84,
2026-09-12T13:47:53.873648+00:00,201,13156.15,
2026-09-12T13:47:54.854136+00:00,201,12181.18,
2026-09-12T13:47:54.860615+00:00,201,12180.12,
2026-09-12T13:47:54.858255+00:00,201,12187.62,
2026-09-12T13:47:46.805987+00:00,201,20248.29,
2026-09-12T13:47:45.329868+00:00,201,21729.73,
2026-09-12T13:47:50.771304+00:00,201,16293.72,
2026-09-12T13:47:51.511057+00:00,201,15563.15,
2026-09-12T13:47:52.212195+00:00,201,14866.92,
2026-09-12T13:47:51.896923+00:00,201,15191.14,
2026-09-12T13:47:53.409634+00:00,201,13682.87,
2026-09-12T13:47:52.466669+00:00,201,14630.42,
2026-09-12T13:47:52.583248+00:00,201,14518.25,
2026-09-12T13:47:52.694569+00:00,201,14411.16,
2026-09-12T13:47:52.927257+00:00,201,14183.07,
2026-09-12T13:47:52.769030+00:00,201,14348.39,
2026-09-12T13:47:53.094745+00:00,201,14026.77,
2026-09-12T13:47:53.241774+00:00,201,13884.04,
2026-09-12T13:47:53.616847+00:00,201,13515.53,
2026-09-12T13:47:53.339075+00:00,201,13797.05,
2026-09-12T13:47:53.715998+00:00,201,13423.96,
2026-09-12T13:47:53.687312+00:00,201,13457.0,
2026-09-12T13:47:53.845291+00:00,201,13302.86,
2026-09-12T13:47:53.777077+00:00,201,13374.93,
2026-09-12T13:47:53.860597+00:00,201,13295.27,
2026-09-12T13:47:53.874471+00:00,201,13285.9,
2026-09-12T13:47:47.291115+00:00,201,19873.26,
2026-09-12T13:47:50.799916+00:00,201,16368.83,
2026-09-12T13:47:52.332057+00:00,201,14869.34,
2026-09-12T13:47:51.553460+00:00,201,15652.39,
2026-09-12T13:47:52.223602+00:00,201,14985.83,
2026-09-12T13:47:43.968311+00:00,201,23244.48,
2026-09-12T13:47:52.477077+00:00,201,14738.59,
2026-09-12T13:47:52.629876+00:00,201,14588.73,
2026-09-12T13:47:52.797177+00:00,201,14425.4,
2026-09-12T13:47:52.944019+00:00,201,14281.28,
2026-09-12T13:47:53.110216+00:00,201,14118.84,
2026-09-12T13:47:52.996277+00:00,201,14236.99,
2026-09-12T13:47:53.630628+00:00,201,13607.57,
2026-09-12T13:47:53.425291+00:00,201,13815.86,
2026-09-12T13:47:53.536069+00:00,201,13708.0,
2026-09-12T13:47:53.784745+00:00,201,13462.36,
2026-09-12T13:47:53.723622+00:00,201,13527.43,
2026-09-12T13:47:53.862967+00:00,201,13392.38,
2026-09-12T13:47:53.876671+00:00,201,13382.41,
2026-09-12T13:47:53.848536+00:00,201,13413.91,
2026-09-12T13:47:54.939327+00:00,201,12327.15,
2026-09-12T13:47:55.235653+00:00,201,12034.47,
2026-09-12T13:47:55.245128+00:00,201,12028.92,
2026-09-12T13:47:55.240910+00:00,201,12036.82,
2026-09-12T13:47:43.695369+00:00,201,23586.1,
2026-09-12T13:47:44.292552+00:00,201,22994.21,
2026-09-12T13:47:43.275609+00:00,201,24015.16,
2026-09-12T13:47:43.641288+00:00,201,23653.49,
2026-09-12T13:47:47.326902+00:00,201,19972.18,
2026-09-12T13:47:45.372746+00:00,201,21930.58,
2026-09-12T13:47:50.815539+00:00,201,16492.09,
2026-09-12T13:47:51.287402+00:00,201,16026.68,
2026-09-12T13:47:51.571066+00:00,201,15748.84,
2026-09-12T13:47:52.225634+00:00,201,15099.81,
2026-09-12T13:47:52.713423+00:00,201,14617.38,
2026-09-12T13:47:52.801952+00:00,201,14534.97,
2026-09-12T13:47:52.483565+00:00,201,14860.79,
2026-09-12T13:47:52.886641+00:00,201,14464.71,
2026-09-12T13:47:52.645587+00:00,201,14715.59,
2026-09-12T13:47:53.428683+00:00,201,13941.42,
2026-09-12T13:47:53.296302+00:00,201,14078.86,
2026-09-12T13:47:53.730327+00:00,201,13653.23,
2026-09-12T13:47:53.633735+00:00,201,13754.83,
2026-09-12T13:47:53.791314+00:00,201,13604.54,
2026-09-12T13:47:53.849830+00:00,201,13551.22,
2026-09-12T13:47:53.863770+00:00,201,13541.13,
2026-09-12T13:47:54.940663+00:00,201,12469.26,
2026-09-12T13:47:55.383692+00:00,201,12031.0,
2026-09-12T13:47:55.387744+00:00,201,12031.71,
2026-09-12T13:47:47.364997+00:00,201,20058.9,
2026-09-12T13:47:55.385722+00:00,201,12042.0,
2026-09-12T13:47:45.385301+00:00,201,22046.15,
2026-09-12T13:47:51.579975+00:00,201,15855.32,
2026-09-12T13:47:51.302097+00:00,201,16138.32,
2026-09-12T13:47:52.488359+00:00,201,14957.41,
2026-09-12T13:47:50.859733+00:00,201,16591.65,
2026-09-12T13:47:52.227780+00:00,201,15227.88,
2026-09-12T13:47:52.569461+00:00,201,14890.72,
2026-09-12T13:47:52.812603+00:00,201,14651.85,
2026-09-12T13:47:52.717503+00:00,201,14751.48,
2026-09-12T13:47:53.299925+00:00,201,14178.09,
2026-09-12T13:47:53.119266+00:00,201,14363.05,
2026-09-12T13:47:53.855999+00:00,201,13814.18,
2026-09-12T13:47:52.676258+00:00,201,15000.38,
2026-09-12T13:47:43.334320+00:00,201,24347.71,
2026-09-12T13:47:47.186152+00:00,201,20498.13,
2026-09-12T13:47:43.751778+00:00,201,23943.69,
2026-09-12T13:47:47.398534+00:00,201,20298.55,
2026-09-12T13:47:44.324092+00:00,201,23374.69,
2026-09-12T13:47:45.397969+00:00,201,22302.48,
2026-09-12T13:47:43.840866+00:00,201,23861.69,
2026-09-12T13:47:50.866204+00:00,201,16838.62,
2026-09-12T13:47:52.681282+00:00,201,15027.85,
2026-09-12T13:47:52.818035+00:00,201,14892.7,
2026-09-12T13:47:53.125685+00:00,201,14586.86,
2026-09-12T13:47:52.949146+00:00,201,14765.31,
2026-09-12T13:47:53.303402+00:00,201,14413.08,
2026-09-12T13:47:53.438842+00:00,201,14280.0,
2026-09-12T13:47:53.794027+00:00,201,13927.94,
2026-09-12T13:47:53.735776+00:00,201,13987.78,
2026-09-12T13:47:53.851661+00:00,201,13873.67,
2026-09-12T13:47:53.865770+00:00,201,13861.27,
2026-09-12T13:47:52.335582+00:00,201,15393.14,
2026-09-12T13:47:55.606481+00:00,201,12123.97,
2026-09-12T13:47:55.601198+00:00,201,12131.21,
2026-09-12T13:47:56.433651+00:00,201,11300.65,
2026-09-12T13:47:44.338907+00:00,201,23399.31,
2026-09-12T13:47:44.032091+00:00,201,23707.72,
2026-09-12T13:47:47.432053+00:00,201,20309.65,
2026-09-12T13:47:51.614572+00:00,201,16128.84,
2026-09-12T13:47:45.409609+00:00,201,22335.66,
2026-09-12T13:47:51.330008+00:00,201,16417.02,
2026-09-12T13:47:50.872227+00:00,201,16876.84,
2026-09-12T13:47:52.651159+00:00,201,15099.85,
2026-09-12T13:47:52.500847+00:00,201,15253.71,
2026-09-12T13:47:52.828553+00:00,201,14928.12,
2026-09-12T13:47:53.443311+00:00,201,14315.69,
2026-09-12T13:47:53.807257+00:00,201,13954.06,
2026-09-12T13:47:53.554457+00:00,201,14209.24,
2026-09-12T13:47:53.312476+00:00,201,14453.74,
2026-09-12T13:47:52.917884+00:00,201,14850.91,
2026-09-12T13:47:53.129982+00:00,201,14641.31,
2026-09-12T13:47:53.738319+00:00,201,14035.82,
2026-09-12T13:47:53.837624+00:00,201,13939.14,
2026-09-12T13:47:53.867099+00:00,201,13912.3,
2026-09-12T13:47:55.719116+00:00,201,12063.07,
2026-09-12T13:47:43.762559+00:00,201,24025.08,
2026-09-12T13:47:55.721798+00:00,201,12068.85,
2026-09-12T13:47:44.308082+00:00,201,23485.42,
2026-09-12T13:47:43.270349+00:00,201,24526.19,
2026-09-12T13:47:43.377072+00:00,201,24422.76,
2026-09-12T13:47:44.353406+00:00,201,23449.59,
2026-09-12T13:47:50.878410+00:00,201,16927.95,
2026-09-12T13:47:47.466219+00:00,201,20343.09,
2026-09-12T13:47:44.066668+00:00,201,23745.3,
2026-09-12T13:47:43.558383+00:00,201,24256.37,
2026-09-12T13:47:51.630391+00:00,201,16186.78,
2026-09-12T13:47:52.504871+00:00,201,15314.53,
2026-09-12T13:47:51.348695+00:00,201,16473.06,
2026-09-12T13:47:52.233895+00:00,201,15590.12,
2026-09-12T13:47:53.134242+00:00,201,14692.07,
2026-09-12T13:47:53.316025+00:00,201,14512.8,
2026-09-12T13:47:53.563484+00:00,201,14268.86,
2026-09-12T13:47:52.833452+00:00,201,15001.27,
2026-09-12T13:47:53.853115+00:00,201,13984.11,
2026-09-12T13:47:53.741297+00:00,201,14098.36,
2026-09-12T13:47:53.808476+00:00,201,14033.62,
2026-09-12T13:47:55.841266+00:00,201,12003.36,
2026-09-12T13:47:44.694723+00:00,201,23152.58,
2026-09-12T13:47:55.838272+00:00,201,12011.77,
2026-09-12T13:47:55.843819+00:00,201,12009.08,
2026-09-12T13:47:55.833962+00:00,201,12021.85,
2026-09-12T13:47:44.367420+00:00,201,23491.32,
2026-09-12T13:47:47.505103+00:00,201,20356.61,
2026-09-12T13:47:43.652809+00:00,201,24211.57,
2026-09-12T13:47:44.781785+00:00,201,23085.52,
2026-09-12T13:47:50.896762+00:00,201,16975.79,
2026-09-12T13:47:51.363679+00:00,201,16511.81,
2026-09-12T13:47:51.644042+00:00,201,16235.49,
2026-09-12T13:47:52.463119+00:00,201,15418.64,
2026-09-12T13:47:52.843948+00:00,201,15040.29,
2026-09-12T13:47:53.142953+00:00,201,14743.59,
2026-09-12T13:47:53.745227+00:00,201,14143.88,
2026-09-12T13:47:53.319403+00:00,201,14572.97,
2026-09-12T13:47:53.809641+00:00,201,14085.87,
2026-09-12T13:47:53.567701+00:00,201,14331.19,
2026-09-12T13:47:53.452538+00:00,201,14449.68,
2026-09-12T13:47:45.344111+00:00,201,22561.33,
2026-09-12T13:47:55.982532+00:00,201,11928.63,
2026-09-12T13:47:44.382895+00:00,201,23530.95,
2026-09-12T13:47:50.918951+00:00,201,16997.76,
2026-09-12T13:47:43.451347+00:00,201,24468.27,
2026-09-12T13:47:51.662310+00:00,201,16260.31,
2026-09-12T13:47:47.584018+00:00,201,20341.72,
2026-09-12T13:47:44.802472+00:00,201,23126.68,
2026-09-12T13:47:51.074652+00:00,201,16859.53,
2026-09-12T13:47:52.237920+00:00,201,15699.93,
2026-09-12T13:47:52.509865+00:00,201,15430.96,
2026-09-12T13:47:52.848942+00:00,201,15094.46,
2026-09-12T13:47:53.149024+00:00,201,14796.83,
2026-09-12T13:47:53.748081+00:00,201,14200.8,
2026-09-12T13:47:53.330008+00:00,201,14621.47,
2026-09-12T13:47:53.400280+00:00,201,14553.98,
2026-09-12T13:47:56.077521+00:00,201,11879.56,
2026-09-12T13:47:53.571070+00:00,201,14388.66,
2026-09-12T13:47:53.810779+00:00,201,14151.53,
2026-09-12T13:47:47.220969+00:00,201,20744.01,
2026-09-12T13:47:56.083160+00:00,201,11884.68,
2026-09-12T13:47:56.939856+00:00,201,11031.77,
2026-09-12T13:47:56.085614+00:00,201,11888.55,
2026-09-12T13:47:44.398349+00:00,201,23578.46,
2026-09-12T13:47:44.820896+00:00,201,23158.37,
2026-09-12T13:47:51.166351+00:00,201,16815.48,
2026-09-12T13:47:47.603242+00:00,201,20382.0,
2026-09-12T13:47:43.852222+00:00,201,24135.79,
2026-09-12T13:47:51.677554+00:00,201,16313.58,
2026-09-12T13:47:50.943978+00:00,201,17050.07,
2026-09-12T13:47:52.853959+00:00,201,15142.89,
2026-09-12T13:47:52.242851+00:00,201,15757.85,
2026-09-12T13:47:53.159071+00:00,201,14844.42,
2026-09-12T13:47:53.334581+00:00,201,14671.38,
2026-09-12T13:47:53.416949+00:00,201,14591.67,
2026-09-12T13:47:53.751204+00:00,201,14259.89,
2026-09-12T13:47:53.578961+00:00,201,14434.66,
2026-09-12T13:47:56.174061+00:00,201,11845.43,
2026-09-12T13:47:56.171874+00:00,201,11849.94,
2026-09-12T13:47:56.176074+00:00,201,11848.24,
2026-09-12T13:47:44.082056+00:00,201,23944.59,
2026-09-12T13:47:44.413856+00:00,201,23615.14,
2026-09-12T13:47:44.839412+00:00,201,23193.95,
2026-09-12T13:47:50.971600+00:00,201,17064.14,
2026-09-12T13:47:51.055821+00:00,201,16982.56,
2026-09-12T13:47:51.695536+00:00,201,16345.79,
2026-09-12T13:47:52.863342+00:00,201,15180.63,
2026-09-12T13:47:52.249103+00:00,201,15797.51,
2026-09-12T13:47:53.213946+00:00,201,14835.78,
2026-09-12T13:47:53.163459+00:00,201,14888.98,
2026-09-12T13:47:53.583413+00:00,201,14471.5,
2026-09-12T13:47:53.695155+00:00,201,14362.31,
2026-09-12T13:47:53.812928+00:00,201,14247.01,
2026-09-12T13:47:51.225560+00:00,201,16838.11,
2026-09-12T13:47:56.257444+00:00,201,11808.79,
2026-09-12T13:47:57.136816+00:00,201,10931.81,
2026-09-12T13:47:56.254640+00:00,201,11816.32,
2026-09-12T13:47:56.347996+00:00,201,11725.3,
2026-09-12T13:47:56.354028+00:00,201,11721.9,
2026-09-12T13:47:57.302394+00:00,201,10777.83,
2026-09-12T13:47:54.043306+00:00,201,14039.8,
2026-09-12T13:47:50.987492+00:00,201,17098.4,
2026-09-12T13:47:51.707503+00:00,201,16381.19,
2026-09-12T13:47:47.639794+00:00,201,20451.79,
2026-09-12T13:47:45.498652+00:00,201,22597.02,
2026-09-12T13:47:52.251055+00:00,201,15847.21,
2026-09-12T13:47:51.339557+00:00,201,16761.46,
2026-09-12T13:47:53.075227+00:00,201,15028.23,
2026-09-12T13:47:53.322883+00:00,201,14783.09,
2026-09-12T13:47:53.586936+00:00,201,14524.02,
2026-09-12T13:47:53.814005+00:00,201,14299.17,
2026-09-12T13:47:57.433231+00:00,201,10682.3,
2026-09-12T13:47:51.519852+00:00,201,16598.06,
2026-09-12T13:47:44.436565+00:00,201,23683.67,
2026-09-12T13:47:44.954558+00:00,201,23168.13,
2026-09-12T13:47:47.657680+00:00,201,20469.74,
2026-09-12T13:47:52.253152+00:00,201,15876.54,
2026-09-12T13:47:51.242074+00:00,201,16889.85,
2026-09-12T13:47:51.723629+00:00,201,16410.56,
2026-09-12T13:47:53.275419+00:00,201,14860.95,
2026-09-12T13:47:52.745923+00:00,201,15392.66,
2026-09-12T13:47:53.509501+00:00,201,14632.73,
2026-09-12T13:47:51.823508+00:00,201,16320.98,
2026-09-12T13:47:53.815260+00:00,201,14331.53,
2026-09-12T13:47:57.567040+00:00,201,10582.46,
2026-09-12T13:47:45.360145+00:00,201,22896.11,
2026-09-12T13:47:59.147278+00:00,201,9125.12,
2026-09-12T13:47:59.292394+00:00,201,8981.73,
2026-09-12T13:47:53.393263+00:00,201,14898.55,
2026-09-12T13:47:53.432093+00:00,201,14890.95,
2026-09-12T13:47:53.619879+00:00,201,14704.62,
2026-09-12T13:47:53.546759+00:00,201,14779.26,
2026-09-12T13:47:55.480614+00:00,201,12846.69,
2026-09-12T13:47:53.792692+00:00,201,14535.81,
2026-09-12T13:47:53.733276+00:00,201,14596.52,
2026-09-12T13:47:53.850767+00:00,201,14480.2,
2026-09-12T13:47:53.864564+00:00,201,14467.83,
2026-09-12T13:47:55.484133+00:00,201,12850.87,
2026-09-12T13:47:43.975212+00:00,201,24361.34,
2026-09-12T13:47:55.487028+00:00,201,12850.83,
2026-09-12T13:47:51.318456+00:00,201,17020.78,
2026-09-12T13:47:52.493184+00:00,201,15847.29,
2026-09-12T13:47:52.229812+00:00,201,16111.94,
2026-09-12T13:47:51.597392+00:00,201,16745.56,
2026-09-12T13:47:52.231853+00:00,201,16112.91,
2026-09-12T13:47:55.976978+00:00,201,12370.13,
2026-09-12T13:47:56.616497+00:00,201,11864.47,
2026-09-12T13:47:57.693866+00:00,201,10788.93,
2026-09-12T13:47:57.823207+00:00,201,10661.63,
2026-09-12T13:47:57.956779+00:00,201,10530.23,
2026-09-12T13:47:58.086332+00:00,201,10402.59,
2026-09-12T13:47:58.210379+00:00,201,10280.94,
2026-09-12T13:47:58.326994+00:00,201,10166.81,
2026-09-12T13:47:58.452908+00:00,201,10042.95,
2026-09-12T13:47:58.575383+00:00,201,9922.52,
2026-09-12T13:47:58.685076+00:00,201,9815.12,
2026-09-12T13:47:58.785300+00:00,201,9716.82,
2026-09-12T13:47:58.911858+00:00,201,9592.39,
2026-09-12T13:47:59.033908+00:00,201,9472.27,
2026-09-12T13:47:59.745329+00:00,,8763.87,
2026-09-12T13:47:51.834259+00:00,201,16678.28,
2026-09-12T13:47:52.421801+00:00,201,16092.84,
2026-09-12T13:47:55.598476+00:00,201,12978.51,
2026-09-12T13:47:50.778506+00:00,201,17813.52,
2026-09-12T13:47:47.621025+00:00,201,20972.66,
2026-09-12T13:47:52.868158+00:00,201,15731.15,
2026-09-12T13:47:51.019763+00:00,201,17581.11,
2026-09-12T13:47:47.012947+00:00,201,21672.7,
2026-09-12T13:47:52.542606+00:00,201,16151.45,
2026-09-12T13:47:44.685170+00:00,201,24022.62,
2026-09-12T13:47:52.708360+00:00,201,16008.76,
2026-09-12T13:47:53.288759+00:00,201,15430.21,
2026-09-12T13:47:55.979744+00:00,201,12760.87,
2026-09-12T13:47:56.169395+00:00,201,12578.71,
2026-09-12T13:47:44.428059+00:00,201,24328.25,
2026-09-12T13:47:53.199327+00:00,201,15561.08,
2026-09-12T13:48:01.859054+00:00,,6969.41,
2026-09-12T13:47:51.129747+00:00,201,17702.01,
2026-09-12T13:47:54.348997+00:00,201,14484.53,
2026-09-12T13:47:53.840819+00:00,201,14997.23,
2026-09-12T13:47:54.404202+00:00,201,14435.25,
2026-09-12T13:47:54.533933+00:00,201,14309.68,
2026-09-12T13:47:52.991418+00:00,201,15855.32,
2026-09-12T13:47:53.009728+00:00,201,15849.18,
2026-09-12T13:47:53.447249+00:00,201,15442.42,
2026-09-12T13:47:53.600152+00:00,201,15397.12,
2026-09-12T13:47:51.459679+00:00,201,17543.17,
2026-09-12T13:47:53.539199+00:00,201,15509.04,
2026-09-12T13:47:53.868304+00:00,201,15182.2,
2026-09-12T13:47:52.901092+00:00,201,16153.81,
2026-09-12T13:48:07.722044+00:00,,1346.76,
2026-09-12T13:47:53.811859+00:00,201,15279.16,
2026-09-12T13:47:53.726215+00:00,201,15371.95,
2026-09-12T13:47:50.643137+00:00,201,18553.17,
2026-09-12T13:47:53.463630+00:00,201,15738.04,
2026-09-12T13:47:54.486097+00:00,201,14720.97,
2026-09-12T13:47:46.740386+00:00,201,22472.84,
2026-09-12T13:47:52.547407+00:00,201,16668.19,
2026-09-12T13:47:46.880350+00:00,201,22340.72,
2026-09-12T13:47:52.552453+00:00,201,16671.52,
2026-09-12T13:47:52.415466+00:00,201,16811.46,
2026-09-12T13:47:51.202844+00:00,201,18028.49,
2026-09-12T13:47:53.524752+00:00,201,15710.86,
2026-09-12T13:47:56.259724+00:00,201,13019.71,
2026-09-12T13:47:47.047187+00:00,201,22317.04,
2026-09-12T13:47:53.234256+00:00,201,16138.65,
2026-09-12T13:47:53.550671+00:00,201,15845.13,
2026-09-12T13:47:55.603983+00:00,201,13796.59,
2026-09-12T13:47:45.523902+00:00,201,23926.61,
2026-09-12T13:47:56.351098+00:00,201,13242.66,
2026-09-12T13:47:51.273592+00:00,201,18460.45,
2026-09-12T13:47:53.114734+00:00,201,16624.05,
2026-09-12T13:47:52.235925+00:00,201,17517.64,
2026-09-12T13:47:56.080451+00:00,201,13679.06,
2026-09-12T13:47:54.476134+00:00,201,15412.87,
2026-09-12T13:47:55.724279+00:00,201,14189.78,
2026-09-12T13:48:07.608979+00:00,201,3575.99,
2026-09-12T13:48:07.616864+00:00,201,3571.78,
2026-09-12T13:48:07.615538+00:00,201,3576.17,
2026-09-12T13:48:07.619790+00:00,201,3576.94,
2026-09-12T13:48:07.624863+00:00,201,3576.89,
2026-09-12T13:48:07.623643+00:00,201,3583.58,
2026-09-12T13:48:07.625989+00:00,201,3585.39,
2026-09-12T13:48:07.629417+00:00,201,3587.41,
2026-09-12T13:48:07.633158+00:00,201,3588.65,
2026-09-12T13:48:07.627225+00:00,201,3599.14,
2026-09-12T13:48:07.610282+00:00,201,3877.21,
2026-09-12T13:48:07.628325+00:00,201,3865.3,
2026-09-12T13:48:07.621084+00:00,201,3882.55,
2026-09-12T13:48:07.636576+00:00,201,3880.78,
2026-09-12T13:48:07.612021+00:00,201,3919.15,
2026-09-12T13:48:07.631622+00:00,201,3911.36,
2026-09-12T13:48:07.614379+00:00,201,3940.21,
2026-09-12T13:48:07.618672+00:00,201,3949.3,
2026-09-12T13:48:07.635396+00:00,201,3946.02,
2026-09-12T13:48:07.637818+00:00,201,3954.34,
2026-09-12T13:48:07.643003+00:00,201,3959.58,
2026-09-12T13:48:07.640369+00:00,201,3971.66,
2026-09-12T13:48:07.630510+00:00,201,3991.26,
2026-09-12T13:48:07.639098+00:00,201,3990.47,
2026-09-12T13:48:07.613257+00:00,201,4027.36,
2026-09-12T13:48:07.634265+00:00,201,4016.06,
2026-09-12T13:48:07.641773+00:00,201,4017.89,
2026-09-12T13:48:07.622449+00:00,201,4046.22,
2026-09-12T13:48:01.887232+00:00,201,10437.19,
2026-09-12T13:48:07.676819+00:00,201,4659.29,
2026-09-12T13:48:08.236801+00:00,201,4110.45,
2026-09-12T13:48:07.670294+00:00,201,4689.81,
2026-09-12T13:48:07.682185+00:00,201,4689.62,
2026-09-12T13:48:07.684370+00:00,201,4698.19,
2026-09-12T13:48:08.234833+00:00,201,4160.88,
2026-09-12T13:48:08.238636+00:00,201,4169.79,
2026-09-12T13:48:08.237729+00:00,201,4182.15,
2026-09-12T13:48:08.245733+00:00,201,4188.27,
2026-09-12T13:48:08.239524+00:00,201,4209.32,
2026-09-12T13:48:08.242830+00:00,201,4219.42,
2026-09-12T13:48:08.250732+00:00,201,4226.15,
2026-09-12T13:48:08.243727+00:00,201,4246.32,
2026-09-12T13:48:08.244772+00:00,201,4260.78,
2026-09-12T13:48:08.249768+00:00,201,4273.03,
2026-09-12T13:48:08.235765+00:00,201,4780.49,
2026-09-12T13:48:08.241839+00:00,201,4789.69,
2026-09-12T13:48:08.247711+00:00,201,4797.86,
2026-09-12T13:48:08.240486+00:00,201,4820.79,
2026-09-12T13:48:08.248762+00:00,201,4831.47,
2026-09-12T13:48:08.246677+00:00,201,4849.18,
2026-09-12T13:48:08.353485+00:00,201,5991.92,
2026-09-12T13:48:08.365472+00:00,201,5996.52,
2026-09-12T13:48:08.233909+00:00,201,6147.69,
2026-09-12T13:48:08.364282+00:00,201,6036.15,
2026-09-12T13:48:08.367882+00:00,201,6054.51,
2026-09-12T13:48:08.363016+00:00,201,6078.08,
2026-09-12T13:48:08.369062+00:00,201,6092.05,
2026-09-12T13:48:08.371332+00:00,201,6112.81,
2026-09-12T13:48:08.359101+00:00,201,6148.23,
2026-09-12T13:48:08.399291+00:00,201,6131.54,
2026-09-12T13:48:08.397767+00:00,201,6154.83,
2026-09-12T13:48:08.360411+00:00,201,6211.5,
2026-09-12T13:48:08.366612+00:00,201,6226.1,
2026-09-12T13:48:08.361690+00:00,201,6253.16,
2026-09-12T13:48:08.401150+00:00,201,6234.88,
2026-09-12T13:48:08.395904+00:00,201,6262.58,
2026-09-12T13:48:08.370200+00:00,201,6325.29,
2026-09-12T13:48:08.412374+00:00,201,6309.21,
2026-09-12T13:48:08.357631+00:00,201,6388.53,
2026-09-12T13:48:08.411004+00:00,201,6358.85,
2026-09-12T13:48:08.403027+00:00,201,6387.49,
2026-09-12T13:48:08.409727+00:00,201,6402.1,
2026-09-12T13:48:08.407954+00:00,201,6428.13,
2026-09-12T13:48:08.394244+00:00,201,6462.46,
2026-09-12T13:48:08.422426+00:00,201,6455.77,
2026-09-12T13:48:08.404391+00:00,201,6496.24,
2026-09-12T13:48:08.414957+00:00,201,6511.56,
2026-09-12T13:48:08.421445+00:00,201,6528.66,
2026-09-12T13:48:08.418241+00:00,201,6556.41,
2026-09-12T13:48:08.416625+00:00,201,6584.95,
2026-09-12T13:48:08.413752+00:00,201,6612.39,
2026-09-12T13:48:08.423864+00:00,201,6626.71,
2026-09-12T13:48:08.437938+00:00,201,6636.44,
2026-09-12T13:48:08.420275+00:00,201,6678.63,
2026-09-12T13:48:08.405784+00:00,201,6716.93,
2026-09-12T13:48:08.419227+00:00,201,6734.49,
2026-09-12T13:48:08.425056+00:00,201,6759.03,
2026-09-12T13:48:08.429397+00:00,201,6785.55,
2026-09-12T13:48:08.442963+00:00,201,6798.78,
2026-09-12T13:48:08.435968+00:00,201,6832.83,
2026-09-12T13:48:08.430589+00:00,201,6866.98,
2026-09-12T13:48:08.433009+00:00,201,6891.13,
2026-09-12T13:48:08.427351+00:00,201,6928.27,
2026-09-12T13:48:08.439897+00:00,201,6943.06,
2026-09-12T13:48:08.434025+00:00,201,6976.39,
2026-09-12T13:48:08.443932+00:00,201,6995.26,
2026-09-12T13:48:08.441029+00:00,201,7025.41,
2026-09-12T13:48:08.435001+00:00,201,7058.05,
2026-09-12T13:48:08.446863+00:00,201,7077.79,
2026-09-12T13:48:08.438902+00:00,201,7114.87,
2026-09-12T13:48:08.444939+00:00,201,7137.75,
2026-09-12T13:48:08.445912+00:00,201,7164.6,
2026-09-12T13:48:08.431607+00:00,201,7205.78,
2026-09-12T13:48:08.426050+00:00,201,7241.84,
2026-09-12T13:48:08.449940+00:00,201,7247.73,
2026-09-12T13:48:08.448945+00:00,201,7282.97,
2026-09-12T13:48:08.465261+00:00,201,7307.23,
2026-09-12T13:48:08.460316+00:00,201,7353.37,
2026-09-12T13:48:08.447833+00:00,201,7404.34,
2026-09-12T13:48:08.428422+00:00,201,7454.32,
2026-09-12T13:48:08.454004+00:00,201,7461.01,
2026-09-12T13:48:08.469429+00:00,201,7479.92,
2026-09-12T13:48:08.468368+00:00,201,7516.27,
2026-09-12T13:48:08.458353+00:00,201,7556.76,
2026-09-12T13:48:08.450903+00:00,201,7589.59,
2026-09-12T13:48:08.455933+00:00,201,7610.26,
2026-09-12T13:48:08.451887+00:00,201,7642.66,
2026-09-12T13:48:08.457343+00:00,201,7661.4,
2026-09-12T13:48:08.442009+00:00,201,7700.81,
2026-09-12T13:48:08.436945+00:00,201,7735.19,
2026-09-12T13:48:08.459312+00:00,201,7738.79,
2026-09-12T13:48:08.452960+00:00,201,7794.45,
2026-09-12T13:48:08.461283+00:00,201,7811.14,
2026-09-12T13:48:08.470662+00:00,201,7828.43,
2026-09-12T13:48:08.454966+00:00,201,7868.03,
2026-09-12T13:48:08.466329+00:00,201,7884.37,
2026-09-12T13:48:08.463245+00:00,201,7915.15,
2026-09-12T13:48:08.471800+00:00,201,7931.44,
2026-09-12T13:48:08.464231+00:00,201,7970.88,
2026-09-12T13:48:08.577095+00:00,201,8498.71,
2026-09-12T13:48:07.734373+00:00,201,9381.38,
2026-09-12T13:48:07.793594+00:00,201,9366.81,
2026-09-12T13:48:07.723636+00:00,201,9479.01,
2026-09-12T13:48:07.754652+00:00,201,9489.13,
2026-09-12T13:48:07.738298+00:00,201,9542.95,
2026-09-12T13:48:07.864458+00:00,201,9456.68,
2026-09-12T13:48:07.879610+00:00,201,9485.77,
2026-09-12T13:48:07.799935+00:00,201,9598.19,
2026-09-12T13:48:07.940906+00:00,201,9487.61,
2026-09-12T13:48:07.895604+00:00,201,9560.94,
2026-09-12T13:48:08.592114+00:00,201,8895.94,
2026-09-12T13:48:07.971701+00:00,201,9540.66,
2026-09-12T13:48:07.911239+00:00,201,10344.72,
2026-09-12T13:48:08.593769+00:00,201,9697.66,
2026-09-12T13:48:08.049855+00:00,201,10279.71,
2026-09-12T13:48:08.188355+00:00,201,10297.27,
2026-09-12T13:48:08.640562+00:00,201,9866.87,
2026-09-12T13:48:08.638024+00:00,201,9899.4,
2026-09-12T13:48:08.641689+00:00,201,9907.66,
2026-09-12T13:48:08.650704+00:00,201,9909.22,
2026-09-12T13:48:08.634700+00:00,201,9943.19,
2026-09-12T13:48:08.633199+00:00,201,9961.05,
2026-09-12T13:48:08.642884+00:00,201,9966.35,
2026-09-12T13:48:08.636951+00:00,201,9981.92,
2026-09-12T13:48:08.648603+00:00,201,9980.27,
2026-09-12T13:48:08.630888+00:00,201,10007.82,
2026-09-12T13:48:08.651741+00:00,201,9997.06,
2026-09-12T13:48:08.639082+00:00,201,10019.93,
2026-09-12T13:48:08.647509+00:00,201,10021.43,
2026-09-12T13:47:54.116766+00:00,201,24562.36,
2026-09-12T13:47:53.824750+00:00,201,24864.98,
2026-09-12T13:47:49.621285+00:00,201,29079.31,
2026-09-12T13:47:51.945292+00:00,201,26765.88,
2026-09-12T13:47:53.819947+00:00,201,24902.77,
2026-09-12T13:47:56.537636+00:00,201,22196.54,
2026-09-12T13:47:50.902863+00:00,201,27843.15,
2026-09-12T13:47:51.931639+00:00,201,26827.01,
2026-09-12T13:47:58.396953+00:00,201,20372.61,
2026-09-12T13:47:58.331803+00:00,201,20449.57,
2026-09-12T13:47:52.599325+00:00,201,26192.79,
2026-09-12T13:47:52.216799+00:00,201,26586.21,
2026-09-12T13:47:53.270574+00:00,201,25543.06,
2026-09-12T13:47:57.891991+00:00,201,20932.83,
2026-09-12T13:47:53.652307+00:00,201,25184.07,
2026-09-12T13:47:47.711761+00:00,201,31135.95,
2026-09-12T13:47:59.321522+00:00,201,19537.88,
2026-09-12T13:47:59.779862+00:00,201,19091.42,
2026-09-12T13:48:07.739889+00:00,201,11143.36,
2026-09-12T13:48:07.725424+00:00,201,11171.27,
2026-09-12T13:48:07.756805+00:00,201,11153.26,
2026-09-12T13:48:07.790744+00:00,201,11131.43,
2026-09-12T13:48:07.803106+00:00,201,11132.87,
2026-09-12T13:48:07.899016+00:00,201,11049.23,
2026-09-12T13:48:07.796649+00:00,201,11164.16,
2026-09-12T13:48:08.740698+00:00,201,10232.93,
2026-09-12T13:48:07.867380+00:00,201,11119.63,
2026-09-12T13:48:07.881838+00:00,201,11118.78,
2026-09-12T13:48:07.913938+00:00,201,11100.45,
2026-09-12T13:48:07.943490+00:00,201,11090.18,
2026-09-12T13:48:07.974264+00:00,201,11093.05,
2026-09-12T13:48:08.748182+00:00,201,10340.45,
2026-09-12T13:48:08.071032+00:00,201,11035.11,
2026-09-12T13:48:07.959809+00:00,201,11169.4,
2026-09-12T13:48:08.035815+00:00,201,11111.14,
2026-09-12T13:48:08.760488+00:00,201,10403.3,
2026-09-12T13:48:08.129788+00:00,201,11051.08,
2026-09-12T13:48:08.052517+00:00,201,11145.26,
2026-09-12T13:48:08.066307+00:00,201,11150.24,
2026-09-12T13:48:08.787258+00:00,201,10446.13,
2026-09-12T13:48:08.756390+00:00,201,10492.23,
2026-09-12T13:48:08.788901+00:00,201,10496.59,
2026-09-12T13:48:08.792942+00:00,201,10509.89,
2026-09-12T13:48:08.189474+00:00,201,11127.78,
2026-09-12T13:48:08.781263+00:00,201,10549.83,
2026-09-12T13:48:08.790161+00:00,201,10552.98,
2026-09-12T13:48:08.791782+00:00,201,10564.3,
2026-09-12T13:48:08.462274+00:00,201,11556.95,
2026-09-12T13:48:08.467310+00:00,201,11556.9,
2026-09-12T13:48:08.635769+00:00,201,11420.47,
2026-09-12T13:48:08.794151+00:00,201,11275.73,
2026-09-12T13:47:53.343315+00:00,201,26737.96,
2026-09-12T13:48:06.451978+00:00,201,13635.49,
2026-09-12T13:48:06.529183+00:00,201,13564.04,
2026-09-12T13:47:52.398659+00:00,201,27700.09,
2026-09-12T13:47:49.656601+00:00,201,30448.17,
2026-09-12T13:48:06.466027+00:00,201,13643.69,
2026-09-12T13:48:06.480333+00:00,201,13636.58,
2026-09-12T13:48:06.494156+00:00,201,13628.76,
2026-09-12T13:48:08.256345+00:00,201,11874.74,
2026-09-12T13:48:06.512810+00:00,201,13624.6,
2026-09-12T13:48:06.555240+00:00,201,13590.44,
2026-09-12T13:48:06.700818+00:00,201,13452.76,
2026-09-12T13:48:06.716823+00:00,201,13444.48,
2026-09-12T13:48:06.541103+00:00,201,13628.66,
2026-09-12T13:48:06.759788+00:00,201,13438.6,
2026-09-12T13:48:06.747792+00:00,201,13459.39,
2026-09-12T13:48:06.804226+00:00,201,13415.26,
2026-09-12T13:48:06.947684+00:00,201,13277.42,
2026-09-12T13:48:06.898693+00:00,201,13332.37,
2026-09-12T13:48:06.960224+00:00,201,13277.9,
2026-09-12T13:48:07.101579+00:00,201,13147.43,
2026-09-12T13:48:07.132471+00:00,201,13122.1,
2026-09-12T13:48:07.117508+00:00,201,13144.07,
2026-09-12T13:48:07.370198+00:00,201,12903.16,
2026-09-12T13:48:08.328583+00:00,201,11951.4,
2026-09-12T13:48:07.478106+00:00,201,12817.55,
2026-09-12T13:48:08.331062+00:00,201,11970.19,
2026-09-12T13:48:08.332475+00:00,201,11975.88,
2026-09-12T13:48:08.343034+00:00,201,11971.86,
2026-09-12T13:48:08.335082+00:00,201,11986.15,
2026-09-12T13:48:08.347185+00:00,201,11983.81,
2026-09-12T13:48:08.344837+00:00,201,11992.07,
2026-09-12T13:48:07.806459+00:00,201,12538.09,
2026-09-12T13:48:07.872644+00:00,201,12477.88,
2026-09-12T13:48:07.945940+00:00,201,12411.23,
2026-09-12T13:48:07.962384+00:00,201,12399.74,
2026-09-12T13:48:07.916788+00:00,201,12452.12,
2026-09-12T13:48:08.038471+00:00,201,12334.53,
2026-09-12T13:48:08.054993+00:00,201,12322.08,
2026-09-12T13:48:08.933693+00:00,201,11451.06,
2026-09-12T13:48:08.929418+00:00,201,11459.21,
2026-09-12T13:48:08.932334+00:00,201,11461.97,
2026-09-12T13:48:08.482881+00:00,201,11915.4,
2026-09-12T13:47:53.375559+00:00,201,27026.61,
2026-09-12T13:47:52.699867+00:00,201,27706.43,
2026-09-12T13:47:52.409933+00:00,201,28000.18,
2026-09-12T13:47:53.818854+00:00,201,26595.56,
2026-09-12T13:48:08.481069+00:00,201,11937.96,
2026-09-12T13:47:53.826734+00:00,201,26596.27,
2026-09-12T13:47:49.685954+00:00,201,30741.77,
2026-09-12T13:48:08.484914+00:00,201,11948.53,
2026-09-12T13:47:53.789577+00:00,201,26649.69,
2026-09-12T13:47:52.293186+00:00,201,28152.93,
2026-09-12T13:48:08.487083+00:00,201,11967.53,
2026-09-12T13:48:08.488998+00:00,201,11972.96,
2026-09-12T13:48:08.491400+00:00,201,11977.53,
2026-09-12T13:48:08.495942+00:00,201,11980.16,
2026-09-12T13:47:54.087094+00:00,201,26396.36,
2026-09-12T13:47:46.239088+00:00,201,34250.52,
2026-09-12T13:47:56.630628+00:00,201,23865.14,
2026-09-12T13:48:08.497982+00:00,201,12006.1,
2026-09-12T13:48:08.493905+00:00,201,12018.85,
2026-09-12T13:48:08.502196+00:00,201,12021.34,
2026-09-12T13:48:08.500270+00:00,201,12031.27,
2026-09-12T13:47:56.549792+00:00,201,23989.51,
2026-09-12T13:47:58.515640+00:00,201,22029.47,
2026-09-12T13:48:08.504343+00:00,201,12046.74,
2026-09-12T13:47:53.834229+00:00,201,26722.81,
2026-09-12T13:47:59.327981+00:00,201,21235.04,
2026-09-12T13:48:08.506244+00:00,201,12062.87,
2026-09-12T13:47:46.465629+00:00,201,34109.69,
2026-09-12T13:47:50.890754+00:00,201,29693.46,
2026-09-12T13:48:08.509273+00:00,201,12082.74,
2026-09-12T13:48:05.406180+00:00,201,15195.17,
2026-09-12T13:48:08.512622+00:00,201,12097.55,
2026-09-12T13:48:01.943418+00:00,201,18676.33,
2026-09-12T13:48:06.561191+00:00,201,14066.81,
2026-09-12T13:48:06.500640+00:00,201,14135.01,
2026-09-12T13:48:08.514731+00:00,201,12128.79,
2026-09-12T13:48:06.436839+00:00,201,14214.26,
2026-09-12T13:48:05.978255+00:00,201,14680.69,
2026-09-12T13:48:06.546619+00:00,201,14120.34,
2026-09-12T13:48:06.779147+00:00,201,13896.1,
2026-09-12T13:48:06.737875+00:00,201,13945.67,
2026-09-12T13:48:06.794728+00:00,201,13898.66,
2026-09-12T13:48:06.903718+00:00,201,13798.62,
2026-09-12T13:48:06.765417+00:00,201,13945.74,
2026-09-12T13:48:06.935876+00:00,201,13784.15,
2026-09-12T13:48:06.918143+00:00,201,13811.46,
2026-09-12T13:48:06.888051+00:00,201,13851.07,
2026-09-12T13:48:06.809083+00:00,201,13939.47,
2026-09-12T13:48:07.059680+00:00,201,13698.43,
2026-09-12T13:48:06.954655+00:00,201,13812.9,
2026-09-12T13:48:07.105805+00:00,201,13671.43,
2026-09-12T13:48:07.079201+00:00,201,13708.15,
2026-09-12T13:48:07.121602+00:00,201,13675.81,
2026-09-12T13:48:07.152094+00:00,201,13656.24,
2026-09-12T13:48:06.963603+00:00,201,13855.9,
2026-09-12T13:48:07.136206+00:00,201,13693.89,
2026-09-12T13:48:07.092590+00:00,201,13749.66,
2026-09-12T13:48:07.482393+00:00,201,13375.99,
2026-09-12T13:48:07.401133+00:00,201,13475.16,
2026-09-12T13:48:07.419548+00:00,201,13469.82,
2026-09-12T13:48:07.709209+00:00,201,13192.88,
2026-09-12T13:48:07.388663+00:00,201,13522.98,
2026-09-12T13:48:09.098261+00:00,201,11819.87,
2026-09-12T13:48:07.695562+00:00,201,13230.22,
2026-09-12T13:48:08.134261+00:00,201,12798.21,
2026-09-12T13:48:09.142098+00:00,201,11806.03,
2026-09-12T13:48:09.139671+00:00,201,11815.13,
2026-09-12T13:48:09.145007+00:00,201,11817.75,
2026-09-12T13:48:09.143659+00:00,201,11824.03,
2026-09-12T13:47:54.121684+00:00,201,26850.62,
2026-09-12T13:47:55.042780+00:00,201,25934.49,
2026-09-12T13:47:49.713849+00:00,201,31269.03,
2026-09-12T13:47:58.519530+00:00,201,22468.55,
2026-09-12T13:47:56.446239+00:00,201,24546.26,
2026-09-12T13:47:52.780333+00:00,201,28216.47,
2026-09-12T13:47:51.652780+00:00,201,29348.35,
2026-09-12T13:47:52.339718+00:00,201,28669.42,
2026-09-12T13:47:46.257844+00:00,201,34754.9,
2026-09-12T13:47:58.456211+00:00,201,22560.14,
2026-09-12T13:47:59.335187+00:00,201,21684.42,
2026-09-12T13:47:57.034980+00:00,201,23987.75,
2026-09-12T13:47:52.412725+00:00,201,28613.51,
2026-09-12T13:48:01.983031+00:00,201,19046.85,
2026-09-12T13:47:43.674860+00:00,201,37358.63,
2026-09-12T13:47:50.683800+00:00,201,30354.07,
2026-09-12T13:48:08.694141+00:00,201,12347.89,
2026-09-12T13:47:53.413150+00:00,201,27632.78,
2026-09-12T13:48:05.420505+00:00,201,15630.54,
2026-09-12T13:48:05.989239+00:00,201,15067.79,
2026-09-12T13:48:08.685752+00:00,201,12377.04,
2026-09-12T13:47:59.803356+00:00,201,21265.36,
2026-09-12T13:48:06.473046+00:00,201,14601.73,
2026-09-12T13:48:06.813804+00:00,201,14266.22,
2026-09-12T13:48:06.566931+00:00,201,14518.37,
2026-09-12T13:48:07.110407+00:00,201,13980.34,
2026-09-12T13:48:06.753933+00:00,201,14342.45,
2026-09-12T13:48:06.967122+00:00,201,14134.93,
2026-09-12T13:48:08.707879+00:00,201,12399.76,
2026-09-12T13:48:07.218679+00:00,201,13894.66,
2026-09-12T13:48:07.125895+00:00,201,13993.43,
2026-09-12T13:48:07.155958+00:00,201,13969.48,
2026-09-12T13:48:08.719050+00:00,201,12414.95,
2026-09-12T13:48:07.140041+00:00,201,14002.11,
2026-09-12T13:48:08.717206+00:00,201,12431.78,
2026-09-12T13:48:07.697178+00:00,201,13458.41,
2026-09-12T13:48:07.404994+00:00,201,13758.11,
2026-09-12T13:48:07.423983+00:00,201,13747.7,
2026-09-12T13:48:07.710813+00:00,201,13475.3,
2026-09-12T13:48:09.308931+00:00,201,11891.08,
2026-09-12T13:48:09.312740+00:00,201,11902.2,
2026-09-12T13:47:49.741591+00:00,201,31478.61,
2026-09-12T13:47:53.455959+00:00,201,27769.77,
2026-09-12T13:47:47.894218+00:00,201,33336.92,
2026-09-12T13:47:43.546962+00:00,201,37689.7,
2026-09-12T13:47:56.546990+00:00,201,24697.56,
2026-09-12T13:47:54.257969+00:00,201,26991.33,
2026-09-12T13:47:45.552717+00:00,201,35701.33,
2026-09-12T13:47:58.630360+00:00,201,22627.88,
2026-09-12T13:47:43.818820+00:00,201,37443.39,
2026-09-12T13:47:57.828031+00:00,201,23438.37,
2026-09-12T13:47:52.655774+00:00,201,28618.91,
2026-09-12T13:47:57.141804+00:00,201,24138.08,
2026-09-12T13:48:08.828553+00:00,201,12456.04,
2026-09-12T13:47:46.277226+00:00,201,35011.84,
2026-09-12T13:47:58.027837+00:00,201,23266.67,
2026-09-12T13:47:59.813949+00:00,201,21486.93,
2026-09-12T13:48:08.831842+00:00,201,12474.43,
2026-09-12T13:47:59.342257+00:00,201,21969.03,
2026-09-12T13:48:08.833604+00:00,201,12482.57,
2026-09-12T13:48:06.000276+00:00,201,15321.12,
2026-09-12T13:48:05.433933+00:00,201,15894.43,
2026-09-12T13:48:08.838132+00:00,201,12496.37,
2026-09-12T13:48:08.839535+00:00,201,12499.88,
2026-09-12T13:48:06.572761+00:00,201,14772.09,
2026-09-12T13:48:06.819328+00:00,201,14532.37,
2026-09-12T13:48:08.843722+00:00,201,12513.47,
2026-09-12T13:48:08.859052+00:00,201,12505.5,
2026-09-12T13:48:06.893200+00:00,201,14476.79,
2026-09-12T13:48:08.846823+00:00,201,12528.74,
2026-09-12T13:48:07.160441+00:00,201,14220.55,
2026-09-12T13:48:07.097173+00:00,201,14289.38,
2026-09-12T13:48:06.970705+00:00,201,14421.62,
2026-09-12T13:48:07.698836+00:00,201,13699.36,
2026-09-12T13:48:07.427798+00:00,201,13976.43,
2026-09-12T13:48:07.222648+00:00,201,14187.8,
2026-09-12T13:48:07.727111+00:00,201,13689.56,
2026-09-12T13:48:07.712627+00:00,201,13712.34,
2026-09-12T13:48:07.759086+00:00,201,13674.11,
2026-09-12T13:48:07.741783+00:00,201,13698.11,
2026-09-12T13:47:52.437722+00:00,201,29009.11,
2026-09-12T13:47:50.089807+00:00,201,31363.93,
2026-09-12T13:47:56.443534+00:00,201,25017.54,
2026-09-12T13:47:51.043064+00:00,201,30425.41,
2026-09-12T13:47:58.633716+00:00,201,22848.33,
2026-09-12T13:47:46.296510+00:00,201,35192.1,
2026-09-12T13:47:53.488202+00:00,201,28006.29,
2026-09-12T13:47:56.737499+00:00,201,24762.81,
2026-09-12T13:47:59.349546+00:00,201,22160.29,
2026-09-12T13:47:57.960548+00:00,201,23554.87,
2026-09-12T13:47:54.091224+00:00,201,27433.92,
2026-09-12T13:47:56.743939+00:00,201,24786.02,
2026-09-12T13:47:51.008450+00:00,201,30526.87,
2026-09-12T13:47:59.827199+00:00,201,21712.9,
2026-09-12T13:48:06.013180+00:00,201,15531.19,
2026-09-12T13:48:08.997387+00:00,201,12551.45,
2026-09-12T13:48:06.579001+00:00,201,14974.23,
2026-09-12T13:48:05.447460+00:00,201,16110.14,
2026-09-12T13:48:09.002944+00:00,201,12559.11,
2026-09-12T13:48:06.974462+00:00,201,14592.49,
2026-09-12T13:48:06.707878+00:00,201,14864.25,
2026-09-12T13:48:06.521363+00:00,201,15055.57,
2026-09-12T13:48:06.824799+00:00,201,14756.91,
2026-09-12T13:48:07.164455+00:00,201,14422.14,
2026-09-12T13:48:07.225393+00:00,201,14366.32,
2026-09-12T13:48:09.048532+00:00,201,12548.38,
2026-09-12T13:48:09.050590+00:00,201,12552.28,
2026-09-12T13:48:09.054987+00:00,201,12553.49,
2026-09-12T13:48:07.431525+00:00,201,14182.51,
2026-09-12T13:48:09.068891+00:00,201,12550.77,
2026-09-12T13:48:07.728795+00:00,201,13896.59,
2026-09-12T13:48:07.714551+00:00,201,13916.74,
2026-09-12T13:48:07.761416+00:00,201,13876.21,
2026-09-12T13:48:07.700528+00:00,201,13943.13,
2026-09-12T13:48:07.809393+00:00,201,13840.42,
2026-09-12T13:48:07.743494+00:00,201,13913.0,
2026-09-12T13:48:07.948968+00:00,201,13715.35,
2026-09-12T13:48:07.875568+00:00,201,13795.79,
2026-09-12T13:48:07.905535+00:00,201,13777.15,
2026-09-12T13:48:07.919692+00:00,201,13770.27,
2026-09-12T13:48:07.965106+00:00,201,13734.24,
2026-09-12T13:48:09.091121+00:00,201,12613.1,
2026-09-12T13:48:08.076002+00:00,201,13637.49,
2026-09-12T13:47:54.128776+00:00,201,27589.49,
2026-09-12T13:47:56.620444+00:00,201,25102.44,
2026-09-12T13:47:52.443317+00:00,201,29284.11,
2026-09-12T13:47:53.828694+00:00,201,27903.53,
2026-09-12T13:47:50.194103+00:00,201,31542.41,
2026-09-12T13:47:57.040185+00:00,201,24703.24,
2026-09-12T13:47:54.093152+00:00,201,27654.2,
2026-09-12T13:47:47.693016+00:00,201,34058.32,
2026-09-12T13:47:50.589580+00:00,201,31169.76,
2026-09-12T13:47:48.215912+00:00,201,33547.46,
2026-09-12T13:47:58.733742+00:00,201,23034.07,
2026-09-12T13:48:09.196430+00:00,201,12577.81,
2026-09-12T13:47:59.357987+00:00,201,22420.09,
2026-09-12T13:48:05.461524+00:00,201,16320.41,
2026-09-12T13:47:59.839282+00:00,201,21946.64,
2026-09-12T13:48:06.585196+00:00,201,15204.86,
2026-09-12T13:48:09.201772+00:00,201,12592.37,
2026-09-12T13:48:06.023720+00:00,201,15774.51,
2026-09-12T13:48:09.213314+00:00,201,12589.04,
2026-09-12T13:48:07.065104+00:00,201,14741.2,
2026-09-12T13:48:09.221167+00:00,201,12590.23,
2026-09-12T13:48:06.978180+00:00,201,14837.49,
2026-09-12T13:48:09.215701+00:00,201,12604.13,
2026-09-12T13:48:06.829835+00:00,201,14994.52,
2026-09-12T13:48:09.207218+00:00,201,12621.37,
2026-09-12T13:48:09.231417+00:00,201,12601.6,
2026-09-12T13:48:09.224056+00:00,201,12613.26,
2026-09-12T13:48:09.235722+00:00,201,12606.18,
2026-09-12T13:48:09.227013+00:00,201,12619.37,
2026-09-12T13:48:07.435369+00:00,201,14415.73,
2026-09-12T13:48:07.168836+00:00,201,14686.88,
2026-09-12T13:48:07.704909+00:00,201,14156.01,
2026-09-12T13:48:07.730536+00:00,201,14136.56,
2026-09-12T13:48:07.702640+00:00,201,14169.48,
2026-09-12T13:48:07.229158+00:00,201,14648.08,
2026-09-12T13:48:07.716560+00:00,201,14166.03,
2026-09-12T13:48:07.745339+00:00,201,14142.49,
2026-09-12T13:48:07.763768+00:00,201,14129.4,
2026-09-12T13:48:07.889185+00:00,201,14011.61,
2026-09-12T13:48:07.892472+00:00,201,14012.96,
2026-09-12T13:48:07.922702+00:00,201,13987.88,
2026-09-12T13:48:07.981908+00:00,201,13933.34,
2026-09-12T13:48:07.967913+00:00,201,13951.97,
2026-09-12T13:48:07.951548+00:00,201,13973.0,
2026-09-12T13:48:08.136444+00:00,201,13794.66,
2026-09-12T13:48:08.080325+00:00,201,13855.08,
2026-09-12T13:48:09.279538+00:00,201,12660.11,
2026-09-12T13:48:08.177771+00:00,201,13767.74,
2026-09-12T13:48:08.193260+00:00,201,13756.01,
2026-09-12T13:48:08.644102+00:00,201,13547.81,
2026-09-12T13:48:08.645218+00:00,201,13554.67,
2026-09-12T13:48:08.291905+00:00,201,13919.21,
2026-09-12T13:48:06.882986+00:00,201,15333.65,
2026-09-12T13:48:06.913591+00:00,201,15305.69,
2026-09-12T13:48:07.054356+00:00,201,15168.94,
2026-09-12T13:48:07.088155+00:00,201,15139.21,
2026-09-12T13:48:07.201500+00:00,201,15029.32,
2026-09-12T13:48:07.148236+00:00,201,15085.5,
2026-09-12T13:48:07.074303+00:00,201,15161.79,
2026-09-12T13:48:07.383663+00:00,201,14854.73,
2026-09-12T13:48:08.324575+00:00,201,13916.3,
2026-09-12T13:48:07.395986+00:00,201,14847.45,
2026-09-12T13:48:08.336633+00:00,201,13908.78,
2026-09-12T13:48:08.323144+00:00,201,13924.43,
2026-09-12T13:48:08.326117+00:00,201,13923.75,
2026-09-12T13:48:07.414790+00:00,201,14836.96,
2026-09-12T13:48:08.337929+00:00,201,13916.06,
2026-09-12T13:48:08.327385+00:00,201,13928.49,
2026-09-12T13:48:08.341828+00:00,201,13916.64,
2026-09-12T13:48:08.889779+00:00,201,13373.43,
2026-09-12T13:48:07.884304+00:00,201,14382.06,
2026-09-12T13:48:07.902325+00:00,201,14367.63,
2026-09-12T13:48:07.976886+00:00,201,14295.58,
2026-09-12T13:48:08.191145+00:00,201,14086.04,
2026-09-12T13:48:08.925024+00:00,201,13355.73,
2026-09-12T13:48:08.073433+00:00,201,14211.76,
2026-09-12T13:48:08.167480+00:00,201,14120.88,
2026-09-12T13:48:08.926808+00:00,201,13365.6,
2026-09-12T13:48:09.306544+00:00,201,12994.6,
2026-09-12T13:47:51.031261+00:00,201,31274.49,
2026-09-12T13:47:50.652226+00:00,201,31657.96,
2026-09-12T13:47:52.262719+00:00,201,30054.29,
2026-09-12T13:48:02.040794+00:00,201,20279.16,
2026-09-12T13:47:50.347725+00:00,201,32010.3,
2026-09-12T13:47:58.736967+00:00,201,23625.75,
2026-09-12T13:47:54.130409+00:00,201,28237.21,
2026-09-12T13:47:52.282244+00:00,201,30089.9,
2026-09-12T13:47:56.947883+00:00,201,25429.68,
2026-09-12T13:47:43.295613+00:00,201,39086.58,
2026-09-12T13:47:50.930837+00:00,201,31456.01,
2026-09-12T13:47:43.264656+00:00,201,39125.79,
2026-09-12T13:47:57.233359+00:00,201,25162.03,
2026-09-12T13:47:54.260319+00:00,201,28140.23,
2026-09-12T13:47:58.687643+00:00,201,23717.38,
2026-09-12T13:47:57.152061+00:00,201,25257.56,
2026-09-12T13:47:52.183048+00:00,201,30232.67,
2026-09-12T13:47:57.238095+00:00,201,25182.78,
2026-09-12T13:48:05.476915+00:00,201,16949.08,
2026-09-12T13:47:59.365368+00:00,201,23068.04,
2026-09-12T13:48:02.069702+00:00,201,20370.14,
2026-09-12T13:47:59.852905+00:00,201,22592.91,
2026-09-12T13:48:06.591387+00:00,201,15860.01,
2026-09-12T13:48:09.364322+00:00,201,13093.47,
2026-09-12T13:48:06.035963+00:00,201,16427.26,
2026-09-12T13:48:06.785337+00:00,201,15685.55,
2026-09-12T13:48:09.373007+00:00,201,13103.73,
2026-09-12T13:48:06.723725+00:00,201,15759.81,
2026-09-12T13:48:06.922818+00:00,201,15567.01,
2026-09-12T13:48:07.718918+00:00,201,14777.15,
2026-09-12T13:48:06.982073+00:00,201,15523.97,
2026-09-12T13:48:07.440542+00:00,201,15077.07,
2026-09-12T13:48:06.835410+00:00,201,15693.96,
2026-09-12T13:48:07.233381+00:00,201,15308.83,
2026-09-12T13:48:07.732494+00:00,201,14821.46,
2026-09-12T13:48:07.144394+00:00,201,15424.28,
2026-09-12T13:48:09.395910+00:00,201,13183.99,
2026-09-12T13:48:09.400658+00:00,201,13190.8,
2026-09-12T13:48:07.747109+00:00,201,14857.25,
2026-09-12T13:48:08.194296+00:00,201,14423.94,
2026-09-12T13:48:07.766289+00:00,201,14863.4,
2026-09-12T13:48:07.817250+00:00,201,14829.46,
2026-09-12T13:48:08.083210+00:00,201,14581.15,
2026-09-12T13:48:08.138659+00:00,201,14547.1,
2026-09-12T13:48:07.985319+00:00,201,14718.59,
2026-09-12T13:48:07.954333+00:00,201,14757.49,
2026-09-12T13:48:08.179097+00:00,201,14543.73,
2026-09-12T13:48:09.450653+00:00,201,13279.75,
2026-09-12T13:48:07.925819+00:00,201,14811.39,
2026-09-12T13:48:09.482624+00:00,201,13261.26,
2026-09-12T13:48:09.486784+00:00,201,13263.75,
2026-09-12T13:48:09.484783+00:00,201,13272.46,
2026-09-12T13:48:09.488631+00:00,201,13275.29,
2026-09-12T13:48:09.493914+00:00,201,13278.68,
2026-09-12T13:48:09.490681+00:00,201,13292.31,
2026-09-12T13:48:11.185090+00:00,201,11965.56,
2026-09-12T13:48:12.020959+00:00,201,11143.96,
2026-09-12T13:48:13.016373+00:00,,10167.13,
2026-09-12T13:48:07.957213+00:00,201,15310.36,
2026-09-12T13:48:08.127503+00:00,201,15151.04,
2026-09-12T13:48:08.649654+00:00,201,14649.77,
2026-09-12T13:48:08.339309+00:00,201,15065.4,
2026-09-12T13:48:08.131997+00:00,201,15303.77,
2026-09-12T13:48:07.375304+00:00,201,16081.02,
2026-09-12T13:48:07.979345+00:00,201,15534.71,
2026-09-12T13:47:47.924568+00:00,201,35636.86,
2026-09-12T13:47:53.593583+00:00,201,29971.42,
2026-09-12T13:47:56.958387+00:00,201,26610.74,
2026-09-12T13:47:52.529495+00:00,201,31043.03,
2026-09-12T13:47:50.412215+00:00,201,33164.28,
2026-09-12T13:47:52.200669+00:00,201,31379.04,
2026-09-12T13:47:54.095292+00:00,201,29488.37,
2026-09-12T13:47:48.242555+00:00,201,35344.86,
2026-09-12T13:47:58.833100+00:00,201,24759.91,
2026-09-12T13:47:57.369061+00:00,201,26228.45,
2026-09-12T13:47:54.063149+00:00,201,29538.3,
2026-09-12T13:47:45.576546+00:00,201,38028.99,
2026-09-12T13:47:43.663824+00:00,201,39946.85,
2026-09-12T13:47:59.373405+00:00,201,24243.39,
2026-09-12T13:47:57.054892+00:00,201,26567.95,
2026-09-12T13:47:59.866219+00:00,201,23763.03,
2026-09-12T13:48:02.096305+00:00,201,21538.42,
2026-09-12T13:48:06.597764+00:00,201,17042.69,
2026-09-12T13:48:06.487567+00:00,201,17158.44,
2026-09-12T13:48:06.535504+00:00,201,17118.31,
2026-09-12T13:48:05.491918+00:00,201,18169.07,
2026-09-12T13:48:06.048669+00:00,201,17618.41,
2026-09-12T13:48:06.985970+00:00,201,16686.01,
2026-09-12T13:48:06.841409+00:00,201,16837.11,
2026-09-12T13:48:07.929270+00:00,201,15759.54,
2026-09-12T13:48:07.445875+00:00,201,16252.18,
2026-09-12T13:48:07.819502+00:00,201,15887.01,
2026-09-12T13:48:07.238282+00:00,201,16476.07,
2026-09-12T13:48:07.749141+00:00,201,15970.72,
2026-09-12T13:48:07.768875+00:00,201,15956.09,
2026-09-12T13:48:07.988105+00:00,201,15741.76,
2026-09-12T13:48:08.046699+00:00,201,15688.13,
2026-09-12T13:48:08.195574+00:00,201,15544.2,
2026-09-12T13:48:08.180506+00:00,201,15564.39,
2026-09-12T13:48:08.085985+00:00,201,15664.15,
2026-09-12T13:48:09.593880+00:00,201,14161.56,
2026-09-12T13:48:08.142317+00:00,201,15621.11,
2026-09-12T13:48:09.658868+00:00,201,14112.59,
2026-09-12T13:48:09.645252+00:00,201,14132.6,
2026-09-12T13:48:09.656101+00:00,201,14128.97,
2026-09-12T13:48:09.653151+00:00,201,14139.07,
2026-09-12T13:48:09.661829+00:00,201,14137.38,
2026-09-12T13:48:08.033438+00:00,201,16142.85,
2026-09-12T13:48:06.731182+00:00,201,17483.16,
2026-09-12T13:48:06.928780+00:00,201,17303.49,
2026-09-12T13:48:07.212876+00:00,201,17032.85,
2026-09-12T13:48:08.329875+00:00,201,15932.76,
2026-09-12T13:48:08.340613+00:00,201,15926.98,
2026-09-12T13:47:52.419239+00:00,201,31906.32,
2026-09-12T13:47:48.126317+00:00,201,36217.45,
2026-09-12T13:47:53.641052+00:00,201,30868.46,
2026-09-12T13:47:54.262565+00:00,201,30256.57,
2026-09-12T13:47:43.829804+00:00,201,40694.82,
2026-09-12T13:47:58.836191+00:00,201,25700.95,
2026-09-12T13:47:52.256865+00:00,201,32285.03,
2026-09-12T13:47:54.097707+00:00,201,30449.11,
2026-09-12T13:47:43.305749+00:00,201,41244.91,
2026-09-12T13:47:50.806752+00:00,201,33748.45,
2026-09-12T13:47:59.882171+00:00,201,24678.46,
2026-09-12T13:47:59.382993+00:00,201,25183.81,
2026-09-12T13:47:56.770344+00:00,201,27802.94,
2026-09-12T13:48:02.125645+00:00,201,22456.14,
2026-09-12T13:48:06.060157+00:00,201,18530.78,
2026-09-12T13:48:05.507696+00:00,201,19088.68,
2026-09-12T13:48:06.908863+00:00,201,17693.55,
2026-09-12T13:48:06.604189+00:00,201,18003.89,
2026-09-12T13:48:09.734161+00:00,201,14879.11,
2026-09-12T13:48:09.738873+00:00,201,14880.48,
2026-09-12T13:48:07.241227+00:00,201,17385.47,
2026-09-12T13:48:07.751086+00:00,201,16882.23,
2026-09-12T13:48:06.990147+00:00,201,17649.47,
2026-09-12T13:48:07.771371+00:00,201,16875.34,
2026-09-12T13:48:07.451466+00:00,201,17200.47,
2026-09-12T13:48:06.848650+00:00,201,17810.68,
2026-09-12T13:48:07.821835+00:00,201,16845.12,
2026-09-12T13:48:09.759592+00:00,201,14914.13,
2026-09-12T13:48:07.934278+00:00,201,16747.26,
2026-09-12T13:48:08.088786+00:00,201,16603.56,
2026-09-12T13:48:07.991209+00:00,201,16710.28,
2026-09-12T13:48:09.753652+00:00,201,14959.51,
2026-09-12T13:48:08.181694+00:00,201,16543.42,
2026-09-12T13:48:08.196703+00:00,201,16538.03,
2026-09-12T13:48:09.826735+00:00,201,14915.69,
2026-09-12T13:48:09.824756+00:00,201,14925.36,
2026-09-12T13:48:08.144593+00:00,201,16616.26,
2026-09-12T13:48:09.834727+00:00,201,14935.09,
2026-09-12T13:48:09.832866+00:00,201,14945.65,
2026-09-12T13:48:09.821752+00:00,201,14963.36,
2026-09-12T13:48:09.830767+00:00,201,14960.5,
2026-09-12T13:48:07.787748+00:00,201,17230.5,
2026-09-12T13:48:06.790147+00:00,201,18302.73,
2026-09-12T13:48:08.057548+00:00,201,17139.44,
2026-09-12T13:47:50.423052+00:00,201,34888.66,
2026-09-12T13:47:50.615202+00:00,201,34701.38,
2026-09-12T13:47:52.407276+00:00,201,32914.49,
2026-09-12T13:47:54.263923+00:00,201,31064.69,
2026-09-12T13:47:53.624655+00:00,201,31710.47,
2026-09-12T13:47:50.445354+00:00,201,34896.06,
2026-09-12T13:47:56.761762+00:00,201,28585.68,
2026-09-12T13:47:56.781299+00:00,201,28572.31,
2026-09-12T13:47:45.602013+00:00,201,39759.67,
2026-09-12T13:47:57.050311+00:00,201,28319.41,
2026-09-12T13:47:48.427317+00:00,201,36951.21,
2026-09-12T13:47:54.099394+00:00,201,31287.51,
2026-09-12T13:47:58.978364+00:00,201,26416.99,
2026-09-12T13:47:52.789667+00:00,201,32614.11,
2026-09-12T13:48:06.855878+00:00,201,18556.77,
2026-09-12T13:47:59.391767+00:00,201,26028.07,
2026-09-12T13:47:47.768494+00:00,201,37658.54,
2026-09-12T13:47:59.896365+00:00,201,25537.89,
2026-09-12T13:48:09.889123+00:00,201,15552.61,
2026-09-12T13:48:02.154358+00:00,201,23295.94,
2026-09-12T13:48:06.610918+00:00,201,18847.05,
2026-09-12T13:48:06.994336+00:00,201,18471.11,
2026-09-12T13:48:06.070956+00:00,201,19401.96,
2026-09-12T13:48:07.244148+00:00,201,18236.51,
2026-09-12T13:48:05.522377+00:00,201,19966.43,
2026-09-12T13:48:07.774212+00:00,201,17723.55,
2026-09-12T13:48:07.824096+00:00,201,17681.79,
2026-09-12T13:48:07.460262+00:00,201,18055.63,
2026-09-12T13:48:08.183225+00:00,201,17342.31,
2026-09-12T13:48:08.091679+00:00,201,17442.37,
2026-09-12T13:48:07.994127+00:00,201,17550.65,
2026-09-12T13:47:43.685561+00:00,201,41867.66,
2026-09-12T13:48:08.146868+00:00,201,17414.95,
2026-09-12T13:48:08.199768+00:00,201,17370.68,
2026-09-12T13:47:54.265382+00:00,201,31313.92,
2026-09-12T13:48:10.011606+00:00,201,15576.41,
2026-09-12T13:48:10.007059+00:00,201,15589.8,
2026-09-12T13:48:09.914155+00:00,201,15691.58,
2026-09-12T13:48:10.013806+00:00,201,15600.82,
2026-09-12T13:47:54.059362+00:00,201,31565.9,
2026-09-12T13:48:10.009632+00:00,201,15624.75,
2026-09-12T13:48:10.018704+00:00,201,15627.11,
2026-09-12T13:47:53.718537+00:00,201,31937.75,
2026-09-12T13:47:57.060246+00:00,201,28606.11,
2026-09-12T13:47:52.287607+00:00,201,33388.4,
2026-09-12T13:47:53.307024+00:00,201,32388.09,
2026-09-12T13:47:45.688099+00:00,201,40018.43,
2026-09-12T13:47:44.095223+00:00,201,41622.47,
2026-09-12T13:48:08.063749+00:00,201,18007.7,
2026-09-12T13:48:08.068702+00:00,201,18022.2,
2026-09-12T13:47:56.749316+00:00,201,29739.73,
2026-09-12T13:47:56.816412+00:00,201,29693.19,
2026-09-12T13:47:59.911332+00:00,201,26618.46,
2026-09-12T13:48:05.536894+00:00,201,21002.82,
2026-09-12T13:48:02.184842+00:00,201,24365.17,
2026-09-12T13:47:59.405485+00:00,201,27153.49,
2026-09-12T13:48:06.426808+00:00,201,20142.19,
2026-09-12T13:48:06.618002+00:00,201,19962.17,
2026-09-12T13:48:06.863257+00:00,201,19726.04,
2026-09-12T13:48:06.998588+00:00,201,19602.38,
2026-09-12T13:48:07.247191+00:00,201,19364.2,
2026-09-12T13:48:07.776836+00:00,201,18843.18,
2026-09-12T13:48:08.149577+00:00,201,18477.97,
2026-09-12T13:48:07.464529+00:00,201,19170.47,
2026-09-12T13:48:07.826476+00:00,201,18815.84,
2026-09-12T13:48:07.205941+00:00,201,19443.49,
2026-09-12T13:48:08.184366+00:00,201,18472.3,
2026-09-12T13:48:07.996919+00:00,201,18667.11,
2026-09-12T13:48:08.095757+00:00,201,18578.79,
2026-09-12T13:48:07.937943+00:00,201,18745.68,
2026-09-12T13:48:10.228239+00:00,201,16462.88,
2026-09-12T13:48:08.202794+00:00,201,18497.19,
2026-09-12T13:48:10.231666+00:00,201,16479.95,
2026-09-12T13:48:10.238251+00:00,201,16483.15,
2026-09-12T13:48:10.245284+00:00,201,16484.7,
2026-09-12T13:48:10.234561+00:00,201,16503.65,
2026-09-12T13:47:52.660349+00:00,201,34086.11,
2026-09-12T13:47:44.122513+00:00,201,42632.45,
2026-09-12T13:47:43.371170+00:00,201,43392.39,
2026-09-12T13:47:51.715526+00:00,201,35056.57,
2026-09-12T13:47:57.377423+00:00,201,29403.28,
2026-09-12T13:47:52.296832+00:00,201,34492.81,
2026-09-12T13:47:48.562971+00:00,201,38236.58,
2026-09-12T13:47:56.803523+00:00,201,30005.91,
2026-09-12T13:47:47.809404+00:00,201,39009.16,
2026-09-12T13:47:54.102147+00:00,201,32725.62,
2026-09-12T13:47:48.623689+00:00,201,38213.01,
2026-09-12T13:47:59.927015+00:00,201,26919.09,
2026-09-12T13:47:52.877095+00:00,201,33978.48,
2026-09-12T13:47:54.109092+00:00,201,32755.99,
2026-09-12T13:48:08.164011+00:00,201,18985.96,
2026-09-12T13:48:08.646459+00:00,201,18511.17,
2026-09-12T13:48:08.165771+00:00,201,19002.97,
2026-09-12T13:48:06.774036+00:00,201,20404.91,
2026-09-12T13:47:48.488039+00:00,201,38825.85,
2026-09-12T13:48:02.217881+00:00,201,25106.99,
2026-09-12T13:48:05.552010+00:00,201,21782.34,
2026-09-12T13:48:06.094025+00:00,201,21250.95,
2026-09-12T13:48:07.779465+00:00,201,19574.86,
2026-09-12T13:48:07.003056+00:00,201,20365.09,
2026-09-12T13:48:07.861787+00:00,201,19518.3,
2026-09-12T13:48:07.251129+00:00,201,20140.29,
2026-09-12T13:48:07.828895+00:00,201,19573.31,
2026-09-12T13:48:06.869532+00:00,201,20542.8,
2026-09-12T13:48:07.469058+00:00,201,19954.99,
2026-09-12T13:48:06.625017+00:00,201,20810.95,
2026-09-12T13:48:08.003563+00:00,201,19443.18,
2026-09-12T13:48:08.098413+00:00,201,19359.45,
2026-09-12T13:48:08.205789+00:00,201,19262.34,
2026-09-12T13:48:08.185554+00:00,201,19293.05,
2026-09-12T13:48:10.458424+00:00,201,17032.2,
2026-09-12T13:48:10.451175+00:00,201,17051.71,
2026-09-12T13:48:10.455056+00:00,201,17059.64,
2026-09-12T13:48:10.461471+00:00,201,17066.31,
2026-09-12T13:47:54.078658+00:00,201,33460.67,
2026-09-12T13:47:52.725744+00:00,201,34830.49,
2026-09-12T13:47:57.306941+00:00,201,30260.92,
2026-09-12T13:48:10.469551+00:00,201,17111.26,
2026-09-12T13:47:48.675474+00:00,201,38919.91,
2026-09-12T13:47:43.602701+00:00,201,44007.79,
2026-09-12T13:47:50.741022+00:00,201,36885.25,
2026-09-12T13:47:52.470069+00:00,201,35168.64,
2026-09-12T13:47:45.798894+00:00,201,41851.41,
2026-09-12T13:47:50.836219+00:00,201,36825.82,
2026-09-12T13:47:54.242167+00:00,201,33431.79,
2026-09-12T13:47:59.036327+00:00,201,28649.38,
2026-09-12T13:47:59.081998+00:00,201,28616.14,
2026-09-12T13:47:54.247418+00:00,201,33462.67,
2026-09-12T13:48:06.105627+00:00,201,21616.51,
2026-09-12T13:48:05.566872+00:00,201,22167.97,
2026-09-12T13:48:02.248110+00:00,201,25498.69,
2026-09-12T13:47:59.941768+00:00,201,27817.92,
2026-09-12T13:48:06.875304+00:00,201,20897.44,
2026-09-12T13:48:06.633166+00:00,201,21155.95,
2026-09-12T13:48:07.255430+00:00,201,20550.02,
2026-09-12T13:48:07.455777+00:00,201,20363.46,
2026-09-12T13:48:07.832419+00:00,201,20000.83,
2026-09-12T13:48:07.008904+00:00,201,20836.42,
2026-09-12T13:48:10.680014+00:00,201,17177.45,
2026-09-12T13:48:08.159308+00:00,201,19710.41,
2026-09-12T13:48:10.684744+00:00,201,17197.94,
2026-09-12T13:48:07.782264+00:00,201,20113.04,
2026-09-12T13:48:08.101097+00:00,201,19806.87,
2026-09-12T13:48:08.206901+00:00,201,19713.91,
2026-09-12T13:48:10.692500+00:00,201,17243.8,
2026-09-12T13:48:08.006040+00:00,201,19943.92,
2026-09-12T13:48:10.688062+00:00,201,17274.77,
2026-09-12T13:48:10.712268+00:00,201,17263.39,
2026-09-12T13:48:10.707841+00:00,201,17279.94,
2026-09-12T13:48:10.716665+00:00,201,17282.99,
2026-09-12T13:48:08.599389+00:00,201,19782.45,
2026-09-12T13:48:08.600951+00:00,201,19794.45,
2026-09-12T13:48:20.398453+00:00,,8037.36,
2026-09-12T13:47:52.773634+00:00,201,35760.3,
2026-09-12T13:48:08.044049+00:00,201,20518.85,
2026-09-12T13:48:23.561716+00:00,,5055.95,
2026-09-12T13:47:59.196698+00:00,201,29472.43,
2026-09-12T13:47:45.852683+00:00,201,42828.02,
2026-09-12T13:47:59.097226+00:00,201,29599.41,
2026-09-12T13:47:53.825754+00:00,201,34881.74,
2026-09-12T13:47:48.919010+00:00,201,39808.34,
2026-09-12T13:47:56.827457+00:00,201,31914.73,
2026-09-12T13:47:49.163865+00:00,201,39588.02,
2026-09-12T13:47:59.957101+00:00,201,28804.71,
2026-09-12T13:48:08.169045+00:00,201,20950.89,
2026-09-12T13:48:08.041408+00:00,201,21119.51,
2026-09-12T13:47:48.188615+00:00,201,40978.21,
2026-09-12T13:47:58.982264+00:00,201,30276.17,
2026-09-12T13:47:54.269608+00:00,201,35003.43,
2026-09-12T13:47:57.505662+00:00,201,31775.21,
2026-09-12T13:48:06.799587+00:00,201,22498.4,
2026-09-12T13:48:06.642316+00:00,201,22666.24,
2026-09-12T13:48:05.581531+00:00,201,23739.47,
2026-09-12T13:48:02.273932+00:00,201,27059.2,
2026-09-12T13:48:06.118247+00:00,201,23225.49,
2026-09-12T13:48:07.410055+00:00,201,21943.83,
2026-09-12T13:48:08.008697+00:00,201,21356.03,
2026-09-12T13:48:07.014250+00:00,201,22361.97,
2026-09-12T13:48:08.103550+00:00,201,21285.16,
2026-09-12T13:48:07.259160+00:00,201,22140.41,
2026-09-12T13:48:08.176341+00:00,201,21233.29,
2026-09-12T13:48:08.208043+00:00,201,21211.72,
2026-09-12T13:48:07.834838+00:00,201,21595.14,
2026-09-12T13:48:10.986798+00:00,201,18457.19,
2026-09-12T13:48:10.979805+00:00,201,18477.83,
2026-09-12T13:48:10.983078+00:00,201,18485.63,
2026-09-12T13:48:10.997687+00:00,201,18482.0,
2026-09-12T13:48:11.000928+00:00,201,18490.95,
2026-09-12T13:48:11.003356+00:00,201,18499.51,
2026-09-12T13:48:11.007595+00:00,201,18508.38,
2026-09-12T13:47:52.881517+00:00,201,36647.34,
2026-09-12T13:47:49.054618+00:00,201,40485.27,
2026-09-12T13:47:57.437109+00:00,201,32114.19,
2026-09-12T13:47:50.662103+00:00,201,38900.69,
2026-09-12T13:47:57.634527+00:00,201,31939.76,
2026-09-12T13:47:52.275703+00:00,201,37310.07,
2026-09-12T13:47:53.016272+00:00,201,36596.84,
2026-09-12T13:47:56.842375+00:00,201,32784.8,
2026-09-12T13:47:59.202777+00:00,201,30435.53,
2026-09-12T13:47:47.729624+00:00,201,41918.98,
2026-09-12T13:47:59.972516+00:00,201,29691.03,
2026-09-12T13:48:02.297441+00:00,201,27386.12,
2026-09-12T13:48:07.020085+00:00,201,22673.56,
2026-09-12T13:48:07.262525+00:00,201,22440.47,
2026-09-12T13:48:07.837298+00:00,201,21874.42,
2026-09-12T13:48:08.011172+00:00,201,21713.29,
2026-09-12T13:48:08.208976+00:00,201,21525.22,
2026-09-12T13:48:07.215744+00:00,201,22820.5,
2026-09-12T13:48:09.310542+00:00,201,20740.59,
2026-09-12T13:47:54.074773+00:00,201,35990.02,
2026-09-12T13:48:02.010953+00:00,201,28059.47,
2026-09-12T13:48:08.060011+00:00,201,22031.59,
2026-09-12T13:48:05.620738+00:00,201,24537.0,
2026-09-12T13:48:07.209525+00:00,201,23163.4,
2026-09-12T13:48:08.192221+00:00,201,22185.89,
2026-09-12T13:48:09.304290+00:00,201,21083.14,
2026-09-12T13:48:07.886643+00:00,201,22519.32,
2026-09-12T13:48:07.812042+00:00,201,22608.3,
2026-09-12T13:47:51.739070+00:00,201,38713.26,
2026-09-12T13:47:52.266595+00:00,201,38242.56,
2026-09-12T13:48:06.082063+00:00,201,24726.12,
2026-09-12T13:48:06.650907+00:00,201,24190.88,
2026-09-12T13:47:46.146686+00:00,201,44840.06,
2026-09-12T13:48:08.106049+00:00,201,22906.93,
2026-09-12T13:47:45.714582+00:00,201,45468.89,
2026-09-12T13:47:48.715409+00:00,201,42473.49,
2026-09-12T13:48:06.130538+00:00,201,25585.58,
2026-09-12T13:48:29.724545+00:00,,1999.27,
2026-09-12T13:48:19.887188+00:00,201,12212.22,
2026-09-12T13:48:19.896120+00:00,201,12210.18,
2026-09-12T13:48:19.884090+00:00,201,12228.98,
2026-09-12T13:48:19.892878+00:00,201,12227.46,
2026-09-12T13:48:19.882586+00:00,201,12245.41,
2026-09-12T13:48:19.889170+00:00,201,12248.34,
2026-09-12T13:48:19.879360+00:00,201,12266.33,
2026-09-12T13:48:19.880913+00:00,201,12273.66,
2026-09-12T13:48:19.894597+00:00,201,12268.6,
2026-09-12T13:48:19.885641+00:00,201,12286.87,
2026-09-12T13:48:19.890866+00:00,201,12291.17,
2026-09-12T13:48:22.405120+00:00,,9924.66,
2026-09-12T13:47:57.228728+00:00,201,35554.01,
2026-09-12T13:47:49.950175+00:00,201,42836.0,
2026-09-12T13:47:48.159888+00:00,201,44630.18,
2026-09-12T13:47:53.830646+00:00,201,38962.76,
2026-09-12T13:47:46.050636+00:00,201,46746.33,
2026-09-12T13:47:54.281833+00:00,201,38519.52,
2026-09-12T13:47:51.803272+00:00,201,41002.36,
2026-09-12T13:47:45.636212+00:00,201,47288.21,
2026-09-12T13:48:00.130013+00:00,201,32797.71,
2026-09-12T13:48:08.219999+00:00,201,24712.47,
2026-09-12T13:48:02.448007+00:00,201,30488.18,
2026-09-12T13:48:07.814831+00:00,201,25125.39,
2026-09-12T13:48:13.061446+00:00,201,19882.1,
2026-09-12T13:48:07.299168+00:00,201,25648.76,
2026-09-12T13:48:12.067867+00:00,201,20884.51,
2026-09-12T13:48:11.216949+00:00,201,21739.57,
2026-09-12T13:48:05.796808+00:00,201,27163.71,
2026-09-12T13:48:20.024693+00:00,201,12940.68,
2026-09-12T13:48:06.302931+00:00,201,26666.87,
2026-09-12T13:48:17.281367+00:00,201,15693.25,
2026-09-12T13:48:14.362114+00:00,201,18617.32,
2026-09-12T13:48:20.019501+00:00,201,12964.51,
2026-09-12T13:48:20.056578+00:00,201,12931.6,
2026-09-12T13:48:16.602483+00:00,201,16390.68,
2026-09-12T13:48:20.069999+00:00,201,12928.15,
2026-09-12T13:48:22.026113+00:00,201,10976.89,
2026-09-12T13:48:22.029083+00:00,201,10979.35,
2026-09-12T13:48:22.051918+00:00,201,10962.95,
2026-09-12T13:48:22.050653+00:00,201,10971.58,
2026-09-12T13:48:22.045967+00:00,201,10982.04,
2026-09-12T13:48:22.035403+00:00,201,10998.51,
2026-09-12T13:48:22.033294+00:00,201,11007.87,
2026-09-12T13:48:22.053169+00:00,201,10993.89,
2026-09-12T13:48:22.059546+00:00,201,10995.03,
2026-09-12T13:48:22.049403+00:00,201,11011.53,
2026-09-12T13:48:22.036790+00:00,201,11029.49,
2026-09-12T13:48:22.039257+00:00,201,11033.55,
2026-09-12T13:48:22.043937+00:00,201,11037.65,
2026-09-12T13:48:22.048008+00:00,201,11041.16,
2026-09-12T13:48:22.041745+00:00,201,11054.56,
2026-09-12T13:48:22.069285+00:00,201,11036.39,
2026-09-12T13:48:22.057770+00:00,201,11055.51,
2026-09-12T13:48:22.062799+00:00,201,11057.27,
2026-09-12T13:48:22.056233+00:00,201,11069.61,
2026-09-12T13:48:22.064529+00:00,201,11067.93,
2026-09-12T13:48:22.061221+00:00,201,11077.14,
2026-09-12T13:48:22.066354+00:00,201,11077.63,
2026-09-12T13:48:22.031228+00:00,201,11118.37,
2026-09-12T13:48:22.070621+00:00,201,11084.21,
2026-09-12T13:48:22.083638+00:00,201,11076.23,
2026-09-12T13:48:22.080359+00:00,201,11084.51,
2026-09-12T13:48:22.076055+00:00,201,11093.86,
2026-09-12T13:48:22.081753+00:00,201,11093.17,
2026-09-12T13:48:22.078654+00:00,201,11102.82,
2026-09-12T13:48:22.067979+00:00,201,11119.53,
2026-09-12T13:48:22.088194+00:00,201,11230.07,
2026-09-12T13:48:22.086158+00:00,201,11239.22,
2026-09-12T13:48:22.072009+00:00,201,11258.88,
2026-09-12T13:48:22.073489+00:00,201,11264.42,
2026-09-12T13:48:32.099609+00:00,,1356.16,
2026-09-12T13:47:46.568405+00:00,201,47122.31,
2026-09-12T13:47:58.023662+00:00,201,35674.28,
2026-09-12T13:47:46.317704+00:00,201,47388.27,
2026-09-12T13:47:53.347253+00:00,201,40370.57,
2026-09-12T13:47:43.512417+00:00,201,50212.65,
2026-09-12T13:47:51.588736+00:00,201,42142.16,
2026-09-12T13:47:50.074798+00:00,201,43661.75,
2026-09-12T13:47:54.111697+00:00,201,39630.53,
2026-09-12T13:47:51.394815+00:00,201,42354.26,
2026-09-12T13:48:02.458863+00:00,201,31297.62,
2026-09-12T13:48:05.812647+00:00,201,27950.47,
2026-09-12T13:48:07.303407+00:00,201,26465.69,
2026-09-12T13:48:17.365574+00:00,201,16409.62,
2026-09-12T13:48:08.220834+00:00,201,25560.45,
2026-09-12T13:48:06.312454+00:00,201,27475.25,
2026-09-12T13:48:18.507563+00:00,201,15287.79,
2026-09-12T13:48:22.192038+00:00,201,11609.87,
2026-09-12T13:48:14.381716+00:00,201,19426.9,
2026-09-12T13:48:16.613875+00:00,201,17201.07,
2026-09-12T13:48:13.080342+00:00,201,20741.05,
2026-09-12T13:48:18.609311+00:00,201,15218.65,
2026-09-12T13:48:18.537542+00:00,201,15297.06,
2026-09-12T13:48:22.200035+00:00,201,11643.02,
2026-09-12T13:48:18.679196+00:00,201,15171.85,
2026-09-12T13:48:18.638794+00:00,201,15219.36,
2026-09-12T13:48:22.216750+00:00,201,11648.84,
2026-09-12T13:48:18.577980+00:00,201,15294.49,
2026-09-12T13:48:22.219374+00:00,201,11660.03,
2026-09-12T13:48:22.223518+00:00,201,11665.95,
2026-09-12T13:48:22.211238+00:00,201,11687.39,
2026-09-12T13:48:20.273474+00:00,201,13633.15,
2026-09-12T13:48:22.240967+00:00,201,11673.12,
2026-09-12T13:48:22.227456+00:00,201,11694.21,
2026-09-12T13:48:22.247656+00:00,201,11681.72,
2026-09-12T13:48:22.236284+00:00,201,11700.75,
2026-09-12T13:48:22.254068+00:00,201,11690.55,
2026-09-12T13:48:22.238538+00:00,201,11714.2,
2026-09-12T13:48:22.245535+00:00,201,11716.76,
2026-09-12T13:48:20.280255+00:00,201,13689.96,
2026-09-12T13:48:22.255965+00:00,201,11722.14,
2026-09-12T13:48:22.249965+00:00,201,11736.49,
2026-09-12T13:48:22.230962+00:00,201,11763.48,
2026-09-12T13:48:22.233842+00:00,201,11768.9,
2026-09-12T13:48:22.251839+00:00,201,11759.33,
2026-09-12T13:48:20.357279+00:00,201,13662.36,
2026-09-12T13:48:22.266470+00:00,201,11761.22,
2026-09-12T13:48:22.263309+00:00,201,11772.87,
2026-09-12T13:48:22.258561+00:00,201,11786.17,
2026-09-12T13:48:22.243527+00:00,201,11809.8,
2026-09-12T13:48:22.272555+00:00,201,11789.48,
2026-09-12T13:48:22.277280+00:00,201,11793.19,
2026-09-12T13:48:22.270134+00:00,201,11809.9,
2026-09-12T13:48:22.280840+00:00,201,11807.93,
2026-09-12T13:48:20.377181+00:00,201,13720.22,
2026-09-12T13:48:22.301261+00:00,201,11804.77,
2026-09-12T13:48:22.285291+00:00,201,11829.45,
2026-09-12T13:48:22.288549+00:00,201,11835.67,
2026-09-12T13:48:19.733012+00:00,201,14400.23,
2026-09-12T13:48:22.292576+00:00,201,11849.01,
2026-09-12T13:48:22.305950+00:00,201,11844.01,
2026-09-12T13:48:22.310381+00:00,201,11848.22,
2026-09-12T13:48:22.317124+00:00,201,11849.88,
2026-09-12T13:48:19.745655+00:00,201,14429.47,
2026-09-12T13:48:19.759185+00:00,201,14440.09,
2026-09-12T13:48:22.320064+00:00,201,11891.29,
2026-09-12T13:48:19.771639+00:00,201,14449.62,
2026-09-12T13:48:19.787507+00:00,201,14442.8,
2026-09-12T13:48:19.818730+00:00,201,14420.91,
2026-09-12T13:48:19.870184+00:00,201,14379.32,
2026-09-12T13:48:19.835656+00:00,201,14423.3,
2026-09-12T13:48:21.525230+00:00,201,12743.11,
2026-09-12T13:48:20.373116+00:00,201,13904.72,
2026-09-12T13:48:21.682794+00:00,201,12604.75,
2026-09-12T13:48:20.261698+00:00,201,14035.32,
2026-09-12T13:48:21.540175+00:00,201,12766.31,
2026-09-12T13:48:23.514230+00:00,201,10801.73,
2026-09-12T13:48:21.699444+00:00,201,12626.24,
2026-09-12T13:48:21.713577+00:00,201,12621.76,
2026-09-12T13:48:21.727504+00:00,201,12617.51,
2026-09-12T13:48:21.743503+00:00,201,12612.7,
2026-09-12T13:48:21.759419+00:00,201,12610.88,
2026-09-12T13:48:21.774320+00:00,201,12607.43,
2026-09-12T13:48:19.726264+00:00,201,14666.42,
2026-09-12T13:48:21.794223+00:00,201,12608.7,
2026-09-12T13:48:21.860990+00:00,201,12552.47,
2026-09-12T13:48:19.775779+00:00,201,14648.38,
2026-09-12T13:48:19.763348+00:00,201,14671.33,
2026-09-12T13:48:19.822421+00:00,201,14622.65,
2026-09-12T13:48:19.839670+00:00,201,14616.06,
2026-09-12T13:48:19.871993+00:00,201,14594.84,
2026-09-12T13:48:19.791347+00:00,201,14686.16,
2026-09-12T13:48:20.350852+00:00,201,14139.94,
2026-09-12T13:48:19.877819+00:00,201,14630.01,
2026-09-12T13:48:21.494616+00:00,201,13025.8,
2026-09-12T13:48:30.548640+00:00,201,4202.76,
2026-09-12T13:48:31.733121+00:00,201,3032.85,
2026-09-12T13:48:07.606957+00:00,201,27405.6,
2026-09-12T13:48:20.819579+00:00,201,14469.51,
2026-09-12T13:48:21.107709+00:00,201,14731.99,
2026-09-12T13:48:21.404309+00:00,201,14877.87,
2026-09-12T13:48:34.507964+00:00,201,2055.45,
2026-09-12T13:47:52.270531+00:00,201,44498.74,
2026-09-12T13:48:08.274204+00:00,201,28505.99,
2026-09-12T13:48:35.012670+00:00,201,2237.56,
2026-09-12T13:48:23.640574+00:00,201,13739.26,
2026-09-12T13:48:24.646969+00:00,201,12947.43,
2026-09-12T13:48:35.646596+00:00,201,2030.88,
2026-09-12T13:48:36.145278+00:00,201,1907.57,
2026-09-12T13:48:26.683709+00:00,201,11452.43,
2026-09-12T13:47:44.186130+00:00,201,54137.93,
2026-09-12T13:48:06.253271+00:00,201,32173.5,
2026-09-12T13:48:08.219077+00:00,201,30213.4,
2026-09-12T13:48:31.282396+00:00,201,7339.88,
2026-09-12T13:48:35.058072+00:00,201,3611.77,
2026-09-12T13:48:22.022216+00:00,201,16672.95,
2026-09-12T13:48:35.717161+00:00,201,3171.11,
2026-09-12T13:48:32.120438+00:00,201,6813.82,
2026-09-12T13:48:36.199128+00:00,201,2850.13,
2026-09-12T13:48:33.533631+00:00,201,5541.81,
2026-09-12T13:48:38.212881+00:00,201,939.79,
2026-09-12T13:48:05.745222+00:00,201,33431.64,
2026-09-12T13:47:51.921841+00:00,201,47285.45,
2026-09-12T13:47:52.277836+00:00,201,46979.1,
2026-09-12T13:48:18.847782+00:00,201,20411.85,
2026-09-12T13:48:32.709424+00:00,201,6572.67,
2026-09-12T13:48:35.102173+00:00,201,4191.94,
2026-09-12T13:48:08.026725+00:00,,31273.78,
2026-09-12T13:48:32.948023+00:00,201,6444.86,
2026-09-12T13:48:02.881285+00:00,201,36532.18,
2026-09-12T13:48:15.099078+00:00,201,24375.02,
2026-09-12T13:47:52.703846+00:00,201,46773.68,
2026-09-12T13:48:33.577706+00:00,201,5925.34,
2026-09-12T13:48:39.155823+00:00,201,375.78,
2026-09-12T13:48:00.536713+00:00,201,39020.06,
2026-09-12T13:48:21.643738+00:00,201,18043.29,
2026-09-12T13:48:21.846456+00:00,201,17918.48,
2026-09-12T13:48:24.573618+00:00,201,15193.13,
2026-09-12T13:47:57.146233+00:00,201,42658.92,
2026-09-12T13:48:35.152864+00:00,201,4667.65,
2026-09-12T13:48:24.633529+00:00,201,15316.05,
2026-09-12T13:48:32.993265+00:00,201,7013.83,
2026-09-12T13:48:32.927834+00:00,201,7118.08,
2026-09-12T13:48:23.729948+00:00,201,16363.3,
2026-09-12T13:48:18.291608+00:00,201,21805.9,
2026-09-12T13:48:03.309869+00:00,201,36837.67,
2026-09-12T13:48:14.926642+00:00,201,25266.9,
2026-09-12T13:48:39.337278+00:00,201,963.19,
2026-09-12T13:48:20.584315+00:00,201,19719.37,
2026-09-12T13:48:15.524774+00:00,201,24781.21,
2026-09-12T13:48:03.499818+00:00,201,36808.67,
2026-09-12T13:48:26.664111+00:00,201,13722.13,
2026-09-12T13:48:15.383077+00:00,201,25006.34,
2026-09-12T13:47:45.769942+00:00,201,54623.04,
2026-09-12T13:48:39.335382+00:00,201,1061.87,
2026-09-12T13:47:49.199576+00:00,201,51203.39,
2026-09-12T13:48:32.154686+00:00,201,8295.36,
2026-09-12T13:48:01.129479+00:00,201,39773.04,
2026-09-12T13:48:03.626624+00:00,201,37278.19,
2026-09-12T13:47:43.554291+00:00,201,57354.2,
2026-09-12T13:48:12.748187+00:00,201,28164.04,
2026-09-12T13:48:11.733907+00:00,201,29181.37,
2026-09-12T13:47:49.798739+00:00,201,51120.06,
2026-09-12T13:48:15.852289+00:00,201,25069.17,
2026-09-12T13:48:19.657510+00:00,201,21267.57,
2026-09-12T13:48:22.855074+00:00,201,18073.29,
2026-09-12T13:48:14.836205+00:00,201,26097.15,
2026-09-12T13:47:59.310057+00:00,201,41694.21,
2026-09-12T13:48:32.988281+00:00,201,8022.05,
2026-09-12T13:48:21.334594+00:00,201,19681.2,
2026-09-12T13:48:23.880909+00:00,201,17140.46,
2026-09-12T13:48:24.881904+00:00,201,16145.8,
2026-09-12T13:48:11.302955+00:00,201,29814.17,
2026-09-12T13:48:26.983254+00:00,201,14137.52,
2026-09-12T13:48:06.378798+00:00,201,34745.45,
2026-09-12T13:48:22.420975+00:00,201,18706.88,
2026-09-12T13:48:24.591358+00:00,201,16540.95,
2026-09-12T13:48:21.085382+00:00,201,20051.32,
2026-09-12T13:48:38.583092+00:00,201,2558.61,
2026-09-12T13:48:30.856176+00:00,201,10291.09,
2026-09-12T13:48:20.911718+00:00,201,20240.8,
2026-09-12T13:47:52.290125+00:00,201,48867.01,
2026-09-12T13:48:19.600462+00:00,201,21568.26,
2026-09-12T13:48:32.952480+00:00,201,8222.29,
2026-09-12T13:48:21.461154+00:00,201,19718.7,
2026-09-12T13:48:35.158458+00:00,201,6026.38,
2026-09-12T13:48:39.375196+00:00,201,1814.76,
2026-09-12T13:48:06.293697+00:00,201,34901.83,
2026-09-12T13:48:30.640894+00:00,201,10600.81,
2026-09-12T13:48:31.935626+00:00,201,9312.01,
2026-09-12T13:48:11.702880+00:00,201,29587.25,
2026-09-12T13:48:01.153213+00:00,201,40233.55,
2026-09-12T13:48:03.662580+00:00,201,37729.91,
2026-09-12T13:48:11.738901+00:00,201,29659.78,
2026-09-12T13:48:15.882892+00:00,201,25522.32,
2026-09-12T13:47:53.054880+00:00,201,48357.96,
2026-09-12T13:47:54.085418+00:00,201,47332.68,
2026-09-12T13:48:19.662850+00:00,201,21761.5,
2026-09-12T13:48:17.738876+00:00,201,23690.69,
2026-09-12T13:48:37.904580+00:00,201,3660.49,
2026-09-12T13:48:30.686505+00:00,201,10885.43,
2026-09-12T13:48:30.875829+00:00,201,10703.84,
2026-09-12T13:48:17.638303+00:00,201,23949.0,
2026-09-12T13:48:32.702164+00:00,201,8893.48,
2026-09-12T13:48:39.448109+00:00,201,2154.4,
2026-09-12T13:48:14.054527+00:00,201,27554.64,
2026-09-12T13:48:01.213131+00:00,201,40538.13,
2026-09-12T13:47:52.972312+00:00,201,48784.75,
2026-09-12T13:48:03.737302+00:00,201,38026.37,
2026-09-12T13:48:19.675544+00:00,201,22095.38,
2026-09-12T13:47:43.259767+00:00,201,58518.42,
2026-09-12T13:47:46.206884+00:00,201,55578.97,
2026-09-12T13:48:32.998250+00:00,201,8795.3,
2026-09-12T13:48:15.949626+00:00,201,25850.89,
2026-09-12T13:48:18.910145+00:00,201,22898.02,
2026-09-12T13:48:23.892120+00:00,201,17923.09,
2026-09-12T13:48:22.868524+00:00,201,18953.73,
2026-09-12T13:48:02.401217+00:00,201,39428.23,
2026-09-12T13:48:21.837380+00:00,201,20000.74,
2026-09-12T13:48:24.892518+00:00,201,16953.9,
2026-09-12T13:48:14.530956+00:00,201,27322.34,
2026-09-12T13:48:26.998062+00:00,201,14864.33,
2026-09-12T13:48:11.305896+00:00,201,30563.79,
2026-09-12T13:48:21.949333+00:00,201,19926.69,
2026-09-12T13:48:26.700093+00:00,201,15184.36,
2026-09-12T13:48:24.596474+00:00,201,17295.11,
2026-09-12T13:48:28.845219+00:00,201,13057.48,
2026-09-12T13:47:53.683071+00:00,201,48230.1,
2026-09-12T13:48:35.182651+00:00,201,6741.74,
2026-09-12T13:48:21.163197+00:00,201,20773.57,
2026-09-12T13:48:38.802800+00:00,201,3144.02,
2026-09-12T13:48:26.956279+00:00,201,15122.57,
2026-09-12T13:48:30.621321+00:00,201,11602.33,
2026-09-12T13:47:44.551185+00:00,201,57680.14,
2026-09-12T13:48:03.361958+00:00,201,38877.79,
2026-09-12T13:48:22.554202+00:00,201,19693.89,
2026-09-12T13:47:45.661607+00:00,201,56594.56,
2026-09-12T13:48:33.537804+00:00,201,8726.28,
2026-09-12T13:48:26.763653+00:00,201,15509.15,
2026-09-12T13:48:39.630155+00:00,201,2650.03,
2026-09-12T13:48:19.629351+00:00,201,22657.62,
2026-09-12T13:48:39.631398+00:00,201,2662.32,
2026-09-12T13:48:01.322108+00:00,201,40978.75,
2026-09-12T13:47:52.268300+00:00,201,50039.56,
2026-09-12T13:47:50.960184+00:00,201,51354.71,
2026-09-12T13:48:19.698236+00:00,201,22625.53,
2026-09-12T13:47:54.107660+00:00,201,48223.59,
2026-09-12T13:48:03.864564+00:00,201,38474.76,
2026-09-12T13:48:16.066282+00:00,201,26280.65,
2026-09-12T13:48:21.102124+00:00,201,21252.45,
2026-09-12T13:48:33.022358+00:00,201,9339.83,
2026-09-12T13:48:22.463320+00:00,201,19998.07,
2026-09-12T13:48:07.024958+00:00,201,35497.98,
2026-09-12T13:48:22.883977+00:00,201,19678.51,
2026-09-12T13:48:17.728132+00:00,201,24841.49,
2026-09-12T13:48:19.831345+00:00,201,22745.29,
2026-09-12T13:48:23.908118+00:00,201,18676.23,
2026-09-12T13:48:24.905497+00:00,201,17686.02,
2026-09-12T13:48:27.019833+00:00,201,15581.0,
2026-09-12T13:48:18.758744+00:00,201,23861.58,
2026-09-12T13:48:17.604810+00:00,201,25029.18,
2026-09-12T13:48:30.651662+00:00,201,11996.64,
2026-09-12T13:48:29.757721+00:00,201,12904.59,
2026-09-12T13:48:24.619467+00:00,201,18073.62,
2026-09-12T13:48:12.477014+00:00,201,30239.4,
2026-09-12T13:48:00.460565+00:00,201,42271.67,
2026-09-12T13:48:23.719957+00:00,201,19022.09,
2026-09-12T13:48:05.926813+00:00,201,36824.72,
2026-09-12T13:48:14.007643+00:00,201,28753.21,
2026-09-12T13:48:32.965465+00:00,201,9804.75,
2026-09-12T13:48:29.848300+00:00,201,12942.89,
2026-09-12T13:48:20.758188+00:00,201,22043.94,
2026-09-12T13:48:39.743232+00:00,201,3067.8,
2026-09-12T13:48:03.931616+00:00,201,38888.0,
2026-09-12T13:47:53.369456+00:00,201,49460.83,
2026-09-12T13:48:01.374591+00:00,201,41467.56,
2026-09-12T13:47:56.625541+00:00,201,46227.28,
2026-09-12T13:48:00.104936+00:00,201,42757.73,
2026-09-12T13:48:12.052594+00:00,201,30819.98,
2026-09-12T13:48:19.708617+00:00,201,23173.67,
2026-09-12T13:48:21.637703+00:00,201,21255.81,
2026-09-12T13:48:33.034036+00:00,201,9868.79,
2026-09-12T13:48:16.118829+00:00,201,26793.2,
2026-09-12T13:48:22.891884+00:00,201,20029.33,
2026-09-12T13:48:24.912247+00:00,201,18019.53,
2026-09-12T13:48:23.915352+00:00,201,19026.21,
2026-09-12T13:48:20.331351+00:00,201,22619.99,
2026-09-12T13:48:22.409731+00:00,201,20551.7,
2026-09-12T13:48:27.031178+00:00,201,15940.62,
2026-09-12T13:48:18.769634+00:00,201,24212.21,
2026-09-12T13:48:40.300589+00:00,201,2691.49,
2026-09-12T13:48:28.922150+00:00,201,14079.87,
2026-09-12T13:48:26.846198+00:00,201,16166.13,
2026-09-12T13:48:32.195771+00:00,201,10827.08,
2026-09-12T13:48:20.902174+00:00,201,22131.03,
2026-09-12T13:48:20.145837+00:00,201,22898.25,
2026-09-12T13:48:39.890960+00:00,201,3170.15,
2026-09-12T13:48:01.458687+00:00,201,41613.54,
2026-09-12T13:48:00.040471+00:00,201,43043.3,
2026-09-12T13:47:59.211888+00:00,201,43884.26,
2026-09-12T13:48:28.761931+00:00,201,14355.15,
2026-09-12T13:48:04.026416+00:00,201,39108.67,
2026-09-12T13:48:16.247534+00:00,201,26904.41,
2026-09-12T13:48:06.263248+00:00,201,36903.07,
2026-09-12T13:48:20.889446+00:00,201,22291.64,
2026-09-12T13:48:19.285576+00:00,201,23906.95,
2026-09-12T13:48:33.054706+00:00,201,10152.0,
2026-09-12T13:48:22.903569+00:00,201,20315.77,
2026-09-12T13:48:24.922910+00:00,201,18307.38,
2026-09-12T13:48:23.597642+00:00,201,19644.39,
2026-09-12T13:48:23.926544+00:00,201,19327.88,
2026-09-12T13:48:27.046856+00:00,201,16222.19,
2026-09-12T13:48:20.702420+00:00,201,22578.94,
2026-09-12T13:48:31.484640+00:00,201,11808.87,
2026-09-12T13:48:20.433735+00:00,201,22871.55,
2026-09-12T13:48:08.216751+00:00,201,35100.49,
2026-09-12T13:48:31.943903+00:00,201,11384.97,
2026-09-12T13:48:29.771977+00:00,201,13568.57,
2026-09-12T13:48:36.582582+00:00,201,6769.5,
2026-09-12T13:48:12.324585+00:00,201,31039.34,
2026-09-12T13:48:23.945656+00:00,201,19430.78,
2026-09-12T13:48:35.289192+00:00,201,8244.06,
2026-09-12T13:48:24.791357+00:00,201,18760.7,
2026-09-12T13:48:28.971433+00:00,201,14603.17,
2026-09-12T13:48:40.303774+00:00,201,3307.13,
2026-09-12T13:47:50.215504+00:00,201,53415.88,
2026-09-12T13:48:28.822618+00:00,201,14820.09,
2026-09-12T13:47:57.373063+00:00,201,46280.78,
2026-09-12T13:48:36.615119+00:00,201,7054.06,
2026-09-12T13:48:21.567032+00:00,201,22114.72,
2026-09-12T13:48:22.925077+00:00,201,20770.67,
2026-09-12T13:47:58.141970+00:00,201,45568.41,
2026-09-12T13:48:30.051208+00:00,201,13673.69,
2026-09-12T13:47:53.839605+00:00,201,49898.46,
2026-09-12T13:48:32.382571+00:00,201,11369.09,
2026-09-12T13:48:19.000707+00:00,201,24767.85,
2026-09-12T13:48:34.537617+00:00,201,9244.21,
2026-09-12T13:47:53.782139+00:00,201,50013.03,
2026-09-12T13:48:35.728892+00:00,201,8083.52,
2026-09-12T13:48:12.644202+00:00,201,31181.44,
2026-09-12T13:47:57.501634+00:00,201,46337.08,
2026-09-12T13:47:59.628558+00:00,201,44223.08,
2026-09-12T13:48:29.838229+00:00,201,14240.73,
2026-09-12T13:48:00.897386+00:00,201,43202.02,
2026-09-12T13:48:29.890857+00:00,201,14221.63,
2026-09-12T13:48:17.705753+00:00,201,26418.92,
2026-09-12T13:48:06.171595+00:00,201,38310.31,
2026-09-12T13:48:17.832322+00:00,201,26667.2,
2026-09-12T13:48:08.211788+00:00,201,36341.81,
2026-09-12T13:48:33.061056+00:00,201,11676.45,
2026-09-12T13:48:21.410526+00:00,201,23682.83,
2026-09-12T13:48:32.974727+00:00,201,12225.11,
2026-09-12T13:47:52.473485+00:00,201,53046.39,
2026-09-12T13:48:42.078981+00:00,201,3563.07,
2026-09-12T13:47:49.769015+00:00,201,56309.03,
2026-09-12T13:48:20.137633+00:00,201,25954.34,
2026-09-12T13:48:30.656047+00:00,201,15715.75,
2026-09-12T13:48:32.113180+00:00,201,14458.98,
2026-09-12T13:48:33.138465+00:00,201,13444.27,
2026-09-12T13:48:33.149697+00:00,201,13442.45,
2026-09-12T13:47:59.503624+00:00,201,47102.13,
2026-09-12T13:48:40.669733+00:00,201,6058.03,
2026-09-12T13:48:41.050749+00:00,201,5745.0,
2026-09-12T13:48:32.848752+00:00,201,14184.43,
2026-09-12T13:48:39.054941+00:00,201,8032.62,
2026-09-12T13:48:34.520495+00:00,201,12574.32,
2026-09-12T13:48:22.912701+00:00,201,24215.22,
2026-09-12T13:48:26.968011+00:00,201,20443.9,
2026-09-12T13:48:29.918923+00:00,201,17513.84,
2026-09-12T13:48:12.658752+00:00,201,34782.36,
2026-09-12T13:48:42.115632+00:00,201,5348.26,
2026-09-12T13:48:45.939707+00:00,201,1796.81,
2026-09-12T13:47:43.356202+00:00,201,64405.1,
2026-09-12T13:48:33.763193+00:00,201,14002.42,
2026-09-12T13:48:23.622959+00:00,201,24162.73,
2026-09-12T13:48:05.860989+00:00,201,41938.04,
2026-09-12T13:48:07.330919+00:00,201,40476.44,
2026-09-12T13:48:35.085769+00:00,201,12810.91,
2026-09-12T13:48:19.862614+00:00,201,28040.24,
2026-09-12T13:48:33.089344+00:00,201,14868.82,
2026-09-12T13:48:22.390602+00:00,201,25585.87,
2026-09-12T13:48:31.049458+00:00,201,16967.33,
2026-09-12T13:48:21.851171+00:00,201,26215.36,
2026-09-12T13:48:41.757187+00:00,201,6320.05,
2026-09-12T13:48:36.622218+00:00,201,11467.94,
2026-09-12T13:48:35.141170+00:00,201,13058.92,
2026-09-12T13:48:24.018164+00:00,201,24232.17,
2026-09-12T13:48:45.983742+00:00,201,2268.81,
2026-09-12T13:47:53.835210+00:00,201,54444.0,
2026-09-12T13:48:07.274127+00:00,201,41026.35,
2026-09-12T13:48:32.542978+00:00,201,15767.16,
2026-09-12T13:48:47.785779+00:00,201,562.49,
2026-09-12T13:48:08.115609+00:00,201,40245.42,
2026-09-12T13:48:21.149067+00:00,201,27245.95,
2026-09-12T13:48:21.433276+00:00,201,26963.87,
2026-09-12T13:48:39.487090+00:00,201,8912.87,
2026-09-12T13:48:14.878331+00:00,201,33586.66,
2026-09-12T13:48:41.429667+00:00,201,7044.85,
2026-09-12T13:48:29.876830+00:00,201,18609.35,
2026-09-12T13:48:14.721854+00:00,201,33766.88,
2026-09-12T13:48:15.732102+00:00,201,32761.0,
2026-09-12T13:48:40.393066+00:00,201,8103.43,
2026-09-12T13:48:33.843137+00:00,201,14715.87,
2026-09-12T13:48:41.815355+00:00,201,6759.91,
2026-09-12T13:48:03.258154+00:00,201,45444.27,
2026-09-12T13:48:00.354787+00:00,201,48429.85,
2026-09-12T13:48:47.807450+00:00,201,999.87,
2026-09-12T13:48:29.457778+00:00,201,19369.67,
2026-09-12T13:48:22.843369+00:00,201,25991.16,
2026-09-12T13:48:31.723932+00:00,201,17132.83,
2026-09-12T13:47:53.816660+00:00,201,55146.17,
2026-09-12T13:48:40.397365+00:00,201,8567.98,
2026-09-12T13:48:20.948222+00:00,201,28020.1,
2026-09-12T13:48:48.032945+00:00,201,938.57,
2026-09-12T13:48:48.016916+00:00,201,958.91,
2026-09-12T13:48:48.029888+00:00,201,949.7,
2026-09-12T13:48:22.880146+00:00,201,26192.53,
2026-09-12T13:48:23.653950+00:00,201,25424.81,
2026-09-12T13:48:04.457795+00:00,201,44624.62,
2026-09-12T13:47:51.385706+00:00,201,57703.17,
2026-09-12T13:48:23.744976+00:00,201,25420.89,
2026-09-12T13:48:35.175275+00:00,201,14089.96,
2026-09-12T13:48:40.105244+00:00,201,9164.28,
2026-09-12T13:48:20.842384+00:00,201,28513.39,
2026-09-12T13:48:18.896922+00:00,201,30461.56,
2026-09-12T13:48:04.759506+00:00,201,44602.64,
2026-09-12T13:48:33.865665+00:00,201,15580.22,
2026-09-12T13:48:20.384869+00:00,201,29064.91,
2026-09-12T13:48:21.782014+00:00,201,27670.6,
2026-09-12T13:47:53.833200+00:00,201,55623.34,
2026-09-12T13:47:52.285803+00:00,201,57175.13,
2026-09-12T13:48:29.551380+00:00,201,19914.37,
2026-09-12T13:48:27.324957+00:00,201,22145.76,
2026-09-12T13:48:30.244719+00:00,201,19229.93,
2026-09-12T13:48:33.698064+00:00,201,15800.74,
2026-09-12T13:48:12.522914+00:00,201,37079.14,
2026-09-12T13:48:20.575392+00:00,201,29029.62,
2026-09-12T13:48:23.859232+00:00,201,25749.18,
2026-09-12T13:48:19.681051+00:00,201,29931.08,
2026-09-12T13:47:52.938840+00:00,201,56676.75,
2026-09-12T13:48:23.605642+00:00,201,26013.03,
2026-09-12T13:48:38.999655+00:00,201,10623.4,
2026-09-12T13:48:18.792187+00:00,201,30834.88,
2026-09-12T13:48:32.548560+00:00,201,17144.18,
2026-09-12T13:48:40.908591+00:00,201,8790.04,
2026-09-12T13:48:37.500522+00:00,201,12207.3,
2026-09-12T13:48:21.279998+00:00,201,28442.85,
2026-09-12T13:48:26.721491+00:00,201,23006.18,
2026-09-12T13:48:40.408053+00:00,201,9323.69,
2026-09-12T13:48:29.388809+00:00,201,20347.22,
2026-09-12T13:48:48.147052+00:00,201,1593.9,
2026-09-12T13:48:06.281118+00:00,201,43463.83,
2026-09-12T13:48:23.661108+00:00,201,26114.59,
2026-09-12T13:48:30.595479+00:00,201,19230.73,
2026-09-12T13:48:04.825820+00:00,201,45012.74,
2026-09-12T13:47:46.014155+00:00,201,63828.54,
2026-09-12T13:48:31.297259+00:00,201,18549.81,
2026-09-12T13:48:20.858498+00:00,201,28992.73,
2026-09-12T13:48:33.879486+00:00,201,15975.5,
2026-09-12T13:48:20.748639+00:00,201,29110.51,
2026-09-12T13:47:53.823318+00:00,201,56040.19,
2026-09-12T13:48:27.345068+00:00,201,22524.77,
2026-09-12T13:48:21.872186+00:00,201,28002.11,
2026-09-12T13:48:12.419988+00:00,201,37458.68,
2026-09-12T13:48:30.253529+00:00,201,19630.91,
2026-09-12T13:48:29.585864+00:00,201,20304.34,
2026-09-12T13:48:30.560121+00:00,201,19335.05,
2026-09-12T13:48:41.447183+00:00,201,8454.31,
2026-09-12T13:48:13.645755+00:00,201,36262.61,
2026-09-12T13:48:20.830180+00:00,201,29084.27,
2026-09-12T13:48:41.822462+00:00,201,8097.88,
2026-09-12T13:48:20.925859+00:00,201,29001.69,
2026-09-12T13:48:26.620141+00:00,201,23313.44,
2026-09-12T13:48:37.891547+00:00,201,12047.9,
2026-09-12T13:48:26.951259+00:00,201,23106.85,
2026-09-12T13:48:20.523702+00:00,201,29539.37,
2026-09-12T13:47:44.517645+00:00,201,65550.7,
2026-09-12T13:48:37.916083+00:00,201,12157.81,
2026-09-12T13:48:35.052629+00:00,201,15027.19,
2026-09-12T13:48:01.576450+00:00,201,48508.81,
2026-09-12T13:48:16.198194+00:00,201,34135.43,
2026-09-12T13:48:00.479221+00:00,201,49860.55,
2026-09-12T13:48:16.435204+00:00,201,33911.01,
2026-09-12T13:48:40.904899+00:00,201,9447.0,
2026-09-12T13:48:21.062883+00:00,201,29295.34,
2026-09-12T13:48:14.614981+00:00,201,35749.44,
2026-09-12T13:48:48.459805+00:00,201,1909.97,
2026-09-12T13:47:52.806815+00:00,201,57568.22,
2026-09-12T13:48:48.458208+00:00,201,1921.94,
2026-09-12T13:48:04.933571+00:00,201,45451.51,
2026-09-12T13:48:28.947715+00:00,201,21442.23,
2026-09-12T13:48:48.962952+00:00,201,1432.28,
2026-09-12T13:48:48.965822+00:00,201,1434.6,
2026-09-12T13:48:41.891712+00:00,201,8574.07,
2026-09-12T13:48:48.975935+00:00,201,1535.44,
2026-09-12T13:48:08.225382+00:00,201,42291.44,
2026-09-12T13:47:53.875908+00:00,201,56646.14,
2026-09-12T13:48:48.548752+00:00,201,1978.59,
2026-09-12T13:47:49.865078+00:00,201,60667.52,
2026-09-12T13:48:08.231642+00:00,201,42306.24,
2026-09-12T13:48:04.957201+00:00,201,45586.31,
2026-09-12T13:48:24.652193+00:00,201,25896.85,
2026-09-12T13:48:23.792315+00:00,201,26762.17,
2026-09-12T13:48:31.746329+00:00,201,18813.76,
2026-09-12T13:48:26.730071+00:00,201,23836.07,
2026-09-12T13:48:23.862879+00:00,201,26709.09,
2026-09-12T13:48:30.208291+00:00,201,20369.55,
2026-09-12T13:48:32.521415+00:00,201,18064.5,
2026-09-12T13:48:30.616389+00:00,201,19976.96,
2026-09-12T13:48:04.113100+00:00,201,46487.12,
2026-09-12T13:48:16.403354+00:00,201,34202.98,
2026-09-12T13:48:40.915452+00:00,201,9697.19,
2026-09-12T13:48:22.489940+00:00,201,28128.72,
2026-09-12T13:48:04.623710+00:00,201,46001.05,
2026-09-12T13:48:38.223555+00:00,201,12407.28,
2026-09-12T13:48:48.670729+00:00,201,1966.22,
2026-09-12T13:48:47.827689+00:00,201,2875.71,
2026-09-12T13:48:21.392406+00:00,201,29342.05,
2026-09-12T13:47:54.115119+00:00,201,56656.35,
2026-09-12T13:48:32.212420+00:00,201,18565.02,
2026-09-12T13:48:17.428654+00:00,201,33354.54,
2026-09-12T13:48:28.882225+00:00,201,21911.73,
2026-09-12T13:48:12.074166+00:00,201,38732.32,
2026-09-12T13:48:27.468203+00:00,201,23348.26,
2026-09-12T13:48:33.962387+00:00,201,16864.29,
2026-09-12T13:48:25.328705+00:00,201,25506.78,
2026-09-12T13:48:07.361386+00:00,201,43481.09,
2026-09-12T13:48:34.815800+00:00,201,16034.47,
2026-09-12T13:48:20.104957+00:00,201,30751.92,
2026-09-12T13:48:28.834781+00:00,201,22028.87,
2026-09-12T13:48:41.902825+00:00,201,8967.57,
2026-09-12T13:48:24.005448+00:00,201,26871.6,
2026-09-12T13:48:29.824938+00:00,201,21059.63,
2026-09-12T13:48:24.667072+00:00,201,26224.2,
2026-09-12T13:48:39.985186+00:00,201,10912.83,
2026-09-12T13:48:28.892522+00:00,201,22012.41,
2026-09-12T13:48:06.230736+00:00,201,44681.04,
2026-09-12T13:48:31.040124+00:00,201,19878.63,
2026-09-12T13:48:40.921545+00:00,201,10004.17,
2026-09-12T13:48:38.355170+00:00,201,12577.52,
2026-09-12T13:48:41.120864+00:00,201,9819.13,
2026-09-12T13:48:29.747838+00:00,201,21199.39,
2026-09-12T13:48:41.015958+00:00,201,9938.78,
2026-09-12T13:48:08.232589+00:00,201,42845.6,
2026-09-12T13:48:35.464627+00:00,201,15647.15,
2026-09-12T13:48:17.659405+00:00,201,33472.33,
2026-09-12T13:47:51.261809+00:00,201,59877.27,
2026-09-12T13:48:23.576592+00:00,201,27570.35,
2026-09-12T13:48:47.831678+00:00,201,3322.95,
2026-09-12T13:48:29.895428+00:00,201,21267.5,
2026-09-12T13:48:23.966552+00:00,201,27207.47,
2026-09-12T13:48:23.975129+00:00,201,27207.85,
2026-09-12T13:48:19.317333+00:00,201,31881.84,
2026-09-12T13:47:52.219098+00:00,201,58992.31,
2026-09-12T13:48:41.946943+00:00,201,9272.43,
2026-09-12T13:47:49.493875+00:00,201,61733.69,
2026-09-12T13:48:40.933456+00:00,201,10302.14,
2026-09-12T13:48:41.132476+00:00,201,10111.7,
2026-09-12T13:48:40.529666+00:00,201,10723.16,
2026-09-12T13:47:51.605670+00:00,201,59655.5,
2026-09-12T13:48:47.608146+00:00,201,3662.01,
2026-09-12T13:48:42.223765+00:00,201,9054.66,
2026-09-12T13:48:16.350810+00:00,201,35024.77,
2026-09-12T13:48:33.952818+00:00,201,17633.12,
2026-09-12T13:48:23.951006+00:00,201,27759.46,
2026-09-12T13:47:59.216611+00:00,201,52665.84,
2026-09-12T13:48:48.200237+00:00,201,3697.1,
2026-09-12T13:48:42.315009+00:00,201,9606.55,
2026-09-12T13:48:24.833653+00:00,201,27240.83,
2026-09-12T13:48:06.354129+00:00,201,45733.17,
2026-09-12T13:48:50.395321+00:00,201,1776.07,
2026-09-12T13:48:24.176528+00:00,201,28169.7,
2026-09-12T13:48:50.400509+00:00,201,1961.14,
2026-09-12T13:48:33.455884+00:00,201,19004.51,
2026-09-12T13:48:40.175669+00:00,201,12293.54,
2026-09-12T13:48:13.138592+00:00,201,39386.5,
2026-09-12T13:48:41.190052+00:00,201,11352.23,
2026-09-12T13:48:43.653938+00:00,201,8905.16,
2026-09-12T13:48:00.442622+00:00,201,52159.12,
2026-09-12T13:47:58.149769+00:00,201,54566.5,
2026-09-12T13:48:34.526354+00:00,201,18219.45,
2026-09-12T13:48:49.162663+00:00,201,3610.06,
2026-09-12T13:48:50.516902+00:00,201,2307.25,
2026-09-12T13:48:23.830498+00:00,201,29030.77,
2026-09-12T13:48:23.646122+00:00,201,29282.55,
2026-09-12T13:48:26.580303+00:00,201,26362.11,
2026-09-12T13:48:49.355896+00:00,201,3595.6,
2026-09-12T13:48:11.310411+00:00,201,41679.5,
2026-09-12T13:48:47.902940+00:00,201,5221.27,
2026-09-12T13:47:43.863796+00:00,201,69278.46,
2026-09-12T13:48:33.348219+00:00,201,19984.38,
2026-09-12T13:48:29.273150+00:00,201,24104.43,
2026-09-12T13:48:05.721537+00:00,201,48170.29,
2026-09-12T13:48:50.073990+00:00,201,3891.27,
2026-09-12T13:48:44.204396+00:00,201,9929.96,
2026-09-12T13:48:22.618392+00:00,201,31541.29,
2026-09-12T13:48:50.358400+00:00,201,3835.64,
2026-09-12T13:48:41.959872+00:00,201,12340.88,
2026-09-12T13:48:23.998925+00:00,201,30360.51,
2026-09-12T13:48:42.409815+00:00,201,11962.05,
2026-09-12T13:47:45.113022+00:00,201,69280.82,
2026-09-12T13:48:27.581058+00:00,201,27106.55,
2026-09-12T13:48:41.450904+00:00,201,13270.58,
2026-09-12T13:48:05.841451+00:00,201,48919.44,
2026-09-12T13:48:50.554584+00:00,201,4217.53,
2026-09-12T13:48:34.158708+00:00,201,20794.19,
2026-09-12T13:48:43.631465+00:00,201,11355.6,
2026-09-12T13:48:33.330992+00:00,201,21685.5,
2026-09-12T13:48:51.174188+00:00,201,3868.67,
2026-09-12T13:48:41.602618+00:00,201,13490.71,
2026-09-12T13:48:20.454729+00:00,201,34650.71,
2026-09-12T13:48:39.152789+00:00,201,15972.16,
2026-09-12T13:48:43.812510+00:00,201,11321.17,
2026-09-12T13:48:49.767071+00:00,201,5409.43,
2026-09-12T13:48:18.922347+00:00,201,36314.19,
2026-09-12T13:48:17.243955+00:00,201,38006.04,
2026-09-12T13:48:53.892066+00:00,201,1365.73,
2026-09-12T13:48:33.014986+00:00,201,22445.56,
2026-09-12T13:48:34.106107+00:00,201,21379.59,
2026-09-12T13:48:35.705107+00:00,201,19805.35,
2026-09-12T13:48:08.113251+00:00,201,47433.61,
2026-09-12T13:48:00.337118+00:00,201,55283.84,
2026-09-12T13:48:20.643608+00:00,201,34984.64,
2026-09-12T13:48:44.238960+00:00,201,11394.29,
2026-09-12T13:48:44.605124+00:00,201,11034.67,
2026-09-12T13:48:20.369032+00:00,201,35284.04,
2026-09-12T13:48:11.201844+00:00,201,44459.72,
2026-09-12T13:48:31.070749+00:00,201,24607.41,
2026-09-12T13:48:28.902974+00:00,201,26785.5,
2026-09-12T13:48:50.606421+00:00,201,5225.36,
2026-09-12T13:48:11.207429+00:00,201,44637.74,
2026-09-12T13:48:42.231419+00:00,201,13649.75,
2026-09-12T13:48:49.615695+00:00,201,6306.25,
2026-09-12T13:47:53.292636+00:00,201,62636.03,
2026-09-12T13:48:29.516067+00:00,201,26423.55,
2026-09-12T13:48:04.874266+00:00,201,51072.5,
2026-09-12T13:48:32.172629+00:00,201,23783.5,
2026-09-12T13:48:49.763965+00:00,201,6216.71,
2026-09-12T13:48:51.261255+00:00,201,4730.25,
2026-09-12T13:48:44.323604+00:00,201,11699.45,
2026-09-12T13:48:32.532523+00:00,201,23500.88,
2026-09-12T13:48:24.546923+00:00,201,31567.21,
2026-09-12T13:48:24.008699+00:00,201,32146.93,
2026-09-12T13:48:52.542398+00:00,201,3615.98,
2026-09-12T13:48:21.649891+00:00,201,34526.01,
2026-09-12T13:48:54.591403+00:00,201,1586.78,
2026-09-12T13:48:46.648153+00:00,201,9570.02,
2026-09-12T13:48:43.921167+00:00,201,12299.8,
2026-09-12T13:48:28.917558+00:00,201,27316.58,
2026-09-12T13:48:34.316033+00:00,201,21919.75,
2026-09-12T13:48:52.405212+00:00,201,3851.55,
2026-09-12T13:48:29.364806+00:00,201,26946.94,
2026-09-12T13:48:39.207624+00:00,201,17106.8,
2026-09-12T13:48:42.442465+00:00,201,13875.23,
2026-09-12T13:48:27.539413+00:00,201,28828.83,
2026-09-12T13:48:50.668420+00:00,201,5703.92,
2026-09-12T13:48:50.390020+00:00,201,6003.68,
2026-09-12T13:48:50.630909+00:00,201,5765.88,
2026-09-12T13:48:34.080113+00:00,201,22339.84,
2026-09-12T13:48:04.634972+00:00,201,51791.67,
2026-09-12T13:47:43.873736+00:00,201,72585.07,
2026-09-12T13:48:29.321110+00:00,201,27147.23,
2026-09-12T13:48:51.315743+00:00,201,5157.43,
2026-09-12T13:48:44.344217+00:00,201,12150.58,
2026-09-12T13:48:47.441226+00:00,201,9056.48,
2026-09-12T13:47:44.533947+00:00,201,71977.2,
2026-09-12T13:48:00.598621+00:00,201,55920.86,
2026-09-12T13:48:21.344931+00:00,201,35193.48,
2026-09-12T13:48:42.422895+00:00,201,14129.73,
2026-09-12T13:48:49.608506+00:00,201,6964.14,
2026-09-12T13:48:26.711728+00:00,201,29864.83,
2026-09-12T13:48:52.624806+00:00,201,3965.19,
2026-09-12T13:48:29.833332+00:00,201,26784.07,
2026-09-12T13:48:52.000881+00:00,201,4637.36,
2026-09-12T13:48:20.601440+00:00,201,36043.22,
2026-09-12T13:48:21.664407+00:00,201,34987.5,
2026-09-12T13:48:48.348367+00:00,201,8315.2,
2026-09-12T13:48:53.781351+00:00,201,2924.23,
2026-09-12T13:48:23.049914+00:00,201,33682.92,
2026-09-12T13:48:54.028784+00:00,201,2742.66,
2026-09-12T13:48:25.706751+00:00,201,31069.57,
2026-09-12T13:48:56.099459+00:00,201,686.73,
2026-09-12T13:48:24.613381+00:00,201,32203.42,
2026-09-12T13:48:21.364637+00:00,201,35454.58,
2026-09-12T13:48:55.928772+00:00,201,894.68,
2026-09-12T13:48:01.050434+00:00,201,55775.16,
2026-09-12T13:48:03.414952+00:00,201,53462.3,
2026-09-12T13:48:27.457954+00:00,201,29421.08,
2026-09-12T13:48:23.011072+00:00,201,33890.41,
2026-09-12T13:48:34.490895+00:00,201,22412.97,
2026-09-12T13:48:49.452718+00:00,201,7473.5,
2026-09-12T13:48:25.321896+00:00,201,31613.43,
2026-09-12T13:48:19.875982+00:00,201,37093.89,
2026-09-12T13:48:19.703451+00:00,201,37292.89,
2026-09-12T13:48:14.974781+00:00,201,42033.43,
2026-09-12T13:48:22.604579+00:00,201,34408.15,
2026-09-12T13:48:54.300889+00:00,201,2765.59,
2026-09-12T13:48:50.221216+00:00,201,6897.18,
2026-09-12T13:48:37.897837+00:00,201,19229.64,
2026-09-12T13:48:27.368255+00:00,201,29794.43,
2026-09-12T13:48:27.895387+00:00,201,29292.8,
2026-09-12T13:47:54.290665+00:00,201,62900.95,
2026-09-12T13:48:44.499625+00:00,201,12697.68,
2026-09-12T13:48:32.206255+00:00,201,24996.57,
2026-09-12T13:48:30.573218+00:00,201,26636.17,
2026-09-12T13:48:51.968032+00:00,201,5263.52,
2026-09-12T13:48:32.163469+00:00,201,25082.82,
2026-09-12T13:48:47.761417+00:00,201,9492.77,
2026-09-12T13:48:23.064836+00:00,201,34191.56,
2026-09-12T13:48:24.673839+00:00,201,32600.69,
2026-09-12T13:48:29.857879+00:00,201,27421.02,
2026-09-12T13:48:51.244257+00:00,201,6066.56,
2026-09-12T13:48:21.012806+00:00,201,36353.66,
2026-09-12T13:47:46.191990+00:00,201,71182.46,
2026-09-12T13:48:44.154506+00:00,201,13222.89,
2026-09-12T13:48:05.673101+00:00,201,51707.61,
2026-09-12T13:48:43.725014+00:00,201,13706.45,
2026-09-12T13:47:54.088497+00:00,201,63349.08,
2026-09-12T13:47:48.536001+00:00,201,68903.67,
2026-09-12T13:48:08.013692+00:00,201,49433.69,
2026-09-12T13:47:49.108586+00:00,201,68346.96,
2026-09-12T13:48:04.395687+00:00,201,53082.78,
2026-09-12T13:48:51.480683+00:00,201,6017.41,
2026-09-12T13:48:30.704037+00:00,201,26816.67,
2026-09-12T13:48:49.161080+00:00,201,8361.38,
2026-09-12T13:48:28.751969+00:00,201,28772.3,
2026-09-12T13:47:53.756525+00:00,201,63769.55,
2026-09-12T13:48:14.695806+00:00,201,42832.04,
2026-09-12T13:48:03.335906+00:00,201,54193.73,
2026-09-12T13:48:27.626380+00:00,201,29936.66,
2026-09-12T13:48:50.572049+00:00,201,7000.8,
2026-09-12T13:48:25.913276+00:00,201,31723.39,
2026-09-12T13:48:04.744488+00:00,201,52896.79,
2026-09-12T13:48:05.346028+00:00,201,52303.07,
2026-09-12T13:48:57.127575+00:00,201,535.13,
2026-09-12T13:48:13.210438+00:00,201,44479.48,
2026-09-12T13:48:43.738157+00:00,201,13986.78,
2026-09-12T13:48:54.359537+00:00,201,3472.09,
2026-09-12T13:48:24.626823+00:00,201,33263.22,
2026-09-12T13:48:41.955150+00:00,201,15979.88,
2026-09-12T13:48:21.535402+00:00,201,36426.47,
2026-09-12T13:48:57.047780+00:00,201,917.42,
2026-09-12T13:48:36.378711+00:00,201,21600.72,
2026-09-12T13:48:30.509287+00:00,201,27488.99,
2026-09-12T13:48:24.889080+00:00,201,33129.9,
2026-09-12T13:48:57.049960+00:00,201,983.24,
2026-09-12T13:48:25.412743+00:00,201,32649.4,
2026-09-12T13:48:11.211464+00:00,201,46871.18,
2026-09-12T13:48:35.711262+00:00,201,22416.42,
2026-09-12T13:48:36.395207+00:00,201,21768.55,
2026-09-12T13:47:53.855153+00:00,201,64312.62,
2026-09-12T13:48:22.362862+00:00,201,35807.64,
2026-09-12T13:48:11.531397+00:00,201,46641.78,
2026-09-12T13:47:52.434973+00:00,201,65741.04,
2026-09-12T13:48:50.214242+00:00,201,7964.75,
2026-09-12T13:48:34.027778+00:00,201,24154.16,
2026-09-12T13:48:05.870557+00:00,201,52313.8,
2026-09-12T13:47:53.627706+00:00,201,64559.38,
2026-09-12T13:48:48.807436+00:00,201,9457.27,
2026-09-12T13:48:57.498200+00:00,201,771.79,
2026-09-12T13:48:41.147374+00:00,201,17139.14,
2026-09-12T13:48:51.538120+00:00,201,6760.19,
2026-09-12T13:48:33.978186+00:00,201,24325.04,
2026-09-12T13:48:56.705701+00:00,201,1602.33,
2026-09-12T13:48:22.783116+00:00,201,35529.27,
2026-09-12T13:48:54.134482+00:00,201,4181.97,
2026-09-12T13:48:55.838049+00:00,201,2543.34,
2026-09-12T13:48:08.204627+00:00,201,50182.65,
2026-09-12T13:48:00.764815+00:00,201,57625.72,
2026-09-12T13:48:54.572390+00:00,201,3821.65,
2026-09-12T13:48:19.856596+00:00,201,38541.0,
2026-09-12T13:47:45.980385+00:00,201,72420.85,
2026-09-12T13:48:54.916121+00:00,201,3487.96,
2026-09-12T13:48:21.767885+00:00,201,36639.24,
2026-09-12T13:48:21.557703+00:00,201,36852.29,
2026-09-12T13:47:50.271979+00:00,201,68140.91,
2026-09-12T13:48:21.763453+00:00,201,36652.22,
2026-09-12T13:48:27.610619+00:00,201,30857.3,
2026-09-12T13:48:39.294236+00:00,201,19211.65,
2026-09-12T13:48:30.212914+00:00,201,28299.15,
2026-09-12T13:48:36.815043+00:00,201,21718.47,
2026-09-12T13:47:47.846068+00:00,201,70717.42,
2026-09-12T13:48:48.400045+00:00,201,10216.89,
2026-09-12T13:48:18.722795+00:00,201,39922.91,
2026-09-12T13:48:31.046276+00:00,201,27608.78,
2026-09-12T13:48:18.781439+00:00,201,39929.38,
2026-09-12T13:48:11.554734+00:00,201,47171.9,
2026-09-12T13:48:56.576650+00:00,201,2194.38,
2026-09-12T13:48:13.179393+00:00,201,45657.41,
2026-09-12T13:47:53.829682+00:00,201,65031.05,
2026-09-12T13:48:54.007958+00:00,201,4879.15,
2026-09-12T13:48:55.510596+00:00,201,3392.61,
2026-09-12T13:48:38.345432+00:00,201,20566.38,
2026-09-12T13:48:19.865319+00:00,201,39058.12,
2026-09-12T13:48:54.427191+00:00,201,4528.92,
2026-09-12T13:48:44.638509+00:00,201,14321.06,
2026-09-12T13:48:49.165953+00:00,201,9821.08,
2026-09-12T13:47:53.262688+00:00,201,65728.32,
2026-09-12T13:48:42.331351+00:00,201,16667.42,
2026-09-12T13:48:44.174711+00:00,201,14855.02,
2026-09-12T13:48:54.214057+00:00,201,4822.06,
2026-09-12T13:48:35.063614+00:00,201,24051.56,
2026-09-12T13:48:11.581597+00:00,201,47540.01,
2026-09-12T13:48:47.412054+00:00,201,11714.0,
2026-09-12T13:48:28.887339+00:00,201,30302.46,
2026-09-12T13:47:47.254816+00:00,201,71977.14,
2026-09-12T13:47:54.276789+00:00,201,65203.72,
2026-09-12T13:48:58.836926+00:00,201,688.28,
2026-09-12T13:48:48.834634+00:00,201,10714.78,
2026-09-12T13:48:55.125041+00:00,201,4435.34,
2026-09-12T13:48:48.361128+00:00,201,11224.47,
2026-09-12T13:48:33.775270+00:00,201,25817.29,
2026-09-12T13:48:21.819903+00:00,201,37788.83,
2026-09-12T13:48:31.052419+00:00,201,28576.85,
2026-09-12T13:48:24.059626+00:00,201,35603.66,
2026-09-12T13:48:48.395128+00:00,201,11338.08,
2026-09-12T13:48:34.786689+00:00,201,24956.61,
2026-09-12T13:48:24.073148+00:00,201,35694.65,
2026-09-12T13:48:59.121760+00:00,201,656.66,
2026-09-12T13:48:56.311870+00:00,201,3513.77,
2026-09-12T13:48:56.023201+00:00,201,3842.49,
2026-09-12T13:48:44.624864+00:00,201,15248.85,
2026-09-12T13:48:25.465592+00:00,201,34417.47,
2026-09-12T13:48:27.638799+00:00,201,32263.36,
2026-09-12T13:48:59.315328+00:00,201,621.49,
2026-09-12T13:48:49.731840+00:00,201,10212.86,
2026-09-12T13:48:55.546973+00:00,201,4429.09,
2026-09-12T13:48:22.851335+00:00,201,37148.19,
2026-09-12T13:47:59.235559+00:00,201,60775.6,
2026-09-12T13:48:24.734877+00:00,201,35299.82,
2026-09-12T13:48:25.614714+00:00,201,34472.74,
2026-09-12T13:48:23.041988+00:00,201,37054.28,
2026-09-12T13:48:02.860989+00:00,201,57245.28,
2026-09-12T13:48:57.808103+00:00,201,2350.97,
2026-09-12T13:48:48.982314+00:00,201,11211.22,
2026-09-12T13:48:39.259747+00:00,201,20940.2,
2026-09-12T13:48:26.935145+00:00,201,33329.27,
2026-09-12T13:48:56.901652+00:00,201,3388.3,
2026-09-12T13:48:24.820629+00:00,201,35556.25,
2026-09-12T13:48:11.543147+00:00,201,48845.5,
2026-09-12T13:48:57.527926+00:00,201,2874.72,
2026-09-12T13:48:36.593646+00:00,201,23866.23,
2026-09-12T13:48:27.436056+00:00,201,33042.19,
2026-09-12T13:48:34.036269+00:00,201,26457.12,
2026-09-12T13:48:42.256266+00:00,201,18275.65,
2026-09-12T13:48:32.330078+00:00,201,28210.67,
2026-09-12T13:47:55.132071+00:00,201,65467.88,
2026-09-12T13:48:38.057433+00:00,201,22569.08,
2026-09-12T13:48:03.526318+00:00,201,57111.29,
2026-09-12T13:47:53.827712+00:00,201,66840.89,
2026-09-12T13:48:24.267749+00:00,201,36442.14,
2026-09-12T13:48:55.831874+00:00,201,4887.45,
2026-09-12T13:48:29.872078+00:00,201,30904.14,
2026-09-12T13:48:49.692919+00:00,201,11122.99,
2026-09-12T13:48:19.811030+00:00,201,41008.89,
2026-09-12T13:48:20.344674+00:00,201,40499.13,
2026-09-12T13:48:55.963233+00:00,201,4886.41,
2026-09-12T13:48:17.682042+00:00,201,43183.59,
2026-09-12T13:48:33.730995+00:00,201,27229.47,
2026-09-12T13:48:56.176014+00:00,201,4800.81,
2026-09-12T13:48:45.661132+00:00,201,15322.48,
2026-09-12T13:48:14.461233+00:00,201,46559.6,
2026-09-12T13:48:55.996896+00:00,201,5066.44,
2026-09-12T13:48:30.635161+00:00,201,30477.88,
2026-09-12T13:49:00.600231+00:00,201,522.62,
2026-09-12T13:48:04.585009+00:00,201,56543.86,
2026-09-12T13:48:35.046290+00:00,201,26102.08,
2026-09-12T13:48:56.733003+00:00,201,4430.74,
2026-09-12T13:48:49.376459+00:00,201,11916.57,
2026-09-12T13:48:17.160575+00:00,201,44141.91,
2026-09-12T13:48:03.995744+00:00,201,57417.76,
2026-09-12T13:48:24.842250+00:00,201,36582.63,
2026-09-12T13:48:26.642411+00:00,201,34799.18,
2026-09-12T13:48:39.766822+00:00,201,21696.37,
2026-09-12T13:48:53.009443+00:00,201,8592.07,
2026-09-12T13:48:39.282196+00:00,201,22325.28,
2026-09-12T13:48:21.553307+00:00,201,40077.86,
2026-09-12T13:48:31.939467+00:00,201,29750.92,
2026-09-12T13:48:57.442930+00:00,201,4298.94,
2026-09-12T13:48:37.250345+00:00,201,24517.71,
2026-09-12T13:48:02.945868+00:00,201,58831.99,
2026-09-12T13:48:21.254123+00:00,201,40530.65,
2026-09-12T13:48:33.105804+00:00,201,28684.66,
2026-09-12T13:48:46.620835+00:00,201,15172.49,
2026-09-12T13:48:38.228446+00:00,201,23575.33,
2026-09-12T13:48:50.777515+00:00,201,11035.84,
2026-09-12T13:48:58.415756+00:00,201,3470.8,
2026-09-12T13:48:11.487660+00:00,201,50419.01,
2026-09-12T13:48:38.216190+00:00,201,23724.38,
2026-09-12T13:48:45.726948+00:00,201,16299.08,
2026-09-12T13:48:56.877361+00:00,201,5221.7,
2026-09-12T13:48:57.387716+00:00,201,4721.23,
2026-09-12T13:48:58.655193+00:00,201,3486.39,
2026-09-12T13:48:30.173542+00:00,201,31996.2,
2026-09-12T13:48:15.439307+00:00,201,46774.29,
2026-09-12T13:48:21.811474+00:00,201,40433.32,
2026-09-12T13:48:23.569223+00:00,201,38691.04,
2026-09-12T13:48:11.722299+00:00,201,50544.91,
2026-09-12T13:48:50.826822+00:00,201,11450.17,
2026-09-12T13:48:39.708444+00:00,201,22583.56,
2026-09-12T13:48:34.150029+00:00,201,28147.66,
2026-09-12T13:48:38.698792+00:00,201,23609.58,
2026-09-12T13:48:39.075544+00:00,201,23273.29,
2026-09-12T13:48:24.859086+00:00,201,37547.15,
2026-09-12T13:48:34.230383+00:00,201,28329.75,
2026-09-12T13:48:57.437691+00:00,201,5151.36,
2026-09-12T13:48:46.818984+00:00,201,15784.67,
2026-09-12T13:48:21.602953+00:00,201,41009.46,
2026-09-12T13:48:30.177602+00:00,201,32448.46,
2026-09-12T13:48:43.574695+00:00,201,19114.75,
2026-09-12T13:48:51.897417+00:00,201,10840.64,
2026-09-12T13:47:51.103668+00:00,201,71648.9,
2026-09-12T13:49:01.293127+00:00,201,1462.45,
2026-09-12T13:48:15.582811+00:00,201,47185.22,
2026-09-12T13:48:30.554139+00:00,201,32222.73,
2026-09-12T13:47:56.528361+00:00,201,66251.17,
2026-09-12T13:48:23.714491+00:00,201,39073.46,
2026-09-12T13:48:24.541994+00:00,201,38294.69,
2026-09-12T13:48:48.971832+00:00,201,13878.1,
2026-09-12T13:48:30.584051+00:00,201,32270.59,
2026-09-12T13:48:22.737294+00:00,201,40141.32,
2026-09-12T13:48:51.211502+00:00,201,11680.08,
2026-09-12T13:48:16.519770+00:00,201,46430.86,
2026-09-12T13:48:59.778569+00:00,201,3249.37,
2026-09-12T13:48:15.814067+00:00,201,47228.14,
2026-09-12T13:48:50.911851+00:00,201,12139.96,
2026-09-12T13:48:44.079076+00:00,201,18977.19,
2026-09-12T13:49:00.532055+00:00,201,2569.55,
2026-09-12T13:48:33.742310+00:00,201,29371.81,
2026-09-12T13:48:33.581525+00:00,201,29543.21,
2026-09-12T13:48:55.133865+00:00,201,8019.63,
2026-09-12T13:48:17.670126+00:00,201,45526.16,
2026-09-12T13:48:20.476223+00:00,201,42728.19,
2026-09-12T13:49:02.738185+00:00,201,479.36,
2026-09-12T13:48:59.767919+00:00,201,3462.95,
2026-09-12T13:48:17.801597+00:00,201,45437.23,
2026-09-12T13:48:15.553887+00:00,201,47706.99,
2026-09-12T13:48:58.854119+00:00,201,4448.11,
2026-09-12T13:48:20.081385+00:00,201,43224.49,
2026-09-12T13:47:50.359697+00:00,201,72949.83,
2026-09-12T13:47:51.529274+00:00,201,71788.45,
2026-09-12T13:48:56.411546+00:00,201,6915.85,
2026-09-12T13:49:02.836805+00:00,201,492.87,
2026-09-12T13:48:29.804423+00:00,201,33545.82,
2026-09-12T13:48:30.263097+00:00,201,33091.18,
2026-09-12T13:48:46.446372+00:00,201,16914.35,
2026-09-12T13:48:40.859163+00:00,201,22511.45,
2026-09-12T13:48:11.715460+00:00,201,51706.08,
2026-09-12T13:48:22.529694+00:00,201,40897.89,
2026-09-12T13:48:25.848553+00:00,201,37599.46,
2026-09-12T13:49:01.601623+00:00,201,1856.53,
2026-09-12T13:48:23.030182+00:00,201,40509.69,
2026-09-12T13:48:36.177677+00:00,201,27404.67,
2026-09-12T13:48:32.924565+00:00,201,30671.22,
2026-09-12T13:48:11.668887+00:00,201,51941.82,
2026-09-12T13:48:50.940094+00:00,201,12682.42,
2026-09-12T13:48:20.619856+00:00,201,43010.4,
2026-09-12T13:48:57.641367+00:00,201,5998.39,
2026-09-12T13:48:59.883151+00:00,201,3765.02,
2026-09-12T13:48:26.929717+00:00,201,36736.64,
2026-09-12T13:47:57.896720+00:00,201,65778.92,
2026-09-12T13:47:56.848160+00:00,201,66841.32,
2026-09-12T13:48:48.742484+00:00,201,14956.58,
2026-09-12T13:48:56.230779+00:00,201,7492.28,
2026-09-12T13:48:39.805243+00:00,201,23938.16,
2026-09-12T13:48:55.412055+00:00,201,8374.81,
2026-09-12T13:49:03.458260+00:00,201,332.27,
2026-09-12T13:48:51.986936+00:00,201,11826.34,
2026-09-12T13:47:48.091859+00:00,201,75737.08,
2026-09-12T13:48:42.523019+00:00,201,21323.27,
2026-09-12T13:48:27.734925+00:00,201,36123.8,
2026-09-12T13:48:56.294794+00:00,201,7580.13,
2026-09-12T13:48:08.213583+00:00,201,55671.24,
2026-09-12T13:48:57.431602+00:00,201,6472.39,
2026-09-12T13:48:21.134117+00:00,201,42773.75,
2026-09-12T13:48:42.742153+00:00,201,21182.25,
2026-09-12T13:48:22.834618+00:00,201,41095.71,
2026-09-12T13:48:51.004689+00:00,201,12929.44,
2026-09-12T13:48:48.256843+00:00,201,15680.4,
2026-09-12T13:48:41.179970+00:00,201,22761.82,
2026-09-12T13:48:45.971272+00:00,201,18007.11,
2026-09-12T13:48:41.247735+00:00,201,22749.77,
2026-09-12T13:48:19.067461+00:00,201,44934.92,
2026-09-12T13:48:21.722956+00:00,201,42285.69,
2026-09-12T13:48:42.931854+00:00,201,21110.87,
2026-09-12T13:47:56.756124+00:00,201,67338.73,
2026-09-12T13:48:12.686525+00:00,201,51411.93,
2026-09-12T13:48:43.900706+00:00,201,20199.81,
2026-09-12T13:48:41.829555+00:00,201,22274.31,
2026-09-12T13:47:49.893267+00:00,201,74221.25,
2026-09-12T13:48:50.511469+00:00,201,13642.68,
2026-09-12T13:48:28.966932+00:00,201,35214.86,
2026-09-12T13:48:04.778582+00:00,201,59411.61,
2026-09-12T13:49:00.460048+00:00,201,3770.78,
2026-09-12T13:48:38.324204+00:00,201,25912.6,
2026-09-12T13:49:02.776960+00:00,201,1481.28,
2026-09-12T13:48:12.371928+00:00,201,51903.5,
2026-09-12T13:48:23.763543+00:00,201,40538.82,
2026-09-12T13:48:17.616854+00:00,201,46707.55,
2026-09-12T13:48:19.750482+00:00,201,44614.5,
2026-09-12T13:48:20.545202+00:00,201,43828.07,
2026-09-12T13:48:25.902651+00:00,201,38475.05,
2026-09-12T13:48:39.531724+00:00,201,24872.56,
2026-09-12T13:48:56.572760+00:00,201,7843.66,
2026-09-12T13:48:27.168824+00:00,201,37251.57,
2026-09-12T13:48:49.296158+00:00,201,15134.2,
2026-09-12T13:48:33.204347+00:00,201,31278.55,
2026-09-12T13:48:33.047330+00:00,201,31437.27,
2026-09-12T13:48:48.984329+00:00,201,15503.41,
2026-09-12T13:48:21.351793+00:00,201,43195.68,
2026-09-12T13:48:14.811946+00:00,201,49759.53,
2026-09-12T13:49:04.231032+00:00,201,343.0,
2026-09-12T13:48:29.767206+00:00,201,34818.06,
2026-09-12T13:48:40.306090+00:00,201,24287.61,
2026-09-12T13:49:04.237002+00:00,201,385.33,
2026-09-12T13:48:50.375121+00:00,201,14287.4,
2026-09-12T13:48:08.212693+00:00,201,56459.87,
2026-09-12T13:48:24.343964+00:00,201,40334.24,
2026-09-12T13:48:47.330421+00:00,201,17362.43,
2026-09-12T13:48:54.925162+00:00,201,9777.65,
2026-09-12T13:48:26.772183+00:00,201,37951.23,
2026-09-12T13:48:28.933332+00:00,201,35814.88,
2026-09-12T13:48:08.215479+00:00,201,56542.94,
2026-09-12T13:48:16.579008+00:00,201,48202.78,
2026-09-12T13:48:27.402288+00:00,201,37394.46,
2026-09-12T13:48:25.908027+00:00,201,38898.21,
2026-09-12T13:48:42.992157+00:00,201,21864.35,
2026-09-12T13:48:11.744292+00:00,201,53131.69,
2026-09-12T13:48:14.769974+00:00,201,50119.55,
2026-09-12T13:47:47.827883+00:00,201,77070.38,
2026-09-12T13:48:53.332693+00:00,201,11575.66,
2026-09-12T13:48:21.453815+00:00,201,43476.56,
2026-09-12T13:48:22.984525+00:00,201,41957.61,
2026-09-12T13:48:50.225797+00:00,201,14746.83,
2026-09-12T13:48:16.299192+00:00,201,48678.94,
2026-09-12T13:48:26.489188+00:00,201,38535.72,
2026-09-12T13:48:21.596993+00:00,201,43439.79,
2026-09-12T13:48:17.116043+00:00,201,47928.62,
2026-09-12T13:48:06.688554+00:00,201,58360.74,
2026-09-12T13:49:04.302506+00:00,201,767.45,
2026-09-12T13:48:55.176648+00:00,201,9902.89,
2026-09-12T13:48:27.314007+00:00,201,37776.33,
2026-09-12T13:48:24.245865+00:00,201,40859.32,
2026-09-12T13:48:39.413584+00:00,201,25709.47,
2026-09-12T13:48:42.569707+00:00,201,22572.54,
2026-09-12T13:48:50.996623+00:00,201,14155.79,
2026-09-12T13:48:40.193662+00:00,201,24980.56,
2026-09-12T13:48:31.013093+00:00,201,34184.59,
2026-09-12T13:48:50.856981+00:00,201,14352.07,
2026-09-12T13:48:55.840238+00:00,201,9385.98,
2026-09-12T13:48:56.155777+00:00,201,9135.6,
2026-09-12T13:48:15.466552+00:00,201,49829.05,
2026-09-12T13:48:21.046000+00:00,201,44257.27,
2026-09-12T13:48:24.681660+00:00,201,40623.42,
2026-09-12T13:48:32.186839+00:00,201,33122.55,
2026-09-12T13:48:50.987819+00:00,201,14351.56,
2026-09-12T13:49:05.105301+00:00,201,283.7,
2026-09-12T13:48:55.250079+00:00,201,10159.1,
2026-09-12T13:48:32.956669+00:00,201,32469.04,
2026-09-12T13:48:22.372445+00:00,201,43067.09,
2026-09-12T13:48:40.410341+00:00,201,25040.34,
2026-09-12T13:47:55.041466+00:00,201,70433.52,
2026-09-12T13:48:22.961624+00:00,201,42520.78,
2026-09-12T13:48:55.922129+00:00,201,9585.86,
2026-09-12T13:48:40.007317+00:00,201,25504.06,
2026-09-12T13:48:47.192488+00:00,201,18335.27,
2026-09-12T13:48:39.503147+00:00,201,26071.52,
2026-09-12T13:48:29.762197+00:00,201,35838.29,
2026-09-12T13:48:42.981965+00:00,201,22643.51,
2026-09-12T13:48:16.272529+00:00,201,49369.56,
2026-09-12T13:48:19.331178+00:00,201,46318.88,
2026-09-12T13:48:05.711535+00:00,201,59958.33,
2026-09-12T13:47:51.119159+00:00,201,74584.75,
2026-09-12T13:48:43.317322+00:00,201,22409.6,
2026-09-12T13:48:34.477583+00:00,201,31268.61,
2026-09-12T13:48:44.662426+00:00,201,21086.06,
2026-09-12T13:48:20.972374+00:00,201,44799.77,
2026-09-12T13:48:00.922684+00:00,201,64864.04,
2026-09-12T13:49:05.197836+00:00,201,621.86,
2026-09-12T13:49:01.940670+00:00,201,3885.65,
2026-09-12T13:48:00.318714+00:00,201,65515.57,
2026-09-12T13:48:30.452445+00:00,201,35407.05,
2026-09-12T13:48:26.993179+00:00,201,38896.33,
2026-09-12T13:48:26.691243+00:00,201,39222.82,
2026-09-12T13:48:21.375639+00:00,201,44546.29,
2026-09-12T13:48:36.780276+00:00,201,29210.33,
2026-09-12T13:48:21.284687+00:00,201,44712.12,
2026-09-12T13:49:05.704097+00:00,201,296.17,
2026-09-12T13:48:05.948782+00:00,201,60075.02,
2026-09-12T13:48:35.091165+00:00,201,30940.13,
2026-09-12T13:48:04.731774+00:00,201,61329.31,
2026-09-12T13:49:03.904108+00:00,201,2160.91,
2026-09-12T13:49:05.123164+00:00,201,955.25,
2026-09-12T13:48:13.219764+00:00,201,52865.42,
2026-09-12T13:48:37.379953+00:00,201,28740.79,
2026-09-12T13:48:55.485898+00:00,201,10649.33,
2026-09-12T13:48:04.572406+00:00,201,61567.73,
2026-09-12T13:48:56.798489+00:00,201,9344.51,
2026-09-12T13:48:21.625454+00:00,201,44561.8,
2026-09-12T13:48:34.335416+00:00,201,31859.17,
2026-09-12T13:48:25.833930+00:00,201,40374.46,
2026-09-12T13:48:45.338676+00:00,201,20884.9,
2026-09-12T13:48:33.198500+00:00,201,33038.74,
2026-09-12T13:48:41.869807+00:00,201,24389.86,
2026-09-12T13:48:28.907858+00:00,201,37360.68,
2026-09-12T13:48:47.094894+00:00,201,19194.01,
2026-09-12T13:48:57.090748+00:00,201,9235.73,
2026-09-12T13:48:44.296150+00:00,201,22044.7,
2026-09-12T13:48:08.217883+00:00,201,58133.8,
2026-09-12T13:48:22.711945+00:00,201,43664.64,
2026-09-12T13:48:50.063186+00:00,201,16371.86,
2026-09-12T13:48:55.105530+00:00,201,11351.17,
2026-09-12T13:48:56.825669+00:00,201,9634.66,
2026-09-12T13:48:42.562602+00:00,201,23927.45,
2026-09-12T13:48:23.033951+00:00,201,43459.13,
2026-09-12T13:48:49.698761+00:00,201,16823.29,
2026-09-12T13:48:48.252660+00:00,201,18273.54,
2026-09-12T13:48:46.221844+00:00,201,20317.92,
2026-09-12T13:48:19.574726+00:00,201,46979.58,
2026-09-12T13:48:23.870276+00:00,201,42722.09,
2026-09-12T13:48:42.941639+00:00,201,23670.11,
2026-09-12T13:48:55.190162+00:00,201,11435.39,
2026-09-12T13:49:00.193651+00:00,201,6439.04,
2026-09-12T13:48:00.424778+00:00,201,66222.43,
2026-09-12T13:48:07.266554+00:00,201,59391.27,
2026-09-12T13:48:52.951588+00:00,201,13711.54,
2026-09-12T13:48:24.021789+00:00,201,42666.67,
2026-09-12T13:49:04.154279+00:00,201,2538.34,
2026-09-12T13:48:22.722953+00:00,201,43974.66,
2026-09-12T13:48:23.053683+00:00,201,43657.76,
2026-09-12T13:48:19.014473+00:00,201,47723.45,
2026-09-12T13:49:06.456814+00:00,201,300.34,
2026-09-12T13:48:24.053080+00:00,201,42742.36,
2026-09-12T13:48:20.569191+00:00,201,46227.89,
2026-09-12T13:48:35.696849+00:00,201,31109.63,
2026-09-12T13:48:21.747425+00:00,201,45069.61,
2026-09-12T13:48:37.515325+00:00,201,29313.8,
2026-09-12T13:49:04.100600+00:00,201,2733.59,
2026-09-12T13:47:45.087476+00:00,201,81774.61,
2026-09-12T13:48:58.104650+00:00,201,8759.78,
2026-09-12T13:48:21.802435+00:00,201,45064.57,
2026-09-12T13:48:17.202938+00:00,201,49710.01,
2026-09-12T13:48:30.873231+00:00,201,36046.25,
2026-09-12T13:49:05.142364+00:00,201,1785.08,
2026-09-12T13:48:55.093427+00:00,201,11906.9,
2026-09-12T13:48:42.354648+00:00,201,24676.0,
2026-09-12T13:48:25.544865+00:00,201,41515.33,
2026-09-12T13:48:52.192169+00:00,201,14888.5,
2026-09-12T13:49:04.103957+00:00,201,2979.32,
2026-09-12T13:49:04.723511+00:00,201,2366.58,
2026-09-12T13:48:01.533411+00:00,201,65570.88,
2026-09-12T13:48:21.274794+00:00,201,45846.96,
2026-09-12T13:48:59.232151+00:00,201,7894.0,
2026-09-12T13:48:58.252322+00:00,201,8876.15,
2026-09-12T13:48:23.785169+00:00,201,43344.88,
2026-09-12T13:48:56.590101+00:00,201,10560.55,
2026-09-12T13:48:45.396962+00:00,201,21779.74,
2026-09-12T13:48:35.024456+00:00,201,32158.95,
2026-09-12T13:48:45.381807+00:00,201,21827.2,
2026-09-12T13:48:40.471323+00:00,201,26761.74,
2026-09-12T13:47:59.582006+00:00,201,67692.88,
2026-09-12T13:48:01.428632+00:00,201,65882.26,
2026-09-12T13:48:43.352162+00:00,201,23967.18,
2026-09-12T13:48:32.399025+00:00,201,34923.28,
2026-09-12T13:48:33.970300+00:00,201,33372.95,
2026-09-12T13:48:23.771558+00:00,201,43582.97,
2026-09-12T13:48:06.414241+00:00,201,60966.61,
2026-09-12T13:48:21.500398+00:00,201,45886.47,
2026-09-12T13:47:56.523580+00:00,201,70899.62,
2026-09-12T13:48:05.256339+00:00,201,62197.39,
2026-09-12T13:48:23.750212+00:00,201,43712.86,
2026-09-12T13:48:02.840891+00:00,201,64647.0,
2026-09-12T13:48:21.231211+00:00,201,46263.38,
2026-09-12T13:48:00.096060+00:00,201,67403.37,
2026-09-12T13:48:52.601864+00:00,201,14899.9,
2026-09-12T13:48:20.675332+00:00,201,46831.98,
2026-09-12T13:49:05.174339+00:00,201,2353.65,
2026-09-12T13:49:01.777937+00:00,201,5762.11,
2026-09-12T13:48:45.354100+00:00,201,22243.54,
2026-09-12T13:48:06.272050+00:00,201,61386.55,
2026-09-12T13:48:30.202799+00:00,201,37474.04,
2026-09-12T13:47:52.246446+00:00,201,75443.97,
2026-09-12T13:48:19.640648+00:00,201,48090.77,
2026-09-12T13:48:33.113399+00:00,201,34655.93,
2026-09-12T13:47:59.315842+00:00,201,68455.19,
2026-09-12T13:48:44.655663+00:00,201,23117.27,
2026-09-12T13:48:43.396055+00:00,201,24413.04,
2026-09-12T13:48:50.385170+00:00,201,17433.55,
2026-09-12T13:48:21.386621+00:00,201,46434.07,
2026-09-12T13:48:20.406465+00:00,201,47416.05,
2026-09-12T13:48:48.279316+00:00,201,19545.52,
2026-09-12T13:48:52.178417+00:00,201,15648.78,
2026-09-12T13:48:24.002222+00:00,201,43827.63,
2026-09-12T13:48:19.612036+00:00,201,48220.09,
2026-09-12T13:48:00.023978+00:00,201,67810.47,
2026-09-12T13:48:43.061219+00:00,201,24778.35,
2026-09-12T13:48:54.601259+00:00,201,13243.9,
2026-09-12T13:49:06.797177+00:00,201,1101.91,
2026-09-12T13:48:07.314176+00:00,201,60589.2,
2026-09-12T13:48:29.258567+00:00,201,38659.92,
2026-09-12T13:48:53.018013+00:00,201,14910.9,
2026-09-12T13:48:18.871369+00:00,201,49063.51,
2026-09-12T13:48:20.954872+00:00,201,46985.24,
2026-09-12T13:48:42.852911+00:00,201,25091.03,
2026-09-12T13:48:33.690846+00:00,201,34291.94,
2026-09-12T13:48:24.046651+00:00,201,43962.97,
2026-09-12T13:47:50.372409+00:00,201,77691.14,
2026-09-12T13:48:29.399647+00:00,201,38670.38,
2026-09-12T13:48:58.420773+00:00,201,9670.02,
2026-09-12T13:48:47.751217+00:00,201,20358.94,
2026-09-12T13:48:55.303229+00:00,201,12853.59,
2026-09-12T13:49:06.065104+00:00,201,2116.66,
2026-09-12T13:48:20.531673+00:00,201,47660.58,
2026-09-12T13:48:19.873858+00:00,201,48339.46,
2026-09-12T13:48:27.412414+00:00,201,40803.66,
2026-09-12T13:48:38.904347+00:00,201,29325.34,
2026-09-12T13:48:48.077351+00:00,201,20159.94,
2026-09-12T13:48:35.952933+00:00,201,32314.29,
2026-09-12T13:48:45.519993+00:00,201,22763.67,
2026-09-12T13:48:40.534605+00:00,201,27762.99,
2026-09-12T13:48:43.044196+00:00,201,25273.88,
2026-09-12T13:48:15.985030+00:00,201,52338.98,
2026-09-12T13:49:07.899194+00:00,201,439.48,
2026-09-12T13:48:55.236682+00:00,201,13134.28,
2026-09-12T13:49:07.903470+00:00,201,470.5,
2026-09-12T13:48:58.062273+00:00,201,10353.02,
2026-09-12T13:47:56.953802+00:00,201,71470.38,
2026-09-12T13:48:46.835767+00:00,201,21604.23,
2026-09-12T13:48:47.495182+00:00,201,20956.49,
2026-09-12T13:48:20.651179+00:00,201,47831.98,
2026-09-12T13:48:28.976640+00:00,201,39518.31,
2026-09-12T13:48:26.611525+00:00,201,41957.95,
2026-09-12T13:48:08.272488+00:00,201,60310.83,
2026-09-12T13:48:58.163878+00:00,201,10433.55,
2026-09-12T13:49:05.079692+00:00,201,3567.17,
2026-09-12T13:49:01.793395+00:00,201,6864.65,
2026-09-12T13:48:27.446834+00:00,201,41221.7,
2026-09-12T13:48:01.186783+00:00,201,67485.01,
2026-09-12T13:48:41.565331+00:00,201,27109.35,
2026-09-12T13:48:01.401383+00:00,201,67280.48,
2026-09-12T13:48:57.897480+00:00,201,10797.47,
2026-09-12T13:48:44.148423+00:00,201,24596.09,
2026-09-12T13:48:37.884784+00:00,201,30894.03,
2026-09-12T13:49:07.658721+00:00,201,1144.43,
2026-09-12T13:48:25.824357+00:00,201,42995.72,
2026-09-12T13:48:04.687602+00:00,201,64141.7,
2026-09-12T13:48:48.376649+00:00,201,20500.06,
2026-09-12T13:48:45.375028+00:00,201,23509.52,
2026-09-12T13:48:25.018745+00:00,201,43868.7,
2026-09-12T13:48:29.785951+00:00,201,39112.65,
2026-09-12T13:47:51.413054+00:00,201,77521.52,
2026-09-12T13:48:22.704122+00:00,201,46247.65,
2026-09-12T13:48:57.366598+00:00,201,11594.57,
2026-09-12T13:48:33.541166+00:00,201,35468.98,
2026-09-12T13:48:24.885845+00:00,201,44143.48,
2026-09-12T13:48:20.231181+00:00,201,48813.89,
2026-09-12T13:49:08.646988+00:00,201,407.59,
2026-09-12T13:49:07.824933+00:00,201,1251.85,
2026-09-12T13:48:28.855569+00:00,201,40239.72,
2026-09-12T13:49:08.063664+00:00,201,1095.49,
2026-09-12T13:48:30.864961+00:00,201,38312.01,
2026-09-12T13:48:21.051159+00:00,201,48135.15,
2026-09-12T13:49:07.845247+00:00,201,1346.92,
2026-09-12T13:49:02.267327+00:00,201,6949.79,
2026-09-12T13:48:29.343838+00:00,201,39906.59,
2026-09-12T13:47:59.206921+00:00,201,70066.94,
2026-09-12T13:49:08.009747+00:00,201,1317.34,
2026-09-12T13:48:31.034015+00:00,201,38297.93,
2026-09-12T13:48:20.439396+00:00,201,48895.98,
2026-09-12T13:48:32.216850+00:00,201,37139.14,
2026-09-12T13:48:58.704942+00:00,201,10675.77,
2026-09-12T13:48:49.775854+00:00,201,19621.22,
2026-09-12T13:48:17.716609+00:00,201,51694.56,
2026-09-12T13:48:48.488828+00:00,201,20961.09,
2026-09-12T13:48:19.216635+00:00,201,50249.05,
2026-09-12T13:48:55.668882+00:00,201,13803.99,
2026-09-12T13:48:43.192622+00:00,201,26318.13,
2026-09-12T13:48:48.559114+00:00,201,20996.59,
2026-09-12T13:47:52.284065+00:00,201,77285.65,
2026-09-12T13:48:42.770305+00:00,201,26817.23,
2026-09-12T13:48:16.493663+00:00,201,53098.94,
2026-09-12T13:48:19.617911+00:00,201,49997.63,
2026-09-12T13:49:05.819815+00:00,201,3838.62,
2026-09-12T13:48:20.483573+00:00,201,49257.12,
2026-09-12T13:48:12.360214+00:00,201,57388.92,
2026-09-12T13:49:02.297772+00:00,201,7456.97,
2026-09-12T13:49:06.490173+00:00,201,3314.75,
2026-09-12T13:48:44.182837+00:00,201,25626.46,
2026-09-12T13:48:21.671441+00:00,201,48153.28,
2026-09-12T13:48:22.395663+00:00,201,47443.94,
2026-09-12T13:48:37.696316+00:00,201,32198.48,
2026-09-12T13:49:06.554399+00:00,201,3375.27,
2026-09-12T13:48:31.948257+00:00,201,37984.66,
2026-09-12T13:48:19.853863+00:00,201,50147.32,
2026-09-12T13:49:07.488016+00:00,201,2541.97,
2026-09-12T13:48:29.799784+00:00,201,40232.74,
2026-09-12T13:47:46.220912+00:00,201,83813.93,
2026-09-12T13:48:33.159949+00:00,201,36894.51,
2026-09-12T13:48:21.732300+00:00,201,48325.72,
2026-09-12T13:48:48.486291+00:00,201,21576.48,
2026-09-12T13:48:01.013478+00:00,201,69055.6,
2026-09-12T13:47:45.825996+00:00,201,84252.81,
2026-09-12T13:48:23.278775+00:00,201,46818.44,
2026-09-12T13:48:31.735801+00:00,201,38400.89,
2026-09-12T13:48:01.502606+00:00,201,68660.81,
2026-09-12T13:49:09.740845+00:00,201,436.44,
2026-09-12T13:48:19.843648+00:00,201,50376.31,
2026-09-12T13:49:09.805045+00:00,201,448.78,
2026-09-12T13:48:42.584455+00:00,201,27714.07,
2026-09-12T13:48:28.696724+00:00,201,41623.67,
2026-09-12T13:48:28.727442+00:00,201,41596.08,
2026-09-12T13:48:12.081600+00:00,201,58250.45,
2026-09-12T13:49:09.894920+00:00,201,466.58,
2026-09-12T13:48:51.586056+00:00,201,18797.23,
2026-09-12T13:47:54.272007+00:00,201,76124.49,
2026-09-12T13:48:49.863753+00:00,201,20591.41,
2026-09-12T13:48:51.779016+00:00,201,18706.77,
2026-09-12T13:48:43.611033+00:00,201,26885.66,
2026-09-12T13:48:02.321622+00:00,201,68208.93,
2026-09-12T13:48:30.235847+00:00,201,40314.1,
2026-09-12T13:49:08.803317+00:00,201,1818.43,
2026-09-12T13:49:07.423327+00:00,201,3208.64,
2026-09-12T13:48:25.812953+00:00,201,44821.87,
2026-09-12T13:48:21.614121+00:00,201,49026.82,
2026-09-12T13:48:23.404841+00:00,201,47242.49,
2026-09-12T13:48:43.206849+00:00,201,27443.99,
2026-09-12T13:49:03.829050+00:00,201,6829.25,
2026-09-12T13:48:50.659935+00:00,201,20033.07,
2026-09-12T13:48:00.574505+00:00,201,70136.89,
2026-09-12T13:48:08.222643+00:00,201,62491.89,
2026-09-12T13:48:45.036967+00:00,201,25738.81,
2026-09-12T13:48:50.543582+00:00,201,20250.17,
2026-09-12T13:48:13.588070+00:00,201,57219.82,
2026-09-12T13:49:07.000446+00:00,201,3831.88,
2026-09-12T13:48:48.104826+00:00,201,22785.21,
2026-09-12T13:47:47.748775+00:00,201,83151.42,
2026-09-12T13:49:04.324582+00:00,201,6643.45,
2026-09-12T13:48:24.066587+00:00,201,46923.36,
2026-09-12T13:48:57.380956+00:00,201,13622.2,
2026-09-12T13:49:06.663297+00:00,201,4343.36,
2026-09-12T13:47:58.393555+00:00,201,72643.16,
2026-09-12T13:48:23.026501+00:00,201,48052.88,
2026-09-12T13:48:34.221340+00:00,201,36861.35,
2026-09-12T13:48:06.403750+00:00,201,64694.22,
2026-09-12T13:48:30.853061+00:00,201,40248.5,
2026-09-12T13:48:48.101390+00:00,201,23002.84,
2026-09-12T13:48:49.072795+00:00,201,22065.88,
2026-09-12T13:49:09.177125+00:00,201,1970.1,
2026-09-12T13:48:41.174874+00:00,201,29998.07,
2026-09-12T13:48:55.257898+00:00,201,15938.79,
2026-09-12T13:49:10.001404+00:00,201,1210.87,
2026-09-12T13:48:29.502940+00:00,201,41722.62,
2026-09-12T13:48:21.935478+00:00,201,49318.76,
2026-09-12T13:48:25.656378+00:00,201,45606.6,
2026-09-12T13:48:43.928880+00:00,201,27359.71,
2026-09-12T13:48:37.092749+00:00,201,34233.14,
2026-09-12T13:48:40.097616+00:00,201,31244.66,
2026-09-12T13:48:45.946088+00:00,201,25402.1,
2026-09-12T13:48:18.559999+00:00,201,52792.3,
2026-09-12T13:47:50.134533+00:00,201,81238.23,
2026-09-12T13:47:54.056163+00:00,201,77357.34,
2026-09-12T13:48:33.341769+00:00,201,38086.04,
2026-09-12T13:48:34.199383+00:00,201,37231.15,
2026-09-12T13:49:08.324101+00:00,201,3145.1,
2026-09-12T13:48:59.663407+00:00,201,11808.52,
2026-09-12T13:47:44.277866+00:00,201,87198.88,
2026-09-12T13:48:25.311834+00:00,201,46179.54,
2026-09-12T13:49:11.098095+00:00,201,399.56,
2026-09-12T13:49:06.522170+00:00,201,4983.27,
2026-09-12T13:48:47.915927+00:00,201,23605.49,
2026-09-12T13:48:19.302918+00:00,201,52229.8,
2026-09-12T13:48:07.277805+00:00,201,64256.84,
2026-09-12T13:49:09.749233+00:00,201,1787.29,
2026-09-12T13:48:36.362215+00:00,201,35191.77,
2026-09-12T13:48:33.986537+00:00,201,37578.09,
2026-09-12T13:48:46.216584+00:00,201,25391.05,
2026-09-12T13:48:31.742845+00:00,201,39888.07,
2026-09-12T13:47:52.931776+00:00,201,78718.34,
2026-09-12T13:49:01.148457+00:00,201,10524.78,
2026-09-12T13:48:53.798241+00:00,201,17895.47,
2026-09-12T13:48:52.839791+00:00,201,18873.95,
2026-09-12T13:48:08.122780+00:00,201,63638.11,
2026-09-12T13:48:33.318364+00:00,201,38455.95,
2026-09-12T13:48:39.002289+00:00,201,32809.34,
2026-09-12T13:48:44.983218+00:00,201,26842.34,
2026-09-12T13:48:37.038209+00:00,201,34799.51,
2026-09-12T13:48:19.767594+00:00,201,52074.64,
2026-09-12T13:48:14.856831+00:00,201,57030.25,
2026-09-12T13:48:59.549531+00:00,201,12368.25,
2026-09-12T13:48:23.435891+00:00,201,48508.43,
2026-09-12T13:48:55.070888+00:00,201,16883.36,
2026-09-12T13:48:38.669939+00:00,201,33287.76,
2026-09-12T13:48:56.996466+00:00,201,14965.25,
2026-09-12T13:48:18.824897+00:00,201,53180.25,
2026-09-12T13:48:35.931036+00:00,201,36076.54,
2026-09-12T13:48:21.530033+00:00,201,50505.69,
2026-09-12T13:48:30.878550+00:00,201,41196.61,
2026-09-12T13:48:29.815769+00:00,201,42290.33,
2026-09-12T13:48:23.739869+00:00,201,48375.09,
2026-09-12T13:48:21.619739+00:00,201,50511.48,
2026-09-12T13:48:21.945584+00:00,201,50191.19,
2026-09-12T13:49:11.774484+00:00,201,367.43,
2026-09-12T13:48:23.992096+00:00,201,48242.86,
2026-09-12T13:48:14.552729+00:00,201,57701.08,
2026-09-12T13:48:29.613227+00:00,201,42642.96,
2026-09-12T13:47:57.762228+00:00,201,74497.98,
2026-09-12T13:49:10.968156+00:00,201,1295.04,
2026-09-12T13:48:41.964862+00:00,201,30313.85,
2026-09-12T13:49:00.159187+00:00,201,12130.11,
2026-09-12T13:47:54.334112+00:00,201,78043.69,
2026-09-12T13:48:46.643783+00:00,201,25786.75,
2026-09-12T13:48:59.592748+00:00,201,12866.57,
2026-09-12T13:48:49.890317+00:00,201,22609.51,
2026-09-12T13:49:07.319445+00:00,201,5182.49,
2026-09-12T13:48:55.202202+00:00,201,17365.46,
2026-09-12T13:48:55.059332+00:00,201,17515.25,
2026-09-12T13:48:55.416738+00:00,201,17194.83,
2026-09-12T13:49:06.143087+00:00,201,6489.33,
2026-09-12T13:48:21.798296+00:00,201,50854.8,
2026-09-12T13:48:25.197113+00:00,201,47462.41,
2026-09-12T13:48:29.409702+00:00,201,43328.68,
2026-09-12T13:48:41.853459+00:00,201,30891.09,
2026-09-12T13:48:51.768165+00:00,201,20994.02,
2026-09-12T13:49:07.731535+00:00,201,5071.22,
2026-09-12T13:48:53.377710+00:00,201,19430.67,
2026-09-12T13:48:23.725056+00:00,201,49107.1,
2026-09-12T13:48:28.829184+00:00,201,44020.05,
2026-09-12T13:48:12.036080+00:00,201,60819.05,
2026-09-12T13:48:03.894436+00:00,201,68983.79,
2026-09-12T13:47:50.160878+00:00,201,82722.16,
2026-09-12T13:49:07.822607+00:00,201,5081.02,
2026-09-12T13:48:24.778628+00:00,201,48158.72,
2026-09-12T13:48:44.259695+00:00,201,28681.06,
2026-09-12T13:48:40.107134+00:00,201,32842.74,
2026-09-12T13:48:40.941044+00:00,201,32016.22,
2026-09-12T13:49:03.846409+00:00,201,9154.06,
2026-09-12T13:48:34.792314+00:00,201,38216.08,
2026-09-12T13:48:52.852673+00:00,201,20170.14,
2026-09-12T13:48:55.603237+00:00,201,17424.01,
2026-09-12T13:48:49.476675+00:00,201,23560.42,
2026-09-12T13:48:24.519434+00:00,201,48522.45,
2026-09-12T13:49:10.034933+00:00,201,3013.38,
2026-09-12T13:48:56.685574+00:00,201,16387.09,
2026-09-12T13:47:52.396768+00:00,201,80693.99,
2026-09-12T13:48:14.484250+00:00,201,58621.42,
2026-09-12T13:48:39.274060+00:00,201,33912.96,
2026-09-12T13:48:22.971387+00:00,201,50240.67,
2026-09-12T13:48:21.591785+00:00,201,51628.62,
2026-09-12T13:49:10.030102+00:00,201,3211.11,
2026-09-12T13:48:33.749170+00:00,201,39510.41,
2026-09-12T13:48:20.419137+00:00,201,52849.25,
2026-09-12T13:48:02.526522+00:00,201,70770.55,
2026-09-12T13:48:46.630433+00:00,201,26684.79,
2026-09-12T13:48:44.611773+00:00,201,28725.82,
2026-09-12T13:48:24.824400+00:00,201,48534.36,
2026-09-12T13:48:21.924619+00:00,201,51458.05,
2026-09-12T13:48:50.566219+00:00,201,22849.87,
2026-09-12T13:47:53.020792+00:00,201,80398.68,
2026-09-12T13:47:50.604103+00:00,201,82830.98,
2026-09-12T13:49:10.632068+00:00,201,2855.14,
2026-09-12T13:48:23.038062+00:00,201,50452.47,
2026-09-12T13:48:30.165456+00:00,201,43331.06,
2026-09-12T13:49:03.885065+00:00,201,9642.48,
2026-09-12T13:48:25.764442+00:00,201,47774.35,
2026-09-12T13:49:10.253969+00:00,201,3305.62,
2026-09-12T13:48:29.711790+00:00,201,43854.89,
2026-09-12T13:48:21.080109+00:00,201,52509.39,
2026-09-12T13:49:11.006738+00:00,201,2624.3,
2026-09-12T13:48:44.167024+00:00,201,29477.03,
2026-09-12T13:48:54.761022+00:00,201,18888.99,
2026-09-12T13:48:32.936274+00:00,201,40756.28,
2026-09-12T13:48:23.061102+00:00,201,50633.18,
2026-09-12T13:48:43.152101+00:00,201,30555.58,
2026-09-12T13:49:04.365135+00:00,201,9351.88,
2026-09-12T13:48:16.507264+00:00,201,57219.79,
2026-09-12T13:48:22.999474+00:00,201,50773.79,
2026-09-12T13:47:54.279018+00:00,201,79504.85,
2026-09-12T13:48:24.063242+00:00,201,49725.84,
2026-09-12T13:48:45.699235+00:00,201,28104.87,
2026-09-12T13:48:35.118635+00:00,201,38689.11,
2026-09-12T13:48:47.319825+00:00,201,26502.8,
2026-09-12T13:48:35.970305+00:00,201,37855.46,
2026-09-12T13:48:19.807167+00:00,201,54027.13,
2026-09-12T13:48:28.050342+00:00,201,45794.84,
2026-09-12T13:48:39.595170+00:00,201,34288.04,
2026-09-12T13:48:41.763786+00:00,201,32175.8,
2026-09-12T13:48:53.516063+00:00,201,20430.94,
2026-09-12T13:48:56.372442+00:00,201,17585.24,
2026-09-12T13:48:54.220460+00:00,201,19755.51,
2026-09-12T13:48:58.312497+00:00,201,15669.31,
2026-09-12T13:48:44.618385+00:00,201,29374.06,
2026-09-12T13:49:09.356213+00:00,201,4649.33,
2026-09-12T13:49:13.315444+00:00,201,709.56,
2026-09-12T13:48:03.768675+00:00,201,70282.9,
2026-09-12T13:48:20.117274+00:00,201,53946.76,
2026-09-12T13:49:07.501860+00:00,201,6617.52,
2026-09-12T13:49:13.822729+00:00,201,305.45,
2026-09-12T13:48:56.481174+00:00,201,17671.47,
2026-09-12T13:47:51.252039+00:00,201,82948.66,
2026-09-12T13:48:24.076475+00:00,201,50135.66,
2026-09-12T13:49:11.003270+00:00,201,3212.7,
2026-09-12T13:48:18.948363+00:00,201,55274.19,
2026-09-12T13:48:41.808280+00:00,201,32420.68,
2026-09-12T13:48:05.785363+00:00,201,68448.21,
2026-09-12T13:48:28.242378+00:00,201,45994.99,
2026-09-12T13:48:35.659647+00:00,201,38582.77,
2026-09-12T13:48:55.845255+00:00,201,18407.26,
2026-09-12T13:47:56.544035+00:00,201,77758.03,
2026-09-12T13:48:27.380181+00:00,201,46929.06,
2026-09-12T13:49:13.631364+00:00,201,716.49,
2026-09-12T13:49:07.354645+00:00,201,7015.62,
2026-09-12T13:48:29.781417+00:00,201,44646.36,
2026-09-12T13:49:12.005271+00:00,201,2425.3,
2026-09-12T13:49:11.887220+00:00,201,2551.09,
2026-09-12T13:48:27.009684+00:00,201,47440.1,
2026-09-12T13:48:32.786417+00:00,201,41717.8,
2026-09-12T13:49:05.574790+00:00,201,8961.25,
2026-09-12T13:48:45.720229+00:00,201,28832.44,
2026-09-12T13:48:05.695312+00:00,201,68869.89,
2026-09-12T13:48:00.785595+00:00,201,73815.37,
2026-09-12T13:48:51.783999+00:00,201,22827.02,
2026-09-12T13:48:28.197972+00:00,201,46415.98,
2026-09-12T13:48:33.096434+00:00,201,41525.44,
2026-09-12T13:48:36.389793+00:00,201,38244.33,
2026-09-12T13:48:23.565229+00:00,201,51076.92,
2026-09-12T13:48:21.016410+00:00,201,53640.19,
2026-09-12T13:49:08.668630+00:00,201,6009.48,
2026-09-12T13:48:28.228863+00:00,201,46461.81,
2026-09-12T13:49:00.983702+00:00,201,13718.96,
2026-09-12T13:48:49.269805+00:00,201,25436.66,
2026-09-12T13:48:32.793588+00:00,201,41919.75,
2026-09-12T13:48:58.390618+00:00,201,16325.96,
2026-09-12T13:49:05.226321+00:00,201,9494.33,
2026-09-12T13:48:24.919676+00:00,201,49813.26,
2026-09-12T13:48:05.684853+00:00,201,69094.35,
2026-09-12T13:49:13.883339+00:00,201,952.37,
2026-09-12T13:48:02.971136+00:00,201,71867.13,
2026-09-12T13:48:33.834677+00:00,201,41036.98,
2026-09-12T13:48:28.165830+00:00,201,46750.65,
2026-09-12T13:48:52.824269+00:00,201,22097.92,
2026-09-12T13:49:11.197045+00:00,201,3727.23,
2026-09-12T13:48:18.549445+00:00,201,56397.51,
2026-09-12T13:48:55.597877+00:00,201,19361.47,
2026-09-12T13:48:43.219436+00:00,201,31751.14,
2026-09-12T13:48:41.418286+00:00,201,33554.54,
2026-09-12T13:48:26.649520+00:00,201,48338.27,
2026-09-12T13:48:57.256478+00:00,201,17759.34,
2026-09-12T13:49:10.323697+00:00,201,4729.97,
2026-09-12T13:48:03.283861+00:00,201,71780.61,
2026-09-12T13:48:20.093424+00:00,201,54974.1,
2026-09-12T13:48:34.403001+00:00,201,40703.19,
2026-09-12T13:48:28.062701+00:00,201,47053.68,
2026-09-12T13:48:19.088746+00:00,201,56040.2,
2026-09-12T13:49:12.802883+00:00,201,2327.83,
2026-09-12T13:49:02.603784+00:00,201,12537.95,
2026-09-12T13:49:13.241326+00:00,201,1903.68,
2026-09-12T13:48:29.166909+00:00,201,46007.27,
2026-09-12T13:48:33.944709+00:00,201,41232.23,
2026-09-12T13:48:27.710175+00:00,201,47468.64,
2026-09-12T13:48:46.840802+00:00,201,28341.54,
2026-09-12T13:48:41.751378+00:00,201,33449.82,
2026-09-12T13:48:24.079647+00:00,201,51144.44,
2026-09-12T13:48:59.608841+00:00,201,15680.94,
2026-09-12T13:49:11.532812+00:00,201,3758.81,
2026-09-12T13:49:01.690511+00:00,201,13623.35,
2026-09-12T13:49:11.342413+00:00,201,3999.9,
2026-09-12T13:48:42.751635+00:00,201,32603.66,
2026-09-12T13:48:22.928997+00:00,201,52443.26,
2026-09-12T13:48:57.234509+00:00,201,18150.16,
2026-09-12T13:47:52.838308+00:00,201,82552.96,
2026-09-12T13:48:52.745913+00:00,201,22693.05,
2026-09-12T13:48:28.534054+00:00,201,46922.46,
2026-09-12T13:48:50.465871+00:00,201,24997.39,
2026-09-12T13:49:13.105786+00:00,201,2387.47,
2026-09-12T13:49:12.878366+00:00,201,2642.42,
2026-09-12T13:48:29.820290+00:00,201,45707.6,
2026-09-12T13:47:53.821118+00:00,201,81717.07,
2026-09-12T13:48:19.651974+00:00,201,55946.37,
2026-09-12T13:48:45.642189+00:00,201,29964.16,
2026-09-12T13:48:44.954416+00:00,201,30696.35,
2026-09-12T13:48:23.877384+00:00,201,51779.39,
2026-09-12T13:48:02.376558+00:00,201,73308.72,
2026-09-12T13:48:11.602735+00:00,201,64096.9,
2026-09-12T13:48:33.556937+00:00,201,42144.41,
2026-09-12T13:49:12.007666+00:00,201,3700.48,
2026-09-12T13:48:23.456454+00:00,201,52255.61,
2026-09-12T13:48:50.992632+00:00,201,24743.3,
2026-09-12T13:48:33.929459+00:00,201,41818.62,
2026-09-12T13:48:55.521155+00:00,201,20297.38,
2026-09-12T13:48:59.743414+00:00,201,16102.1,
2026-09-12T13:48:27.478680+00:00,201,48380.3,
2026-09-12T13:48:24.872240+00:00,201,50997.47,
2026-09-12T13:48:49.842940+00:00,201,26043.02,
2026-09-12T13:49:10.298665+00:00,201,5596.7,
2026-09-12T13:48:40.389556+00:00,201,35522.28,
2026-09-12T13:48:24.032676+00:00,201,51913.15,
2026-09-12T13:48:41.846528+00:00,201,34113.12,
2026-09-12T13:48:50.734557+00:00,201,25235.89,
2026-09-12T13:48:41.924559+00:00,201,34050.79,
2026-09-12T13:48:50.364523+00:00,201,25636.68,
2026-09-12T13:47:56.645533+00:00,201,79404.68,
2026-09-12T13:48:06.159229+00:00,201,69901.85,
2026-09-12T13:48:26.746559+00:00,201,49318.0,
2026-09-12T13:49:10.775990+00:00,201,5310.47,
2026-09-12T13:49:15.736028+00:00,201,353.83,
2026-09-12T13:48:20.423093+00:00,201,55683.37,
2026-09-12T13:48:17.648949+00:00,201,58469.83,
2026-09-12T13:48:48.219315+00:00,201,27915.12,
2026-09-12T13:48:35.740277+00:00,201,40403.66,
2026-09-12T13:48:52.183161+00:00,201,23984.85,
2026-09-12T13:48:53.527687+00:00,201,22644.99,
2026-09-12T13:48:30.566778+00:00,201,45626.64,
2026-09-12T13:48:47.754114+00:00,201,28446.09,
2026-09-12T13:48:15.297684+00:00,201,60912.29,
2026-09-12T13:48:39.220512+00:00,201,36995.81,
2026-09-12T13:48:18.746093+00:00,201,57495.37,
2026-09-12T13:48:59.480721+00:00,201,16769.85,
2026-09-12T13:48:57.534596+00:00,201,18730.92,
2026-09-12T13:49:13.644172+00:00,201,2649.23,
2026-09-12T13:48:30.188865+00:00,201,46154.03,
2026-09-12T13:48:53.997924+00:00,201,22405.33,
2026-09-12T13:48:32.984112+00:00,201,43496.53,
2026-09-12T13:48:17.770564+00:00,201,58718.74,
2026-09-12T13:48:28.042918+00:00,201,48462.8,
2026-09-12T13:48:33.132571+00:00,201,43385.98,
2026-09-12T13:49:05.303356+00:00,201,11217.62,
2026-09-12T13:49:13.022916+00:00,201,3508.42,
2026-09-12T13:48:36.823276+00:00,201,39752.06,
2026-09-12T13:48:55.956245+00:00,201,20629.23,
2026-09-12T13:48:35.113191+00:00,201,41496.42,
2026-09-12T13:48:44.647534+00:00,201,31991.26,
2026-09-12T13:48:46.228055+00:00,201,30422.07,
2026-09-12T13:48:46.252295+00:00,201,30410.11,
2026-09-12T13:48:00.720373+00:00,201,75949.7,
2026-09-12T13:48:03.203264+00:00,201,73475.76,
2026-09-12T13:48:24.602521+00:00,201,52079.5,
2026-09-12T13:48:29.376323+00:00,201,47330.35,
2026-09-12T13:49:08.415512+00:00,201,8301.51,
2026-09-12T13:49:11.554137+00:00,201,5169.87,
2026-09-12T13:49:07.322396+00:00,201,9408.8,
2026-09-12T13:48:22.358145+00:00,201,54399.93,
2026-09-12T13:48:58.394151+00:00,201,18373.75,
2026-09-12T13:49:08.192363+00:00,201,8599.7,
2026-09-12T13:49:11.079593+00:00,201,5772.5,
2026-09-12T13:48:41.785964+00:00,201,35070.27,
2026-09-12T13:48:42.862751+00:00,201,33998.65,
2026-09-12T13:48:11.503773+00:00,201,65384.58,
2026-09-12T13:49:04.098559+00:00,201,12797.06,
2026-09-12T13:47:50.056733+00:00,201,86874.22,
2026-09-12T13:48:11.298931+00:00,201,65704.92,
2026-09-12T13:48:44.142229+00:00,201,32886.76,
2026-09-12T13:49:03.723622+00:00,201,13327.74,
2026-09-12T13:49:01.813438+00:00,201,15250.72,
2026-09-12T13:48:58.264872+00:00,201,18811.32,
2026-09-12T13:48:30.698694+00:00,201,46407.87,
2026-09-12T13:48:42.634133+00:00,201,34482.09,
2026-09-12T13:48:22.377763+00:00,201,54740.24,
2026-09-12T13:48:00.497455+00:00,201,76622.27,
2026-09-12T13:48:20.808412+00:00,201,56351.24,
2026-09-12T13:48:19.783603+00:00,201,57386.3,
2026-09-12T13:48:34.543461+00:00,201,42668.22,
2026-09-12T13:48:19.163877+00:00,201,58051.87,
2026-09-12T13:48:17.075936+00:00,201,60162.46,
2026-09-12T13:48:44.596825+00:00,201,32668.05,
2026-09-12T13:48:08.227038+00:00,201,69057.76,
2026-09-12T13:48:30.625869+00:00,201,46662.39,
2026-09-12T13:48:14.081510+00:00,201,63223.1,
2026-09-12T13:48:02.469107+00:00,201,74850.16,
2026-09-12T13:48:16.680886+00:00,201,60644.25,
2026-09-12T13:48:50.891345+00:00,201,26490.29,
2026-09-12T13:48:21.548919+00:00,201,55838.16,
2026-09-12T13:49:12.142142+00:00,201,5250.16,
2026-09-12T13:48:43.751751+00:00,201,33661.44,
2026-09-12T13:48:23.843252+00:00,201,53581.17,
2026-09-12T13:48:24.232434+00:00,201,53201.09,
2026-09-12T13:48:28.840104+00:00,201,48602.12,
2026-09-12T13:49:17.106814+00:00,201,351.53,
2026-09-12T13:48:49.618765+00:00,201,27866.73,
2026-09-12T13:49:17.159792+00:00,201,337.44,
2026-09-12T13:48:43.873022+00:00,201,33644.44,
2026-09-12T13:48:13.596750+00:00,201,63950.72,
2026-09-12T13:49:11.104320+00:00,201,6449.62,
2026-09-12T13:48:42.272897+00:00,201,35292.07,
2026-09-12T13:48:37.707286+00:00,201,39889.37,
2026-09-12T13:48:34.011265+00:00,201,43593.94,
2026-09-12T13:48:27.157732+00:00,201,50495.64,
2026-09-12T13:47:54.066710+00:00,201,83592.0,
2026-09-12T13:48:28.943118+00:00,201,48729.0,
2026-09-12T13:47:54.081344+00:00,201,83610.32,
2026-09-12T13:48:44.280605+00:00,201,33433.8,
2026-09-12T13:47:59.571455+00:00,201,78149.5,
2026-09-12T13:48:15.324309+00:00,201,62404.11,
2026-09-12T13:48:49.635964+00:00,201,28107.95,
2026-09-12T13:48:33.195620+00:00,201,44565.84,
2026-09-12T13:49:14.838352+00:00,201,2929.24,
2026-09-12T13:47:45.881046+00:00,201,91888.91,
2026-09-12T13:48:46.451078+00:00,201,31329.82,
2026-09-12T13:48:43.254519+00:00,201,34531.87,
2026-09-12T13:49:17.485627+00:00,201,343.35,
2026-09-12T13:48:27.595598+00:00,201,50246.06,
2026-09-12T13:49:04.190363+00:00,201,13681.08,
2026-09-12T13:48:33.706096+00:00,201,44201.2,
2026-09-12T13:48:30.859216+00:00,201,47067.2,
2026-09-12T13:48:15.122831+00:00,201,62829.43,
2026-09-12T13:48:33.889649+00:00,201,44072.5,
2026-09-12T13:48:11.612143+00:00,201,66358.52,
2026-09-12T13:48:44.337464+00:00,201,33650.16,
2026-09-12T13:47:46.949408+00:00,201,91050.15,
2026-09-12T13:48:20.402275+00:00,201,57613.73,
2026-09-12T13:48:16.479463+00:00,201,61552.27,
2026-09-12T13:49:00.034855+00:00,201,18003.83,
2026-09-12T13:48:15.915138+00:00,201,62132.91,
2026-09-12T13:49:14.970725+00:00,201,3123.03,
2026-09-12T13:47:49.000132+00:00,201,89096.44,
2026-09-12T13:47:56.732427+00:00,201,81448.43,
2026-09-12T13:48:46.441561+00:00,201,31742.18,
2026-09-12T13:48:21.736588+00:00,201,56455.55,
2026-09-12T13:48:33.815019+00:00,201,44394.21,
2026-09-12T13:47:50.120697+00:00,201,88099.33,
2026-09-12T13:48:22.847323+00:00,201,55379.4,
2026-09-12T13:48:33.003100+00:00,201,45227.77,
2026-09-12T13:47:52.280145+00:00,201,85972.5,
2026-09-12T13:48:51.278497+00:00,201,26994.57,
2026-09-12T13:48:40.860945+00:00,201,37417.59,
2026-09-12T13:48:03.803820+00:00,201,74476.37,
2026-09-12T13:48:27.514787+00:00,201,50766.94,
2026-09-12T13:47:49.428869+00:00,201,88854.43,
2026-09-12T13:49:05.090683+00:00,201,13245.41,
2026-09-12T13:48:57.894801+00:00,201,20520.04,
2026-09-12T13:48:04.675995+00:00,201,73747.23,
2026-09-12T13:48:16.625202+00:00,201,61800.04,
2026-09-12T13:49:00.865731+00:00,201,17592.35,
2026-09-12T13:48:39.796572+00:00,201,38691.0,
2026-09-12T13:48:24.537269+00:00,201,53958.18,
2026-09-12T13:48:57.008320+00:00,201,21503.91,
2026-09-12T13:48:28.074975+00:00,201,50443.61,
2026-09-12T13:48:54.987221+00:00,201,23541.08,
2026-09-12T13:48:21.002094+00:00,201,57551.53,
2026-09-12T13:48:54.605874+00:00,201,23956.22,
2026-09-12T13:48:49.605104+00:00,201,29007.57,
2026-09-12T13:48:58.298407+00:00,201,20320.54,
2026-09-12T13:48:20.610296+00:00,201,58017.1,
2026-09-12T13:48:20.238279+00:00,201,58416.44,
2026-09-12T13:48:32.853160+00:00,201,45841.32,
2026-09-12T13:48:33.717944+00:00,201,44993.69,
2026-09-12T13:48:41.021548+00:00,201,37702.8,
2026-09-12T13:48:41.412950+00:00,201,37325.21,
2026-09-12T13:49:13.939970+00:00,201,4811.36,
2026-09-12T13:48:21.425067+00:00,201,57331.59,
2026-09-12T13:48:00.696761+00:00,201,78063.56,
2026-09-12T13:48:21.294616+00:00,201,57490.64,
2026-09-12T13:47:54.329293+00:00,201,84468.3,
2026-09-12T13:48:18.329899+00:00,201,60474.85,
2026-09-12T13:48:03.962272+00:00,201,74848.32,
2026-09-12T13:49:15.145106+00:00,201,3706.43,
2026-09-12T13:48:49.045346+00:00,201,29836.59,
2026-09-12T13:49:15.528001+00:00,201,3376.7,
2026-09-12T13:47:56.649398+00:00,201,82270.88,
2026-09-12T13:48:55.409598+00:00,201,23529.47,
2026-09-12T13:49:15.818830+00:00,201,3134.19,
2026-09-12T13:48:57.118506+00:00,201,21902.34,
2026-09-12T13:47:59.521643+00:00,201,79508.34,
2026-09-12T13:48:41.454590+00:00,201,37595.01,
2026-09-12T13:48:26.818643+00:00,201,52256.55,
2026-09-12T13:49:02.768146+00:00,201,16310.74,
2026-09-12T13:48:56.234216+00:00,201,22854.39,
2026-09-12T13:48:27.869793+00:00,201,51252.15,
2026-09-12T13:48:53.314040+00:00,201,25819.91,
2026-09-12T13:49:04.702958+00:00,201,14440.19,
2026-09-12T13:48:50.870468+00:00,201,28275.23,
2026-09-12T13:48:30.169593+00:00,201,49003.02,
2026-09-12T13:48:55.621059+00:00,201,23564.65,
2026-09-12T13:48:21.316269+00:00,201,57871.86,
2026-09-12T13:49:05.339490+00:00,201,13873.46,
2026-09-12T13:48:50.085357+00:00,201,29196.51,
2026-09-12T13:49:09.569855+00:00,201,9754.07,
2026-09-12T13:48:07.281540+00:00,201,72047.03,
2026-09-12T13:49:12.940893+00:00,201,6406.92,
2026-09-12T13:48:21.718342+00:00,201,57639.98,
2026-09-12T13:48:12.408552+00:00,201,66955.52,
2026-09-12T13:48:42.648547+00:00,201,36717.24,
2026-09-12T13:48:55.016584+00:00,201,24369.13,
2026-09-12T13:48:00.973356+00:00,201,78423.11,
2026-09-12T13:48:36.165855+00:00,201,43232.27,
2026-09-12T13:48:47.958286+00:00,201,31443.05,
2026-09-12T13:49:12.378233+00:00,201,7025.8,
2026-09-12T13:48:58.936523+00:00,201,20469.93,
2026-09-12T13:49:03.204532+00:00,201,16259.68,
2026-09-12T13:48:51.270239+00:00,201,28197.0,
2026-09-12T13:48:25.403881+00:00,201,54104.81,
2026-09-12T13:48:32.782872+00:00,201,46728.44,
2026-09-12T13:48:16.539963+00:00,201,62976.27,
2026-09-12T13:48:38.052971+00:00,201,41489.52,
2026-09-12T13:48:55.515922+00:00,201,24056.74,
2026-09-12T13:48:49.498931+00:00,201,30107.0,
2026-09-12T13:48:23.579864+00:00,201,56045.89,
2026-09-12T13:48:32.182256+00:00,201,47562.69,
2026-09-12T13:48:43.781923+00:00,201,35971.93,
2026-09-12T13:49:16.086585+00:00,201,3677.28,
2026-09-12T13:49:06.913063+00:00,201,12853.49,
2026-09-12T13:48:37.045588+00:00,201,42726.38,
2026-09-12T13:48:28.986079+00:00,201,50804.82,
2026-09-12T13:48:08.209906+00:00,201,71589.17,
2026-09-12T13:49:17.064274+00:00,201,2760.26,
2026-09-12T13:48:14.422527+00:00,201,65421.46,
2026-09-12T13:48:17.398266+00:00,201,62450.42,
2026-09-12T13:49:14.947096+00:00,201,4919.18,
2026-09-12T13:48:35.456358+00:00,201,44428.48,
2026-09-12T13:48:21.266478+00:00,201,58639.4,
2026-09-12T13:49:05.439749+00:00,201,14493.0,
2026-09-12T13:49:17.288354+00:00,201,2657.94,
2026-09-12T13:49:05.650171+00:00,201,14305.06,
2026-09-12T13:47:45.741159+00:00,201,94217.33,
2026-09-12T13:48:56.819303+00:00,201,23148.88,
2026-09-12T13:49:09.335470+00:00,201,10651.9,
2026-09-12T13:48:48.903188+00:00,201,31136.34,
2026-09-12T13:48:57.535754+00:00,201,22518.41,
2026-09-12T13:49:13.527676+00:00,201,6539.58,
2026-09-12T13:48:46.845193+00:00,201,33249.34,
2026-09-12T13:49:12.289398+00:00,201,7848.04,
2026-09-12T13:49:18.711746+00:00,201,1441.82,
2026-09-12T13:49:18.518700+00:00,201,1636.74,
2026-09-12T13:48:43.242120+00:00,201,36918.35,
2026-09-12T13:48:35.958830+00:00,201,44214.14,
2026-09-12T13:48:47.988788+00:00,201,32185.86,
2026-09-12T13:49:17.387192+00:00,201,2792.46,
2026-09-12T13:48:50.096961+00:00,201,30090.48,
2026-09-12T13:48:19.147063+00:00,201,61053.1,
2026-09-12T13:47:47.675228+00:00,201,92651.52,
2026-09-12T13:48:18.734267+00:00,201,61608.14,
2026-09-12T13:48:22.956891+00:00,201,57407.93,
2026-09-12T13:49:19.464332+00:00,201,915.59,
2026-09-12T13:48:38.805661+00:00,201,41588.92,
2026-09-12T13:48:25.561900+00:00,201,54844.69,
2026-09-12T13:48:42.418820+00:00,201,37996.11,
2026-09-12T13:48:25.347522+00:00,201,55069.54,
2026-09-12T13:49:09.587695+00:00,201,10866.31,
2026-09-12T13:49:06.817210+00:00,201,13645.04,
2026-09-12T13:48:57.831754+00:00,201,22674.31,
2026-09-12T13:49:20.160570+00:00,201,352.96,
2026-09-12T13:49:04.420495+00:00,201,16158.39,
2026-09-12T13:48:25.634464+00:00,201,54967.65,
2026-09-12T13:48:31.750656+00:00,201,48861.9,
2026-09-12T13:49:06.493174+00:00,201,14130.67,
2026-09-12T13:48:49.265354+00:00,201,31364.3,
2026-09-12T13:48:55.518612+00:00,201,25119.94,
2026-09-12T13:48:47.799125+00:00,201,32851.87,
2026-09-12T13:48:50.058229+00:00,201,30594.99,
2026-09-12T13:48:55.600944+00:00,201,25070.07,
2026-09-12T13:48:21.751408+00:00,201,58926.5,
2026-09-12T13:48:47.620454+00:00,201,33065.35,
2026-09-12T13:49:05.600603+00:00,201,15089.1,
2026-09-12T13:49:07.934969+00:00,201,12793.36,
2026-09-12T13:48:52.196699+00:00,201,28584.68,
2026-09-12T13:48:40.768424+00:00,201,40040.1,
2026-09-12T13:48:04.056725+00:00,201,76780.33,
2026-09-12T13:48:58.956241+00:00,201,21886.49,
2026-09-12T13:49:17.907497+00:00,201,2965.08,
2026-09-12T13:48:54.934790+00:00,201,25942.32,
2026-09-12T13:48:20.249398+00:00,201,60636.37,
2026-09-12T13:48:43.416221+00:00,201,37487.98,
2026-09-12T13:48:19.594383+00:00,201,61328.36,
2026-09-12T13:48:40.805790+00:00,201,40148.65,
2026-09-12T13:49:18.278646+00:00,201,2684.8,
2026-09-12T13:48:35.839804+00:00,201,45126.72,
2026-09-12T13:48:47.198520+00:00,201,33837.25,
2026-09-12T13:49:15.699741+00:00,201,5339.9,
2026-09-12T13:49:01.425000+00:00,201,19651.5,
2026-09-12T13:48:21.939726+00:00,201,59157.47,
2026-09-12T13:48:55.939739+00:00,201,25168.8,
2026-09-12T13:48:59.137352+00:00,201,21991.25,
2026-09-12T13:48:51.235673+00:00,201,29917.53,
2026-09-12T13:48:38.077056+00:00,201,43078.02,
2026-09-12T13:47:46.981463+00:00,201,94192.31,
2026-09-12T13:48:56.816995+00:00,201,24375.11,
2026-09-12T13:48:40.667062+00:00,201,40542.79,
2026-09-12T13:49:20.174729+00:00,201,1055.58,
2026-09-12T13:48:17.512478+00:00,201,63748.48,
2026-09-12T13:48:48.066682+00:00,201,33230.5,
2026-09-12T13:48:42.576710+00:00,201,38743.58,
2026-09-12T13:49:11.497773+00:00,201,9842.26,
2026-09-12T13:49:21.035887+00:00,201,333.8,
2026-09-12T13:48:42.842245+00:00,201,38532.93,
2026-09-12T13:48:42.239842+00:00,201,39141.22,
2026-09-12T13:48:44.330453+00:00,201,37052.52,
2026-09-12T13:48:25.316672+00:00,201,56073.56,
2026-09-12T13:49:18.458188+00:00,201,2944.91,
2026-09-12T13:48:25.335212+00:00,201,56073.41,
2026-09-12T13:48:57.736104+00:00,201,23688.2,
2026-09-12T13:49:16.650229+00:00,201,4776.64,
2026-09-12T13:49:08.338886+00:00,201,13168.41,
2026-09-12T13:49:01.607574+00:00,201,19947.29,
2026-09-12T13:48:37.073896+00:00,201,44511.4,
2026-09-12T13:48:51.744360+00:00,201,29877.34,
2026-09-12T13:48:58.316604+00:00,201,23318.27,
2026-09-12T13:47:50.793001+00:00,201,90860.58,
2026-09-12T13:49:03.354352+00:00,201,18301.66,
2026-09-12T13:48:56.865085+00:00,201,24818.58,
2026-09-12T13:49:17.051485+00:00,201,4651.34,
2026-09-12T13:48:33.921748+00:00,201,47824.35,
2026-09-12T13:49:16.064649+00:00,201,5689.71,
2026-09-12T13:49:00.493504+00:00,201,21274.06,
2026-09-12T13:48:37.713857+00:00,201,44071.13,
2026-09-12T13:48:22.992058+00:00,201,58819.06,
2026-09-12T13:49:16.768018+00:00,201,5056.76,
2026-09-12T13:49:19.932955+00:00,201,1938.24,
2026-09-12T13:49:14.504382+00:00,201,7379.55,
2026-09-12T13:47:47.938485+00:00,201,93958.97,
2026-09-12T13:48:41.195623+00:00,201,40707.97,
2026-09-12T13:49:19.021011+00:00,201,2910.84,
2026-09-12T13:49:08.229807+00:00,201,13704.88,
2026-09-12T13:47:52.823554+00:00,201,89121.11,
2026-09-12T13:48:43.893771+00:00,201,38062.72,
2026-09-12T13:48:20.592102+00:00,201,61387.0,
2026-09-12T13:47:52.214379+00:00,201,89804.29,
2026-09-12T13:49:14.614034+00:00,201,7421.71,
2026-09-12T13:47:46.119342+00:00,201,95928.96,
2026-09-12T13:48:19.623651+00:00,201,62433.15,
2026-09-12T13:48:46.092067+00:00,201,35994.79,
2026-09-12T13:49:15.959764+00:00,201,6129.95,
2026-09-12T13:48:47.185643+00:00,201,34915.14,
2026-09-12T13:48:28.172405+00:00,201,53957.72,
2026-09-12T13:49:03.937337+00:00,201,18203.37,
2026-09-12T13:48:07.842172+00:00,201,74302.65,
2026-09-12T13:48:42.893595+00:00,201,39263.35,
2026-09-12T13:48:48.250465+00:00,201,33939.22,
2026-09-12T13:48:21.900869+00:00,201,60295.2,
2026-09-12T13:49:03.689658+00:00,201,18514.97,
2026-09-12T13:48:11.313860+00:00,201,70893.47,
2026-09-12T13:48:57.271433+00:00,201,24943.87,
2026-09-12T13:49:00.816022+00:00,201,21407.73,
2026-09-12T13:48:08.223454+00:00,201,74017.74,
2026-09-12T13:48:32.707159+00:00,201,49536.7,
2026-09-12T13:49:19.049730+00:00,201,3207.52,
2026-09-12T13:48:26.627645+00:00,201,55637.06,
2026-09-12T13:47:55.039765+00:00,201,87241.18,
2026-09-12T13:48:57.455645+00:00,201,24871.99,
2026-09-12T13:48:56.980587+00:00,201,25366.78,
2026-09-12T13:49:16.670190+00:00,201,5689.3,
2026-09-12T13:48:20.321392+00:00,201,62071.33,
2026-09-12T13:48:08.214515+00:00,201,74189.84,
2026-09-12T13:49:20.462374+00:00,201,2023.22,
2026-09-12T13:48:34.345099+00:00,201,48175.19,
2026-09-12T13:48:57.890179+00:00,201,24640.63,
2026-09-12T13:48:57.175788+00:00,201,25363.47,
2026-09-12T13:48:07.839733+00:00,201,74702.26,
2026-09-12T13:49:14.922294+00:00,201,7680.2,
2026-09-12T13:48:33.072962+00:00,201,49537.86,
2026-09-12T13:48:14.345605+00:00,201,68267.26,
2026-09-12T13:48:57.935197+00:00,201,24691.93,
2026-09-12T13:49:20.579019+00:00,201,2050.85,
2026-09-12T13:48:29.574388+00:00,201,53066.37,
2026-09-12T13:49:20.173061+00:00,201,2494.59,
2026-09-12T13:49:13.727158+00:00,201,8948.64,
2026-09-12T13:49:17.424534+00:00,201,5258.57,
2026-09-12T13:49:22.327759+00:00,201,381.21,
2026-09-12T13:48:49.474758+00:00,201,33249.46,
2026-09-12T13:49:03.941884+00:00,201,18833.66,
2026-09-12T13:48:50.794045+00:00,201,32053.05,
2026-09-12T13:49:20.153683+00:00,201,2706.58,
2026-09-12T13:48:45.027474+00:00,201,37891.46,
2026-09-12T13:48:56.771715+00:00,201,26149.59,
2026-09-12T13:49:17.728512+00:00,201,5196.26,
2026-09-12T13:48:15.772649+00:00,201,67160.3,
2026-09-12T13:48:48.496804+00:00,201,34501.18,
2026-09-12T13:48:20.720106+00:00,201,62293.75,
2026-09-12T13:48:58.410090+00:00,201,24626.94,
2026-09-12T13:48:50.664067+00:00,201,32375.33,
2026-09-12T13:48:22.940745+00:00,201,60101.58,
2026-09-12T13:48:39.102279+00:00,201,43943.95,
2026-09-12T13:48:51.567048+00:00,201,31487.46,
2026-09-12T13:48:37.594516+00:00,201,45473.51,
2026-09-12T13:48:37.492541+00:00,201,45622.45,
2026-09-12T13:48:49.445990+00:00,201,33693.19,
2026-09-12T13:48:19.581557+00:00,201,63560.37,
2026-09-12T13:48:20.557122+00:00,201,62611.88,
2026-09-12T13:48:22.386961+00:00,201,60828.09,
2026-09-12T13:48:08.210859+00:00,201,75067.08,
2026-09-12T13:48:35.146591+00:00,201,48139.65,
2026-09-12T13:48:32.797054+00:00,201,50502.26,
2026-09-12T13:49:05.209158+00:00,201,18092.76,
2026-09-12T13:49:09.332216+00:00,201,14000.69,
2026-09-12T13:49:06.208612+00:00,201,17129.05,
2026-09-12T13:49:12.937478+00:00,201,10411.98,
2026-09-12T13:48:40.308589+00:00,201,43065.2,
2026-09-12T13:49:11.225652+00:00,201,12158.02,
2026-09-12T13:48:22.764000+00:00,201,60637.71,
2026-09-12T13:48:31.492391+00:00,201,51915.53,
2026-09-12T13:49:00.377004+00:00,201,23034.61,
2026-09-12T13:48:37.065393+00:00,201,46389.86,
2026-09-12T13:48:27.179038+00:00,201,56289.88,
2026-09-12T13:49:07.839663+00:00,201,15648.69,
2026-09-12T13:48:43.859318+00:00,201,39643.03,
2026-09-12T13:48:51.546759+00:00,201,31958.03,
2026-09-12T13:48:05.643972+00:00,201,77864.21,
2026-09-12T13:48:46.371920+00:00,201,37139.09,
2026-09-12T13:48:53.288792+00:00,201,30231.14,
2026-09-12T13:49:16.931060+00:00,201,6636.17,
2026-09-12T13:48:59.629390+00:00,201,23945.32,
2026-09-12T13:48:38.579793+00:00,201,45007.6,
2026-09-12T13:48:27.936380+00:00,201,55661.84,
2026-09-12T13:49:23.278035+00:00,201,333.54,
2026-09-12T13:49:05.049403+00:00,201,18575.91,
2026-09-12T13:48:37.909829+00:00,201,45725.03,
2026-09-12T13:48:30.610634+00:00,201,53034.22,
2026-09-12T13:48:24.560737+00:00,201,59087.27,
2026-09-12T13:48:50.905000+00:00,201,32773.73,
2026-09-12T13:49:19.753959+00:00,201,3952.7,
2026-09-12T13:48:54.404470+00:00,201,29316.91,
2026-09-12T13:48:53.080506+00:00,201,30651.99,
2026-09-12T13:49:19.606213+00:00,201,4189.25,
2026-09-12T13:49:21.824913+00:00,201,1984.5,
2026-09-12T13:49:23.383764+00:00,201,441.84,
2026-09-12T13:49:04.484683+00:00,201,19376.83,
2026-09-12T13:48:35.946916+00:00,201,47932.67,
2026-09-12T13:48:58.418881+00:00,201,25473.0,
2026-09-12T13:48:34.325769+00:00,201,49590.53,
2026-09-12T13:49:21.555000+00:00,201,2384.4,
2026-09-12T13:48:07.344512+00:00,201,76606.52,
2026-09-12T13:48:13.147999+00:00,201,70816.48,
2026-09-12T13:48:07.290857+00:00,201,76690.96,
2026-09-12T13:49:02.109098+00:00,201,21901.02,
2026-09-12T13:49:11.147329+00:00,201,12881.76,
2026-09-12T13:49:07.275135+00:00,201,16769.18,
2026-09-12T13:48:51.788354+00:00,201,32298.09,
2026-09-12T13:48:21.905503+00:00,201,62198.91,
2026-09-12T13:47:54.058131+00:00,201,90064.51,
2026-09-12T13:48:20.109809+00:00,201,64046.77,
2026-09-12T13:48:22.952284+00:00,201,61214.4,
2026-09-12T13:48:57.203084+00:00,201,26978.3,
2026-09-12T13:48:37.520672+00:00,201,46666.92,
2026-09-12T13:48:58.726951+00:00,201,25485.41,
2026-09-12T13:48:28.861073+00:00,201,55356.93,
2026-09-12T13:48:18.859469+00:00,201,65371.46,
2026-09-12T13:48:49.456829+00:00,201,34817.83,
2026-09-12T13:49:14.449882+00:00,201,9850.7,
2026-09-12T13:48:24.029344+00:00,201,60274.27,
2026-09-12T13:48:52.990001+00:00,201,31315.23,
2026-09-12T13:48:03.469595+00:00,201,80837.99,
2026-09-12T13:48:06.362183+00:00,201,77947.47,
2026-09-12T13:48:31.276576+00:00,201,53035.36,
2026-09-12T13:49:13.845304+00:00,201,10478.09,
2026-09-12T13:49:06.927540+00:00,201,17400.33,
2026-09-12T13:49:09.809390+00:00,201,14525.69,
2026-09-12T13:48:05.731057+00:00,201,78617.42,
2026-09-12T13:49:04.373385+00:00,201,19995.9,
2026-09-12T13:49:16.852200+00:00,201,7527.88,
2026-09-12T13:47:55.130555+00:00,201,89261.65,
2026-09-12T13:48:30.861981+00:00,201,53581.71,
2026-09-12T13:48:58.468027+00:00,201,25983.28,
2026-09-12T13:49:03.630350+00:00,201,20891.23,
2026-09-12T13:48:30.881377+00:00,201,53642.36,
2026-09-12T13:47:47.908152+00:00,201,96620.59,
2026-09-12T13:48:32.940325+00:00,201,51609.19,
2026-09-12T13:48:21.096462+00:00,201,63491.83,
2026-09-12T13:49:19.799197+00:00,201,4799.37,
2026-09-12T13:48:24.035905+00:00,201,60572.31,
2026-09-12T13:49:13.807838+00:00,201,10805.16,
2026-09-12T13:48:23.835434+00:00,201,60779.49,
2026-09-12T13:49:24.274771+00:00,201,341.93,
2026-09-12T13:48:15.410535+00:00,201,69210.39,
2026-09-12T13:48:51.994966+00:00,201,32644.48,
2026-09-12T13:48:24.855596+00:00,201,59805.22,
2026-09-12T13:49:17.215834+00:00,201,7452.42,
2026-09-12T13:49:10.097418+00:00,201,14581.83,
2026-09-12T13:49:22.775752+00:00,201,1912.25,
2026-09-12T13:49:00.478335+00:00,201,24215.08,
2026-09-12T13:49:24.392328+00:00,201,330.08,
2026-09-12T13:49:16.731321+00:00,201,8029.04,
2026-09-12T13:48:24.555372+00:00,201,60215.93,
2026-09-12T13:48:43.866357+00:00,201,40927.67,
2026-09-12T13:48:49.901736+00:00,201,34906.82,
2026-09-12T13:48:57.733956+00:00,201,27146.55,
2026-09-12T13:49:02.308516+00:00,201,22582.11,
2026-09-12T13:49:22.612970+00:00,201,2293.77,
2026-09-12T13:48:06.673752+00:00,201,78242.53,
2026-09-12T13:49:04.114639+00:00,201,20803.42,
2026-09-12T13:48:47.327191+00:00,201,37626.14,
2026-09-12T13:48:52.469382+00:00,201,32488.23,
2026-09-12T13:48:08.228592+00:00,201,76736.06,
2026-09-12T13:48:02.997674+00:00,201,81969.6,
2026-09-12T13:49:07.983012+00:00,201,17014.54,
2026-09-12T13:48:24.769961+00:00,201,60239.18,
2026-09-12T13:48:49.362367+00:00,201,35650.86,
2026-09-12T13:49:12.849355+00:00,201,12179.66,
2026-09-12T13:48:21.893233+00:00,201,63202.65,
2026-09-12T13:48:40.147708+00:00,201,44977.08,
2026-09-12T13:49:03.743531+00:00,201,21393.0,
2026-09-12T13:48:05.890178+00:00,201,79248.29,
2026-09-12T13:47:59.231117+00:00,201,85932.1,
2026-09-12T13:49:23.706796+00:00,201,1465.2,
2026-09-12T13:48:06.144149+00:00,201,79069.84,
2026-09-12T13:48:44.699357+00:00,201,40517.96,
2026-09-12T13:48:51.291518+00:00,201,33927.56,
2026-09-12T13:48:22.772689+00:00,201,62456.6,
2026-09-12T13:48:47.463991+00:00,201,37773.9,
2026-09-12T13:48:33.547389+00:00,201,51699.7,
2026-09-12T13:49:19.766767+00:00,201,5530.28,
2026-09-12T13:48:19.606252+00:00,201,65758.04,
2026-09-12T13:48:22.980705+00:00,201,62402.66,
2026-09-12T13:48:52.716392+00:00,201,32669.91,
2026-09-12T13:48:47.315809+00:00,201,38085.89,
2026-09-12T13:48:00.658165+00:00,201,84805.91,
2026-09-12T13:48:18.883348+00:00,201,66606.41,
2026-09-12T13:49:22.257488+00:00,201,3245.9,
2026-09-12T13:49:11.944481+00:00,201,13561.04,
2026-09-12T13:48:24.895561+00:00,201,60640.71,
2026-09-12T13:49:19.542714+00:00,201,6012.36,
2026-09-12T13:48:05.822216+00:00,201,79736.5,
2026-09-12T13:48:22.542450+00:00,201,63048.64,
2026-09-12T13:48:11.493735+00:00,201,74101.21,
2026-09-12T13:48:46.462201+00:00,201,39160.56,
2026-09-12T13:49:19.866493+00:00,201,5780.82,
2026-09-12T13:49:19.508817+00:00,201,6142.84,
2026-09-12T13:48:49.855080+00:00,201,35832.39,
2026-09-12T13:48:36.373164+00:00,201,49340.67,
2026-09-12T13:49:01.413662+00:00,201,24309.63,
2026-09-12T13:48:23.855229+00:00,201,61884.49,
2026-09-12T13:48:56.580451+00:00,201,29168.21,
2026-09-12T13:48:32.145810+00:00,201,53659.59,
2026-09-12T13:48:59.132137+00:00,201,26678.59,
2026-09-12T13:49:21.746230+00:00,201,4084.07,
2026-09-12T13:48:55.890435+00:00,201,29945.1,
2026-09-12T13:48:48.610431+00:00,201,37263.27,
2026-09-12T13:48:21.090822+00:00,201,64787.2,
2026-09-12T13:49:18.183840+00:00,201,7698.45,
2026-09-12T13:49:21.128908+00:00,201,4764.99,
2026-09-12T13:48:58.635761+00:00,201,27274.97,
2026-09-12T13:49:17.170019+00:00,201,8759.04,
2026-09-12T13:49:14.678305+00:00,201,11290.54,
2026-09-12T13:48:37.677600+00:00,201,48302.91,
2026-09-12T13:48:56.439695+00:00,201,29581.69,
2026-09-12T13:49:14.005661+00:00,201,12023.75,
2026-09-12T13:49:23.299419+00:00,201,2739.25,
2026-09-12T13:48:49.110748+00:00,201,36949.74,
2026-09-12T13:48:28.100973+00:00,201,57996.18,
2026-09-12T13:48:28.990668+00:00,201,57109.81,
2026-09-12T13:48:43.879936+00:00,201,42234.53,
2026-09-12T13:48:02.513725+00:00,201,83605.07,
2026-09-12T13:48:56.396962+00:00,201,29749.31,
2026-09-12T13:48:21.113410+00:00,201,65094.41,
2026-09-12T13:48:50.835585+00:00,201,35385.25,
2026-09-12T13:49:02.850058+00:00,201,23386.43,
2026-09-12T13:49:10.062865+00:00,201,16236.49,
2026-09-12T13:48:33.769173+00:00,201,52544.19,
2026-09-12T13:48:50.090526+00:00,201,36255.98,
2026-09-12T13:48:34.070550+00:00,201,52279.63,
2026-09-12T13:49:15.182420+00:00,201,11173.35,
2026-09-12T13:47:52.260719+00:00,201,94100.36,
2026-09-12T13:49:10.990201+00:00,201,15450.97,
2026-09-12T13:48:48.840647+00:00,201,37611.35,
2026-09-12T13:48:34.434749+00:00,201,52051.17,
2026-09-12T13:48:27.805580+00:00,201,58717.32,
2026-09-12T13:47:54.112685+00:00,201,92414.72,
2026-09-12T13:48:54.776100+00:00,201,31766.94,
2026-09-12T13:48:01.546408+00:00,201,85011.78,
2026-09-12T13:48:29.862766+00:00,201,56698.14,
2026-09-12T13:48:23.919089+00:00,201,62644.59,
2026-09-12T13:48:45.713178+00:00,201,40856.73,
2026-09-12T13:48:21.057129+00:00,201,65529.21,
2026-09-12T13:48:50.618737+00:00,201,35970.15,
2026-09-12T13:48:16.647653+00:00,201,69951.11,
2026-09-12T13:48:23.022498+00:00,201,63577.98,
2026-09-12T13:49:22.086958+00:00,201,4519.14,
2026-09-12T13:49:22.130228+00:00,201,4501.2,
2026-09-12T13:48:07.325541+00:00,201,79351.56,
2026-09-12T13:48:12.028242+00:00,201,74668.82,
2026-09-12T13:49:03.639856+00:00,201,23102.65,
2026-09-12T13:49:07.104390+00:00,201,19664.13,
2026-09-12T13:48:04.597716+00:00,201,82190.47,
2026-09-12T13:48:51.921755+00:00,201,34901.39,
2026-09-12T13:49:11.693824+00:00,201,15143.16,
2026-09-12T13:48:27.950037+00:00,201,58902.69,
2026-09-12T13:48:32.850788+00:00,201,54030.74,
2026-09-12T13:48:11.592277+00:00,201,75308.77,
2026-09-12T13:49:23.721512+00:00,201,3192.65,
2026-09-12T13:48:37.702027+00:00,201,49228.19,
2026-09-12T13:49:19.030134+00:00,201,7902.05,
2026-09-12T13:48:51.000842+00:00,201,35952.54,
2026-09-12T13:49:03.329759+00:00,201,23651.18,
2026-09-12T13:47:50.304126+00:00,201,96698.74,
2026-09-12T13:48:20.787432+00:00,201,66219.35,
2026-09-12T13:48:46.605840+00:00,201,40426.82,
2026-09-12T13:48:48.575368+00:00,201,38475.65,
2026-09-12T13:48:30.406044+00:00,201,56653.01,
2026-09-12T13:49:00.719420+00:00,201,26355.61,
2026-09-12T13:49:21.754566+00:00,201,5326.49,
2026-09-12T13:49:16.531451+00:00,201,10561.36,
2026-09-12T13:48:23.014965+00:00,201,64093.49,
2026-09-12T13:48:52.619858+00:00,201,34494.58,
2026-09-12T13:49:05.036959+00:00,201,22097.65,
2026-09-12T13:49:15.067617+00:00,201,12076.28,
2026-09-12T13:49:11.101642+00:00,201,16107.04,
2026-09-12T13:48:19.687363+00:00,201,67540.5,
2026-09-12T13:49:03.230982+00:00,201,24008.89,
2026-09-12T13:48:58.474978+00:00,201,28782.11,
2026-09-12T13:49:19.134043+00:00,201,8143.71,
2026-09-12T13:48:34.424243+00:00,201,52859.45,
2026-09-12T13:48:47.013556+00:00,201,40277.71,
2026-09-12T13:48:25.434336+00:00,201,61875.26,
2026-09-12T13:49:25.810824+00:00,201,1503.66,
2026-09-12T13:48:22.415976+00:00,201,64901.23,
2026-09-12T13:49:20.678000+00:00,201,6654.6,
2026-09-12T13:48:33.801981+00:00,201,53584.19,
2026-09-12T13:49:04.930495+00:00,201,22467.74,
2026-09-12T13:49:00.710006+00:00,201,26693.49,
2026-09-12T13:47:50.147753+00:00,201,97316.07,
2026-09-12T13:49:10.069162+00:00,201,17427.56,
2026-09-12T13:47:53.103668+00:00,201,94406.02,
2026-09-12T13:47:59.512636+00:00,201,88041.12,
2026-09-12T13:49:06.187542+00:00,201,21389.72,
2026-09-12T13:48:47.159470+00:00,201,40439.1,
2026-09-12T13:48:56.935437+00:00,201,30675.92,
2026-09-12T13:49:00.011452+00:00,201,27606.63,
2026-09-12T13:48:34.167088+00:00,201,53454.41,
2026-09-12T13:47:54.110537+00:00,201,93523.07,
2026-09-12T13:48:41.157237+00:00,201,46489.28,
2026-09-12T13:49:21.427004+00:00,201,6221.46,
2026-09-12T13:48:43.305371+00:00,201,44347.94,
2026-09-12T13:49:24.451410+00:00,201,3219.31,
2026-09-12T13:49:09.555913+00:00,201,18150.01,
2026-09-12T13:47:52.273327+00:00,201,95441.79,
2026-09-12T13:49:07.773025+00:00,201,19965.01,
2026-09-12T13:48:52.377275+00:00,201,35376.12,
2026-09-12T13:48:48.743720+00:00,201,39031.06,
2026-09-12T13:48:53.075552+00:00,201,34716.92,
2026-09-12T13:49:05.990744+00:00,201,21836.44,
2026-09-12T13:49:27.510115+00:00,201,389.48,
2026-09-12T13:48:33.821464+00:00,201,54081.08,
2026-09-12T13:48:11.221906+00:00,201,76692.74,
2026-09-12T13:49:21.871326+00:00,201,6065.69,
2026-09-12T13:48:13.045690+00:00,201,74903.88,
2026-09-12T13:49:27.553883+00:00,201,397.6,
2026-09-12T13:49:22.709095+00:00,201,5249.63,
2026-09-12T13:48:32.559578+00:00,201,55403.36,
2026-09-12T13:49:03.217657+00:00,201,24747.07,
2026-09-12T13:49:15.355403+00:00,201,12620.69,
2026-09-12T13:49:01.463317+00:00,201,26518.8,
2026-09-12T13:49:24.688122+00:00,201,3337.62,
2026-09-12T13:49:11.476847+00:00,201,16559.11,
2026-09-12T13:48:32.943645+00:00,201,55124.43,
2026-09-12T13:48:05.760392+00:00,201,82311.11,
2026-09-12T13:48:20.767645+00:00,201,67342.78,
2026-09-12T13:49:05.996909+00:00,201,22151.44,
2026-09-12T13:48:49.375061+00:00,201,38811.37,
2026-09-12T13:48:30.605239+00:00,201,57630.26,
2026-09-12T13:49:21.320431+00:00,201,6962.11,
2026-09-12T13:48:29.734308+00:00,201,58569.98,
2026-09-12T13:49:08.674765+00:00,201,19641.18,
2026-09-12T13:49:03.360839+00:00,201,24960.33,
2026-09-12T13:49:19.772055+00:00,201,8555.97,
2026-09-12T13:49:06.834283+00:00,201,21497.39,
2026-09-12T13:49:13.358857+00:00,201,14993.55,
2026-09-12T13:48:41.141832+00:00,201,47214.82,
2026-09-12T13:48:28.876980+00:00,201,59500.96,
2026-09-12T13:49:28.025875+00:00,201,374.87,
2026-09-12T13:49:06.657994+00:00,201,21791.43,
2026-09-12T13:48:59.585707+00:00,201,28921.64,
2026-09-12T13:48:20.996924+00:00,201,67549.76,
2026-09-12T13:49:14.871778+00:00,201,13688.26,
2026-09-12T13:49:13.048415+00:00,201,15520.68,
2026-09-12T13:49:15.656871+00:00,201,12918.76,
2026-09-12T13:48:58.645802+00:00,201,29957.61,
2026-09-12T13:49:17.413321+00:00,201,11202.86,
2026-09-12T13:48:34.002839+00:00,201,54649.37,
2026-09-12T13:49:19.968325+00:00,201,8693.71,
2026-09-12T13:49:19.358437+00:00,201,9307.52,
2026-09-12T13:48:57.572958+00:00,201,31097.66,
2026-09-12T13:48:34.780891+00:00,201,53910.92,
2026-09-12T13:48:24.865922+00:00,201,63870.15,
2026-09-12T13:48:21.778147+00:00,201,66965.66,
2026-09-12T13:49:14.642335+00:00,201,14104.49,
2026-09-12T13:49:22.520422+00:00,201,6245.66,
2026-09-12T13:48:36.588221+00:00,201,52190.61,
2026-09-12T13:49:09.658553+00:00,201,19125.55,
2026-09-12T13:48:45.675611+00:00,201,43122.43,
2026-09-12T13:48:58.637489+00:00,201,30169.06,
2026-09-12T13:48:27.975731+00:00,201,60833.72,
2026-09-12T13:48:50.898097+00:00,201,37926.66,
2026-09-12T13:49:27.577517+00:00,201,1254.36,
2026-09-12T13:48:20.219697+00:00,201,68619.04,
2026-09-12T13:48:48.794583+00:00,201,40047.48,
2026-09-12T13:49:24.639538+00:00,201,4204.52,
2026-09-12T13:48:54.247251+00:00,201,34599.11,
2026-09-12T13:48:27.857543+00:00,201,61020.79,
2026-09-12T13:48:54.953191+00:00,201,33992.89,
2026-09-12T13:49:24.760501+00:00,201,4220.55,
2026-09-12T13:48:51.959678+00:00,201,37102.27,
2026-09-12T13:49:28.616519+00:00,201,454.08,
2026-09-12T13:48:04.795161+00:00,201,84304.91,
2026-09-12T13:48:58.412969+00:00,201,30708.45,
2026-09-12T13:49:25.364420+00:00,201,3820.72,
2026-09-12T13:49:04.942303+00:00,201,24247.31,
2026-09-12T13:48:05.326605+00:00,201,83872.46,
2026-09-12T13:48:41.587470+00:00,201,47616.39,
2026-09-12T13:49:24.880629+00:00,201,4331.54,
2026-09-12T13:48:28.381972+00:00,201,60864.4,
2026-09-12T13:47:54.280665+00:00,201,94978.17,
2026-09-12T13:48:01.560944+00:00,201,87700.52,
2026-09-12T13:48:20.982946+00:00,201,68297.27,
2026-09-12T13:48:08.120308+00:00,201,81170.64,
2026-09-12T13:49:26.236597+00:00,201,3129.44,
2026-09-12T13:48:34.445141+00:00,201,54926.47,
2026-09-12T13:49:08.671871+00:00,201,20712.37,
2026-09-12T13:48:50.577916+00:00,201,38818.75,
2026-09-12T13:49:05.772253+00:00,201,23670.3,
2026-09-12T13:48:26.656762+00:00,201,62793.58,
2026-09-12T13:49:19.385817+00:00,201,10077.23,
2026-09-12T13:48:22.400658+00:00,201,67087.59,
2026-09-12T13:49:29.100172+00:00,201,394.26,
2026-09-12T13:48:21.220280+00:00,201,68329.54,
2026-09-12T13:49:08.374068+00:00,201,21192.72,
2026-09-12T13:47:44.894858+00:00,201,104683.22,
2026-09-12T13:48:37.266317+00:00,201,52329.91,
2026-09-12T13:48:43.642781+00:00,201,45968.37,
2026-09-12T13:49:14.216054+00:00,201,15416.72,
2026-09-12T13:49:13.212188+00:00,201,16426.96,
2026-09-12T13:48:43.768677+00:00,201,45880.81,
2026-09-12T13:48:56.724347+00:00,201,32987.61,
2026-09-12T13:48:44.669592+00:00,201,45047.78,
2026-09-12T13:48:57.447466+00:00,201,32296.97,
2026-09-12T13:49:24.029215+00:00,201,5735.06,
2026-09-12T13:49:25.136676+00:00,201,4657.62,
2026-09-12T13:48:21.225811+00:00,201,68571.69,
2026-09-12T13:49:12.632552+00:00,201,17195.23,
2026-09-12T13:49:08.744643+00:00,201,21094.25,
2026-09-12T13:49:26.631631+00:00,201,3209.63,
2026-09-12T13:48:07.847372+00:00,201,82007.78,
2026-09-12T13:48:42.461465+00:00,201,47441.65,
2026-09-12T13:49:06.237315+00:00,201,23673.59,
2026-09-12T13:48:37.719416+00:00,201,52203.85,
2026-09-12T13:49:04.042945+00:00,201,25889.77,
2026-09-12T13:48:11.281426+00:00,201,78653.33,
2026-09-12T13:49:09.450031+00:00,201,20491.19,
2026-09-12T13:49:28.449555+00:00,201,1496.64,
2026-09-12T13:48:40.918894+00:00,201,49039.0,
2026-09-12T13:48:27.490711+00:00,201,62501.54,
2026-09-12T13:48:38.888397+00:00,201,51108.61,
2026-09-12T13:48:26.539950+00:00,201,63479.0,
2026-09-12T13:47:57.045182+00:00,201,93000.0,
2026-09-12T13:49:22.392884+00:00,201,7655.41,
2026-09-12T13:49:01.631267+00:00,201,28419.92,
2026-09-12T13:48:33.187593+00:00,201,56868.24,
2026-09-12T13:48:12.395843+00:00,201,77764.78,
2026-09-12T13:47:59.297183+00:00,201,90869.59,
2026-09-12T13:48:56.663667+00:00,201,33546.36,
2026-09-12T13:48:29.627264+00:00,201,60590.55,
2026-09-12T13:48:22.445942+00:00,201,67812.56,
2026-09-12T13:49:29.923461+00:00,201,368.11,
2026-09-12T13:49:24.608324+00:00,201,5701.37,
2026-09-12T13:48:26.799638+00:00,201,63536.8,
2026-09-12T13:49:19.364165+00:00,201,10979.27,
2026-09-12T13:48:12.382706+00:00,201,77971.25,
2026-09-12T13:48:49.372660+00:00,201,40983.15,
2026-09-12T13:49:22.196212+00:00,201,8189.79,
2026-09-12T13:49:15.177092+00:00,201,15215.26,
2026-09-12T13:49:17.304727+00:00,201,13091.34,
2026-09-12T13:48:49.539903+00:00,201,40869.39,
2026-09-12T13:48:26.945404+00:00,201,63476.9,
2026-09-12T13:48:47.475329+00:00,201,42952.11,
2026-09-12T13:49:15.053793+00:00,201,15380.99,
2026-09-12T13:48:29.795306+00:00,201,60681.12,
2026-09-12T13:49:25.163337+00:00,201,5328.92,
2026-09-12T13:48:40.608782+00:00,201,49897.93,
2026-09-12T13:48:45.990106+00:00,201,44589.37,
2026-09-12T13:48:39.392990+00:00,201,51208.02,
2026-09-12T13:49:17.767698+00:00,201,12835.74,
2026-09-12T13:47:50.700624+00:00,201,99912.87,
2026-09-12T13:48:23.955465+00:00,201,66667.19,
2026-09-12T13:49:03.978492+00:00,201,26646.94,
2026-09-12T13:49:19.790988+00:00,201,10845.41,
2026-09-12T13:49:06.919591+00:00,201,23764.11,
2026-09-12T13:49:19.511407+00:00,201,11198.67,
2026-09-12T13:48:25.775263+00:00,201,64945.71,
2026-09-12T13:48:57.374566+00:00,201,33358.97,
2026-09-12T13:49:23.644968+00:00,201,7115.45,
2026-09-12T13:48:19.803355+00:00,201,70968.48,
2026-09-12T13:49:04.678295+00:00,201,26113.12,
2026-09-12T13:48:16.591088+00:00,201,74223.96,
2026-09-12T13:49:12.855230+00:00,201,17990.3,
2026-09-12T13:48:57.965309+00:00,201,32904.0,
2026-09-12T13:49:24.957713+00:00,201,5931.66,
2026-09-12T13:48:58.189673+00:00,201,32765.5,
2026-09-12T13:49:17.780990+00:00,201,13182.66,
2026-09-12T13:48:15.493541+00:00,201,75481.54,
2026-09-12T13:48:44.316638+00:00,201,46690.97,
2026-09-12T13:49:30.579604+00:00,201,434.79,
2026-09-12T13:49:22.243954+00:00,201,8831.51,
2026-09-12T13:48:28.087685+00:00,201,63000.67,
2026-09-12T13:49:15.911959+00:00,201,15194.6,
2026-09-12T13:48:32.137638+00:00,201,58988.1,
2026-09-12T13:48:58.991107+00:00,201,32163.82,
2026-09-12T13:49:03.051894+00:00,201,28132.95,
2026-09-12T13:48:59.250453+00:00,201,31952.54,
2026-09-12T13:48:37.299333+00:00,201,53907.94,
2026-09-12T13:48:36.282290+00:00,201,54948.62,
2026-09-12T13:48:04.510783+00:00,201,86743.14,
2026-09-12T13:49:12.235109+00:00,201,19022.86,
2026-09-12T13:49:09.186420+00:00,201,22084.79,
2026-09-12T13:48:27.833336+00:00,201,63471.87,
2026-09-12T13:48:21.258336+00:00,201,70072.17,
2026-09-12T13:48:44.737664+00:00,201,46596.69,
2026-09-12T13:49:04.748496+00:00,201,26588.84,
2026-09-12T13:49:16.403384+00:00,201,14952.68,
2026-09-12T13:48:01.517369+00:00,201,89856.74,
2026-09-12T13:48:58.387372+00:00,201,32992.09,
2026-09-12T13:49:08.213438+00:00,201,23176.27,
2026-09-12T13:49:24.523823+00:00,201,6868.0,
2026-09-12T13:49:20.872694+00:00,201,10531.9,
2026-09-12T13:48:58.401329+00:00,201,33033.58,
2026-09-12T13:49:07.676965+00:00,201,23772.09,
2026-09-12T13:48:56.261213+00:00,201,35194.55,
2026-09-12T13:48:52.201673+00:00,201,39259.0,
2026-09-12T13:47:50.785714+00:00,201,100681.95,
2026-09-12T13:48:24.639744+00:00,201,66845.2,
2026-09-12T13:49:27.309719+00:00,201,4214.13,
2026-09-12T13:48:28.953305+00:00,201,62580.99,
2026-09-12T13:48:29.161046+00:00,201,62390.05,
2026-09-12T13:48:46.468073+00:00,201,45109.71,
2026-09-12T13:48:06.244467+00:00,201,85372.12,
2026-09-12T13:48:29.853016+00:00,201,61777.02,
2026-09-12T13:48:33.736621+00:00,201,57911.36,
2026-09-12T13:49:21.683798+00:00,201,9981.5,
2026-09-12T13:48:25.553321+00:00,201,66135.14,
2026-09-12T13:48:20.414509+00:00,201,71314.74,
2026-09-12T13:49:15.456708+00:00,201,16324.49,
2026-09-12T13:49:03.540435+00:00,201,28244.91,
2026-09-12T13:47:53.050499+00:00,201,98779.94,
2026-09-12T13:49:06.194701+00:00,201,25637.73,
2026-09-12T13:48:51.561613+00:00,201,40293.31,
2026-09-12T13:48:48.839035+00:00,201,43043.07,
2026-09-12T13:48:20.410214+00:00,201,71545.55,
2026-09-12T13:49:16.662515+00:00,201,15317.69,
2026-09-12T13:49:04.978236+00:00,201,27014.1,
2026-09-12T13:48:16.015236+00:00,201,76001.97,
2026-09-12T13:48:45.977452+00:00,201,46048.22,
2026-09-12T13:48:47.837011+00:00,201,44196.0,
2026-09-12T13:49:09.159280+00:00,201,22885.93,
2026-09-12T13:48:54.783540+00:00,201,37267.09,
2026-09-12T13:48:18.618943+00:00,201,73434.81,
2026-09-12T13:48:42.426924+00:00,201,49652.06,
2026-09-12T13:48:35.124154+00:00,201,56957.44,
2026-09-12T13:49:08.090911+00:00,201,23997.92,
2026-09-12T13:49:30.710232+00:00,201,1394.14,
2026-09-12T13:49:31.729381+00:00,201,386.28,
2026-09-12T13:48:34.141695+00:00,201,58006.09,
2026-09-12T13:47:51.771852+00:00,201,100403.17,
2026-09-12T13:49:26.299474+00:00,201,5892.06,
2026-09-12T13:49:14.702783+00:00,201,17549.13,
2026-09-12T13:48:29.430052+00:00,201,62827.73,
2026-09-12T13:49:07.343629+00:00,201,24923.62,
2026-09-12T13:49:28.670710+00:00,201,3625.19,
2026-09-12T13:49:25.748766+00:00,201,6551.62,
2026-09-12T13:49:27.738228+00:00,201,4609.45,
2026-09-12T13:49:21.297310+00:00,201,11058.81,
2026-09-12T13:48:07.035390+00:00,201,85329.64,
2026-09-12T13:48:51.756569+00:00,201,40628.75,
2026-09-12T13:49:26.029508+00:00,201,6371.11,
2026-09-12T13:48:30.420466+00:00,201,62000.81,
2026-09-12T13:49:06.223686+00:00,201,26210.42,
2026-09-12T13:48:21.656591+00:00,201,70802.75,
2026-09-12T13:49:22.347557+00:00,201,10124.86,
2026-09-12T13:48:33.559871+00:00,201,58914.48,
2026-09-12T13:48:47.976588+00:00,201,44520.02,
2026-09-12T13:48:26.559109+00:00,201,65984.35,
2026-09-12T13:48:31.055465+00:00,201,61521.52,
2026-09-12T13:48:18.813714+00:00,201,73772.13,
2026-09-12T13:47:54.289422+00:00,201,98308.2,
2026-09-12T13:48:49.113280+00:00,201,43531.65,
2026-09-12T13:49:00.402761+00:00,201,32245.4,
2026-09-12T13:49:13.538916+00:00,201,19120.47,
2026-09-12T13:48:00.872500+00:00,201,91801.71,
2026-09-12T13:48:41.152617+00:00,201,51550.55,
2026-09-12T13:49:09.472958+00:00,201,23256.17,
2026-09-12T13:48:43.012404+00:00,201,49756.41,
2026-09-12T13:49:06.341147+00:00,201,26435.46,
2026-09-12T13:48:33.914174+00:00,201,58867.04,
2026-09-12T13:48:23.799297+00:00,201,69013.74,
2026-09-12T13:49:18.756816+00:00,201,14065.33,
2026-09-12T13:48:28.178767+00:00,201,64672.13,
2026-09-12T13:47:47.788039+00:00,201,105067.26,
2026-09-12T13:48:36.848754+00:00,201,56023.1,
2026-09-12T13:48:58.998908+00:00,201,33906.2,
2026-09-12T13:48:35.734616+00:00,201,57186.93,
2026-09-12T13:48:03.702439+00:00,201,89231.62,
2026-09-12T13:49:30.309828+00:00,201,2633.12,
2026-09-12T13:49:24.443978+00:00,201,8514.64,
2026-09-12T13:48:42.912111+00:00,201,50049.96,
2026-09-12T13:48:58.173259+00:00,201,34803.01,
2026-09-12T13:47:59.532384+00:00,201,93451.68,
2026-09-12T13:48:55.674230+00:00,201,37397.25,
2026-09-12T13:49:24.621003+00:00,201,8461.42,
2026-09-12T13:48:16.378513+00:00,201,76723.05,
2026-09-12T13:48:39.100616+00:00,201,54050.21,
2026-09-12T13:49:06.711556+00:00,201,26443.17,
2026-09-12T13:49:14.779480+00:00,201,18379.74,
2026-09-12T13:48:52.410208+00:00,201,40767.44,
2026-09-12T13:48:28.563023+00:00,201,64616.42,
2026-09-12T13:48:21.439970+00:00,201,71767.16,
2026-09-12T13:48:42.961507+00:00,201,50271.13,
2026-09-12T13:47:53.831625+00:00,201,99446.91,
2026-09-12T13:49:19.885145+00:00,201,13419.98,
2026-09-12T13:49:25.591198+00:00,201,7745.66,
2026-09-12T13:47:50.624936+00:00,201,102737.29,
2026-09-12T13:48:34.370401+00:00,201,58994.23,
2026-09-12T13:49:22.018800+00:00,201,11347.75,
2026-09-12T13:48:50.656047+00:00,201,42723.98,
2026-09-12T13:49:11.212393+00:00,201,22177.95,
2026-09-12T13:48:43.135220+00:00,201,50268.81,
2026-09-12T13:49:15.886067+00:00,201,17534.52,
2026-09-12T13:48:17.791969+00:00,201,75667.09,
2026-09-12T13:47:50.257143+00:00,201,103214.96,
2026-09-12T13:49:02.752702+00:00,201,30734.07,
2026-09-12T13:48:26.973221+00:00,201,66525.08,
2026-09-12T13:49:33.150952+00:00,201,356.77,
2026-09-12T13:48:35.135303+00:00,201,58375.85,
2026-09-12T13:48:58.938308+00:00,201,34602.52,
2026-09-12T13:49:29.958029+00:00,201,3586.91,
2026-09-12T13:49:08.820210+00:00,201,24743.34,
2026-09-12T13:48:42.872664+00:00,201,50708.07,
2026-09-12T13:49:06.625766+00:00,201,26981.58,
2026-09-12T13:49:18.252825+00:00,201,15418.49,
2026-09-12T13:48:51.139161+00:00,201,42549.16,
2026-09-12T13:49:26.570023+00:00,201,7193.66,
2026-09-12T13:49:25.647427+00:00,201,8156.18,
2026-09-12T13:48:19.635121+00:00,201,74174.52,
2026-09-12T13:48:03.575783+00:00,201,90238.39,
2026-09-12T13:48:55.688577+00:00,201,38140.49,
2026-09-12T13:49:30.051268+00:00,201,3783.89,
2026-09-12T13:48:55.639884+00:00,201,38220.14,
2026-09-12T13:48:50.339887+00:00,201,43530.87,
2026-09-12T13:48:04.536766+00:00,201,89343.68,
2026-09-12T13:48:24.701664+00:00,201,69187.37,
2026-09-12T13:48:42.446310+00:00,201,51450.41,
2026-09-12T13:49:23.795674+00:00,201,10118.53,
2026-09-12T13:48:24.011881+00:00,201,69908.09,
2026-09-12T13:48:32.704790+00:00,201,61228.07,
2026-09-12T13:48:56.368432+00:00,201,37601.19,
2026-09-12T13:48:51.306778+00:00,201,42681.01,
2026-09-12T13:49:05.305173+00:00,201,28686.19,
2026-09-12T13:48:59.126142+00:00,201,34872.18,
2026-09-12T13:49:27.108574+00:00,201,6893.22,
2026-09-12T13:48:47.641319+00:00,201,46362.6,
2026-09-12T13:48:15.026265+00:00,201,78993.16,
2026-09-12T13:48:49.884568+00:00,201,44174.47,
2026-09-12T13:48:44.991733+00:00,201,49079.42,
2026-09-12T13:47:53.805944+00:00,201,100278.88,
2026-09-12T13:48:52.632125+00:00,201,41456.95,
2026-09-12T13:49:11.263290+00:00,201,22838.96,
2026-09-12T13:48:25.859599+00:00,201,68260.72,
2026-09-12T13:48:00.004251+00:00,201,94244.23,
2026-09-12T13:48:47.991282+00:00,201,46285.74,
2026-09-12T13:48:41.970642+00:00,201,52325.35,
2026-09-12T13:49:33.607497+00:00,201,690.68,
2026-09-12T13:48:35.195095+00:00,201,59106.6,
2026-09-12T13:48:13.660403+00:00,201,80649.7,
2026-09-12T13:48:11.275792+00:00,201,83059.17,
2026-09-12T13:49:10.900293+00:00,201,23454.59,
2026-09-12T13:48:25.853150+00:00,201,68507.57,
2026-09-12T13:48:20.123019+00:00,201,74245.35,
2026-09-12T13:48:59.525333+00:00,201,34861.52,
2026-09-12T13:48:56.229664+00:00,201,38168.31,
2026-09-12T13:48:50.420695+00:00,201,43989.24,
2026-09-12T13:49:20.417145+00:00,201,14010.97,
2026-09-12T13:48:52.848364+00:00,201,41587.76,
2026-09-12T13:49:07.453861+00:00,201,26987.7,
2026-09-12T13:49:05.746314+00:00,201,28710.8,
2026-09-12T13:48:31.067782+00:00,201,63402.64,
2026-09-12T13:48:34.019729+00:00,201,60478.07,
2026-09-12T13:49:26.560993+00:00,201,7994.17,
2026-09-12T13:48:34.239737+00:00,201,60436.86,
2026-09-12T13:48:25.395443+00:00,201,69309.67,
2026-09-12T13:48:22.440030+00:00,201,72340.46,
2026-09-12T13:48:44.289084+00:00,201,50502.58,
2026-09-12T13:49:04.781916+00:00,201,30014.58,
2026-09-12T13:49:15.291715+00:00,201,19512.63,
2026-09-12T13:47:43.880944+00:00,201,110934.51,
2026-09-12T13:48:51.882593+00:00,201,42954.58,
2026-09-12T13:48:48.784899+00:00,201,46100.13,
2026-09-12T13:48:35.430362+00:00,201,59456.9,
2026-09-12T13:48:11.191792+00:00,201,83703.19,
2026-09-12T13:48:52.525212+00:00,201,42375.59,
2026-09-12T13:48:49.949496+00:00,201,44968.03,
2026-09-12T13:48:38.465119+00:00,201,56465.36,
2026-09-12T13:49:18.612768+00:00,201,16357.78,
2026-09-12T13:48:39.949713+00:00,201,55027.81,
2026-09-12T13:48:54.016434+00:00,201,41016.07,
2026-09-12T13:48:15.355836+00:00,201,79703.97,
2026-09-12T13:48:49.956159+00:00,201,45121.46,
2026-09-12T13:49:27.633713+00:00,201,7461.76,
2026-09-12T13:48:40.723911+00:00,201,54379.78,
2026-09-12T13:48:01.269788+00:00,201,93850.68,
2026-09-12T13:47:57.757737+00:00,201,97380.83,
2026-09-12T13:49:29.712075+00:00,201,5461.73,
2026-09-12T13:48:56.420056+00:00,201,38766.46,
2026-09-12T13:48:24.742513+00:00,201,70501.84,
2026-09-12T13:48:21.815746+00:00,201,73453.34,
2026-09-12T13:48:27.819340+00:00,201,67511.54,
2026-09-12T13:48:20.198673+00:00,201,75193.98,
2026-09-12T13:48:40.532303+00:00,201,54873.56,
2026-09-12T13:49:06.352062+00:00,201,29064.09,
2026-09-12T13:48:57.488753+00:00,201,37952.63,
2026-09-12T13:48:20.512878+00:00,201,74944.11,
2026-09-12T13:48:07.844702+00:00,201,87627.45,
2026-09-12T13:49:23.678872+00:00,201,11806.64,
2026-09-12T13:49:33.998421+00:00,201,1528.79,
2026-09-12T13:49:04.487860+00:00,201,31069.44,
2026-09-12T13:48:28.897746+00:00,201,66682.96,
2026-09-12T13:49:17.458461+00:00,201,18129.01,
2026-09-12T13:49:12.430682+00:00,201,23182.35,
2026-09-12T13:49:23.013993+00:00,201,12625.61,
2026-09-12T13:48:51.219464+00:00,201,44447.2,
2026-09-12T13:48:20.932570+00:00,201,74803.61,
2026-09-12T13:48:21.824435+00:00,201,73914.59,
2026-09-12T13:49:18.038782+00:00,201,17702.1,
2026-09-12T13:49:29.070679+00:00,201,6698.36,
2026-09-12T13:48:58.184440+00:00,201,37613.63,
2026-09-12T13:48:58.337376+00:00,201,37465.9,
2026-09-12T13:48:26.962407+00:00,201,68843.91,
2026-09-12T13:48:40.386405+00:00,201,55422.38,
2026-09-12T13:48:21.033561+00:00,201,74778.34,
2026-09-12T13:48:56.178292+00:00,201,39636.77,
2026-09-12T13:48:07.040807+00:00,201,88779.08,
2026-09-12T13:48:58.308123+00:00,201,37514.42,
2026-09-12T13:48:21.515497+00:00,201,74349.48,
2026-09-12T13:49:03.582507+00:00,201,32319.36,
2026-09-12T13:48:38.065487+00:00,201,57860.34,
2026-09-12T13:48:41.778443+00:00,201,54192.52,
2026-09-12T13:48:54.911867+00:00,201,41061.79,
2026-09-12T13:48:50.093718+00:00,201,45882.05,
2026-09-12T13:49:13.957803+00:00,201,22057.06,
2026-09-12T13:48:58.887675+00:00,201,37138.07,
2026-09-12T13:49:20.602238+00:00,201,15425.92,
2026-09-12T13:48:42.280269+00:00,201,53751.21,
2026-09-12T13:49:18.423329+00:00,201,17611.63,
2026-09-12T13:49:09.192267+00:00,201,26847.71,
2026-09-12T13:48:04.945407+00:00,201,91100.26,
2026-09-12T13:49:29.764401+00:00,201,6287.57,
2026-09-12T13:49:08.371075+00:00,201,27684.75,
2026-09-12T13:48:42.287053+00:00,201,53773.04,
2026-09-12T13:48:41.579785+00:00,201,54483.58,
2026-09-12T13:49:17.761565+00:00,201,18305.36,
2026-09-12T13:49:22.035861+00:00,201,14034.24,
2026-09-12T13:49:21.884055+00:00,201,14188.91,
2026-09-12T13:48:38.902165+00:00,201,57173.69,
2026-09-12T13:49:01.906771+00:00,201,34171.74,
2026-09-12T13:49:09.824940+00:00,201,26256.18,
2026-09-12T13:49:31.075565+00:00,201,5008.21,
2026-09-12T13:49:29.189832+00:00,201,6896.63,
2026-09-12T13:49:23.508282+00:00,201,12653.28,
2026-09-12T13:48:50.863736+00:00,201,45305.16,
2026-09-12T13:48:46.827810+00:00,201,49374.09,
2026-09-12T13:48:19.814915+00:00,201,76404.04,
2026-09-12T13:48:32.386886+00:00,201,63845.89,
2026-09-12T13:48:22.664532+00:00,201,73635.01,
2026-09-12T13:48:27.789232+00:00,201,68520.83,
2026-09-12T13:49:35.639840+00:00,201,760.27,
2026-09-12T13:49:35.736419+00:00,201,666.58,
2026-09-12T13:48:33.164971+00:00,201,63256.93,
2026-09-12T13:48:32.536048+00:00,201,63888.77,
2026-09-12T13:49:04.889629+00:00,201,31555.91,
2026-09-12T13:49:17.770045+00:00,201,18738.41,
2026-09-12T13:48:20.388729+00:00,201,76135.66,
2026-09-12T13:48:32.378670+00:00,201,64150.12,
2026-09-12T13:48:52.361829+00:00,201,44202.06,
2026-09-12T13:49:31.374231+00:00,201,5205.87,
2026-09-12T13:48:21.416749+00:00,201,75167.51,
2026-09-12T13:48:21.877303+00:00,201,74741.7,
2026-09-12T13:48:33.725147+00:00,201,62937.79,
2026-09-12T13:48:27.391509+00:00,201,69320.3,
2026-09-12T13:49:27.291362+00:00,201,9451.38,
2026-09-12T13:48:50.703500+00:00,201,46044.0,
2026-09-12T13:49:23.891988+00:00,201,12948.5,
2026-09-12T13:48:24.582022+00:00,201,72313.79,
2026-09-12T13:48:41.206786+00:00,201,55712.95,
2026-09-12T13:48:57.522549+00:00,201,39402.87,
2026-09-12T13:48:45.346991+00:00,201,51615.99,
2026-09-12T13:49:29.596353+00:00,201,7370.14,
2026-09-12T13:49:36.310158+00:00,201,668.33,
2026-09-12T13:48:56.511243+00:00,201,40472.8,
2026-09-12T13:49:08.658154+00:00,201,28338.95,
2026-09-12T13:48:51.978291+00:00,201,45037.22,
2026-09-12T13:49:08.884653+00:00,201,28136.01,
2026-09-12T13:48:49.115336+00:00,201,47909.42,
2026-09-12T13:49:32.257926+00:00,201,4780.36,
2026-09-12T13:49:18.724458+00:00,201,18326.9,
2026-09-12T13:49:10.396598+00:00,201,26658.9,
2026-09-12T13:48:25.802871+00:00,201,71279.65,
2026-09-12T13:49:27.314583+00:00,201,9875.7,
2026-09-12T13:48:28.938105+00:00,201,68274.95,
2026-09-12T13:49:03.666453+00:00,201,33585.37,
2026-09-12T13:48:23.634833+00:00,201,73675.71,
2026-09-12T13:48:12.626493+00:00,201,84694.37,
2026-09-12T13:49:26.953509+00:00,201,10378.24,
2026-09-12T13:49:21.261072+00:00,201,16083.14,
2026-09-12T13:49:07.829946+00:00,201,29517.14,
2026-09-12T13:47:44.876458+00:00,201,112510.35,
2026-09-12T13:48:19.180954+00:00,201,78228.01,
2026-09-12T13:49:10.332141+00:00,201,27106.18,
2026-09-12T13:48:49.838665+00:00,201,47610.66,
2026-09-12T13:48:29.468791+00:00,201,68050.75,
2026-09-12T13:48:26.780790+00:00,201,70794.72,
2026-09-12T13:48:35.163954+00:00,201,62435.4,
2026-09-12T13:48:38.351811+00:00,201,59259.77,
2026-09-12T13:48:00.829834+00:00,201,96807.75,
2026-09-12T13:48:37.475455+00:00,201,60176.2,
2026-09-12T13:48:40.722152+00:00,201,57001.07,
2026-09-12T13:48:03.171656+00:00,201,94578.82,
2026-09-12T13:49:24.616781+00:00,201,13148.2,
2026-09-12T13:48:47.748292+00:00,201,50026.97,
2026-09-12T13:49:24.300704+00:00,201,13517.91,
2026-09-12T13:49:22.140813+00:00,201,15696.89,
2026-09-12T13:49:24.303699+00:00,201,13595.64,
2026-09-12T13:48:15.668007+00:00,201,82255.44,
2026-09-12T13:48:30.578684+00:00,201,67351.11,
2026-09-12T13:47:57.630468+00:00,201,100350.04,
2026-09-12T13:49:03.124919+00:00,201,34951.45,
2026-09-12T13:48:40.317730+00:00,201,57788.2,
2026-09-12T13:47:53.875195+00:00,201,104262.88,
2026-09-12T13:49:29.291048+00:00,201,8866.26,
2026-09-12T13:49:17.672540+00:00,201,20496.63,
2026-09-12T13:49:30.291708+00:00,201,7950.33,
2026-09-12T13:48:11.568148+00:00,201,86735.61,
2026-09-12T13:48:20.797513+00:00,201,77519.65,
2026-09-12T13:49:04.908464+00:00,201,33431.66,
2026-09-12T13:49:29.946303+00:00,201,8413.99,
2026-09-12T13:48:15.074504+00:00,201,83321.56,
2026-09-12T13:49:10.550206+00:00,201,27882.02,
2026-09-12T13:48:50.600300+00:00,201,47863.52,
2026-09-12T13:48:58.407209+00:00,201,40066.85,
2026-09-12T13:48:19.233476+00:00,201,79252.78,
2026-09-12T13:48:25.829138+00:00,201,72725.31,
2026-09-12T13:49:37.899526+00:00,201,676.05,
2026-09-12T13:49:14.536185+00:00,201,24131.39,
2026-09-12T13:48:20.087776+00:00,201,78584.63,
2026-09-12T13:48:46.472739+00:00,201,52209.18,
2026-09-12T13:49:33.507830+00:00,201,5185.83,
2026-09-12T13:48:54.229448+00:00,201,44514.57,
2026-09-12T13:48:41.204035+00:00,201,57578.46,
2026-09-12T13:48:59.036199+00:00,201,39787.8,
2026-09-12T13:48:55.316288+00:00,201,43658.05,
2026-09-12T13:48:20.551174+00:00,201,78426.42,
2026-09-12T13:49:00.776327+00:00,201,38221.37,
2026-09-12T13:49:32.674339+00:00,201,6348.03,
2026-09-12T13:49:31.007719+00:00,201,8034.9,
2026-09-12T13:48:18.973727+00:00,201,80077.15,
2026-09-12T13:49:35.485629+00:00,201,3596.88,
2026-09-12T13:48:57.725062+00:00,201,41375.21,
2026-09-12T13:49:12.253925+00:00,201,26872.16,
2026-09-12T13:48:25.896910+00:00,201,73247.87,
2026-09-12T13:47:59.987132+00:00,201,99161.14,
2026-09-12T13:49:16.343163+00:00,201,22816.24,
2026-09-12T13:48:24.852494+00:00,201,74321.74,
2026-09-12T13:48:55.460662+00:00,201,43778.0,
2026-09-12T13:49:12.035845+00:00,201,27223.2,
2026-09-12T13:48:59.115283+00:00,201,40157.88,
2026-09-12T13:48:23.057373+00:00,201,76256.33,
2026-09-12T13:48:49.082653+00:00,201,50274.79,
2026-09-12T13:47:52.982014+00:00,201,106431.46,
2026-09-12T13:48:56.613972+00:00,201,42873.44,
2026-09-12T13:48:06.338050+00:00,201,93160.33,
2026-09-12T13:49:16.489492+00:00,201,23052.53,
2026-09-12T13:49:36.161714+00:00,201,3388.63,
2026-09-12T13:48:50.209617+00:00,201,49402.44,
2026-09-12T13:49:38.974462+00:00,201,643.32,
2026-09-12T13:49:38.977683+00:00,201,711.32,
2026-09-12T13:48:44.245902+00:00,201,55475.54,
2026-09-12T13:48:50.816543+00:00,201,48996.6,
2026-09-12T13:49:05.625598+00:00,201,34221.96,
2026-09-12T13:48:26.940361+00:00,201,72926.32,
2026-09-12T13:49:16.792217+00:00,201,23113.69,
2026-09-12T13:49:28.831981+00:00,201,11079.18,
2026-09-12T13:49:25.124906+00:00,201,14807.03,
2026-09-12T13:49:31.435027+00:00,201,8502.06,
2026-09-12T13:49:18.230957+00:00,201,21748.54,
2026-09-12T13:49:23.964607+00:00,201,16025.09,
2026-09-12T13:48:56.256890+00:00,201,43855.5,
2026-09-12T13:48:30.713271+00:00,201,69411.66,
2026-09-12T13:48:37.085063+00:00,201,63058.5,
2026-09-12T13:48:21.200144+00:00,201,78950.46,
2026-09-12T13:47:53.245549+00:00,201,106908.15,
2026-09-12T13:47:48.795230+00:00,201,111407.9,
2026-09-12T13:49:16.679132+00:00,201,23550.16,
2026-09-12T13:48:06.321659+00:00,201,93927.22,
2026-09-12T13:49:21.956681+00:00,201,18305.86,
2026-09-12T13:49:21.944784+00:00,201,18363.83,
2026-09-12T13:48:18.960885+00:00,201,81374.06,
2026-09-12T13:48:23.593118+00:00,201,76745.91,
2026-09-12T13:48:59.057375+00:00,201,41284.32,
2026-09-12T13:49:34.796585+00:00,201,5594.99,
2026-09-12T13:48:57.231836+00:00,201,43190.94,
2026-09-12T13:48:42.293793+00:00,201,58163.03,
2026-09-12T13:48:17.781139+00:00,201,82719.27,
2026-09-12T13:48:43.681843+00:00,201,56837.45,
2026-09-12T13:49:11.372863+00:00,201,29184.67,
2026-09-12T13:48:48.979703+00:00,201,51633.13,
2026-09-12T13:48:58.533637+00:00,201,42134.84,
2026-09-12T13:48:50.947300+00:00,201,49754.16,
2026-09-12T13:47:43.472986+00:00,201,117249.76,
2026-09-12T13:47:53.282782+00:00,201,107482.47,
2026-09-12T13:49:09.380823+00:00,201,31493.29,
2026-09-12T13:48:32.843965+00:00,201,68035.68,
2026-09-12T13:48:54.409377+00:00,201,46480.52,
2026-09-12T13:48:56.508772+00:00,201,44416.09,
2026-09-12T13:48:21.244626+00:00,201,79747.13,
2026-09-12T13:48:21.186220+00:00,201,79847.2,
2026-09-12T13:48:31.183652+00:00,201,69908.12,
2026-09-12T13:49:25.238006+00:00,201,15862.39,
2026-09-12T13:49:19.906001+00:00,201,21212.4,
2026-09-12T13:48:33.898768+00:00,201,67221.58,
2026-09-12T13:49:17.596769+00:00,201,23536.99,
2026-09-12T13:49:16.682125+00:00,201,24457.87,
2026-09-12T13:49:31.106669+00:00,201,10088.46,
2026-09-12T13:49:21.039732+00:00,201,20158.6,
2026-09-12T13:48:50.842582+00:00,201,50368.92,
2026-09-12T13:48:32.969904+00:00,201,68248.11,
2026-09-12T13:48:41.184988+00:00,201,60036.2,
2026-09-12T13:48:28.207841+00:00,201,73026.08,
2026-09-12T13:48:35.673547+00:00,201,65597.03,
2026-09-12T13:48:55.835546+00:00,201,45448.54,
2026-09-12T13:49:35.405978+00:00,201,5896.12,
2026-09-12T13:49:27.982211+00:00,201,13345.7,
2026-09-12T13:48:48.465093+00:00,201,52865.74,
2026-09-12T13:49:16.193581+00:00,201,25140.0,
2026-09-12T13:49:38.554566+00:00,201,2789.45,
2026-09-12T13:48:21.855796+00:00,201,79498.79,
2026-09-12T13:48:30.542876+00:00,201,70836.36,
2026-09-12T13:48:44.309933+00:00,201,57103.64,
2026-09-12T13:49:22.359648+00:00,201,19081.29,
2026-09-12T13:48:23.734912+00:00,201,77720.96,
2026-09-12T13:48:19.646069+00:00,201,81839.56,
2026-09-12T13:49:23.861636+00:00,201,17672.63,
2026-09-12T13:48:27.567946+00:00,201,74002.02,
2026-09-12T13:48:38.342302+00:00,201,63241.86,
2026-09-12T13:48:50.417939+00:00,201,51202.0,
2026-09-12T13:48:23.983131+00:00,201,77689.91,
2026-09-12T13:49:04.483018+00:00,201,37192.61,
2026-09-12T13:49:34.296095+00:00,201,7381.9,
2026-09-12T13:48:25.341491+00:00,201,76341.14,
2026-09-12T13:49:32.703546+00:00,201,9026.39,
2026-09-12T13:49:27.317298+00:00,201,14452.99,
2026-09-12T13:48:14.900761+00:00,201,86926.12,
2026-09-12T13:49:13.220513+00:00,201,28636.97,
2026-09-12T13:49:41.455980+00:00,201,414.14,
2026-09-12T13:48:13.095964+00:00,201,88796.43,
2026-09-12T13:48:35.074892+00:00,201,66864.89,
2026-09-12T13:49:33.511243+00:00,201,8430.75,
2026-09-12T13:49:23.169158+00:00,201,18778.88,
2026-09-12T13:48:20.563111+00:00,201,81424.53,
2026-09-12T13:48:43.364023+00:00,201,58631.98,
2026-09-12T13:48:25.450381+00:00,201,76550.74,
2026-09-12T13:49:24.890735+00:00,201,17115.14,
2026-09-12T13:48:51.111854+00:00,201,50901.51,
2026-09-12T13:48:55.881286+00:00,201,46164.69,
2026-09-12T13:49:30.409392+00:00,201,11670.55,
2026-09-12T13:48:56.776424+00:00,201,45328.04,
2026-09-12T13:47:50.829311+00:00,201,111284.57,
2026-09-12T13:49:23.567357+00:00,201,18566.98,
2026-09-12T13:48:34.097476+00:00,201,68057.85,
2026-09-12T13:48:12.505689+00:00,201,89660.48,
2026-09-12T13:48:21.398273+00:00,201,80785.62,
2026-09-12T13:49:21.656118+00:00,201,20535.32,
2026-09-12T13:48:28.108302+00:00,201,74119.09,
2026-09-12T13:49:32.962179+00:00,201,9270.61,
2026-09-12T13:48:30.986860+00:00,201,71305.19,
2026-09-12T13:49:41.827028+00:00,201,474.12,
2026-09-12T13:48:43.117700+00:00,201,59226.61,
2026-09-12T13:48:47.736631+00:00,201,54654.97,
2026-09-12T13:49:21.369857+00:00,201,21051.07,
2026-09-12T13:48:33.851125+00:00,201,68579.46,
2026-09-12T13:49:09.397175+00:00,201,33050.17,
2026-09-12T13:48:23.018762+00:00,201,79467.11,
2026-09-12T13:48:57.389850+00:00,201,45115.05,
2026-09-12T13:49:27.059143+00:00,201,15466.52,
2026-09-12T13:48:21.915324+00:00,201,80627.83,
2026-09-12T13:49:24.086605+00:00,201,18477.77,
2026-09-12T13:49:30.601121+00:00,201,11975.67,
2026-09-12T13:49:09.929844+00:00,201,32660.32,
2026-09-12T13:49:10.634914+00:00,201,31965.37,
2026-09-12T13:48:48.214738+00:00,201,54432.24,
2026-09-12T13:49:12.903737+00:00,201,29752.57,
2026-09-12T13:48:00.617718+00:00,201,102048.33,
2026-09-12T13:49:01.128953+00:00,201,41564.58,
2026-09-12T13:48:39.185501+00:00,201,63515.15,
2026-09-12T13:48:45.002817+00:00,201,57732.29,
2026-09-12T13:49:27.963018+00:00,201,14798.7,
2026-09-12T13:48:14.746288+00:00,201,88040.21,
2026-09-12T13:49:09.511053+00:00,201,33293.22,
2026-09-12T13:47:49.260403+00:00,201,113555.72,
2026-09-12T13:49:10.621867+00:00,201,32197.77,
2026-09-12T13:48:35.129805+00:00,201,67706.97,
2026-09-12T13:48:48.474628+00:00,201,54370.25,
2026-09-12T13:48:03.602303+00:00,201,99256.41,
2026-09-12T13:49:42.485986+00:00,201,461.08,
2026-09-12T13:48:41.771043+00:00,201,61195.9,
2026-09-12T13:49:26.598857+00:00,201,16383.63,
2026-09-12T13:48:29.881485+00:00,201,73106.58,
2026-09-12T13:49:13.419683+00:00,201,29574.11,
2026-09-12T13:48:48.295430+00:00,201,54701.23,
2026-09-12T13:49:27.621589+00:00,201,15377.68,
2026-09-12T13:48:27.999726+00:00,201,75004.95,
2026-09-12T13:48:41.027848+00:00,201,61995.85,
2026-09-12T13:49:11.352385+00:00,201,31679.41,
2026-09-12T13:49:42.590281+00:00,201,457.41,
2026-09-12T13:48:25.676086+00:00,201,77373.36,
2026-09-12T13:49:29.121629+00:00,201,13945.85,
2026-09-12T13:49:14.438407+00:00,201,28686.61,
2026-09-12T13:49:33.459284+00:00,201,9682.67,
2026-09-12T13:48:22.591567+00:00,201,80555.07,
2026-09-12T13:49:33.366649+00:00,201,9788.36,
2026-09-12T13:48:27.004587+00:00,201,76178.25,
2026-09-12T13:48:29.693722+00:00,201,73535.4,
2026-09-12T13:49:03.997615+00:00,201,39276.47,
2026-09-12T13:49:28.691922+00:00,201,14589.09,
2026-09-12T13:49:06.376940+00:00,201,36911.13,
2026-09-12T13:48:48.294416+00:00,201,55004.94,
2026-09-12T13:48:25.458049+00:00,201,77846.77,
2026-09-12T13:48:29.909640+00:00,201,73408.39,
2026-09-12T13:49:12.260356+00:00,201,31081.02,
2026-09-12T13:48:20.967751+00:00,201,82426.93,
2026-09-12T13:49:28.784223+00:00,201,14613.42,
2026-09-12T13:49:40.879761+00:00,201,2519.69,
2026-09-12T13:49:28.844142+00:00,201,14590.26,
2026-09-12T13:48:24.550759+00:00,201,78924.7,
2026-09-12T13:49:42.600593+00:00,201,917.09,
2026-09-12T13:49:41.584265+00:00,201,1964.7,
2026-09-12T13:48:58.573278+00:00,201,45029.36,
2026-09-12T13:49:12.459583+00:00,201,31164.03,
2026-09-12T13:48:02.820546+00:00,201,100870.6,
2026-09-12T13:49:36.025848+00:00,201,7668.98,
2026-09-12T13:48:25.890952+00:00,201,77814.75,
2026-09-12T13:49:37.310674+00:00,201,6424.2,
2026-09-12T13:49:40.874231+00:00,201,2925.92,
2026-09-12T13:49:39.612183+00:00,201,4222.28,
2026-09-12T13:48:58.270083+00:00,201,45568.0,
2026-09-12T13:49:02.260497+00:00,201,41597.12,
2026-09-12T13:49:38.396207+00:00,201,5482.28,
2026-09-12T13:49:40.889995+00:00,201,2994.01,
2026-09-12T13:48:21.306368+00:00,201,82579.55,
2026-09-12T13:47:47.865091+00:00,201,116027.48,
2026-09-12T13:48:33.028120+00:00,201,70870.47,
2026-09-12T13:49:14.119611+00:00,201,29818.57,
2026-09-12T13:48:41.398782+00:00,201,62547.2,
2026-09-12T13:48:21.042115+00:00,201,82924.39,
2026-09-12T13:48:56.146096+00:00,201,47824.54,
2026-09-12T13:49:20.327131+00:00,201,23677.61,
2026-09-12T13:49:17.565165+00:00,201,26446.79,
2026-09-12T13:49:43.602758+00:00,201,418.24,
2026-09-12T13:49:39.813278+00:00,201,4219.53,
2026-09-12T13:48:34.277916+00:00,201,69825.95,
2026-09-12T13:48:51.147026+00:00,201,52976.19,
2026-09-12T13:49:37.651744+00:00,201,6520.47,
2026-09-12T13:49:43.800411+00:00,201,391.36,
2026-09-12T13:49:35.032640+00:00,201,9181.67,
2026-09-12T13:49:33.870868+00:00,201,10358.05,
2026-09-12T13:49:10.641057+00:00,201,33677.0,
2026-09-12T13:49:10.808046+00:00,201,33555.54,
2026-09-12T13:48:46.592241+00:00,201,57780.12,
2026-09-12T13:49:02.626192+00:00,201,41752.48,
2026-09-12T13:48:19.868127+00:00,201,84525.32,
2026-09-12T13:49:25.687592+00:00,201,18709.35,
2026-09-12T13:48:20.161415+00:00,201,84239.87,
2026-09-12T13:48:23.899826+00:00,201,80533.65,
2026-09-12T13:49:06.611865+00:00,201,37854.73,
2026-09-12T13:49:36.919833+00:00,201,7556.2,
2026-09-12T13:48:21.509920+00:00,201,82996.72,
2026-09-12T13:48:45.668009+00:00,201,58843.03,
2026-09-12T13:48:56.335605+00:00,201,48178.43,
2026-09-12T13:49:05.922043+00:00,201,38594.51,
2026-09-12T13:49:04.972750+00:00,201,39554.37,
2026-09-12T13:49:20.155532+00:00,201,24388.93,
2026-09-12T13:48:05.880333+00:00,201,98720.64,
2026-09-12T13:48:37.056129+00:00,201,67597.67,
2026-09-12T13:49:28.736249+00:00,201,15927.24,
2026-09-12T13:48:26.924276+00:00,201,77747.06,
2026-09-12T13:47:59.150039+00:00,201,105526.59,
2026-09-12T13:48:05.911660+00:00,201,98773.1,
2026-09-12T13:49:22.056908+00:00,201,22633.0,
2026-09-12T13:49:23.046308+00:00,201,21672.58,
2026-09-12T13:48:54.225164+00:00,201,50530.91,
2026-09-12T13:49:18.920398+00:00,201,25889.41,
2026-09-12T13:49:34.355011+00:00,201,10471.69,
2026-09-12T13:48:01.077245+00:00,201,103752.43,
2026-09-12T13:48:42.300930+00:00,201,62534.57,
2026-09-12T13:48:25.488891+00:00,201,79384.07,
2026-09-12T13:49:11.825670+00:00,201,33089.22,
2026-09-12T13:48:42.434715+00:00,201,62532.67,
2026-09-12T13:49:24.104622+00:00,201,20880.93,
2026-09-12T13:48:22.872238+00:00,201,82126.34,
2026-09-12T13:48:24.862501+00:00,201,80158.46,
2026-09-12T13:48:04.968755+00:00,201,100069.73,
2026-09-12T13:48:29.752747+00:00,201,75292.47,
2026-09-12T13:48:54.194157+00:00,201,50854.19,
2026-09-12T13:49:34.971013+00:00,201,10084.99,
2026-09-12T13:49:24.549631+00:00,201,20528.69,
2026-09-12T13:49:40.701639+00:00,201,4391.65,
2026-09-12T13:48:22.367826+00:00,201,82760.47,
2026-09-12T13:48:50.925796+00:00,201,54209.53,
2026-09-12T13:49:33.880554+00:00,201,11294.83,
2026-09-12T13:49:05.291486+00:00,201,39919.86,
2026-09-12T13:48:21.289158+00:00,201,83928.88,
2026-09-12T13:48:58.987140+00:00,201,46235.59,
2026-09-12T13:49:36.169153+00:00,201,9065.93,
2026-09-12T13:48:40.046031+00:00,201,65204.35,
2026-09-12T13:49:01.784858+00:00,201,43487.51,
2026-09-12T13:48:32.979543+00:00,201,72316.12,
2026-09-12T13:48:55.311996+00:00,201,50021.44,
2026-09-12T13:49:10.714608+00:00,201,34682.27,
2026-09-12T13:49:20.685900+00:00,201,24745.82,
2026-09-12T13:48:21.381059+00:00,201,84070.19,
2026-09-12T13:49:31.832523+00:00,201,13633.95,
2026-09-12T13:48:20.495881+00:00,201,84974.73,
2026-09-12T13:49:40.924989+00:00,201,4568.72,
2026-09-12T13:48:08.229356+00:00,201,97269.82,
2026-09-12T13:48:22.908705+00:00,201,82655.71,
2026-09-12T13:48:37.689588+00:00,201,67930.9,
2026-09-12T13:49:04.571611+00:00,201,41059.37,
2026-09-12T13:48:41.168831+00:00,201,64476.22,
2026-09-12T13:48:13.632599+00:00,201,92021.93,
2026-09-12T13:48:50.426233+00:00,201,55247.0,
2026-09-12T13:49:39.313946+00:00,201,6372.91,
2026-09-12T13:49:22.189810+00:00,201,23502.65,
2026-09-12T13:49:27.899731+00:00,201,17812.07,
2026-09-12T13:49:30.386116+00:00,201,15327.31,
2026-09-12T13:48:44.680055+00:00,201,61050.6,
2026-09-12T13:49:23.504874+00:00,201,22243.93,
2026-09-12T13:48:18.648954+00:00,201,87105.21,
2026-09-12T13:49:40.341768+00:00,201,5416.69,
2026-09-12T13:49:36.060184+00:00,201,9728.89,
2026-09-12T13:49:30.760531+00:00,201,15075.82,
2026-09-12T13:48:21.009218+00:00,201,84864.56,
2026-09-12T13:49:10.647491+00:00,201,35235.34,
2026-09-12T13:48:21.841974+00:00,201,84124.89,
2026-09-12T13:48:15.610631+00:00,201,90365.17,
2026-09-12T13:48:51.494358+00:00,201,54511.33,
2026-09-12T13:48:53.771876+00:00,201,52236.29,
2026-09-12T13:48:49.078875+00:00,201,56940.1,
2026-09-12T13:48:54.596586+00:00,201,51491.19,
2026-09-12T13:48:51.183145+00:00,201,54925.3,
2026-09-12T13:49:18.487691+00:00,201,27658.37,
2026-09-12T13:48:07.320016+00:00,201,98832.53,
2026-09-12T13:49:32.104495+00:00,201,14106.84,
2026-09-12T13:49:43.549085+00:00,201,2664.1,
2026-09-12T13:49:35.812038+00:00,201,10404.57,
2026-09-12T13:48:24.878652+00:00,201,81358.35,
2026-09-12T13:49:33.896820+00:00,201,12345.66,
2026-09-12T13:48:55.196122+00:00,201,51062.2,
2026-09-12T13:48:34.259022+00:00,201,72016.14,
2026-09-12T13:48:29.353984+00:00,201,76925.4,
2026-09-12T13:49:32.400737+00:00,201,13896.88,
2026-09-12T13:49:13.268484+00:00,201,33038.5,
2026-09-12T13:48:46.831548+00:00,201,59484.71,
2026-09-12T13:49:38.682061+00:00,201,7639.52,
2026-09-12T13:48:42.760947+00:00,201,63574.31,
2026-09-12T13:49:33.278683+00:00,201,13105.83,
2026-09-12T13:49:39.050993+00:00,201,7342.99,
2026-09-12T13:48:54.238467+00:00,201,52165.2,
2026-09-12T13:49:43.705841+00:00,201,2719.43,
2026-09-12T13:49:40.339109+00:00,201,6165.32,
2026-09-12T13:49:06.120864+00:00,201,40402.82,
2026-09-12T13:49:08.216168+00:00,201,38345.71,
2026-09-12T13:49:31.449167+00:00,201,15127.07,
2026-09-12T13:49:15.372363+00:00,201,31217.64,
2026-09-12T13:47:48.974103+00:00,201,117636.81,
2026-09-12T13:48:32.932571+00:00,201,73682.68,
2026-09-12T13:48:51.311323+00:00,201,55308.0,
2026-09-12T13:49:03.790632+00:00,201,42857.71,
2026-09-12T13:49:25.835644+00:00,201,20821.83,
2026-09-12T13:48:28.912852+00:00,201,77748.29,
2026-09-12T13:49:10.496802+00:00,201,36189.61,
2026-09-12T13:49:37.038377+00:00,201,9656.72,
2026-09-12T13:48:20.962823+00:00,201,85742.2,
2026-09-12T13:49:09.250554+00:00,201,37467.32,
2026-09-12T13:49:42.988173+00:00,201,3762.34,
2026-09-12T13:49:10.530673+00:00,201,36257.56,
2026-09-12T13:48:42.662496+00:00,201,64143.99,
2026-09-12T13:49:22.542100+00:00,201,24290.3,
2026-09-12T13:49:09.465795+00:00,201,37413.38,
2026-09-12T13:48:57.637017+00:00,201,49253.72,
2026-09-12T13:48:40.403082+00:00,201,66500.11,
2026-09-12T13:48:33.544465+00:00,201,73368.53,
2026-09-12T13:49:33.336991+00:00,201,13586.64,
2026-09-12T13:47:43.255738+00:00,201,123680.56,
2026-09-12T13:49:34.298264+00:00,201,12644.14,
2026-09-12T13:48:26.755061+00:00,201,80200.7,
2026-09-12T13:48:34.062116+00:00,201,72940.62,
2026-09-12T13:49:02.560393+00:00,201,44456.02,
2026-09-12T13:49:26.914396+00:00,201,20104.76,
2026-09-12T13:48:17.627808+00:00,201,89396.35,
2026-09-12T13:48:29.914231+00:00,201,77211.44,
2026-09-12T13:48:38.432581+00:00,201,68694.93,
2026-09-12T13:49:07.499577+00:00,201,39665.01,
2026-09-12T13:49:34.441687+00:00,201,12753.24,
2026-09-12T13:49:03.427696+00:00,201,43798.79,
2026-09-12T13:48:50.229362+00:00,201,57012.21,
2026-09-12T13:49:43.229423+00:00,201,4016.37,
2026-09-12T13:49:04.002483+00:00,201,43250.87,
2026-09-12T13:48:23.933805+00:00,201,83323.57,
2026-09-12T13:48:18.628951+00:00,201,88659.89,
2026-09-12T13:49:06.539853+00:00,201,40759.97,
2026-09-12T13:49:24.693509+00:00,201,22624.51,
2026-09-12T13:49:17.829079+00:00,201,29490.78,
2026-09-12T13:48:13.620496+00:00,201,93726.95,
2026-09-12T13:48:28.435923+00:00,201,78930.33,
2026-09-12T13:48:43.403277+00:00,201,63968.46,
2026-09-12T13:49:22.404464+00:00,201,24973.55,
2026-09-12T13:49:22.919047+00:00,201,24468.66,
2026-09-12T13:49:42.564604+00:00,201,4859.54,
2026-09-12T13:48:25.369823+00:00,201,82077.61,
2026-09-12T13:49:31.404755+00:00,201,16052.05,
2026-09-12T13:48:06.395651+00:00,201,101087.0,
2026-09-12T13:49:10.793954+00:00,201,36698.4,
2026-09-12T13:49:47.125784+00:00,201,385.85,
2026-09-12T13:49:36.421982+00:00,201,11124.22,
2026-09-12T13:48:31.952663+00:00,201,75615.9,
2026-09-12T13:48:27.698210+00:00,201,79890.81,
2026-09-12T13:48:04.861885+00:00,201,102731.95,
2026-09-12T13:48:54.413772+00:00,201,53183.78,
2026-09-12T13:49:27.464009+00:00,201,20176.51,
2026-09-12T13:49:43.281114+00:00,201,4380.42,
2026-09-12T13:49:44.103972+00:00,201,3565.24,
2026-09-12T13:49:23.408014+00:00,201,24264.31,
2026-09-12T13:49:07.690725+00:00,201,39984.44,
2026-09-12T13:48:05.965854+00:00,201,101726.48,
2026-09-12T13:48:33.008533+00:00,201,74734.16,
2026-09-12T13:48:04.173859+00:00,201,103606.46,
2026-09-12T13:48:15.050690+00:00,201,92737.83,
2026-09-12T13:48:35.936954+00:00,201,71861.89,
2026-09-12T13:48:34.114847+00:00,201,73686.51,
2026-09-12T13:48:27.759904+00:00,201,80070.73,
2026-09-12T13:49:35.580835+00:00,201,12298.44,
2026-09-12T13:49:06.867092+00:00,201,41031.06,
2026-09-12T13:49:47.511760+00:00,201,394.93,
2026-09-12T13:48:48.793067+00:00,201,59137.88,
2026-09-12T13:49:20.137562+00:00,201,27806.17,
2026-09-12T13:49:24.212471+00:00,201,23763.01,
2026-09-12T13:48:14.035942+00:00,201,93949.53,
2026-09-12T13:47:59.591860+00:00,201,108411.27,
2026-09-12T13:48:56.057712+00:00,201,51974.61,
2026-09-12T13:49:43.397727+00:00,201,4642.31,
2026-09-12T13:48:23.959153+00:00,201,84120.48,
2026-09-12T13:49:28.071597+00:00,201,20049.69,
2026-09-12T13:47:53.643984+00:00,201,114482.43,
2026-09-12T13:48:16.094662+00:00,201,92040.31,
2026-09-12T13:49:26.486128+00:00,201,21664.96,
2026-09-12T13:49:46.275286+00:00,201,1880.73,
2026-09-12T13:48:08.221796+00:00,201,99942.92,
2026-09-12T13:49:16.505848+00:00,201,31690.65,
2026-09-12T13:49:07.918605+00:00,201,40281.1,
2026-09-12T13:49:13.337742+00:00,201,34936.45,
2026-09-12T13:49:33.082604+00:00,201,15210.92,
2026-09-12T13:49:17.999656+00:00,201,30298.27,
2026-09-12T13:49:34.387012+00:00,201,13930.94,
2026-09-12T13:48:59.999627+00:00,201,48328.59,
2026-09-12T13:49:32.648273+00:00,201,15687.31,
2026-09-12T13:48:57.972161+00:00,201,50372.44,
2026-09-12T13:49:40.722880+00:00,201,7640.09,
2026-09-12T13:49:18.093871+00:00,201,30291.93,
2026-09-12T13:49:28.304411+00:00,201,20084.34,
2026-09-12T13:48:19.718909+00:00,201,88751.08,
2026-09-12T13:49:07.809267+00:00,201,40672.28,
2026-09-12T13:49:44.671435+00:00,201,3853.61,
2026-09-12T13:48:56.218293+00:00,201,52331.46,
2026-09-12T13:49:42.858828+00:00,201,5716.75,
2026-09-12T13:49:22.264804+00:00,201,26339.0,
2026-09-12T13:49:05.859661+00:00,201,42751.3,
2026-09-12T13:49:35.472284+00:00,201,13189.17,
2026-09-12T13:49:46.087908+00:00,201,2583.14,
2026-09-12T13:49:21.585414+00:00,201,27111.88,
2026-09-12T13:48:34.766179+00:00,201,73975.41,
2026-09-12T13:48:19.754907+00:00,201,89007.09,
2026-09-12T13:49:29.384364+00:00,201,19385.77,
2026-09-12T13:48:51.531529+00:00,201,57243.47,
2026-09-12T13:48:44.112586+00:00,201,64673.91,
2026-09-12T13:48:06.370468+00:00,201,102424.8,
2026-09-12T13:48:23.698198+00:00,201,85110.68,
2026-09-12T13:48:46.997100+00:00,201,61834.16,
2026-09-12T13:49:25.555173+00:00,201,23287.21,
2026-09-12T13:49:15.064588+00:00,201,33807.6,
2026-09-12T13:49:48.481979+00:00,201,392.07,
2026-09-12T13:49:43.886016+00:00,201,5019.28,
2026-09-12T13:48:27.685784+00:00,201,81229.49,
2026-09-12T13:49:39.866798+00:00,201,9094.69,
2026-09-12T13:49:25.873800+00:00,201,23120.02,
2026-09-12T13:49:32.033103+00:00,201,17016.53,
2026-09-12T13:49:46.718089+00:00,201,2364.96,
2026-09-12T13:49:48.661574+00:00,201,449.96,
2026-09-12T13:49:27.497119+00:00,201,21625.98,
2026-09-12T13:49:31.551205+00:00,201,17584.03,
2026-09-12T13:49:06.000366+00:00,201,43159.87,
2026-09-12T13:48:53.802916+00:00,201,55375.23,
2026-09-12T13:48:24.837122+00:00,201,84354.96,
2026-09-12T13:49:41.270766+00:00,201,7937.87,
2026-09-12T13:49:03.153651+00:00,201,46130.04,
2026-09-12T13:49:37.409067+00:00,201,11893.23,
2026-09-12T13:48:39.056239+00:00,201,70255.04,
2026-09-12T13:49:24.906847+00:00,201,24406.25,
2026-09-12T13:48:20.170048+00:00,201,89144.79,
2026-09-12T13:49:04.758530+00:00,201,44561.55,
2026-09-12T13:49:39.487534+00:00,201,9846.61,
2026-09-12T13:49:31.184962+00:00,201,18165.83,
2026-09-12T13:49:46.705312+00:00,201,2647.52,
2026-09-12T13:47:50.230723+00:00,201,119125.83,
2026-09-12T13:49:23.373900+00:00,201,25996.7,
2026-09-12T13:48:48.327893+00:00,201,61050.92,
2026-09-12T13:49:34.398735+00:00,201,15004.48,
2026-09-12T13:48:00.389932+00:00,201,109015.04,
2026-09-12T13:48:13.997431+00:00,201,95411.01,
2026-09-12T13:48:04.469965+00:00,201,104940.89,
2026-09-12T13:49:27.051134+00:00,201,22367.34,
2026-09-12T13:49:14.916602+00:00,201,34504.14,
2026-09-12T13:47:52.221434+00:00,201,117210.77,
2026-09-12T13:49:17.497327+00:00,201,32004.35,
2026-09-12T13:49:40.143654+00:00,201,9418.19,
2026-09-12T13:48:38.702090+00:00,201,70886.66,
2026-09-12T13:49:13.382782+00:00,201,36336.31,
2026-09-12T13:48:25.666439+00:00,201,84089.67,
2026-09-12T13:48:39.184222+00:00,201,70625.18,
2026-09-12T13:48:50.981944+00:00,201,58835.16,
2026-09-12T13:49:08.318187+00:00,201,41519.01,
2026-09-12T13:49:37.775367+00:00,201,12066.43,
2026-09-12T13:48:44.198347+00:00,201,65660.44,
2026-09-12T13:48:13.200348+00:00,201,96669.81,
2026-09-12T13:49:42.735443+00:00,201,7213.87,
2026-09-12T13:49:23.520027+00:00,201,26436.14,
2026-09-12T13:48:28.081089+00:00,201,81887.11,
2026-09-12T13:49:36.742874+00:00,201,13234.81,
2026-09-12T13:47:59.615108+00:00,201,110423.09,
2026-09-12T13:49:18.751479+00:00,201,31301.53,
2026-09-12T13:49:29.371826+00:00,201,20691.54,
2026-09-12T13:49:36.966577+00:00,201,13102.78,
2026-09-12T13:48:42.591603+00:00,201,67497.36,
2026-09-12T13:48:32.805725+00:00,201,77285.51,
2026-09-12T13:49:14.690794+00:00,201,35409.62,
2026-09-12T13:49:36.508658+00:00,201,13599.54,
2026-09-12T13:49:33.486994+00:00,201,16650.67,
2026-09-12T13:48:04.140076+00:00,201,106024.27,
2026-09-12T13:49:36.086563+00:00,201,14098.02,
2026-09-12T13:49:24.668473+00:00,201,25578.88,
2026-09-12T13:49:30.258619+00:00,201,19997.34,
2026-09-12T13:49:32.729264+00:00,201,17535.03,
2026-09-12T13:49:08.583450+00:00,201,41690.93,
2026-09-12T13:49:29.649603+00:00,201,20668.88,
2026-09-12T13:49:43.966629+00:00,201,6355.25,
2026-09-12T13:48:56.497793+00:00,201,53838.03,
2026-09-12T13:47:50.179085+00:00,201,120184.95,
2026-09-12T13:48:15.153888+00:00,201,95220.39,
2026-09-12T13:49:21.408724+00:00,201,28967.34,
2026-09-12T13:49:14.565324+00:00,201,35831.99,
2026-09-12T13:48:55.184166+00:00,201,55233.15,
2026-09-12T13:48:50.771567+00:00,201,59669.41,
2026-09-12T13:49:47.931166+00:00,201,2511.53,
2026-09-12T13:49:30.955296+00:00,201,19492.64,
2026-09-12T13:49:35.971078+00:00,201,14500.27,
2026-09-12T13:47:46.602386+00:00,201,123889.9,
2026-09-12T13:48:43.669265+00:00,201,66835.35,
2026-09-12T13:49:48.470111+00:00,201,2050.6,
2026-09-12T13:48:24.760983+00:00,201,85780.82,
2026-09-12T13:49:31.523994+00:00,201,19022.66,
2026-09-12T13:49:35.059908+00:00,201,15496.62,
2026-09-12T13:49:45.211469+00:00,201,5365.55,
2026-09-12T13:49:02.277079+00:00,201,48321.28,
2026-09-12T13:48:07.855881+00:00,201,102794.64,
2026-09-12T13:49:37.055623+00:00,201,13608.24,
2026-09-12T13:49:04.547602+00:00,201,46119.78,
2026-09-12T13:49:39.126195+00:00,201,11549.85,
2026-09-12T13:48:54.586042+00:00,201,56104.62,
2026-09-12T13:48:56.468450+00:00,201,54225.73,
2026-09-12T13:48:03.112283+00:00,201,107675.2,
2026-09-12T13:49:41.996113+00:00,201,8840.65,
2026-09-12T13:48:58.404172+00:00,201,52466.57,
2026-09-12T13:49:39.932078+00:00,201,10949.54,
2026-09-12T13:48:37.281760+00:00,201,73601.83,
2026-09-12T13:48:21.068800+00:00,201,89816.5,
2026-09-12T13:49:47.387798+00:00,201,3499.15,
2026-09-12T13:49:13.692670+00:00,201,37195.92,
2026-09-12T13:48:52.830859+00:00,201,58059.56,
2026-09-12T13:49:02.589173+00:00,201,48311.38,
2026-09-12T13:48:23.866783+00:00,201,87037.86,
2026-09-12T13:49:24.187703+00:00,201,26725.54,
2026-09-12T13:49:02.950820+00:00,201,47991.39,
2026-09-12T13:49:03.448129+00:00,201,47529.5,
2026-09-12T13:48:59.560485+00:00,201,51434.0,
2026-09-12T13:48:56.438220+00:00,201,54561.43,
2026-09-12T13:49:19.328943+00:00,201,31672.96,
2026-09-12T13:49:03.370721+00:00,201,47672.37,
2026-09-12T13:48:25.878089+00:00,201,85263.1,
2026-09-12T13:48:23.884562+00:00,201,87277.47,
2026-09-12T13:48:21.037964+00:00,201,90142.59,
2026-09-12T13:49:23.349577+00:00,201,27838.91,
2026-09-12T13:49:18.336227+00:00,201,32855.56,
2026-09-12T13:49:15.342438+00:00,201,35907.08,
2026-09-12T13:48:11.728264+00:00,201,99543.86,
2026-09-12T13:49:44.021119+00:00,201,7255.62,
2026-09-12T13:49:35.103817+00:00,201,16185.82,
2026-09-12T13:48:22.916737+00:00,201,88374.77,
2026-09-12T13:49:00.820613+00:00,201,50479.22,
2026-09-12T13:48:20.739199+00:00,201,90568.01,
2026-09-12T13:49:46.403897+00:00,201,4905.23,
2026-09-12T13:48:24.049878+00:00,201,87320.53,
2026-09-12T13:48:12.581884+00:00,201,98818.3,
2026-09-12T13:48:44.302780+00:00,201,67099.66,
2026-09-12T13:49:08.495060+00:00,201,43080.51,
2026-09-12T13:49:38.782601+00:00,201,12797.74,
2026-09-12T13:49:29.566911+00:00,201,22021.06,
2026-09-12T13:48:22.948475+00:00,201,88655.71,
2026-09-12T13:49:29.632945+00:00,201,22012.42,
2026-09-12T13:48:21.026346+00:00,201,90622.32,
2026-09-12T13:48:32.201340+00:00,201,79475.29,
2026-09-12T13:49:49.356799+00:00,201,2341.27,
2026-09-12T13:49:31.391924+00:00,201,20311.33,
2026-09-12T13:49:14.706570+00:00,201,37006.5,
2026-09-12T13:48:20.308564+00:00,201,91411.26,
2026-09-12T13:49:33.207462+00:00,201,18590.71,
2026-09-12T13:49:43.341483+00:00,201,8473.63,
2026-09-12T13:49:16.895768+00:00,201,34932.06,
2026-09-12T13:49:03.699300+00:00,201,48158.54,
2026-09-12T13:49:38.106043+00:00,201,13800.52,
2026-09-12T13:49:31.855043+00:00,201,20058.12,
2026-09-12T13:48:49.088975+00:00,201,62829.59,
2026-09-12T13:48:03.441555+00:00,201,108484.96,
2026-09-12T13:49:46.504559+00:00,201,5442.52,
2026-09-12T13:48:30.193882+00:00,201,81782.43,
2026-09-12T13:49:03.610813+00:00,201,48375.16,
2026-09-12T13:49:28.798147+00:00,201,23202.71,
2026-09-12T13:49:32.577118+00:00,201,19451.82,
2026-09-12T13:48:44.631494+00:00,201,67402.95,
2026-09-12T13:49:23.648117+00:00,201,28420.65,
2026-09-12T13:48:07.852976+00:00,201,104228.33,
2026-09-12T13:48:20.131202+00:00,201,91957.84,
2026-09-12T13:48:13.031639+00:00,201,99063.26,
2026-09-12T13:49:35.822650+00:00,201,16302.2,
2026-09-12T13:49:01.122946+00:00,201,51019.01,
2026-09-12T13:48:57.968444+00:00,201,54192.85,
2026-09-12T13:49:43.394796+00:00,201,8792.77,
2026-09-12T13:48:22.426083+00:00,201,89764.64,
2026-09-12T13:49:36.219046+00:00,201,15980.88,
2026-09-12T13:48:21.311369+00:00,201,90932.0,
2026-09-12T13:48:57.310989+00:00,201,54951.47,
2026-09-12T13:49:30.603553+00:00,201,21698.85,
2026-09-12T13:49:08.569598+00:00,201,43736.31,
2026-09-12T13:48:21.581788+00:00,201,90728.04,
2026-09-12T13:49:40.153783+00:00,201,12185.04,
2026-09-12T13:49:01.803861+00:00,201,50551.33,
2026-09-12T13:49:45.493809+00:00,201,6867.93,
2026-09-12T13:49:06.135427+00:00,201,46242.29,
2026-09-12T13:48:33.828037+00:00,201,78637.52,
2026-09-12T13:48:47.765699+00:00,201,64705.24,
2026-09-12T13:49:18.694610+00:00,201,33825.19,
2026-09-12T13:48:21.919953+00:00,201,90608.56,
2026-09-12T13:47:58.265427+00:00,201,114286.43,
2026-09-12T13:49:33.390436+00:00,201,19171.51,
2026-09-12T13:49:29.450443+00:00,201,23115.46,
2026-09-12T13:49:42.786615+00:00,201,9803.08,
2026-09-12T13:48:20.988147+00:00,201,91613.73,
2026-09-12T13:49:35.975859+00:00,201,16696.7,
2026-09-12T13:48:29.663624+00:00,201,83012.3,
2026-09-12T13:48:20.254680+00:00,201,92502.3,
2026-09-12T13:49:06.268875+00:00,201,46531.15,
2026-09-12T13:49:28.036124+00:00,201,24781.28,
2026-09-12T13:49:20.651126+00:00,201,32204.81,
2026-09-12T13:49:44.397126+00:00,201,8466.57,
2026-09-12T13:49:30.636492+00:00,201,22233.52,
2026-09-12T13:49:34.001884+00:00,201,18877.58,
2026-09-12T13:49:21.621859+00:00,201,31271.4,
2026-09-12T13:49:13.072783+00:00,201,39824.61,
2026-09-12T13:49:09.411329+00:00,201,43508.86,
2026-09-12T13:49:14.222645+00:00,201,38714.53,
2026-09-12T13:48:41.637059+00:00,201,71308.48,
2026-09-12T13:48:47.914463+00:00,201,65078.45,
2026-09-12T13:49:46.335350+00:00,201,6700.48,
2026-09-12T13:49:31.830587+00:00,201,21221.03,
2026-09-12T13:49:21.634994+00:00,201,31457.24,
2026-09-12T13:48:25.093020+00:00,201,88053.07,
2026-09-12T13:49:15.712153+00:00,201,37461.83,
2026-09-12T13:48:07.307708+00:00,201,105874.37,
2026-09-12T13:49:20.728442+00:00,201,32458.43,
2026-09-12T13:49:31.014486+00:00,201,22175.47,
2026-09-12T13:48:46.247180+00:00,201,67011.64,
2026-09-12T13:49:00.637705+00:00,201,52634.33,
2026-09-12T13:49:38.667792+00:00,201,14619.97,
2026-09-12T13:49:47.002850+00:00,201,6294.95,
2026-09-12T13:49:50.546758+00:00,201,2752.88,
2026-09-12T13:48:30.064875+00:00,201,83268.66,
2026-09-12T13:49:23.455375+00:00,201,29891.66,
2026-09-12T13:48:08.230894+00:00,201,105182.95,
2026-09-12T13:48:56.473275+00:00,201,56952.77,
2026-09-12T13:47:55.133310+00:00,201,118300.58,
2026-09-12T13:48:35.031593+00:00,201,78427.37,
2026-09-12T13:49:32.976547+00:00,201,20495.46,
2026-09-12T13:49:22.100887+00:00,201,31379.25,
2026-09-12T13:48:12.712626+00:00,201,100779.34,
2026-09-12T13:49:12.957374+00:00,201,40559.05,
2026-09-12T13:49:39.100384+00:00,201,14475.4,
2026-09-12T13:49:19.122056+00:00,201,34462.4,
2026-09-12T13:49:08.452054+00:00,201,45134.23,
2026-09-12T13:48:34.392764+00:00,201,79196.24,
2026-09-12T13:48:47.087661+00:00,201,66546.19,
2026-09-12T13:49:15.845703+00:00,201,37819.05,
2026-09-12T13:48:42.339396+00:00,201,71359.61,
2026-09-12T13:48:21.300980+00:00,201,92438.63,
2026-09-12T13:48:47.479955+00:00,201,66263.27,
2026-09-12T13:49:12.263282+00:00,201,41514.52,
2026-09-12T13:49:42.430695+00:00,201,11430.97,
2026-09-12T13:48:29.528943+00:00,201,84336.33,
2026-09-12T13:48:28.144640+00:00,201,85738.58,
2026-09-12T13:48:36.600066+00:00,201,77294.71,
2026-09-12T13:48:36.156394+00:00,201,77752.98,
2026-09-12T13:48:26.988176+00:00,201,86939.09,
2026-09-12T13:48:39.765056+00:00,201,74199.59,
2026-09-12T13:49:50.471458+00:00,201,3499.84,
2026-09-12T13:49:34.436220+00:00,201,19539.52,
2026-09-12T13:48:23.046025+00:00,201,91016.48,
2026-09-12T13:49:37.015595+00:00,201,17081.37,
2026-09-12T13:49:32.050705+00:00,201,22101.06,
2026-09-12T13:49:50.376149+00:00,201,3841.53,
2026-09-12T13:49:06.829273+00:00,201,47400.35,
2026-09-12T13:48:38.709178+00:00,201,75530.45,
2026-09-12T13:49:13.027573+00:00,201,41219.11,
2026-09-12T13:49:18.425327+00:00,201,35834.2,
2026-09-12T13:49:43.318134+00:00,201,10971.04,
2026-09-12T13:49:34.780590+00:00,201,19511.54,
2026-09-12T13:48:12.449034+00:00,201,101851.69,
2026-09-12T13:49:35.269291+00:00,201,19049.35,
2026-09-12T13:47:45.181787+00:00,201,129144.72,
2026-09-12T13:48:39.257056+00:00,201,75074.91,
2026-09-12T13:49:32.147929+00:00,201,22240.12,
2026-09-12T13:49:21.785122+00:00,201,32623.37,
2026-09-12T13:48:22.743972+00:00,201,91740.43,
2026-09-12T13:49:47.879393+00:00,201,6669.32,
2026-09-12T13:49:35.457090+00:00,201,19127.01,
2026-09-12T13:49:15.224198+00:00,201,39378.0,
2026-09-12T13:49:04.404400+00:00,201,50216.0,
2026-09-12T13:48:42.105152+00:00,201,72523.31,
2026-09-12T13:49:51.191893+00:00,201,3439.05,
2026-09-12T13:49:12.075861+00:00,201,42571.66,
2026-09-12T13:49:11.837806+00:00,201,42813.32,
2026-09-12T13:48:29.843319+00:00,201,84822.21,
2026-09-12T13:48:34.249587+00:00,201,80422.12,
2026-09-12T13:49:39.979606+00:00,201,14709.75,
2026-09-12T13:49:06.140353+00:00,201,48643.49,
2026-09-12T13:48:00.743335+00:00,201,114097.75,
2026-09-12T13:49:30.506843+00:00,201,24338.27,
2026-09-12T13:49:04.574133+00:00,201,50277.05,
2026-09-12T13:49:42.804516+00:00,201,12062.12,
2026-09-12T13:49:24.312020+00:00,201,30573.34,
2026-09-12T13:47:52.963926+00:00,201,121980.52,
2026-09-12T13:49:36.040086+00:00,201,18917.46,
2026-09-12T13:49:18.882059+00:00,201,36115.19,
2026-09-12T13:48:00.371320+00:00,201,114639.0,
2026-09-12T13:49:54.484523+00:00,201,529.99,
2026-09-12T13:49:47.546323+00:00,201,7475.3,
2026-09-12T13:49:29.578395+00:00,201,25455.81,
2026-09-12T13:49:07.386970+00:00,201,47704.92,
2026-09-12T13:49:24.305319+00:00,201,30791.53,
2026-09-12T13:49:19.188239+00:00,201,35969.83,
2026-09-12T13:48:46.572289+00:00,201,68637.4,
2026-09-12T13:49:34.120459+00:00,201,21129.74,
2026-09-12T13:48:58.286616+00:00,201,57006.45,
2026-09-12T13:48:48.518466+00:00,201,66779.36,
2026-09-12T13:48:32.390385+00:00,201,82921.18,
2026-09-12T13:49:47.226596+00:00,201,8088.1,
2026-09-12T13:48:18.594336+00:00,201,96742.58,
2026-09-12T13:49:41.857600+00:00,201,13482.24,
2026-09-12T13:49:14.229050+00:00,201,41114.71,
2026-09-12T13:48:52.087397+00:00,201,63282.06,
2026-09-12T13:48:57.439764+00:00,201,57952.68,
2026-09-12T13:48:56.054548+00:00,201,59347.69,
2026-09-12T13:49:26.146379+00:00,201,29270.17,
2026-09-12T13:48:29.444091+00:00,201,85979.14,
2026-09-12T13:49:07.130148+00:00,201,48317.32,
2026-09-12T13:47:53.779564+00:00,201,121743.99,
2026-09-12T13:48:46.652289+00:00,201,68875.7,
2026-09-12T13:48:34.455812+00:00,201,81086.09,
2026-09-12T13:49:28.806635+00:00,201,26760.88,
2026-09-12T13:48:25.753159+00:00,201,89819.7,
2026-09-12T13:47:50.401055+00:00,201,125189.94,
2026-09-12T13:48:18.669015+00:00,201,96931.61,
2026-09-12T13:49:29.794421+00:00,201,25856.62,
2026-09-12T13:48:22.976180+00:00,201,92681.38,
2026-09-12T13:48:56.221058+00:00,201,59488.95,
2026-09-12T13:48:05.831609+00:00,201,109902.42,
2026-09-12T13:49:26.606215+00:00,201,29137.08,
2026-09-12T13:48:49.851339+00:00,201,65903.29,
2026-09-12T13:49:33.159326+00:00,201,22647.76,
2026-09-12T13:49:55.416649+00:00,201,435.78,
2026-09-12T13:49:47.975705+00:00,201,7900.06,
2026-09-12T13:49:37.190399+00:00,201,18688.73,
2026-09-12T13:49:20.954672+00:00,201,34939.15,
2026-09-12T13:48:24.524744+00:00,201,91376.99,
2026-09-12T13:49:03.595897+00:00,201,52345.58,
2026-09-12T13:49:47.742789+00:00,201,8217.22,
2026-09-12T13:49:18.953143+00:00,201,37016.58,
2026-09-12T13:49:30.354057+00:00,201,25637.19,
2026-09-12T13:48:32.191704+00:00,201,83841.29,
2026-09-12T13:48:47.990124+00:00,201,68085.46,
2026-09-12T13:49:46.832583+00:00,201,9244.87,
2026-09-12T13:48:52.383284+00:00,201,63700.52,
2026-09-12T13:48:39.687145+00:00,201,76407.85,
2026-09-12T13:49:51.188600+00:00,201,4947.26,
2026-09-12T13:48:20.427828+00:00,201,95710.56,
2026-09-12T13:49:14.064264+00:00,201,42081.25,
2026-09-12T13:49:41.673140+00:00,201,14479.6,
2026-09-12T13:49:55.754773+00:00,201,420.73,
2026-09-12T13:49:45.713499+00:00,201,10464.77,
2026-09-12T13:49:07.940199+00:00,201,48247.89,
2026-09-12T13:49:33.498484+00:00,201,22693.31,
2026-09-12T13:48:44.190647+00:00,201,72016.16,
2026-09-12T13:49:55.852572+00:00,201,360.65,
2026-09-12T13:49:43.067572+00:00,201,13166.96,
2026-09-12T13:49:45.175592+00:00,201,11077.83,
2026-09-12T13:49:13.826154+00:00,201,42438.25,
2026-09-12T13:47:59.621024+00:00,201,116661.39,
2026-09-12T13:48:15.241920+00:00,201,101051.12,
2026-09-12T13:48:42.095893+00:00,201,74290.61,
2026-09-12T13:48:22.451493+00:00,201,93951.55,
2026-09-12T13:49:45.967171+00:00,201,10450.8,
2026-09-12T13:49:44.676732+00:00,201,11748.23,
2026-09-12T13:48:42.902911+00:00,201,73554.67,
2026-09-12T13:49:56.138487+00:00,201,330.09,
2026-09-12T13:49:08.440120+00:00,201,48049.27,
2026-09-12T13:48:23.072372+00:00,201,93420.38,
2026-09-12T13:49:28.809542+00:00,201,27711.91,
2026-09-12T13:48:19.587806+00:00,201,96957.42,
2026-09-12T13:48:33.345110+00:00,201,83212.04,
2026-09-12T13:48:33.154935+00:00,201,83404.6,
2026-09-12T13:49:35.077747+00:00,201,21496.52,
2026-09-12T13:48:26.509770+00:00,201,90084.78,
2026-09-12T13:49:50.690870+00:00,201,5932.81,
2026-09-12T13:48:49.644740+00:00,201,67004.88,
2026-09-12T13:49:13.037188+00:00,201,43619.47,
2026-09-12T13:48:48.493181+00:00,201,68175.13,
2026-09-12T13:48:42.921289+00:00,201,73763.4,
2026-09-12T13:48:15.001699+00:00,201,101690.13,
2026-09-12T13:48:33.994532+00:00,201,82702.12,
2026-09-12T13:48:32.394619+00:00,201,84328.05,
2026-09-12T13:49:50.577301+00:00,201,6185.03,
2026-09-12T13:48:30.222698+00:00,201,86646.38,
2026-09-12T13:49:50.994700+00:00,201,5876.46,
2026-09-12T13:49:07.380980+00:00,201,49492.28,
2026-09-12T13:49:52.757092+00:00,201,4118.68,
2026-09-12T13:48:21.142251+00:00,201,95740.45,
2026-09-12T13:49:15.598472+00:00,201,41288.36,
2026-09-12T13:49:22.627256+00:00,201,34296.42,
2026-09-12T13:48:29.638385+00:00,201,87307.39,
2026-09-12T13:48:40.109044+00:00,201,76851.12,
2026-09-12T13:49:32.347804+00:00,201,24627.19,
2026-09-12T13:49:51.676726+00:00,201,5301.67,
2026-09-12T13:49:00.626630+00:00,201,56373.58,
2026-09-12T13:48:23.851805+00:00,201,93198.63,
2026-09-12T13:48:24.262766+00:00,201,92799.79,
2026-09-12T13:49:47.424376+00:00,201,9663.09,
2026-09-12T13:48:22.730493+00:00,201,94359.53,
2026-09-12T13:49:53.586358+00:00,201,3515.75,
2026-09-12T13:49:14.972919+00:00,201,42148.06,
2026-09-12T13:49:05.826414+00:00,201,51301.0,
2026-09-12T13:48:24.915881+00:00,201,92237.49,
2026-09-12T13:48:30.157861+00:00,201,87018.39,
2026-09-12T13:48:36.563542+00:00,201,80621.67,
2026-09-12T13:48:24.902386+00:00,201,92286.89,
2026-09-12T13:48:44.252906+00:00,201,72977.16,
2026-09-12T13:49:03.786985+00:00,201,53495.45,
2026-09-12T13:48:56.617500+00:00,201,60681.58,
2026-09-12T13:49:05.044776+00:00,201,52275.51,
2026-09-12T13:49:25.968979+00:00,201,31357.99,
2026-09-12T13:49:08.181875+00:00,201,49148.9,
2026-09-12T13:48:55.736388+00:00,201,61612.28,
2026-09-12T13:48:45.653414+00:00,201,71699.01,
2026-09-12T13:48:58.912067+00:00,201,58473.51,
2026-09-12T13:49:49.370700+00:00,201,8016.79,
2026-09-12T13:49:23.401817+00:00,201,33987.39,
2026-09-12T13:49:38.463929+00:00,201,18966.99,
2026-09-12T13:49:45.235184+00:00,201,12200.92,
2026-09-12T13:48:23.068660+00:00,201,94447.36,
2026-09-12T13:49:35.803388+00:00,201,21721.6,
2026-09-12T13:49:44.433599+00:00,201,13097.04,
2026-09-12T13:49:04.662640+00:00,201,52884.85,
2026-09-12T13:49:30.218100+00:00,201,27343.26,
2026-09-12T13:49:32.082002+00:00,201,25538.27,
2026-09-12T13:49:35.769169+00:00,201,21868.57,
2026-09-12T13:49:32.115904+00:00,201,25531.93,
2026-09-12T13:48:52.772846+00:00,201,64877.87,
2026-09-12T13:48:17.759738+00:00,201,99895.23,
2026-09-12T13:49:11.957787+00:00,201,45699.22,
2026-09-12T13:48:23.076114+00:00,201,94605.3,
2026-09-12T13:49:52.863807+00:00,201,4829.06,
2026-09-12T13:48:56.552727+00:00,201,61207.11,
2026-09-12T13:49:26.118886+00:00,201,31653.43,
2026-09-12T13:48:27.908052+00:00,201,89875.28,
2026-09-12T13:48:58.959653+00:00,201,58937.6,
2026-09-12T13:49:30.963758+00:00,201,26970.3,
2026-09-12T13:48:22.995764+00:00,201,94943.52,
2026-09-12T13:49:42.844988+00:00,201,15098.54,
2026-09-12T13:48:22.966307+00:00,201,95033.0,
2026-09-12T13:48:53.318820+00:00,201,64702.94,
2026-09-12T13:48:21.468547+00:00,201,96560.69,
2026-09-12T13:49:29.366167+00:00,201,28677.16,
2026-09-12T13:49:38.432380+00:00,201,19612.69,
2026-09-12T13:49:16.758204+00:00,201,41338.44,
2026-09-12T13:49:17.554174+00:00,201,40550.94,
2026-09-12T13:48:31.756810+00:00,201,86357.44,
2026-09-12T13:49:30.396159+00:00,201,27737.07,
2026-09-12T13:48:53.965407+00:00,201,64180.18,
2026-09-12T13:49:16.518680+00:00,201,41655.29,
2026-09-12T13:49:47.366379+00:00,201,10814.66,
2026-09-12T13:48:20.667036+00:00,201,97536.92,
2026-09-12T13:48:32.526081+00:00,201,85700.5,
2026-09-12T13:48:35.687410+00:00,201,82549.08,
2026-09-12T13:49:22.924872+00:00,201,35321.95,
2026-09-12T13:49:23.916434+00:00,201,34344.16,
2026-09-12T13:49:18.031900+00:00,201,40250.49,
2026-09-12T13:49:31.254084+00:00,201,27031.51,
2026-09-12T13:49:57.759961+00:00,201,528.08,
2026-09-12T13:49:15.141836+00:00,201,43151.86,
2026-09-12T13:48:56.114265+00:00,201,62196.51,
2026-09-12T13:49:23.115089+00:00,201,35288.59,
2026-09-12T13:48:53.521704+00:00,201,64887.18,
2026-09-12T13:48:28.617811+00:00,201,89817.94,
2026-09-12T13:48:38.808509+00:00,201,79629.33,
2026-09-12T13:48:23.601547+00:00,201,94882.98,
2026-09-12T13:48:56.158459+00:00,201,62339.59,
2026-09-12T13:49:08.297698+00:00,201,50247.37,
2026-09-12T13:49:45.882939+00:00,201,12681.47,
2026-09-12T13:49:11.036876+00:00,201,47573.13,
2026-09-12T13:49:09.754910+00:00,201,48871.7,
2026-09-12T13:49:16.241631+00:00,201,42484.15,
2026-09-12T13:48:22.860304+00:00,201,95883.02,
2026-09-12T13:49:48.795368+00:00,201,9953.21,
2026-09-12T13:48:58.699222+00:00,201,60063.97,
2026-09-12T13:47:52.440430+00:00,201,126333.34,
2026-09-12T13:48:43.340622+00:00,201,75437.3,
2026-09-12T13:49:13.947119+00:00,201,44838.62,
2026-09-12T13:48:21.882659+00:00,201,96906.95,
2026-09-12T13:49:23.337769+00:00,201,35460.1,
2026-09-12T13:49:42.344598+00:00,201,16482.77,
2026-09-12T13:48:47.033298+00:00,201,71799.59,
2026-09-12T13:49:08.267343+00:00,201,50568.44,
2026-09-12T13:49:07.126239+00:00,201,51733.04,
2026-09-12T13:48:54.578810+00:00,201,64321.16,
2026-09-12T13:49:14.601082+00:00,201,44306.33,
2026-09-12T13:47:44.107520+00:00,201,134832.78,
2026-09-12T13:48:56.938495+00:00,201,62040.78,
2026-09-12T13:49:47.447710+00:00,201,11536.94,
2026-09-12T13:49:06.031398+00:00,201,52972.41,
2026-09-12T13:47:54.284332+00:00,201,124736.06,
2026-09-12T13:48:21.704314+00:00,201,97329.24,
2026-09-12T13:48:39.303789+00:00,201,79802.91,
2026-09-12T13:48:26.071662+00:00,201,93082.84,
2026-09-12T13:49:50.977867+00:00,201,8225.66,
2026-09-12T13:49:14.713454+00:00,201,44491.95,
2026-09-12T13:49:03.260997+00:00,201,55999.22,
2026-09-12T13:49:28.575749+00:00,201,30689.37,
2026-09-12T13:48:57.662816+00:00,201,61615.05,
2026-09-12T13:49:41.198424+00:00,201,18082.49,
2026-09-12T13:49:39.937186+00:00,201,19349.66,
2026-09-12T13:48:29.810039+00:00,201,89502.82,
2026-09-12T13:49:27.006880+00:00,201,32317.82,
2026-09-12T13:48:34.268438+00:00,201,85067.08,
2026-09-12T13:49:14.128288+00:00,201,45224.93,
2026-09-12T13:49:28.235669+00:00,201,31150.8,
2026-09-12T13:48:43.533359+00:00,201,75874.31,
2026-09-12T13:49:52.562057+00:00,201,6906.3,
2026-09-12T13:48:15.269057+00:00,201,104200.15,
2026-09-12T13:49:53.174109+00:00,201,6307.0,
2026-09-12T13:49:18.785363+00:00,201,40734.48,
2026-09-12T13:49:06.632795+00:00,201,52892.62,
2026-09-12T13:49:30.210158+00:00,201,29331.47,
2026-09-12T13:48:46.974669+00:00,201,72582.55,
2026-09-12T13:49:13.090916+00:00,201,46496.96,
2026-09-12T13:49:14.552789+00:00,201,45053.52,
2026-09-12T13:49:26.677226+00:00,201,32985.98,
2026-09-12T13:48:01.103864+00:00,201,118562.86,
2026-09-12T13:49:17.433627+00:00,201,42239.99,
2026-09-12T13:49:31.955889+00:00,201,27792.54,
2026-09-12T13:49:41.379420+00:00,201,18369.89,
2026-09-12T13:48:48.827571+00:00,201,70928.07,
2026-09-12T13:49:53.909661+00:00,201,5869.49,
2026-09-12T13:49:54.845279+00:00,201,4954.22,
2026-09-12T13:49:26.588972+00:00,201,33216.71,
2026-09-12T13:48:27.502984+00:00,201,92312.19,
2026-09-12T13:48:59.059140+00:00,201,60782.06,
2026-09-12T13:49:17.658817+00:00,201,42210.58,
2026-09-12T13:49:57.772408+00:00,201,2130.5,
2026-09-12T13:49:15.439210+00:00,201,44500.79,
2026-09-12T13:49:10.711496+00:00,201,49240.44,
2026-09-12T13:48:42.819691+00:00,201,77187.75,
2026-09-12T13:49:03.875046+00:00,201,56155.72,
2026-09-12T13:49:38.824108+00:00,201,21226.42,
2026-09-12T13:49:22.207414+00:00,201,37852.8,
2026-09-12T13:49:24.122924+00:00,201,35937.94,
2026-09-12T13:49:47.985633+00:00,201,12085.79,
2026-09-12T13:49:18.415052+00:00,201,41681.3,
2026-09-12T13:49:41.302470+00:00,201,18811.41,
2026-09-12T13:49:44.985664+00:00,201,15146.33,
2026-09-12T13:49:17.265011+00:00,201,42870.24,
2026-09-12T13:49:27.032780+00:00,201,33111.79,
2026-09-12T13:48:41.124345+00:00,201,79041.63,
2026-09-12T13:49:57.897366+00:00,201,2293.66,
2026-09-12T13:48:34.124305+00:00,201,86089.65,
2026-09-12T13:47:45.912152+00:00,201,134317.21,
2026-09-12T13:49:57.943608+00:00,201,2301.12,
2026-09-12T13:49:52.817611+00:00,201,7454.04,
2026-09-12T13:49:10.078914+00:00,201,50219.17,
2026-09-12T13:49:56.188202+00:00,201,4186.08,
2026-09-12T13:49:32.191790+00:00,201,28201.76,
2026-09-12T13:48:28.152200+00:00,201,92283.7,
2026-09-12T13:49:05.295686+00:00,201,55148.46,
2026-09-12T13:49:53.964763+00:00,201,6489.29,
2026-09-12T13:48:23.888331+00:00,201,96569.75,
2026-09-12T13:49:19.625879+00:00,201,40857.69,
2026-09-12T13:49:44.601097+00:00,201,15894.69,
2026-09-12T13:48:28.118753+00:00,201,92387.59,
2026-09-12T13:49:35.416397+00:00,201,25098.07,
2026-09-12T13:49:42.005954+00:00,201,18554.75,
2026-09-12T13:49:00.087568+00:00,201,60478.21,
2026-09-12T13:49:49.949437+00:00,201,10632.16,
2026-09-12T13:49:26.452103+00:00,201,34133.96,
2026-09-12T13:49:25.013315+00:00,201,35589.52,
2026-09-12T13:49:47.593926+00:00,201,13034.63,
2026-09-12T13:49:25.401799+00:00,201,35228.24,
2026-09-12T13:48:33.201478+00:00,201,87433.18,
2026-09-12T13:49:46.384662+00:00,201,14254.52,
2026-09-12T13:49:17.744024+00:00,201,42916.66,
2026-09-12T13:48:57.649197+00:00,201,63027.78,
2026-09-12T13:49:46.005795+00:00,201,14702.49,
2026-09-12T13:49:58.181126+00:00,201,2569.73,
2026-09-12T13:49:09.933033+00:00,201,50831.47,
2026-09-12T13:48:58.852426+00:00,201,61915.18,
2026-09-12T13:48:21.828682+00:00,201,98948.38,
2026-09-12T13:47:52.958109+00:00,201,127834.79,
2026-09-12T13:48:49.920447+00:00,201,70892.85,
2026-09-12T13:49:39.550466+00:00,201,21307.49,
2026-09-12T13:49:35.244524+00:00,201,25616.98,
2026-09-12T13:48:39.794307+00:00,201,81091.16,
2026-09-12T13:49:48.575731+00:00,201,12383.92,
2026-09-12T13:49:25.882393+00:00,201,35113.56,
2026-09-12T13:49:27.075135+00:00,201,33972.25,
2026-09-12T13:49:55.651321+00:00,201,5414.09,
2026-09-12T13:48:39.477627+00:00,201,81594.71,
2026-09-12T13:48:00.121461+00:00,201,120969.85,
2026-09-12T13:49:40.203340+00:00,201,20925.42,
2026-09-12T13:48:04.084315+00:00,201,117068.64,
2026-09-12T13:49:55.591287+00:00,201,5565.37,
2026-09-12T13:48:45.330699+00:00,201,75839.01,
2026-09-12T13:49:58.282509+00:00,201,2894.31,
2026-09-12T13:49:52.124966+00:00,201,9063.47,
2026-09-12T13:48:23.979022+00:00,201,97230.78,
2026-09-12T13:48:56.969985+00:00,201,64257.86,
2026-09-12T13:48:05.850998+00:00,201,115385.4,
2026-09-12T13:49:25.536386+00:00,201,35719.03,
2026-09-12T13:49:19.404109+00:00,201,41890.08,
2026-09-12T13:49:46.923790+00:00,201,14372.12,
2026-09-12T13:49:29.062068+00:00,201,32254.29,
2026-09-12T13:49:03.858852+00:00,201,57464.93,
2026-09-12T13:49:18.627504+00:00,201,42725.29,
2026-09-12T13:49:07.929013+00:00,201,53468.68,
2026-09-12T13:49:18.048174+00:00,201,43389.85,
2026-09-12T13:49:50.374384+00:00,201,11095.45,
2026-09-12T13:49:07.030765+00:00,201,54442.42,
2026-09-12T13:49:33.540949+00:00,201,27935.91,
2026-09-12T13:49:55.657660+00:00,201,5836.6,
2026-09-12T13:49:49.283900+00:00,201,12222.0,
2026-09-12T13:48:08.019571+00:00,201,113490.17,
2026-09-12T13:48:47.490739+00:00,201,74045.68,
2026-09-12T13:48:24.509642+00:00,201,97032.73,
2026-09-12T13:48:43.710481+00:00,201,77838.26,
2026-09-12T13:49:11.961813+00:00,201,49607.84,
2026-09-12T13:49:35.441582+00:00,201,26138.0,
2026-09-12T13:47:59.792739+00:00,201,121821.74,
2026-09-12T13:49:19.143252+00:00,201,42504.29,
2026-09-12T13:48:40.610827+00:00,201,81047.13,
2026-09-12T13:49:09.095388+00:00,201,52578.88,
2026-09-12T13:48:42.732347+00:00,201,79040.16,
2026-09-12T13:47:53.209906+00:00,201,128563.56,
2026-09-12T13:49:18.209344+00:00,201,43565.65,
2026-09-12T13:49:32.053825+00:00,201,29739.15,
2026-09-12T13:49:11.954351+00:00,201,49839.48,
2026-09-12T13:48:59.319975+00:00,201,62474.57,
2026-09-12T13:49:27.914739+00:00,201,33904.84,
2026-09-12T13:48:22.382298+00:00,201,99457.57,
2026-09-12T13:48:27.334427+00:00,201,94517.94,
2026-09-12T13:49:57.153468+00:00,201,4798.73,
2026-09-12T13:49:10.058106+00:00,201,51915.88,
2026-09-12T13:49:39.542144+00:00,201,22439.88,
2026-09-12T13:48:00.637842+00:00,201,121369.92,
2026-09-12T13:49:37.611682+00:00,201,24399.21,
2026-09-12T13:49:48.274628+00:00,201,13755.68,
2026-09-12T13:48:22.506217+00:00,201,99526.41,
2026-09-12T13:48:44.272875+00:00,201,77771.27,
2026-09-12T13:48:42.264171+00:00,201,79802.74,
2026-09-12T13:49:49.352921+00:00,201,12719.71,
2026-09-12T13:49:38.317426+00:00,201,23771.38,
2026-09-12T13:48:54.159791+00:00,201,67943.36,
2026-09-12T13:48:50.884640+00:00,201,71271.88,
2026-09-12T13:49:06.289027+00:00,201,55919.63,
2026-09-12T13:48:21.608581+00:00,201,100625.92,
2026-09-12T13:49:56.869206+00:00,201,5366.08,
2026-09-12T13:48:18.700677+00:00,201,103576.03,
2026-09-12T13:48:48.609122+00:00,201,73675.25,
2026-09-12T13:49:35.186617+00:00,201,27103.13,
2026-09-12T13:48:20.295848+00:00,201,101999.12,
2026-09-12T13:48:54.772230+00:00,201,67524.08,
2026-09-12T13:49:18.016124+00:00,201,44287.27,
2026-09-12T13:48:56.903955+00:00,201,65402.86,
2026-09-12T13:49:03.028074+00:00,201,59286.46,
2026-09-12T13:49:21.653806+00:00,201,40661.64,
2026-09-12T13:49:40.557642+00:00,201,21768.24,
2026-09-12T13:47:50.290505+00:00,201,132042.19,
2026-09-12T13:49:33.154826+00:00,201,29193.85,
2026-09-12T13:48:15.697841+00:00,201,106713.46,
2026-09-12T13:49:29.442706+00:00,201,32971.1,
2026-09-12T13:49:14.430660+00:00,201,48034.67,
2026-09-12T13:48:28.957974+00:00,201,93535.84,
2026-09-12T13:49:24.521699+00:00,201,38006.5,
2026-09-12T13:48:41.201142+00:00,201,81360.01,
2026-09-12T13:48:21.171775+00:00,201,101421.95,
2026-09-12T13:49:07.944024+00:00,201,54651.15,
2026-09-12T13:49:21.381163+00:00,201,41231.85,
2026-09-12T13:48:31.304578+00:00,201,91311.75,
2026-09-12T13:49:23.511101+00:00,201,39130.29,
2026-09-12T13:49:51.798383+00:00,201,10863.79,
2026-09-12T13:49:26.697279+00:00,201,36087.95,
2026-09-12T13:49:46.216695+00:00,201,16570.92,
2026-09-12T13:49:33.581373+00:00,201,29209.48,
2026-09-12T13:49:42.693800+00:00,201,20107.93,
2026-09-12T13:49:52.302527+00:00,201,10537.58,
2026-09-12T13:49:50.942326+00:00,201,11899.28,
2026-09-12T13:49:16.585581+00:00,201,46259.64,
2026-09-12T13:49:58.288131+00:00,201,4557.66,
2026-09-12T13:49:50.881741+00:00,201,11969.15,
2026-09-12T13:49:48.388838+00:00,201,14467.6,
2026-09-12T13:49:21.507424+00:00,201,41365.09,
2026-09-12T13:49:24.967353+00:00,201,37909.34,
2026-09-12T13:49:17.714519+00:00,201,45193.1,
2026-09-12T13:49:20.612670+00:00,201,42321.63,
2026-09-12T13:49:01.886676+00:00,201,61131.62,
2026-09-12T13:49:13.783989+00:00,201,49251.62,
2026-09-12T13:48:54.793676+00:00,201,68245.39,
2026-09-12T13:48:50.549123+00:00,201,72497.66,
2026-09-12T13:49:08.070118+00:00,201,55007.26,
2026-09-12T13:49:55.710127+00:00,201,7371.8,
2026-09-12T13:48:50.217834+00:00,201,72867.93,
2026-09-12T13:49:27.648544+00:00,201,35450.46,
2026-09-12T13:47:51.403594+00:00,201,131714.59,
2026-09-12T13:49:14.427911+00:00,201,48701.41,
2026-09-12T13:49:21.390316+00:00,201,41784.82,
2026-09-12T13:48:42.100605+00:00,201,81085.14,
2026-09-12T13:49:19.348125+00:00,201,43883.88,
2026-09-12T13:48:25.747355+00:00,201,97645.33,
2026-09-12T13:48:34.133319+00:00,201,89292.01,
2026-09-12T13:48:27.845399+00:00,201,95587.49,
2026-09-12T13:48:24.056259+00:00,201,99410.13,
2026-09-12T13:49:10.832540+00:00,201,52653.26,
2026-09-12T13:48:42.716528+00:00,201,80771.82,
2026-09-12T13:48:04.918030+00:00,201,118577.85,
2026-09-12T13:48:02.490693+00:00,201,121029.29,
2026-09-12T13:48:21.806375+00:00,201,101720.45,
2026-09-12T13:48:19.779682+00:00,201,103765.88,
2026-09-12T13:48:21.022802+00:00,201,102571.45,
2026-09-12T13:48:12.336230+00:00,201,111283.11,
2026-09-12T13:48:04.611383+00:00,201,119011.49,
2026-09-12T13:49:55.941588+00:00,201,7718.71,
2026-09-12T13:48:11.294623+00:00,201,112383.5,
2026-09-12T13:48:12.733068+00:00,201,110950.38,
2026-09-12T13:49:28.662170+00:00,201,35060.95,
2026-09-12T13:49:18.554014+00:00,201,45173.45,
2026-09-12T13:49:06.435178+00:00,201,57300.73,
2026-09-12T13:48:44.124748+00:00,201,79619.39,
2026-09-12T13:49:30.815166+00:00,201,32944.01,
2026-09-12T13:49:50.787603+00:00,201,12973.77,
2026-09-12T13:47:59.768260+00:00,201,124028.44,
2026-09-12T13:49:58.408997+00:00,201,5502.32,
2026-09-12T13:48:49.826329+00:00,201,74142.14,
2026-09-12T13:49:28.378093+00:00,201,35591.4,
2026-09-12T13:49:08.283897+00:00,201,55716.77,
2026-09-12T13:49:31.577900+00:00,201,32491.72,
2026-09-12T13:48:57.197612+00:00,201,66876.48,
2026-09-12T13:48:45.933151+00:00,201,78205.98,
2026-09-12T13:49:50.890506+00:00,201,13271.69,
2026-09-12T13:48:45.360981+00:00,201,78849.85,
2026-09-12T13:48:27.722226+00:00,201,96507.15,
2026-09-12T13:48:56.033597+00:00,201,68203.44,
2026-09-12T13:48:28.871840+00:00,201,95399.46,
2026-09-12T13:49:51.400290+00:00,201,12904.63,
2026-09-12T13:49:56.293140+00:00,201,8024.59,
2026-09-12T13:49:43.182952+00:00,201,21140.99,
2026-09-12T13:49:15.859385+00:00,201,48478.52,
2026-09-12T13:49:27.715232+00:00,201,36670.1,
2026-09-12T13:48:53.124342+00:00,201,71269.73,
2026-09-12T13:48:25.378627+00:00,201,99032.62,
2026-09-12T13:48:19.713560+00:00,201,104709.55,
2026-09-12T13:49:08.483292+00:00,201,55971.75,
2026-09-12T13:48:34.804569+00:00,201,89666.7,
2026-09-12T13:49:15.606444+00:00,201,48879.43,
2026-09-12T13:49:47.127601+00:00,201,17363.42,
2026-09-12T13:49:26.097272+00:00,201,38412.33,
2026-09-12T13:49:16.061197+00:00,201,48524.41,
2026-09-12T13:48:55.297839+00:00,201,69401.74,
2026-09-12T13:48:19.106238+00:00,201,105639.64,
2026-09-12T13:49:58.247044+00:00,201,6556.34,
2026-09-12T13:48:39.820620+00:00,201,84988.3,
2026-09-12T13:48:29.867527+00:00,201,94962.75,
2026-09-12T13:49:03.196403+00:00,201,61645.06,
2026-09-12T13:49:19.958588+00:00,201,44953.65,
2026-09-12T13:48:41.884562+00:00,201,83028.92,
2026-09-12T13:49:44.998747+00:00,201,19916.35,
2026-09-12T13:48:33.325461+00:00,201,91590.74,
2026-09-12T13:49:29.855267+00:00,201,35062.23,
2026-09-12T13:49:52.142073+00:00,201,12776.82,
2026-09-12T13:49:28.186548+00:00,201,36773.15,
2026-09-12T13:48:00.113209+00:00,201,124882.46,
2026-09-12T13:49:51.001990+00:00,201,13994.61,
2026-09-12T13:49:01.163969+00:00,201,63833.71,
2026-09-12T13:47:53.529625+00:00,201,131468.99,
2026-09-12T13:48:36.193246+00:00,201,88806.65,
2026-09-12T13:49:58.435873+00:00,201,6564.92,
2026-09-12T13:48:50.877119+00:00,201,74124.81,
2026-09-12T13:49:16.050356+00:00,201,48952.96,
2026-09-12T13:49:17.926709+00:00,201,47078.01,
2026-09-12T13:48:46.242021+00:00,201,78763.85,
2026-09-12T13:49:02.141841+00:00,201,62865.26,
2026-09-12T13:49:39.159508+00:00,201,25848.85,
2026-09-12T13:47:52.721659+00:00,201,132287.84,
2026-09-12T13:48:58.570924+00:00,201,66440.35,
2026-09-12T13:49:57.389282+00:00,201,7623.38,
2026-09-12T13:49:19.075307+00:00,201,45939.17,
2026-09-12T13:49:19.078982+00:00,201,45938.36,
2026-09-12T13:49:12.256277+00:00,201,52763.22,
2026-09-12T13:48:25.808068+00:00,201,99212.9,
2026-09-12T13:49:45.078517+00:00,201,19964.46,
2026-09-12T13:48:25.419918+00:00,201,99665.64,
2026-09-12T13:49:09.045241+00:00,201,56066.59,
2026-09-12T13:49:50.520826+00:00,201,14592.9,
2026-09-12T13:48:41.386882+00:00,201,83728.41,
2026-09-12T13:47:53.459982+00:00,201,131657.3,
2026-09-12T13:49:02.612543+00:00,201,62507.1,
2026-09-12T13:49:31.882220+00:00,201,33240.57,
2026-09-12T13:48:42.620529+00:00,201,82504.61,
2026-09-12T13:49:58.236601+00:00,201,6890.45,
2026-09-12T13:49:16.638915+00:00,201,48590.6,
2026-09-12T13:49:34.368492+00:00,201,30863.43,
2026-09-12T13:47:46.085175+00:00,201,139148.53,
2026-09-12T13:49:41.939913+00:00,201,23295.73,
2026-09-12T13:49:08.237555+00:00,201,57000.04,
2026-09-12T13:49:04.806349+00:00,201,60433.26,
2026-09-12T13:48:01.296820+00:00,201,123945.22,
2026-09-12T13:49:39.238774+00:00,201,26005.16,
2026-09-12T13:48:46.456108+00:00,201,78789.36,
2026-09-12T13:49:54.097086+00:00,201,11233.95,
2026-09-12T13:48:49.707964+00:00,201,75624.8,
2026-09-12T13:48:59.003095+00:00,201,66331.18,
2026-09-12T13:49:21.403205+00:00,201,43933.33,
2026-09-12T13:47:53.847567+00:00,201,131491.06,
2026-09-12T13:48:52.559214+00:00,201,72781.25,
2026-09-12T13:49:24.679371+00:00,201,40663.07,
2026-09-12T13:48:49.914608+00:00,201,75429.66,
2026-09-12T13:49:52.161428+00:00,201,13184.52,
2026-09-12T13:48:13.168881+00:00,201,112178.93,
2026-09-12T13:49:53.347208+00:00,201,12002.47,
2026-09-12T13:48:41.004467+00:00,201,84347.1,
2026-09-12T13:49:52.465702+00:00,201,12887.69,
2026-09-12T13:49:24.323572+00:00,201,41031.76,
2026-09-12T13:48:51.252904+00:00,201,74104.41,
2026-09-12T13:49:36.403072+00:00,201,28956.24,
2026-09-12T13:49:29.934875+00:00,201,35426.37,
2026-09-12T13:49:25.505612+00:00,201,39980.41,
2026-09-12T13:48:02.902113+00:00,201,122585.99,
2026-09-12T13:49:26.981052+00:00,201,38509.68,
2026-09-12T13:49:48.344698+00:00,201,17148.13,
2026-09-12T13:49:32.088938+00:00,201,33405.92,
2026-09-12T13:49:17.721039+00:00,201,47775.84,
2026-09-12T13:49:18.495600+00:00,201,47003.68,
2026-09-12T13:49:13.707793+00:00,201,51793.9,
2026-09-12T13:48:17.810760+00:00,201,107693.17,
2026-09-12T13:49:39.022476+00:00,201,26483.61,
2026-09-12T13:49:55.021712+00:00,201,10501.77,
2026-09-12T13:49:07.769454+00:00,201,57846.39,
2026-09-12T13:48:20.301365+00:00,201,105316.54,
2026-09-12T13:49:32.079085+00:00,201,33541.05,
2026-09-12T13:48:43.910015+00:00,201,81721.3,
2026-09-12T13:49:06.526289+00:00,201,59170.05,
2026-09-12T13:49:10.054571+00:00,201,55648.74,
2026-09-12T13:48:42.307948+00:00,201,83402.02,
2026-09-12T13:48:51.078282+00:00,201,74635.21,
2026-09-12T13:48:22.757322+00:00,201,102959.71,
2026-09-12T13:49:52.262577+00:00,201,13487.1,
2026-09-12T13:48:52.074597+00:00,201,73743.69,
2026-09-12T13:49:41.284216+00:00,201,24570.82,
2026-09-12T13:49:30.721096+00:00,201,35282.95,
2026-09-12T13:49:02.689573+00:00,201,63354.57,
2026-09-12T13:49:37.321096+00:00,201,28825.08,
2026-09-12T13:49:38.242263+00:00,201,27976.85,
2026-09-12T13:49:32.943053+00:00,201,33308.45,
2026-09-12T13:49:19.467335+00:00,201,46825.14,
2026-09-12T13:48:20.992594+00:00,201,105333.64,
2026-09-12T13:48:19.343211+00:00,201,107103.37,
2026-09-12T13:49:43.946091+00:00,201,22516.72,
2026-09-12T13:49:39.259177+00:00,201,27240.16,
2026-09-12T13:49:12.762300+00:00,201,53947.48,
2026-09-12T13:48:17.821054+00:00,201,108965.26,
2026-09-12T13:49:16.168255+00:00,201,50623.13,
2026-09-12T13:49:12.808543+00:00,201,53993.39,
2026-09-12T13:49:06.864520+00:00,201,59947.4,
2026-09-12T13:49:12.611763+00:00,201,54230.41,
2026-09-12T13:49:50.184697+00:00,201,16696.78,
2026-09-12T13:48:51.749159+00:00,201,75144.67,
2026-09-12T13:49:52.672698+00:00,201,14312.12,
2026-09-12T13:48:41.308767+00:00,201,85686.45,
2026-09-12T13:49:07.818828+00:00,201,59190.46,
2026-09-12T13:49:05.450793+00:00,201,61618.54,
2026-09-12T13:48:58.303349+00:00,201,68854.93,
2026-09-12T13:49:45.250501+00:00,201,21935.14,
2026-09-12T13:49:46.297733+00:00,201,20967.86,
2026-09-12T13:48:04.433047+00:00,201,122864.8,
2026-09-12T13:48:30.867830+00:00,201,96473.8,
2026-09-12T13:49:49.302419+00:00,201,18053.61,
2026-09-12T13:49:21.108704+00:00,201,46263.76,
2026-09-12T13:49:40.991881+00:00,201,26486.52,
2026-09-12T13:49:43.834595+00:00,201,23753.2,
2026-09-12T13:49:36.055957+00:00,201,31570.19,
2026-09-12T13:48:22.899790+00:00,201,104834.48,
2026-09-12T13:49:15.701423+00:00,201,52176.46,
2026-09-12T13:49:42.134876+00:00,201,25785.62,
2026-09-12T13:49:34.930569+00:00,201,33049.19,
2026-09-12T13:49:31.485071+00:00,201,36530.75,
2026-09-12T13:49:15.493736+00:00,201,52617.04,
2026-09-12T13:48:56.235865+00:00,201,71877.41,
2026-09-12T13:48:40.249826+00:00,201,87960.19,
2026-09-12T13:48:58.176105+00:00,201,70128.54,
2026-09-12T13:49:28.352551+00:00,201,39992.58,
2026-09-12T13:48:24.785215+00:00,201,103601.38,
2026-09-12T13:49:41.033539+00:00,201,27384.82,
2026-09-12T13:49:24.309731+00:00,201,44160.21,
2026-09-12T13:49:36.070189+00:00,201,32402.61,
2026-09-12T13:48:58.101333+00:00,201,70391.25,
2026-09-12T13:49:44.967505+00:00,201,23533.37,
2026-09-12T13:48:45.958801+00:00,201,82630.7,
2026-09-12T13:49:48.741716+00:00,201,19883.5,
2026-09-12T13:49:10.890150+00:00,201,57823.43,
2026-09-12T13:49:22.667783+00:00,201,46096.22,
2026-09-12T13:49:48.842575+00:00,201,19930.73,
2026-09-12T13:49:27.257206+00:00,201,41631.63,
2026-09-12T13:48:21.339491+00:00,201,107571.78,
2026-09-12T13:49:41.987773+00:00,201,26939.67,
2026-09-12T13:48:57.015777+00:00,201,71925.48,
2026-09-12T13:48:41.439843+00:00,201,87527.11,
2026-09-12T13:49:39.847670+00:00,201,29147.88,
2026-09-12T13:48:21.370094+00:00,201,107638.28,
2026-09-12T13:48:00.850919+00:00,201,128251.13,
2026-09-12T13:49:42.543264+00:00,201,26636.35,
2026-09-12T13:49:04.094976+00:00,201,65238.32,
2026-09-12T13:48:50.346317+00:00,201,79010.17,
2026-09-12T13:49:03.622617+00:00,201,65765.03,
2026-09-12T13:49:19.185828+00:00,201,50237.76,
2026-09-12T13:48:17.749279+00:00,201,111694.75,
2026-09-12T13:49:18.655031+00:00,201,50813.14,
2026-09-12T13:48:05.774420+00:00,201,123700.81,
2026-09-12T13:49:20.904307+00:00,201,48595.59,
2026-09-12T13:49:16.706800+00:00,201,52841.6,
2026-09-12T13:49:12.115083+00:00,201,57490.13,
2026-09-12T13:49:55.096944+00:00,201,14532.91,
2026-09-12T13:48:34.751542+00:00,201,94886.57,
2026-09-12T13:49:04.622498+00:00,201,65049.05,
2026-09-12T13:49:41.218106+00:00,201,28470.73,
2026-09-12T13:49:16.172809+00:00,201,53523.61,
2026-09-12T13:48:57.487499+00:00,201,72226.07,
2026-09-12T13:49:27.937132+00:00,201,41801.47,
2026-09-12T13:49:36.028251+00:00,201,33719.64,
2026-09-12T13:49:06.061188+00:00,201,63694.93,
2026-09-12T13:48:40.450180+00:00,201,89353.42,
2026-09-12T13:49:37.386922+00:00,201,32430.34,
2026-09-12T13:49:23.037156+00:00,201,46897.83,
2026-09-12T13:48:48.213548+00:00,201,81954.04,
2026-09-12T13:48:43.096260+00:00,201,87087.86,
2026-09-12T13:48:58.512154+00:00,201,71679.53,
2026-09-12T13:48:47.323778+00:00,201,82872.85,
2026-09-12T13:49:51.713162+00:00,201,18507.07,
2026-09-12T13:49:40.248981+00:00,201,30067.37,
2026-09-12T13:48:29.776617+00:00,201,100548.65,
2026-09-12T13:49:38.486350+00:00,201,31841.33,
2026-09-12T13:49:22.847215+00:00,201,47500.72,
2026-09-12T13:49:30.975189+00:00,201,39414.06,
2026-09-12T13:48:22.496378+00:00,201,107971.3,
2026-09-12T13:48:46.264498+00:00,201,84205.59,
2026-09-12T13:49:26.837088+00:00,201,43654.2,
2026-09-12T13:48:35.444923+00:00,201,95049.9,
2026-09-12T13:48:33.081709+00:00,201,97436.72,
2026-09-12T13:49:41.120437+00:00,201,29409.02,
2026-09-12T13:49:43.031900+00:00,201,27516.73,
2026-09-12T13:49:20.624103+00:00,201,49927.6,
2026-09-12T13:48:53.511657+00:00,201,77042.53,
2026-09-12T13:47:49.228740+00:00,201,141334.26,
2026-09-12T13:49:30.613693+00:00,201,39967.06,
2026-09-12T13:49:42.656440+00:00,201,27945.03,
2026-09-12T13:48:17.582564+00:00,201,113097.65,
2026-09-12T13:49:28.331775+00:00,201,42352.2,
2026-09-12T13:49:31.356198+00:00,201,39349.37,
2026-09-12T13:49:22.048419+00:00,201,48659.84,
2026-09-12T13:49:46.108549+00:00,201,24627.85,
2026-09-12T13:49:02.026175+00:00,201,68714.78,
2026-09-12T13:49:07.771127+00:00,201,62972.55,
2026-09-12T13:49:50.137978+00:00,201,20634.7,
2026-09-12T13:49:43.691301+00:00,201,27084.09,
2026-09-12T13:49:52.338935+00:00,201,18438.61,
2026-09-12T13:49:11.472091+00:00,201,59325.12,
2026-09-12T13:49:36.584341+00:00,201,34226.45,
2026-09-12T13:47:54.331172+00:00,201,136492.75,
2026-09-12T13:49:46.242582+00:00,201,24584.3,
2026-09-12T13:49:55.209812+00:00,201,15660.98,
2026-09-12T13:49:29.611253+00:00,201,41268.21,
2026-09-12T13:49:56.545362+00:00,201,14334.81,
2026-09-12T13:49:37.637696+00:00,201,33258.41,
2026-09-12T13:47:57.698322+00:00,201,133203.68,
2026-09-12T13:49:09.592711+00:00,201,61314.89,
2026-09-12T13:49:48.363069+00:00,201,22564.33,
2026-09-12T13:48:01.242206+00:00,201,129699.76,
2026-09-12T13:49:07.183501+00:00,201,63766.91,
2026-09-12T13:48:14.592827+00:00,201,116368.25,
2026-09-12T13:49:26.038829+00:00,201,44951.47,
2026-09-12T13:47:53.421934+00:00,201,137583.12,
2026-09-12T13:49:13.834404+00:00,201,57174.93,
2026-09-12T13:48:48.856876+00:00,201,82159.78,
2026-09-12T13:49:46.394106+00:00,201,24626.38,
2026-09-12T13:49:25.805598+00:00,201,45229.33,
2026-09-12T13:48:16.172226+00:00,201,114901.65,
2026-09-12T13:49:25.096018+00:00,201,45983.4,
2026-09-12T13:49:34.019563+00:00,201,37097.1,
2026-09-12T13:48:22.936817+00:00,201,108180.46,
2026-09-12T13:49:34.804428+00:00,201,36342.1,
2026-09-12T13:49:49.756228+00:00,201,21400.17,
2026-09-12T13:49:03.306017+00:00,201,67855.25,
2026-09-12T13:49:31.155038+00:00,201,40039.1,
2026-09-12T13:49:31.455892+00:00,201,39746.24,
2026-09-12T13:49:06.688578+00:00,201,64524.29,
2026-09-12T13:48:37.271932+00:00,201,93963.59,
2026-09-12T13:48:55.307703+00:00,201,75933.56,
2026-09-12T13:49:20.039720+00:00,201,51270.72,
2026-09-12T13:48:01.487561+00:00,201,129846.73,
2026-09-12T13:49:45.754377+00:00,201,25602.67,
2026-09-12T13:48:23.995443+00:00,201,107367.57,
2026-09-12T13:49:17.116336+00:00,201,54264.41,
2026-09-12T13:48:49.939565+00:00,201,81445.49,
2026-09-12T13:48:24.750231+00:00,201,106644.8,
2026-09-12T13:49:20.842840+00:00,201,50623.52,
2026-09-12T13:49:33.889137+00:00,201,37583.16,
2026-09-12T13:49:37.923554+00:00,201,33549.74,
2026-09-12T13:49:33.472211+00:00,201,38022.53,
2026-09-12T13:49:06.862198+00:00,201,64642.95,
2026-09-12T13:48:33.858270+00:00,201,97692.31,
2026-09-12T13:49:10.163543+00:00,201,61434.38,
2026-09-12T13:49:37.818748+00:00,201,33796.54,
2026-09-12T13:49:34.248609+00:00,201,37388.57,
2026-09-12T13:49:55.600713+00:00,201,16037.8,
2026-09-12T13:49:34.277156+00:00,201,37385.44,
2026-09-12T13:49:35.815158+00:00,201,35851.99,
2026-09-12T13:48:17.321266+00:00,201,114361.67,
2026-09-12T13:49:25.383508+00:00,201,46345.14,
2026-09-12T13:49:46.913097+00:00,201,24816.48,
2026-09-12T13:49:27.277870+00:00,201,44462.91,
2026-09-12T13:49:58.260706+00:00,201,13481.7,
2026-09-12T13:48:55.980782+00:00,201,75786.73,
2026-09-12T13:48:41.632908+00:00,201,90165.69,
2026-09-12T13:49:40.308738+00:00,201,31494.02,
2026-09-12T13:49:45.499261+00:00,201,26338.55,
2026-09-12T13:48:49.741059+00:00,201,82102.47,
2026-09-12T13:49:33.914327+00:00,201,37956.51,
2026-09-12T13:49:45.470700+00:00,201,26421.95,
2026-09-12T13:49:30.889495+00:00,201,41009.58,
2026-09-12T13:49:10.693131+00:00,201,61215.57,
2026-09-12T13:48:30.692754+00:00,201,101235.83,
2026-09-12T13:49:25.229377+00:00,201,46701.92,
2026-09-12T13:48:20.394406+00:00,201,111550.59,
2026-09-12T13:49:27.144008+00:00,201,44802.78,
2026-09-12T13:49:41.770403+00:00,201,30181.14,
2026-09-12T13:49:20.513729+00:00,201,51486.61,
2026-09-12T13:48:03.228966+00:00,201,128840.31,
2026-09-12T13:48:21.586665+00:00,201,110494.64,
2026-09-12T13:47:50.844049+00:00,201,141261.99,
2026-09-12T13:48:03.835284+00:00,201,128287.63,
2026-09-12T13:49:23.469021+00:00,201,48675.97,
2026-09-12T13:49:14.237462+00:00,201,57913.13,
2026-09-12T13:48:45.066393+00:00,201,87086.74,
2026-09-12T13:49:34.089169+00:00,201,38070.35,
2026-09-12T13:48:11.640732+00:00,201,120559.33,
2026-09-12T13:48:58.506096+00:00,201,73707.45,
2026-09-12T13:49:51.986088+00:00,201,20278.68,
2026-09-12T13:48:08.111032+00:00,201,124191.61,
2026-09-12T13:49:31.330636+00:00,201,40998.55,
2026-09-12T13:49:36.075934+00:00,201,36259.22,
2026-09-12T13:49:23.488478+00:00,201,48848.99,
2026-09-12T13:49:46.211458+00:00,201,26152.64,
2026-09-12T13:49:53.927557+00:00,201,18482.36,
2026-09-12T13:49:27.706052+00:00,201,44704.48,
2026-09-12T13:48:13.190046+00:00,201,119221.76,
2026-09-12T13:49:53.777940+00:00,201,18639.17,
2026-09-12T13:48:20.539408+00:00,201,111937.98,
2026-09-12T13:49:21.097348+00:00,201,51393.42,
2026-09-12T13:48:01.349634+00:00,201,131159.02,
2026-09-12T13:47:50.243920+00:00,201,142282.76,
2026-09-12T13:49:45.272485+00:00,201,27255.64,
2026-09-12T13:48:56.823541+00:00,201,75717.53,
2026-09-12T13:48:51.518180+00:00,201,81023.67,
2026-09-12T13:49:56.873460+00:00,201,15710.14,
2026-09-12T13:49:42.191649+00:00,201,30395.95,
2026-09-12T13:49:11.842332+00:00,201,60758.01,
2026-09-12T13:47:53.721051+00:00,201,138917.7,
2026-09-12T13:48:02.502524+00:00,201,130142.18,
2026-09-12T13:49:53.299722+00:00,201,19396.6,
2026-09-12T13:49:49.350906+00:00,201,23362.81,
2026-09-12T13:49:41.678110+00:00,201,31107.36,
2026-09-12T13:49:48.770229+00:00,201,24023.88,
2026-09-12T13:49:36.063557+00:00,201,36788.95,
2026-09-12T13:49:56.077542+00:00,201,16776.18,
2026-09-12T13:49:14.025122+00:00,201,58829.77,
2026-09-12T13:48:22.457902+00:00,201,110398.21,
2026-09-12T13:49:04.258408+00:00,201,68682.15,
2026-09-12T13:49:23.939529+00:00,201,49007.07,
2026-09-12T13:48:23.003274+00:00,201,109951.83,
2026-09-12T13:49:51.719930+00:00,201,21252.68,
2026-09-12T13:49:30.166870+00:00,201,42825.13,
2026-09-12T13:49:26.313471+00:00,201,46681.59,
2026-09-12T13:49:56.457700+00:00,201,16569.62,
2026-09-12T13:48:57.066720+00:00,201,75988.67,
2026-09-12T13:47:53.491642+00:00,201,139567.06,
2026-09-12T13:49:42.155443+00:00,201,30908.95,
2026-09-12T13:48:35.415622+00:00,201,97652.0,
2026-09-12T13:48:23.678689+00:00,201,109438.68,
2026-09-12T13:49:17.284913+00:00,201,55867.37,
2026-09-12T13:48:46.796117+00:00,201,86358.83,
2026-09-12T13:49:39.174323+00:00,201,34012.56,
2026-09-12T13:49:50.256173+00:00,201,22936.11,
2026-09-12T13:49:18.939494+00:00,201,54270.9,
2026-09-12T13:48:54.371945+00:00,201,78844.57,
2026-09-12T13:49:39.989804+00:00,201,33264.7,
2026-09-12T13:49:12.738546+00:00,201,60518.48,
2026-09-12T13:49:28.321245+00:00,201,44963.48,
2026-09-12T13:49:36.073240+00:00,201,37212.61,
2026-09-12T13:49:44.012073+00:00,201,29311.64,
2026-09-12T13:49:57.330867+00:00,201,16003.25,
2026-09-12T13:49:58.773882+00:00,201,14568.56,
2026-09-12T13:49:45.333555+00:00,201,28011.2,
2026-09-12T13:49:50.885383+00:00,201,22462.74,
2026-09-12T13:49:13.487460+00:00,201,59887.77,
2026-09-12T13:49:47.788619+00:00,201,25587.26,
2026-09-12T13:49:38.997805+00:00,201,34378.83,
2026-09-12T13:49:58.610134+00:00,201,14810.83,
2026-09-12T13:49:23.142022+00:00,201,50307.82,
2026-09-12T13:49:05.527856+00:00,201,67940.98,
2026-09-12T13:49:55.572946+00:00,201,17942.23,
2026-09-12T13:48:23.778017+00:00,201,109750.52,
2026-09-12T13:48:50.079919+00:00,201,83449.23,
2026-09-12T13:48:52.942506+00:00,201,80592.78,
2026-09-12T13:49:50.676263+00:00,201,22885.87,
2026-09-12T13:48:38.468707+00:00,201,95094.66,
2026-09-12T13:49:56.557303+00:00,201,17011.14,
2026-09-12T13:48:20.337199+00:00,201,113234.23,
2026-09-12T13:49:28.560167+00:00,201,45024.37,
2026-09-12T13:49:56.574372+00:00,201,17024.98,
2026-09-12T13:49:51.976445+00:00,201,21712.64,
2026-09-12T13:48:41.241826+00:00,201,92466.15,
2026-09-12T13:48:18.711262+00:00,201,115005.25,
2026-09-12T13:48:33.170001+00:00,201,100559.08,
2026-09-12T13:48:16.658747+00:00,201,117071.3,
2026-09-12T13:49:27.386294+00:00,201,46362.64,
2026-09-12T13:49:15.748721+00:00,201,58005.19,
2026-09-12T13:48:08.029047+00:00,201,125725.6,
2026-09-12T13:49:38.693750+00:00,201,35067.34,
2026-09-12T13:49:14.200828+00:00,201,59564.79,
2026-09-12T13:49:52.094996+00:00,201,21675.21,
2026-09-12T13:49:41.942085+00:00,201,31836.09,
2026-09-12T13:48:26.855671+00:00,201,106925.22,
2026-09-12T13:49:46.562008+00:00,201,27248.0,
2026-09-12T13:48:49.859249+00:00,201,83958.55,
2026-09-12T13:48:05.597496+00:00,201,128221.23,
2026-09-12T13:49:25.214109+00:00,201,48610.15,
2026-09-12T13:49:56.696769+00:00,201,17137.35,
2026-09-12T13:49:50.417471+00:00,201,23445.79,
2026-09-12T13:48:18.987173+00:00,201,114987.2,
2026-09-12T13:49:35.666811+00:00,201,38313.23,
2026-09-12T13:49:36.031652+00:00,201,37954.0,
2026-09-12T13:49:11.413621+00:00,201,62586.22,
2026-09-12T13:47:51.815324+00:00,201,142185.39,
2026-09-12T13:49:52.471061+00:00,201,21555.74,
2026-09-12T13:49:58.832997+00:00,201,15209.57,
2026-09-12T13:49:15.869811+00:00,201,58173.42,
2026-09-12T13:48:53.793502+00:00,201,80296.73,
2026-09-12T13:49:50.598483+00:00,201,23526.08,
2026-09-12T13:49:57.176368+00:00,201,16976.31,
2026-09-12T13:47:52.328105+00:00,201,141833.82,
2026-09-12T13:49:57.087585+00:00,201,17095.13,
2026-09-12T13:49:39.273281+00:00,201,34961.26,
2026-09-12T13:48:26.635113+00:00,201,107631.87,
2026-09-12T13:49:30.772321+00:00,201,43533.23,
2026-09-12T13:48:12.462349+00:00,201,121848.32,
2026-09-12T13:49:10.177388+00:00,201,64152.93,
2026-09-12T13:48:12.347369+00:00,201,121999.31,
2026-09-12T13:49:36.580198+00:00,201,37767.46,
2026-09-12T13:48:11.650432+00:00,201,122744.87,
2026-09-12T13:49:53.258935+00:00,201,21162.03,
2026-09-12T13:48:23.184033+00:00,201,111250.01,
2026-09-12T13:49:58.797965+00:00,201,15650.45,
2026-09-12T13:48:39.795480+00:00,201,94663.2,
2026-09-12T13:49:45.466680+00:00,201,29025.44,
2026-09-12T13:49:39.689139+00:00,201,34808.17,
2026-09-12T13:47:53.869961+00:00,201,140636.89,
2026-09-12T13:48:04.716113+00:00,201,129796.14,
2026-09-12T13:49:43.125304+00:00,201,31388.42,
2026-09-12T13:48:22.988292+00:00,201,111543.17,
2026-09-12T13:49:38.672503+00:00,201,35873.59,
2026-09-12T13:47:45.949125+00:00,201,148633.21,
2026-09-12T13:48:55.068093+00:00,201,79536.93,
2026-09-12T13:48:29.790815+00:00,201,104837.59,
2026-09-12T13:49:36.445713+00:00,201,38183.57,
2026-09-12T13:49:50.321979+00:00,201,24317.85,
2026-09-12T13:49:23.502461+00:00,201,51153.72,
2026-09-12T13:49:32.365135+00:00,201,42337.02,
2026-09-12T13:49:17.871683+00:00,201,56857.22,
2026-09-12T13:49:26.021512+00:00,201,48712.71,
2026-09-12T13:48:24.659442+00:00,201,110077.94,
2026-09-12T13:49:36.840678+00:00,201,37928.27,
2026-09-12T13:48:23.267711+00:00,201,111509.9,
2026-09-12T13:49:48.915690+00:00,201,25867.35,
2026-09-12T13:48:47.432882+00:00,201,87388.49,
2026-09-12T13:48:23.299565+00:00,201,111547.76,
2026-09-12T13:48:49.470826+00:00,201,85380.36,
2026-09-12T13:49:00.540869+00:00,201,74311.46,
2026-09-12T13:49:21.811252+00:00,201,53125.04,
2026-09-12T13:48:02.436937+00:00,201,132500.13,
2026-09-12T13:48:06.220828+00:00,201,128739.74,
2026-09-12T13:49:04.585402+00:00,201,70378.8,
2026-09-12T13:48:21.867176+00:00,201,113128.31,
2026-09-12T13:49:21.897564+00:00,201,53102.23,
2026-09-12T13:49:58.545186+00:00,201,16455.37,
2026-09-12T13:49:42.227518+00:00,201,32785.65,
2026-09-12T13:49:13.000592+00:00,201,62026.04,
2026-09-12T13:49:37.519654+00:00,201,37534.14,
2026-09-12T13:49:33.071657+00:00,201,41982.63,
2026-09-12T13:49:57.385697+00:00,201,17671.0,
2026-09-12T13:49:25.723402+00:00,201,49341.67,
2026-09-12T13:49:14.733059+00:00,201,60335.92,
2026-09-12T13:48:54.721739+00:00,201,80382.73,
2026-09-12T13:49:29.997166+00:00,201,45128.99,
2026-09-12T13:47:52.302446+00:00,201,142827.52,
2026-09-12T13:48:23.629545+00:00,201,111514.94,
2026-09-12T13:49:18.283377+00:00,201,56862.21,
2026-09-12T13:49:58.174102+00:00,201,16977.04,
2026-09-12T13:49:51.272239+00:00,201,23899.81,
2026-09-12T13:49:43.938323+00:00,201,31272.98,
2026-09-12T13:49:18.227311+00:00,201,56996.11,
2026-09-12T13:49:42.816237+00:00,201,32414.24,
2026-09-12T13:49:53.739731+00:00,201,21521.94,
2026-09-12T13:49:34.676725+00:00,201,40608.72,
2026-09-12T13:48:27.772868+00:00,201,107553.03,
2026-09-12T13:48:04.482560+00:00,201,130855.72,
2026-09-12T13:48:08.187148+00:00,201,127155.19,
2026-09-12T13:49:08.682009+00:00,201,66677.63,
2026-09-12T13:49:52.870126+00:00,201,22493.1,
2026-09-12T13:49:18.804847+00:00,201,56580.02,
2026-09-12T13:48:29.683642+00:00,201,105712.26,
2026-09-12T13:48:31.503170+00:00,201,103938.77,
2026-09-12T13:49:29.903282+00:00,201,45546.01,
2026-09-12T13:49:49.837620+00:00,201,25630.63,
2026-09-12T13:49:07.528123+00:00,201,67951.84,
2026-09-12T13:49:46.936387+00:00,201,28591.43,
2026-09-12T13:48:21.690068+00:00,201,113854.11,
2026-09-12T13:48:33.787823+00:00,201,101777.42,
2026-09-12T13:48:05.369851+00:00,201,130201.72,
2026-09-12T13:49:31.271331+00:00,201,44305.48,
2026-09-12T13:49:06.259905+00:00,201,69322.29,
2026-09-12T13:48:23.610986+00:00,201,111976.07,
2026-09-12T13:49:04.430455+00:00,201,71157.3,
2026-09-12T13:48:54.789821+00:00,201,80798.57,
2026-09-12T13:49:13.187137+00:00,201,62445.76,
2026-09-12T13:48:43.022933+00:00,201,92616.21,
2026-09-12T13:49:10.658472+00:00,201,64982.36,
2026-09-12T13:49:50.448016+00:00,201,25217.76,
2026-09-12T13:49:48.775092+00:00,201,26900.02,
2026-09-12T13:48:33.144094+00:00,201,102543.75,
2026-09-12T13:49:20.054333+00:00,201,55637.7,
2026-09-12T13:49:09.076931+00:00,201,66633.77,
2026-09-12T13:49:55.369696+00:00,201,20346.12,
2026-09-12T13:48:52.005574+00:00,201,83728.2,
2026-09-12T13:48:19.356150+00:00,201,116414.44,
2026-09-12T13:49:25.651824+00:00,201,50136.5,
2026-09-12T13:48:25.871006+00:00,201,109955.09,
2026-09-12T13:48:22.580136+00:00,201,113319.27,
2026-09-12T13:49:58.763294+00:00,201,17155.69,
2026-09-12T13:49:52.187685+00:00,201,23738.65,
2026-09-12T13:49:23.333043+00:00,201,52593.9,
2026-09-12T13:49:53.699184+00:00,201,22261.65,
2026-09-12T13:49:34.815542+00:00,201,41158.32,
2026-09-12T13:49:18.096670+00:00,201,57881.65,
2026-09-12T13:48:33.120186+00:00,201,102873.63,
2026-09-12T13:49:52.200023+00:00,201,23828.39,
2026-09-12T13:49:16.888563+00:00,201,59140.34,
2026-09-12T13:49:41.328027+00:00,201,34706.88,
2026-09-12T13:49:20.781501+00:00,201,55261.17,
2026-09-12T13:49:14.252614+00:00,201,61817.35,
2026-09-12T13:48:33.781359+00:00,201,102315.04,
2026-09-12T13:49:22.921393+00:00,201,53182.72,
2026-09-12T13:48:18.659089+00:00,201,117479.84,
2026-09-12T13:49:31.781323+00:00,201,44370.48,
2026-09-12T13:49:46.661239+00:00,201,29497.09,
2026-09-12T13:49:53.182189+00:00,201,22988.41,
2026-09-12T13:49:21.173888+00:00,201,55050.69,
2026-09-12T13:49:07.083370+00:00,201,69158.59,
2026-09-12T13:49:38.340462+00:00,201,37905.71,
2026-09-12T13:48:41.595857+00:00,201,94657.11,
2026-09-12T13:49:31.125911+00:00,201,45143.18,
2026-09-12T13:48:14.950225+00:00,201,121335.69,
2026-09-12T13:48:25.605823+00:00,201,110685.24,
2026-09-12T13:49:46.213284+00:00,201,30086.21,
2026-09-12T13:48:30.227086+00:00,201,106074.07,
2026-09-12T13:49:34.887340+00:00,201,41450.32,
2026-09-12T13:49:35.926087+00:00,201,40421.54,
2026-09-12T13:48:25.480740+00:00,201,110876.24,
2026-09-12T13:49:44.318181+00:00,201,32039.97,
2026-09-12T13:49:19.987487+00:00,201,56374.46,
2026-09-12T13:49:47.640643+00:00,201,28737.04,
2026-09-12T13:49:50.397445+00:00,201,26033.53,
2026-09-12T13:49:31.258069+00:00,201,45189.98,
2026-09-12T13:48:25.570524+00:00,201,110887.01,
2026-09-12T13:49:19.365872+00:00,201,57094.28,
2026-09-12T13:49:28.546820+00:00,201,47951.4,
2026-09-12T13:48:25.780568+00:00,201,110720.82,
2026-09-12T13:48:41.136811+00:00,201,95379.6,
2026-09-12T13:49:11.673368+00:00,201,64847.11,
2026-09-12T13:49:55.092012+00:00,201,21454.5,
2026-09-12T13:49:15.463357+00:00,201,61097.53,
2026-09-12T13:49:39.082707+00:00,201,37495.12,
2026-09-12T13:48:51.295951+00:00,201,85297.02,
2026-09-12T13:49:51.648744+00:00,201,24955.95,
2026-09-12T13:48:26.789732+00:00,201,109826.14,
2026-09-12T13:49:15.391391+00:00,201,61259.52,
2026-09-12T13:49:58.145712+00:00,201,18531.59,
2026-09-12T13:48:49.869947+00:00,201,86824.21,
2026-09-12T13:48:51.199311+00:00,201,85497.35,
2026-09-12T13:48:23.847544+00:00,201,112859.6,
2026-09-12T13:48:15.215105+00:00,201,121523.09,
2026-09-12T13:48:51.375662+00:00,201,85377.15,
2026-09-12T13:49:56.871251+00:00,201,19902.59,
2026-09-12T13:48:28.742273+00:00,201,108052.19,
2026-09-12T13:49:06.085282+00:00,201,70718.01,
2026-09-12T13:49:54.549051+00:00,201,22269.75,
2026-09-12T13:48:52.639673+00:00,201,84199.79,
2026-09-12T13:49:50.650648+00:00,201,26207.57,
2026-09-12T13:48:41.800635+00:00,201,95059.13,
2026-09-12T13:48:38.456565+00:00,201,98419.47,
2026-09-12T13:48:00.947556+00:00,201,135929.06,
2026-09-12T13:49:14.621965+00:00,201,62258.54,
2026-09-12T13:49:20.394672+00:00,201,56501.57,
2026-09-12T13:49:21.903696+00:00,201,55010.81,
2026-09-12T13:49:22.223856+00:00,201,54707.8,
2026-09-12T13:49:17.970754+00:00,201,58962.03,
2026-09-12T13:48:27.036970+00:00,201,109910.16,
2026-09-12T13:47:54.286494+00:00,201,142703.64,
2026-09-12T13:49:51.913356+00:00,201,25077.5,
2026-09-12T13:48:30.387508+00:00,201,106604.9,
2026-09-12T13:48:32.128105+00:00,201,104873.19,
2026-09-12T13:49:43.434527+00:00,201,33571.37,
2026-09-12T13:48:58.099298+00:00,201,78913.6,
2026-09-12T13:49:50.053126+00:00,201,26965.7,
2026-09-12T13:49:49.408521+00:00,201,27699.81,
2026-09-12T13:48:46.625802+00:00,201,90503.15,
2026-09-12T13:49:01.063692+00:00,201,76066.41,
2026-09-12T13:49:28.569201+00:00,201,48585.39,
2026-09-12T13:49:25.386379+00:00,201,51773.5,
2026-09-12T13:48:26.809518+00:00,201,110363.12,
2026-09-12T13:49:47.492463+00:00,201,29720.17,
2026-09-12T13:49:27.902641+00:00,201,49323.59,
2026-09-12T13:49:42.666173+00:00,201,34577.69,
2026-09-12T13:49:24.348587+00:00,201,52901.66,
2026-09-12T13:48:34.053409+00:00,201,103207.18,
2026-09-12T13:49:36.052071+00:00,201,41260.64,
2026-09-12T13:49:44.756361+00:00,201,32568.46,
2026-09-12T13:49:01.113162+00:00,201,76237.16,
2026-09-12T13:47:52.785050+00:00,201,144574.36,
2026-09-12T13:49:56.178374+00:00,201,21182.48,
2026-09-12T13:48:17.456768+00:00,201,119914.56,
2026-09-12T13:49:57.062681+00:00,201,20320.44,
2026-09-12T13:49:29.744554+00:00,201,47672.05,
2026-09-12T13:49:54.388246+00:00,201,23032.28,
2026-09-12T13:49:05.409299+00:00,201,72033.46,
2026-09-12T13:49:58.021877+00:00,201,19445.7,
2026-09-12T13:49:57.320411+00:00,201,20154.53,
2026-09-12T13:48:52.928770+00:00,201,84597.0,
2026-09-12T13:48:24.692486+00:00,201,112855.08,
2026-09-12T13:48:16.323085+00:00,201,121226.18,
2026-09-12T13:49:34.059162+00:00,201,43499.88,
2026-09-12T13:49:47.164812+00:00,201,30430.6,
2026-09-12T13:49:59.004081+00:00,201,18609.71,
2026-09-12T13:49:49.956393+00:00,201,27667.16,
2026-09-12T13:47:52.188046+00:00,201,145444.27,
2026-09-12T13:47:55.055618+00:00,201,142582.05,
2026-09-12T13:49:49.841899+00:00,201,27825.0,
2026-09-12T13:49:37.599530+00:00,201,40077.38,
2026-09-12T13:48:41.392589+00:00,201,96289.01,
2026-09-12T13:49:09.327991+00:00,201,68365.93,
2026-09-12T13:49:30.492368+00:00,201,47223.82,
2026-09-12T13:49:31.379623+00:00,201,46337.98,
2026-09-12T13:47:53.596892+00:00,201,144146.82,
2026-09-12T13:49:48.293727+00:00,201,29473.48,
2026-09-12T13:49:55.807287+00:00,201,21971.63,
2026-09-12T13:49:13.589742+00:00,201,64213.11,
2026-09-12T13:49:41.730064+00:00,201,36082.66,
2026-09-12T13:48:23.962597+00:00,201,113858.94,
2026-09-12T13:49:46.695205+00:00,201,31132.56,
2026-09-12T13:49:54.246773+00:00,201,23655.6,
2026-09-12T13:48:25.884012+00:00,201,112035.47,
2026-09-12T13:48:21.215073+00:00,201,116706.73,
2026-09-12T13:49:56.403257+00:00,201,21527.52,
2026-09-12T13:48:30.600664+00:00,201,107373.23,
2026-09-12T13:49:19.396581+00:00,201,58595.06,
2026-09-12T13:49:47.319978+00:00,201,30678.21,
2026-09-12T13:49:58.979409+00:00,201,19026.55,
2026-09-12T13:49:11.631164+00:00,201,66387.79,
2026-09-12T13:49:20.506182+00:00,201,57518.65,
2026-09-12T13:48:58.179087+00:00,201,79877.77,
2026-09-12T13:48:52.390373+00:00,201,85696.13,
2026-09-12T13:49:42.996763+00:00,201,35093.36,
2026-09-12T13:49:57.999431+00:00,201,20096.91,
2026-09-12T13:48:45.683096+00:00,201,92420.67,
2026-09-12T13:49:59.106827+00:00,201,18998.26,
2026-09-12T13:49:53.297899+00:00,201,24816.24,
2026-09-12T13:49:15.130805+00:00,201,62984.21,
2026-09-12T13:48:21.572226+00:00,201,116557.95,
2026-09-12T13:48:14.026763+00:00,201,124157.53,
2026-09-12T13:49:27.827319+00:00,201,50372.43,
2026-09-12T13:49:24.964745+00:00,201,53245.64,
2026-09-12T13:48:22.750614+00:00,201,115473.82,
2026-09-12T13:48:55.065223+00:00,201,83185.95,
2026-09-12T13:49:31.467905+00:00,201,46799.21,
2026-09-12T13:49:16.001334+00:00,201,62284.58,
2026-09-12T13:49:10.220077+00:00,201,68082.55,
2026-09-12T13:49:09.029430+00:00,201,69288.9,
2026-09-12T13:48:25.843908+00:00,201,112483.19,
2026-09-12T13:48:52.187516+00:00,201,86147.48,
2026-09-12T13:49:33.364716+00:00,201,45031.26,
2026-09-12T13:49:30.622764+00:00,201,47824.84,
2026-09-12T13:48:50.624838+00:00,201,87849.71,
2026-09-12T13:48:51.163002+00:00,201,87333.74,
2026-09-12T13:49:57.650812+00:00,201,20880.4,
2026-09-12T13:49:22.157123+00:00,201,56379.17,
2026-09-12T13:49:56.145610+00:00,201,22395.66,
2026-09-12T13:48:41.793662+00:00,201,96748.18,
2026-09-12T13:49:47.019239+00:00,201,31526.28,
2026-09-12T13:48:24.325706+00:00,201,114226.71,
2026-09-12T13:48:38.460846+00:00,201,100102.46,
2026-09-12T13:49:39.042728+00:00,201,39522.62,
2026-09-12T13:49:53.287861+00:00,201,25278.51,
2026-09-12T13:48:53.296087+00:00,201,85285.18,
2026-09-12T13:48:49.461037+00:00,201,89124.59,
2026-09-12T13:48:29.562882+00:00,201,109041.84,
2026-09-12T13:49:49.208823+00:00,201,29405.62,
2026-09-12T13:49:58.403799+00:00,201,20214.4,
2026-09-12T13:48:53.308502+00:00,201,85361.69,
2026-09-12T13:49:44.466700+00:00,201,34219.88,
2026-09-12T13:48:30.870432+00:00,201,107851.6,
2026-09-12T13:49:22.241310+00:00,201,56505.52,
2026-09-12T13:49:27.403592+00:00,201,51344.7,
2026-09-12T13:49:12.883136+00:00,201,65888.99,
2026-09-12T13:48:34.287629+00:00,201,104517.59,
2026-09-12T13:49:16.609803+00:00,201,62211.89,
2026-09-12T13:48:04.209562+00:00,201,134645.65,
2026-09-12T13:49:48.671252+00:00,201,30203.88,
2026-09-12T13:49:46.576348+00:00,201,32330.46,
2026-09-12T13:49:07.834558+00:00,201,71111.72,
2026-09-12T13:49:05.889633+00:00,201,73082.13,
2026-09-12T13:49:31.203109+00:00,201,47808.15,
2026-09-12T13:47:48.888788+00:00,201,150126.87,
2026-09-12T13:49:32.585973+00:00,201,46436.87,
2026-09-12T13:48:37.307297+00:00,201,101720.01,
2026-09-12T13:49:07.233182+00:00,201,71840.32,
2026-09-12T13:49:24.588452+00:00,201,54495.51,
2026-09-12T13:49:08.778928+00:00,201,70305.62,
2026-09-12T13:48:38.899891+00:00,201,100192.99,
2026-09-12T13:48:48.968598+00:00,201,90129.81,
2026-09-12T13:48:14.400588+00:00,201,124735.4,
2026-09-12T13:47:59.756396+00:00,201,139389.81,
2026-09-12T13:49:22.629963+00:00,201,56520.0,
2026-09-12T13:49:52.589815+00:00,201,26560.97,
2026-09-12T13:49:20.415048+00:00,201,58760.85,
2026-09-12T13:48:44.266267+00:00,201,94917.42,
2026-09-12T13:48:30.589746+00:00,201,108611.51,
2026-09-12T13:49:44.401478+00:00,201,34819.64,
2026-09-12T13:49:54.628562+00:00,201,24595.89,
2026-09-12T13:49:18.180978+00:00,201,61057.34,
2026-09-12T13:49:53.894868+00:00,201,25363.88,
2026-09-12T13:48:50.522140+00:00,201,88796.88,
2026-09-12T13:48:38.081241+00:00,201,101257.15,
2026-09-12T13:48:43.181190+00:00,201,96159.65,
2026-09-12T13:48:31.475840+00:00,201,107886.25,
2026-09-12T13:48:19.795620+00:00,201,119582.97,
2026-09-12T13:49:51.289740+00:00,201,28099.11,
2026-09-12T13:49:12.574689+00:00,201,66815.72,
2026-09-12T13:48:20.977341+00:00,201,118474.9,
2026-09-12T13:49:02.099227+00:00,201,77360.92,
2026-09-12T13:49:52.190824+00:00,201,27281.09,
2026-09-12T13:49:31.980323+00:00,201,47498.94,
2026-09-12T13:49:49.588966+00:00,201,29928.87,
2026-09-12T13:49:09.054886+00:00,201,70470.47,
2026-09-12T13:48:46.727862+00:00,201,92806.07,
2026-09-12T13:49:57.299201+00:00,201,22241.16,
2026-09-12T13:49:17.004127+00:00,201,62553.14,
2026-09-12T13:49:11.430627+00:00,201,68133.21,
2026-09-12T13:49:48.156139+00:00,201,31413.78,
2026-09-12T13:48:58.170598+00:00,201,81415.98,
2026-09-12T13:49:42.999361+00:00,201,36592.1,
2026-09-12T13:49:26.930334+00:00,201,52671.77,
2026-09-12T13:49:03.042291+00:00,201,76581.49,
2026-09-12T13:48:34.810222+00:00,201,104844.02,
2026-09-12T13:48:57.332584+00:00,201,82330.05,
2026-09-12T13:48:49.722978+00:00,201,89941.1,
2026-09-12T13:49:34.497917+00:00,201,45180.96,
2026-09-12T13:48:31.061509+00:00,201,108626.16,
2026-09-12T13:49:50.887039+00:00,201,28820.88,
2026-09-12T13:49:49.378901+00:00,201,30339.38,
2026-09-12T13:49:23.825731+00:00,201,55973.64,
2026-09-12T13:48:31.716274+00:00,201,108101.99,
2026-09-12T13:49:22.204745+00:00,201,57633.07,
2026-09-12T13:48:43.072310+00:00,201,96770.41,
2026-09-12T13:49:45.789192+00:00,201,34060.49,
2026-09-12T13:48:47.848859+00:00,201,92041.23,
2026-09-12T13:48:42.693205+00:00,201,97212.85,
2026-09-12T13:49:32.267340+00:00,201,47653.96,
2026-09-12T13:48:58.019244+00:00,201,81913.16,
2026-09-12T13:48:23.895584+00:00,201,116068.88,
2026-09-12T13:49:56.135998+00:00,201,23843.08,
2026-09-12T13:49:58.743465+00:00,201,21273.17,
2026-09-12T13:49:05.425951+00:00,201,74593.83,
2026-09-12T13:48:43.887058+00:00,201,96154.24,
2026-09-12T13:49:22.485762+00:00,201,57556.42,
2026-09-12T13:48:20.153695+00:00,201,119972.56,
2026-09-12T13:49:53.092358+00:00,201,27055.97,
2026-09-12T13:49:48.549959+00:00,201,31667.85,
2026-09-12T13:48:38.136233+00:00,201,102084.63,
2026-09-12T13:49:58.029330+00:00,201,22204.8,
2026-09-12T13:49:49.410946+00:00,201,30828.13,
2026-09-12T13:49:47.016515+00:00,201,33261.86,
2026-09-12T13:49:30.355891+00:00,201,49929.79,
2026-09-12T13:48:41.838233+00:00,201,98449.53,
2026-09-12T13:47:49.460228+00:00,201,150831.13,
2026-09-12T13:49:44.527228+00:00,201,35764.69,
2026-09-12T13:49:47.195056+00:00,201,33100.54,
2026-09-12T13:49:20.885849+00:00,201,59428.75,
2026-09-12T13:49:23.981951+00:00,201,56365.82,
2026-09-12T13:49:33.232757+00:00,201,47118.35,
2026-09-12T13:48:27.662125+00:00,201,112705.8,
2026-09-12T13:48:31.189015+00:00,201,109186.01,
2026-09-12T13:48:35.438204+00:00,201,104971.97,
2026-09-12T13:49:41.133872+00:00,201,39281.0,
2026-09-12T13:49:51.918665+00:00,201,28540.63,
2026-09-12T13:49:33.987907+00:00,201,46478.82,
2026-09-12T13:49:57.681546+00:00,201,22792.19,
2026-09-12T13:48:38.622371+00:00,201,101866.8,
2026-09-12T13:48:51.227652+00:00,201,89278.44,
2026-09-12T13:49:26.823268+00:00,201,53685.08,
2026-09-12T13:49:31.648127+00:00,201,48861.53,
2026-09-12T13:49:56.875866+00:00,201,23644.34,
2026-09-12T13:48:48.702586+00:00,201,91822.8,
2026-09-12T13:49:43.155101+00:00,201,37382.14,
2026-09-12T13:48:29.298087+00:00,201,111261.83,
2026-09-12T13:49:28.946288+00:00,201,51616.39,
2026-09-12T13:49:29.246499+00:00,201,51319.45,
2026-09-12T13:48:21.562134+00:00,201,119023.53,
2026-09-12T13:49:53.971426+00:00,201,26623.99,
2026-09-12T13:48:50.932767+00:00,201,89663.25,
2026-09-12T13:49:41.221279+00:00,201,39382.86,
2026-09-12T13:49:23.302018+00:00,201,57309.45,
2026-09-12T13:49:25.830426+00:00,201,54798.02,
2026-09-12T13:48:56.829240+00:00,201,83807.91,
2026-09-12T13:48:46.582822+00:00,201,94054.99,
2026-09-12T13:48:59.005002+00:00,201,81714.7,
2026-09-12T13:49:39.413612+00:00,201,41313.02,
2026-09-12T13:49:24.380285+00:00,201,56362.34,
2026-09-12T13:48:57.998495+00:00,201,82799.79,
2026-09-12T13:49:12.567780+00:00,201,68234.22,
2026-09-12T13:49:13.297174+00:00,201,67520.58,
2026-09-12T13:48:42.430719+00:00,201,98443.72,
2026-09-12T13:49:01.790545+00:00,201,79136.38,
2026-09-12T13:49:11.650253+00:00,201,69281.35,
2026-09-12T13:48:58.127854+00:00,201,82804.32,
2026-09-12T13:49:57.647931+00:00,201,23304.21,
2026-09-12T13:49:18.273183+00:00,201,62683.41,
2026-09-12T13:48:38.069447+00:00,201,102902.64,
2026-09-12T13:49:54.318748+00:00,201,26654.02,
2026-09-12T13:49:33.305408+00:00,201,47670.96,
2026-09-12T13:49:04.856874+00:00,201,76130.6,
2026-09-12T13:49:07.820778+00:00,201,73168.94,
2026-09-12T13:49:49.501813+00:00,201,31492.64,
2026-09-12T13:48:00.555304+00:00,201,140467.53,
2026-09-12T13:49:19.398209+00:00,201,61635.73,
2026-09-12T13:48:13.578452+00:00,201,127463.01,
2026-09-12T13:48:47.005265+00:00,201,94065.63,
2026-09-12T13:49:42.761989+00:00,201,38324.97,
2026-09-12T13:48:07.294862+00:00,201,133875.13,
2026-09-12T13:49:57.282561+00:00,201,23925.53,
2026-09-12T13:48:23.922643+00:00,201,117317.27,
2026-09-12T13:49:03.924548+00:00,201,77324.01,
2026-09-12T13:48:49.627168+00:00,201,91623.15,
2026-09-12T13:49:34.977649+00:00,201,46277.68,
2026-09-12T13:47:56.963012+00:00,201,144292.93,
2026-09-12T13:49:11.138792+00:00,201,70120.38,
2026-09-12T13:49:34.004008+00:00,201,47259.63,
2026-09-12T13:48:21.482261+00:00,201,119783.85,
2026-09-12T13:48:55.991591+00:00,201,85279.52,
2026-09-12T13:48:22.471048+00:00,201,118811.26,
2026-09-12T13:49:47.378102+00:00,201,33908.6,
2026-09-12T13:48:20.635749+00:00,201,120675.67,
2026-09-12T13:49:36.081199+00:00,201,45231.08,
2026-09-12T13:48:56.458917+00:00,201,84875.29,
2026-09-12T13:49:57.530729+00:00,201,23804.19,
2026-09-12T13:49:44.826860+00:00,201,36536.43,
2026-09-12T13:49:26.361154+00:00,201,55008.51,
2026-09-12T13:49:44.393645+00:00,201,36991.57,
2026-09-12T13:49:58.105210+00:00,201,23369.65,
2026-09-12T13:49:59.020747+00:00,201,22463.3,
2026-09-12T13:49:57.189373+00:00,201,24303.18,
2026-09-12T13:49:24.528854+00:00,201,56972.87,
2026-09-12T13:49:09.615773+00:00,201,71901.43,
2026-09-12T13:49:58.835870+00:00,201,22697.47,
2026-09-12T13:48:04.645958+00:00,201,136963.01,
2026-09-12T13:49:27.774902+00:00,201,53867.81,
2026-09-12T13:49:28.842153+00:00,201,52804.91,
2026-09-12T13:49:32.645236+00:00,201,49010.75,
2026-09-12T13:48:33.175015+00:00,201,108485.3,
2026-09-12T13:48:23.941877+00:00,201,117725.26,
2026-09-12T13:48:21.155668+00:00,201,120531.26,
2026-09-12T13:49:49.311382+00:00,201,32376.82,
2026-09-12T13:48:57.188385+00:00,201,84504.1,
2026-09-12T13:49:27.653394+00:00,201,54046.77,
2026-09-12T13:48:31.508182+00:00,201,110267.35,
2026-09-12T13:48:23.937976+00:00,201,117839.76,
2026-09-12T13:47:52.523302+00:00,201,149266.59,
2026-09-12T13:49:46.648453+00:00,201,35165.15,
2026-09-12T13:49:50.100520+00:00,201,31714.56,
2026-09-12T13:49:36.984145+00:00,201,44838.89,
2026-09-12T13:48:15.637505+00:00,201,126190.03,
2026-09-12T13:48:58.855800+00:00,201,82986.79,
2026-09-12T13:49:30.427534+00:00,201,51429.74,
2026-09-12T13:49:55.034311+00:00,201,26831.4,
2026-09-12T13:48:52.835384+00:00,201,89038.48,
2026-09-12T13:48:58.167874+00:00,201,83717.53,
2026-09-12T13:48:35.038824+00:00,201,106848.6,
2026-09-12T13:49:22.998117+00:00,201,58889.98,
2026-09-12T13:48:16.565829+00:00,201,125333.17,
2026-09-12T13:49:58.827468+00:00,201,23072.55,
2026-09-12T13:48:48.397415+00:00,201,93538.95,
2026-09-12T13:48:23.672172+00:00,201,118282.86,
2026-09-12T13:48:25.759084+00:00,201,116220.22,
2026-09-12T13:49:43.299446+00:00,201,38694.81,
2026-09-12T13:49:28.838831+00:00,201,53183.9,
2026-09-12T13:49:44.476161+00:00,201,37590.34,
2026-09-12T13:48:19.859743+00:00,201,122214.15,
2026-09-12T13:49:27.134751+00:00,201,54945.81,
2026-09-12T13:49:52.601981+00:00,201,29480.27,
2026-09-12T13:49:46.237116+00:00,201,35883.02,
2026-09-12T13:49:22.144924+00:00,201,59994.53,
2026-09-12T13:48:26.674669+00:00,201,115468.13,
2026-09-12T13:48:59.189925+00:00,201,82965.83,
2026-09-12T13:48:49.449895+00:00,201,92710.42,
2026-09-12T13:48:57.690025+00:00,201,84478.87,
2026-09-12T13:49:28.603507+00:00,201,53593.54,
2026-09-12T13:49:12.832525+00:00,201,69398.08,
2026-09-12T13:48:30.036353+00:00,201,112215.23,
2026-09-12T13:48:20.711241+00:00,201,121569.94,
2026-09-12T13:49:11.811751+00:00,201,70471.67,
2026-09-12T13:49:48.199822+00:00,201,34103.95,
2026-09-12T13:49:24.613081+00:00,201,57709.3,
2026-09-12T13:48:58.187184+00:00,201,84169.43,
2026-09-12T13:49:53.883373+00:00,201,28509.23,
2026-09-12T13:49:31.534414+00:00,201,50867.14,
2026-09-12T13:48:00.808619+00:00,201,141604.96,
2026-09-12T13:49:23.598419+00:00,201,58857.12,
2026-09-12T13:49:03.056347+00:00,201,79408.59,
2026-09-12T13:49:39.721549+00:00,201,42758.91,
2026-09-12T13:48:21.577015+00:00,201,120905.02,
2026-09-12T13:49:55.447575+00:00,201,27039.33,
2026-09-12T13:49:36.925507+00:00,201,45568.8,
2026-09-12T13:48:19.851090+00:00,201,122652.41,
2026-09-12T13:48:44.351045+00:00,201,98180.06,
2026-09-12T13:48:33.937121+00:00,201,108616.74,
2026-09-12T13:48:38.219381+00:00,201,104372.47,
2026-09-12T13:48:21.631387+00:00,201,120964.88,
2026-09-12T13:49:23.951211+00:00,201,58655.1,
2026-09-12T13:48:17.593967+00:00,201,125022.64,
2026-09-12T13:47:56.791679+00:00,201,145828.88,
2026-09-12T13:49:43.049530+00:00,201,39575.27,
2026-09-12T13:48:36.769387+00:00,201,105905.63,
2026-09-12T13:49:58.907572+00:00,201,23798.91,
2026-09-12T13:49:31.231035+00:00,201,51476.76,
2026-09-12T13:48:38.906598+00:00,201,103807.6,
2026-09-12T13:49:50.870867+00:00,201,31860.28,
2026-09-12T13:48:51.553720+00:00,201,91182.28,
2026-09-12T13:49:14.634229+00:00,201,68117.33,
2026-09-12T13:48:49.543963+00:00,201,93301.59,
2026-09-12T13:47:50.822195+00:00,201,152024.1,
2026-09-12T13:49:17.238515+00:00,201,65611.7,
2026-09-12T13:48:52.844081+00:00,201,90006.7,
2026-09-12T13:49:19.955330+00:00,201,62916.21,
2026-09-12T13:48:41.572195+00:00,201,101313.08,
2026-09-12T13:48:57.563195+00:00,201,85348.09,
2026-09-12T13:48:39.053609+00:00,201,103883.46,
2026-09-12T13:49:31.334462+00:00,201,51614.47,
2026-09-12T13:48:22.876406+00:00,201,120077.19,
2026-09-12T13:49:44.123583+00:00,201,38846.96,
2026-09-12T13:49:05.834382+00:00,201,77157.66,
2026-09-12T13:48:27.014546+00:00,201,116000.43,
2026-09-12T13:49:13.496605+00:00,201,69541.83,
2026-09-12T13:49:38.360496+00:00,201,44688.82,
2026-09-12T13:49:08.961279+00:00,201,74090.66,
2026-09-12T13:48:57.529721+00:00,201,85525.66,
2026-09-12T13:49:07.507509+00:00,201,75559.6,
2026-09-12T13:49:48.151341+00:00,201,34922.02,
2026-09-12T13:49:41.195246+00:00,201,41901.26,
2026-09-12T13:49:56.418067+00:00,201,26692.61,
2026-09-12T13:48:45.050414+00:00,201,98062.92,
2026-09-12T13:49:53.861793+00:00,201,29260.08,
2026-09-12T13:49:25.009286+00:00,201,58126.99,
2026-09-12T13:49:29.185282+00:00,201,53952.64,
2026-09-12T13:47:49.564831+00:00,201,153580.47,
2026-09-12T13:48:21.931187+00:00,201,121230.28,
2026-09-12T13:49:58.564657+00:00,201,24622.46,
2026-09-12T13:49:11.607884+00:00,201,71594.53,
2026-09-12T13:48:28.927013+00:00,201,114300.64,
2026-09-12T13:48:23.987787+00:00,201,119279.05,
2026-09-12T13:48:58.702453+00:00,201,84574.08,
2026-09-12T13:49:17.952578+00:00,201,65360.11,
2026-09-12T13:49:33.177750+00:00,201,50161.95,
2026-09-12T13:49:16.265625+00:00,201,67087.89,
2026-09-12T13:48:47.486149+00:00,201,95870.84,
2026-09-12T13:49:43.970896+00:00,201,39407.25,
2026-09-12T13:49:07.463175+00:00,201,75922.81,
2026-09-12T13:48:30.231458+00:00,201,113163.55,
2026-09-12T13:49:55.014592+00:00,201,28387.52,
2026-09-12T13:49:15.201310+00:00,201,68236.41,
2026-09-12T13:49:16.480783+00:00,201,66966.01,
2026-09-12T13:48:34.531938+00:00,201,108921.36,
2026-09-12T13:48:22.944470+00:00,201,120511.24,
2026-09-12T13:49:44.214434+00:00,201,39269.76,
2026-09-12T13:48:24.849284+00:00,201,118640.39,
2026-09-12T13:48:11.709958+00:00,201,131797.47,
2026-09-12T13:49:56.649859+00:00,201,26865.58,
2026-09-12T13:48:57.979536+00:00,201,85558.52,
2026-09-12T13:49:29.494541+00:00,201,54049.26,
2026-09-12T13:48:53.038128+00:00,201,90537.63,
2026-09-12T13:49:49.111657+00:00,201,34474.44,
2026-09-12T13:48:58.035980+00:00,201,85639.88,
2026-09-12T13:49:42.647160+00:00,201,41047.81,
2026-09-12T13:48:24.875557+00:00,201,118823.3,
2026-09-12T13:49:58.133467+00:00,201,25583.41,
2026-09-12T13:49:44.873275+00:00,201,38855.04,
2026-09-12T13:49:49.313189+00:00,201,34417.54,
2026-09-12T13:49:29.932839+00:00,201,53802.64,
2026-09-12T13:49:42.001217+00:00,201,41737.93,
2026-09-12T13:49:54.326606+00:00,201,29424.01,
2026-09-12T13:48:27.026097+00:00,201,116728.59,
2026-09-12T13:48:14.064105+00:00,201,129698.6,
2026-09-12T13:49:45.645171+00:00,201,38134.49,
2026-09-12T13:48:41.301764+00:00,201,102485.5,
2026-09-12T13:48:45.043722+00:00,201,98763.78,
2026-09-12T13:49:51.926613+00:00,201,31881.76,
2026-09-12T13:49:23.068192+00:00,201,60741.31,
2026-09-12T13:48:27.527895+00:00,201,116287.18,
2026-09-12T13:49:15.116491+00:00,201,68725.78,
2026-09-12T13:49:09.839844+00:00,201,74012.04,
2026-09-12T13:48:55.633357+00:00,201,88249.29,
2026-09-12T13:49:37.347166+00:00,201,46537.5,
2026-09-12T13:49:39.148389+00:00,201,44747.63,
2026-09-12T13:49:40.612945+00:00,201,43291.42,
2026-09-12T13:49:30.476626+00:00,201,53453.25,
2026-09-12T13:48:41.290257+00:00,201,102651.07,
2026-09-12T13:48:38.426870+00:00,201,105520.08,
2026-09-12T13:49:17.325239+00:00,201,66638.53,
2026-09-12T13:49:51.307300+00:00,201,32666.9,
2026-09-12T13:49:41.675724+00:00,201,42312.57,
2026-09-12T13:49:38.303882+00:00,201,45700.81,
2026-09-12T13:49:20.638652+00:00,201,63367.71,
2026-09-12T13:48:34.306570+00:00,201,109729.18,
2026-09-12T13:49:45.128406+00:00,201,38909.26,
2026-09-12T13:48:41.405325+00:00,201,102654.92,
2026-09-12T13:48:22.483828+00:00,201,121582.61,
2026-09-12T13:48:37.508120+00:00,201,106570.69,
2026-09-12T13:48:23.572627+00:00,201,120513.48,
2026-09-12T13:49:37.024854+00:00,201,47126.31,
2026-09-12T13:47:58.268646+00:00,201,145887.93,
2026-09-12T13:48:50.369868+00:00,201,93807.33,
2026-09-12T13:48:30.218157+00:00,201,114007.36,
2026-09-12T13:49:37.723439+00:00,201,46528.7,
2026-09-12T13:49:33.932976+00:00,201,50344.24,
2026-09-12T13:48:52.346376+00:00,201,91969.75,
2026-09-12T13:49:41.140086+00:00,201,43190.59,
2026-09-12T13:49:27.240146+00:00,201,57106.75,
2026-09-12T13:48:54.034078+00:00,201,90325.15,
2026-09-12T13:49:12.949985+00:00,201,71447.81,
2026-09-12T13:49:54.851373+00:00,201,29583.2,
2026-09-12T13:48:08.227803+00:00,201,136209.14,
2026-09-12T13:49:53.472118+00:00,201,31033.45,
2026-09-12T13:49:38.169457+00:00,201,46339.63,
2026-09-12T13:48:51.302306+00:00,201,93226.53,
2026-09-12T13:48:19.033790+00:00,201,125502.61,
2026-09-12T13:49:34.071258+00:00,201,50471.92,
2026-09-12T13:48:51.154708+00:00,201,93403.06,
2026-09-12T13:49:54.229716+00:00,201,30331.42,
2026-09-12T13:48:38.061479+00:00,201,106502.51,
2026-09-12T13:48:57.520810+00:00,201,87046.95,
2026-09-12T13:48:35.069352+00:00,201,109499.04,
2026-09-12T13:48:43.269133+00:00,201,101307.2,
2026-09-12T13:49:14.212238+00:00,201,70376.5,
2026-09-12T13:49:16.200346+00:00,201,68389.06,
2026-09-12T13:49:03.114237+00:00,201,81478.48,
2026-09-12T13:49:17.547668+00:00,201,67063.1,
2026-09-12T13:49:34.360837+00:00,201,50259.17,
2026-09-12T13:49:41.485859+00:00,201,43134.94,
2026-09-12T13:49:40.112933+00:00,201,44512.52,
2026-09-12T13:48:04.702483+00:00,201,139937.95,
2026-09-12T13:49:20.364944+00:00,201,64311.93,
2026-09-12T13:48:03.142485+00:00,201,141575.08,
2026-09-12T13:47:51.747434+00:00,201,153011.42,
2026-09-12T13:49:45.038578+00:00,201,39724.02,
2026-09-12T13:48:35.422655+00:00,201,109346.43,
2026-09-12T13:49:58.940500+00:00,201,25872.78,
2026-09-12T13:49:41.870220+00:00,201,42955.41,
2026-09-12T13:49:45.564647+00:00,201,39266.03,
2026-09-12T13:49:11.536602+00:00,201,73321.5,
2026-09-12T13:49:17.319390+00:00,201,67549.35,
2026-09-12T13:49:23.039495+00:00,201,61835.05,
2026-09-12T13:49:55.293190+00:00,201,29592.58,
2026-09-12T13:49:13.435407+00:00,201,71455.55,
2026-09-12T13:49:55.337072+00:00,201,29619.68,
2026-09-12T13:49:28.778944+00:00,201,56192.28,
2026-09-12T13:49:46.788360+00:00,201,38184.81,
2026-09-12T13:49:28.282747+00:00,201,56694.22,
2026-09-12T13:48:36.607368+00:00,201,108393.65,
2026-09-12T13:49:40.519461+00:00,201,44498.34,
2026-09-12T13:49:24.918146+00:00,201,60119.29,
2026-09-12T13:49:08.156939+00:00,201,76919.14,
2026-09-12T13:49:06.078525+00:00,201,79000.42,
2026-09-12T13:49:44.191901+00:00,201,40935.88,
2026-09-12T13:48:57.272546+00:00,201,87860.37,
2026-09-12T13:48:32.106408+00:00,201,113032.99,
2026-09-12T13:49:45.451363+00:00,201,39702.54,
2026-09-12T13:49:46.316366+00:00,201,38854.21,
2026-09-12T13:49:54.647628+00:00,201,30524.72,
2026-09-12T13:49:24.044442+00:00,201,61139.6,
2026-09-12T13:49:39.911266+00:00,201,45326.81,
2026-09-12T13:49:17.442337+00:00,201,67796.85,
2026-09-12T13:49:57.102204+00:00,201,28137.84,
2026-09-12T13:48:49.542264+00:00,201,95775.98,
2026-09-12T13:48:39.535219+00:00,201,105792.75,
2026-09-12T13:49:31.305333+00:00,201,54032.16,
2026-09-12T13:48:57.592227+00:00,201,87749.97,
2026-09-12T13:48:31.037272+00:00,201,114323.45,
2026-09-12T13:49:11.288751+00:00,201,74077.4,
2026-09-12T13:49:01.441713+00:00,201,83933.53,
2026-09-12T13:49:17.076305+00:00,201,68317.57,
2026-09-12T13:48:53.142359+00:00,201,92258.85,
2026-09-12T13:49:05.025028+00:00,201,80380.9,
2026-09-12T13:49:27.792590+00:00,201,57623.87,
2026-09-12T13:49:55.743417+00:00,201,29692.87,
2026-09-12T13:48:28.707574+00:00,201,116774.74,
2026-09-12T13:49:51.370530+00:00,201,34118.28,
2026-09-12T13:48:58.792841+00:00,201,86701.2,
2026-09-12T13:49:42.166336+00:00,201,43339.33,
2026-09-12T13:49:21.209974+00:00,201,64303.06,
2026-09-12T13:49:03.327504+00:00,201,82238.03,
2026-09-12T13:49:26.788302+00:00,201,58780.91,
2026-09-12T13:49:32.905248+00:00,201,52676.38,
2026-09-12T13:49:31.688665+00:00,201,53928.53,
2026-09-12T13:49:32.768940+00:00,201,52877.95,
2026-09-12T13:49:49.977862+00:00,201,35685.28,
2026-09-12T13:48:56.317807+00:00,201,89357.72,
2026-09-12T13:48:50.560169+00:00,201,95115.85,
2026-09-12T13:49:56.978502+00:00,201,28718.72,
2026-09-12T13:49:48.040135+00:00,201,37662.44,
2026-09-12T13:49:47.241665+00:00,201,38462.03,
2026-09-12T13:49:03.101956+00:00,201,82609.15,
2026-09-12T13:49:18.738256+00:00,201,66974.54,
2026-09-12T13:49:40.262648+00:00,201,45455.83,
2026-09-12T13:48:52.206216+00:00,201,93526.76,
2026-09-12T13:48:51.504843+00:00,201,94238.0,
2026-09-12T13:48:52.614631+00:00,201,93136.58,
2026-09-12T13:48:49.727776+00:00,201,96053.0,
2026-09-12T13:48:30.646643+00:00,201,115139.55,
2026-09-12T13:49:02.406347+00:00,201,83387.05,
2026-09-12T13:48:24.899169+00:00,201,120917.08,
2026-09-12T13:48:46.822722+00:00,201,99000.59,
2026-09-12T13:49:29.797622+00:00,201,56078.32,
2026-09-12T13:48:07.045948+00:00,201,138858.86,
2026-09-12T13:48:12.608112+00:00,201,133301.0,
2026-09-12T13:49:20.200263+00:00,201,65710.6,
2026-09-12T13:48:42.112236+00:00,201,103799.67,
2026-09-12T13:48:33.872548+00:00,201,112041.18,
2026-09-12T13:47:54.249590+00:00,201,151691.53,
2026-09-12T13:48:23.873969+00:00,201,122071.76,
2026-09-12T13:48:28.680800+00:00,201,117269.9,
2026-09-12T13:49:47.675253+00:00,201,38276.16,
2026-09-12T13:48:04.381108+00:00,201,141581.61,
2026-09-12T13:49:50.318617+00:00,201,35653.5,
2026-09-12T13:48:58.082859+00:00,201,87912.88,
2026-09-12T13:49:11.173064+00:00,201,74830.02,
2026-09-12T13:49:56.152830+00:00,201,29929.13,
2026-09-12T13:48:33.550464+00:00,201,112537.84,
2026-09-12T13:49:56.191900+00:00,201,29905.37,
2026-09-12T13:49:55.311673+00:00,201,30827.53,
2026-09-12T13:48:20.462075+00:00,201,125684.21,
2026-09-12T13:49:19.172741+00:00,201,67005.24,
2026-09-12T13:49:31.389864+00:00,201,54790.18,
2026-09-12T13:48:08.226266+00:00,201,137956.06,
2026-09-12T13:49:54.259630+00:00,201,31985.47,
2026-09-12T13:47:49.344826+00:00,201,156917.37,
2026-09-12T13:49:18.220120+00:00,201,68067.53,
2026-09-12T13:49:54.151979+00:00,201,32136.31,
2026-09-12T13:49:32.921667+00:00,201,53372.29,
2026-09-12T13:49:48.121410+00:00,201,38181.16,
2026-09-12T13:49:56.386647+00:00,201,29922.87,
2026-09-12T13:48:46.078202+00:00,201,100256.62,
2026-09-12T13:49:31.785580+00:00,201,54559.32,
2026-09-12T13:49:08.898689+00:00,201,77457.41,
2026-09-12T13:48:43.409786+00:00,201,102950.81,
2026-09-12T13:48:38.588995+00:00,201,107782.72,
2026-09-12T13:48:43.328970+00:00,201,103054.27,
2026-09-12T13:49:31.665507+00:00,201,54745.87,
2026-09-12T13:49:17.029247+00:00,201,69429.25,
2026-09-12T13:49:55.297927+00:00,201,31172.58,
2026-09-12T13:49:55.567634+00:00,201,30906.12,
2026-09-12T13:49:32.474445+00:00,201,54030.15,
2026-09-12T13:47:50.335402+00:00,201,156182.04,
2026-09-12T13:49:30.160747+00:00,201,56370.36,
2026-09-12T13:49:24.661042+00:00,201,61873.12,
2026-09-12T13:49:16.089955+00:00,201,70467.82,
2026-09-12T13:48:33.553821+00:00,201,113008.77,
2026-09-12T13:48:14.572049+00:00,201,132000.16,
2026-09-12T13:49:24.010362+00:00,201,62570.66,
2026-09-12T13:49:50.664001+00:00,201,35941.06,
2026-09-12T13:49:56.425059+00:00,201,30203.08,
2026-09-12T13:48:04.810896+00:00,201,141832.02,
2026-09-12T13:49:33.920112+00:00,201,52728.37,
2026-09-12T13:48:28.191320+00:00,201,118518.18,
2026-09-12T13:48:44.553770+00:00,201,102157.24,
2026-09-12T13:49:07.121859+00:00,201,79616.46,
2026-09-12T13:48:21.357337+00:00,201,125384.04,
2026-09-12T13:49:41.441059+00:00,201,45317.06,
2026-09-12T13:49:27.949678+00:00,201,58827.2,
2026-09-12T13:48:25.819071+00:00,201,120972.31,
2026-09-12T13:49:29.841349+00:00,201,56950.59,
2026-09-12T13:48:43.281453+00:00,201,103529.32,
2026-09-12T13:49:49.192188+00:00,201,37623.43,
2026-09-12T13:49:46.425396+00:00,201,40405.48,
2026-09-12T13:48:25.534123+00:00,201,121303.36,
2026-09-12T13:49:05.670212+00:00,201,81171.5,
2026-09-12T13:48:20.659022+00:00,201,126234.52,
2026-09-12T13:48:46.436504+00:00,201,100511.24,
2026-09-12T13:48:57.377497+00:00,201,89581.82,
2026-09-12T13:48:30.841898+00:00,201,116119.91,
2026-09-12T13:48:04.523331+00:00,201,142440.16,
2026-09-12T13:49:51.947191+00:00,201,35043.93,
2026-09-12T13:48:55.946891+00:00,201,91049.7,
2026-09-12T13:48:49.238085+00:00,201,97779.61,
2026-09-12T13:49:10.136811+00:00,201,76891.98,
2026-09-12T13:48:42.438502+00:00,201,104599.43,
2026-09-12T13:48:41.609271+00:00,201,105444.57,
2026-09-12T13:47:52.518675+00:00,201,154536.79,
2026-09-12T13:49:21.383078+00:00,201,65686.55,
2026-09-12T13:48:20.225211+00:00,201,126847.25,
2026-09-12T13:49:42.114136+00:00,201,44982.88,
2026-09-12T13:48:02.480239+00:00,201,144617.94,
2026-09-12T13:49:33.179536+00:00,201,53920.95,
2026-09-12T13:49:56.668420+00:00,201,30503.11,
2026-09-12T13:49:48.298021+00:00,201,38901.54,
2026-09-12T13:48:11.196829+00:00,201,136027.15,
2026-09-12T13:49:13.717124+00:00,201,73521.85,
2026-09-12T13:49:53.146216+00:00,201,34105.45,
2026-09-12T13:48:43.230373+00:00,201,104022.24,
2026-09-12T13:49:57.547702+00:00,201,29720.14,
2026-09-12T13:49:10.320525+00:00,201,76950.09,
2026-09-12T13:49:34.470541+00:00,201,52814.83,
2026-09-12T13:48:53.534781+00:00,201,93759.8,
2026-09-12T13:48:38.348690+00:00,201,108979.26,
2026-09-12T13:48:35.107623+00:00,201,112228.56,
2026-09-12T13:48:02.364182+00:00,201,145036.09,
2026-09-12T13:47:50.733200+00:00,201,156681.54,
2026-09-12T13:47:53.822294+00:00,201,153593.01,
2026-09-12T13:49:10.650935+00:00,201,76771.74,
2026-09-12T13:49:53.664882+00:00,201,33773.52,
2026-09-12T13:49:40.500534+00:00,201,46945.72,
2026-09-12T13:49:54.062625+00:00,201,33391.11,
2026-09-12T13:47:53.795356+00:00,201,153660.7,
2026-09-12T13:49:05.389270+00:00,201,82076.29,
2026-09-12T13:47:48.384173+00:00,201,159083.85,
2026-09-12T13:49:45.874030+00:00,201,41610.81,
2026-09-12T13:49:49.968316+00:00,201,37557.22,
2026-09-12T13:49:52.000963+00:00,201,35539.7,
2026-09-12T13:49:19.324063+00:00,201,68227.83,
2026-09-12T13:48:31.956455+00:00,201,115596.64,
2026-09-12T13:47:50.763918+00:00,201,156797.46,
2026-09-12T13:48:50.806631+00:00,201,96773.65,
2026-09-12T13:48:37.732523+00:00,201,109864.59,
2026-09-12T13:49:02.788065+00:00,201,84809.98,
2026-09-12T13:49:53.589084+00:00,201,34041.08,
2026-09-12T13:49:40.765352+00:00,201,46928.61,
2026-09-12T13:48:18.836453+00:00,201,128901.15,
2026-09-12T13:47:50.320894+00:00,201,157419.77,
2026-09-12T13:48:49.874402+00:00,201,97897.01,
2026-09-12T13:47:59.542649+00:00,201,148246.72,
2026-09-12T13:49:32.300508+00:00,201,55493.88,
2026-09-12T13:49:15.708241+00:00,201,72111.5,
2026-09-12T13:48:42.951421+00:00,201,104872.24,
2026-09-12T13:49:05.642211+00:00,201,82183.4,
2026-09-12T13:47:52.258855+00:00,201,155579.51,
2026-09-12T13:49:20.922851+00:00,201,66916.09,
2026-09-12T13:49:30.869420+00:00,201,56980.65,
2026-09-12T13:47:52.613535+00:00,201,155245.44,
2026-09-12T13:49:15.975451+00:00,201,71899.01,
2026-09-12T13:49:52.676035+00:00,201,35211.6,
2026-09-12T13:48:47.168313+00:00,201,100728.52,
2026-09-12T13:49:55.158270+00:00,201,32750.15,
2026-09-12T13:48:33.338007+00:00,201,114600.69,
2026-09-12T13:49:25.878178+00:00,201,62067.37,
2026-09-12T13:48:59.936938+00:00,201,88028.37,
2026-09-12T13:49:00.388753+00:00,201,87577.89,
2026-09-12T13:48:58.771147+00:00,201,89214.99,
2026-09-12T13:48:22.647097+00:00,201,125361.49,
2026-09-12T13:49:26.441288+00:00,201,61578.94,
2026-09-12T13:47:48.334817+00:00,201,159690.95,
2026-09-12T13:49:46.279493+00:00,201,41749.87,
2026-09-12T13:49:25.172128+00:00,201,62922.3,
2026-09-12T13:48:54.003283+00:00,201,94122.12,
2026-09-12T13:49:54.289297+00:00,201,33843.69,
2026-09-12T13:48:30.249145+00:00,201,117892.76,
2026-09-12T13:48:03.048222+00:00,201,145095.25,
2026-09-12T13:49:54.783970+00:00,201,33373.97,
2026-09-12T13:49:16.134522+00:00,201,72036.58,
2026-09-12T13:49:24.808677+00:00,201,63365.88,
2026-09-12T13:48:22.933055+00:00,201,125246.99,
2026-09-12T13:48:59.873802+00:00,201,88309.6,
2026-09-12T13:48:23.903641+00:00,201,124285.11,
2026-09-12T13:48:23.971133+00:00,201,124220.12,
2026-09-12T13:49:28.110619+00:00,201,60087.11,
2026-09-12T13:49:50.335932+00:00,201,37925.43,
2026-09-12T13:49:29.199169+00:00,201,59065.35,
2026-09-12T13:49:56.492837+00:00,201,31836.27,
2026-09-12T13:49:54.218005+00:00,201,34117.34,
2026-09-12T13:49:57.387571+00:00,201,30949.91,
2026-09-12T13:49:56.521571+00:00,201,31817.47,
2026-09-12T13:48:40.252901+00:00,201,108088.65,
2026-09-12T13:49:20.454105+00:00,201,67889.09,
2026-09-12T13:48:04.497728+00:00,201,143875.88,
2026-09-12T13:48:25.427135+00:00,201,122957.29,
2026-09-12T13:48:29.281009+00:00,201,119118.0,
2026-09-12T13:48:24.043199+00:00,201,124363.06,
2026-09-12T13:49:12.502023+00:00,201,75926.18,
2026-09-12T13:48:46.989965+00:00,201,101481.07,
2026-09-12T13:48:29.900327+00:00,201,118612.34,
2026-09-12T13:49:47.944040+00:00,201,40607.73,
2026-09-12T13:49:43.884114+00:00,201,44697.74,
2026-09-12T13:49:49.719209+00:00,201,38864.4,
2026-09-12T13:49:31.460795+00:00,201,57128.23,
2026-09-12T13:48:35.096633+00:00,201,113504.9,
2026-09-12T13:48:14.636171+00:00,201,133982.59,
2026-09-12T13:49:35.138727+00:00,201,53489.03,
2026-09-12T13:49:53.035970+00:00,201,35619.18,
2026-09-12T13:49:16.216470+00:00,201,72448.25,
2026-09-12T13:49:25.297157+00:00,201,63371.65,
2026-09-12T13:48:33.906707+00:00,201,114770.69,
2026-09-12T13:49:23.625497+00:00,201,65060.16,
2026-09-12T13:49:46.611135+00:00,201,42080.64,
2026-09-12T13:49:32.421487+00:00,201,56303.2,
2026-09-12T13:49:52.528622+00:00,201,36217.73,
2026-09-12T13:48:55.678263+00:00,201,93080.56,
2026-09-12T13:49:34.102356+00:00,201,54659.41,
2026-09-12T13:49:42.967114+00:00,201,45846.04,
2026-09-12T13:49:14.835813+00:00,201,73985.79,
2026-09-12T13:49:47.589134+00:00,201,41235.82,
2026-09-12T13:49:57.230179+00:00,201,31600.54,
2026-09-12T13:49:19.088708+00:00,201,69747.18,
2026-09-12T13:47:57.571888+00:00,201,151270.04,
2026-09-12T13:48:35.964479+00:00,201,112894.29,
2026-09-12T13:49:49.418567+00:00,201,39450.24,
2026-09-12T13:49:28.316051+00:00,201,60569.14,
2026-09-12T13:49:20.067376+00:00,201,68820.15,
2026-09-12T13:48:44.689945+00:00,201,104220.3,
2026-09-12T13:49:51.604289+00:00,201,37307.45,
2026-09-12T13:48:49.847161+00:00,201,99103.47,
2026-09-12T13:49:29.717499+00:00,201,59257.28,
2026-09-12T13:49:32.025852+00:00,201,56951.77,
2026-09-12T13:49:23.732647+00:00,201,65261.7,
2026-09-12T13:48:12.060516+00:00,201,136935.04,
2026-09-12T13:49:32.597948+00:00,201,56401.62,
2026-09-12T13:49:37.344303+00:00,201,51677.59,
2026-09-12T13:48:44.161032+00:00,201,104866.13,
2026-09-12T13:48:52.648924+00:00,201,96398.16,
2026-09-12T13:47:53.099287+00:00,201,155962.53,
2026-09-12T13:49:28.846444+00:00,201,60221.99,
2026-09-12T13:48:59.317815+00:00,201,89766.59,
2026-09-12T13:49:27.976183+00:00,201,61130.72,
2026-09-12T13:48:08.000829+00:00,201,141114.45,
2026-09-12T13:49:13.789184+00:00,201,75339.78,
2026-09-12T13:49:19.406527+00:00,201,69738.41,
2026-09-12T13:49:08.424310+00:00,201,80740.96,
2026-09-12T13:48:45.322489+00:00,201,103876.74,
2026-09-12T13:49:10.383404+00:00,201,78819.97,
2026-09-12T13:49:58.285689+00:00,201,30918.9,
2026-09-12T13:49:28.148546+00:00,201,61096.22,
2026-09-12T13:49:36.067016+00:00,201,53193.58,
2026-09-12T13:49:30.434886+00:00,201,58843.64,
2026-09-12T13:49:20.963552+00:00,201,68341.79,
2026-09-12T13:48:45.057693+00:00,201,104281.36,
2026-09-12T13:49:11.427981+00:00,201,77939.84,
2026-09-12T13:49:25.910899+00:00,201,63462.63,
2026-09-12T13:48:45.018753+00:00,201,104365.97,
2026-09-12T13:49:14.924368+00:00,201,74462.62,
2026-09-12T13:49:42.013440+00:00,201,47375.43,
2026-09-12T13:49:57.090102+00:00,201,32303.6,
2026-09-12T13:48:11.226504+00:00,201,138198.32,
2026-09-12T13:48:42.248283+00:00,201,107177.63,
2026-09-12T13:48:49.745058+00:00,201,99685.03,
2026-09-12T13:48:58.237578+00:00,201,91203.55,
2026-09-12T13:48:38.073255+00:00,201,111405.54,
2026-09-12T13:49:39.498477+00:00,201,49983.36,
2026-09-12T13:49:52.920302+00:00,201,36564.34,
2026-09-12T13:49:11.491541+00:00,201,77997.42,
2026-09-12T13:49:45.673376+00:00,201,43827.85,
2026-09-12T13:49:01.021086+00:00,201,88495.88,
2026-09-12T13:48:20.207395+00:00,201,129328.08,
2026-09-12T13:48:50.586045+00:00,201,98965.41,
2026-09-12T13:49:43.735000+00:00,201,45845.29,
2026-09-12T13:48:39.556877+00:00,201,110028.29,
2026-09-12T13:49:47.253787+00:00,201,42339.77,
2026-09-12T13:49:10.455287+00:00,201,79140.59,
2026-09-12T13:49:12.131341+00:00,201,77465.32,
2026-09-12T13:48:27.987854+00:00,201,121611.2,
2026-09-12T13:49:17.118097+00:00,201,72524.53,
2026-09-12T13:48:28.254832+00:00,201,121395.56,
2026-09-12T13:49:56.264499+00:00,201,33390.36,
2026-09-12T13:49:17.517573+00:00,201,72173.22,
2026-09-12T13:49:57.637859+00:00,201,32064.26,
2026-09-12T13:49:29.550002+00:00,201,60152.85,
2026-09-12T13:49:29.827894+00:00,201,59875.72,
2026-09-12T13:49:49.320175+00:00,201,40480.3,
2026-09-12T13:49:27.092924+00:00,201,62719.41,
2026-09-12T13:49:16.856598+00:00,201,72988.51,
2026-09-12T13:49:33.688515+00:00,201,56159.42,
2026-09-12T13:48:42.791339+00:00,201,107059.95,
2026-09-12T13:48:27.556333+00:00,201,122298.24,
2026-09-12T13:49:48.164797+00:00,201,41711.69,
2026-09-12T13:49:46.307171+00:00,201,43570.49,
2026-09-12T13:49:36.299657+00:00,201,53579.65,
2026-09-12T13:49:32.984173+00:00,201,56903.16,
2026-09-12T13:49:57.525101+00:00,201,32367.59,
2026-09-12T13:49:58.293793+00:00,201,31611.49,
2026-09-12T13:48:22.629856+00:00,201,127281.63,
2026-09-12T13:48:22.895705+00:00,201,127018.06,
2026-09-12T13:49:56.886923+00:00,201,33055.27,
2026-09-12T13:49:54.651224+00:00,201,35301.7,
2026-09-12T13:48:00.517281+00:00,201,149442.09,
2026-09-12T13:48:54.021213+00:00,201,95945.03,
2026-09-12T13:49:06.806669+00:00,201,83196.69,
2026-09-12T13:48:34.356305+00:00,201,115672.66,
2026-09-12T13:48:25.769890+00:00,201,124265.86,
2026-09-12T13:49:58.096757+00:00,201,31946.41,
2026-09-12T13:48:44.099490+00:00,201,105965.87,
2026-09-12T13:48:06.666636+00:00,201,143422.88,
2026-09-12T13:48:43.293631+00:00,201,106797.68,
2026-09-12T13:49:34.428436+00:00,201,55697.75,
2026-09-12T13:49:24.335188+00:00,201,65842.45,
2026-09-12T13:48:42.811107+00:00,201,107401.47,
2026-09-12T13:49:53.516560+00:00,201,36709.89,
2026-09-12T13:49:35.806416+00:00,201,54430.73,
2026-09-12T13:49:48.525258+00:00,201,41715.36,
2026-09-12T13:49:58.114565+00:00,201,32133.22,
2026-09-12T13:48:40.902642+00:00,201,109354.56,
2026-09-12T13:47:50.708747+00:00,201,159548.94,
2026-09-12T13:48:16.636468+00:00,201,133621.7,
2026-09-12T13:49:13.008495+00:00,201,77289.41,
2026-09-12T13:49:48.905629+00:00,201,41395.43,
2026-09-12T13:48:56.879112+00:00,201,93434.19,
2026-09-12T13:48:37.484411+00:00,201,112860.29,
2026-09-12T13:49:43.694952+00:00,201,46665.94,
2026-09-12T13:49:23.611688+00:00,201,66753.72,
2026-09-12T13:48:36.831575+00:00,201,113565.74,
2026-09-12T13:49:45.836526+00:00,201,44596.64,
2026-09-12T13:48:28.127414+00:00,201,122312.02,
2026-09-12T13:48:28.056359+00:00,201,122391.16,
2026-09-12T13:48:06.387422+00:00,201,144078.44,
2026-09-12T13:49:27.081161+00:00,201,63395.49,
2026-09-12T13:48:04.420659+00:00,201,146113.81,
2026-09-12T13:49:23.879699+00:00,201,66659.2,
2026-09-12T13:48:02.413284+00:00,201,148135.59,
2026-09-12T13:49:42.525770+00:00,201,48026.91,
2026-09-12T13:49:25.029213+00:00,201,65528.22,
2026-09-12T13:49:43.475586+00:00,201,47104.31,
2026-09-12T13:49:41.892525+00:00,201,48692.14,
2026-09-12T13:49:11.505538+00:00,201,79115.03,
2026-09-12T13:49:36.564002+00:00,201,54076.45,
2026-09-12T13:49:26.932269+00:00,201,63768.31,
2026-09-12T13:49:08.876850+00:00,201,81837.59,
2026-09-12T13:49:57.327196+00:00,201,33396.26,
2026-09-12T13:48:05.660126+00:00,201,145091.83,
2026-09-12T13:48:21.328476+00:00,201,129432.77,
2026-09-12T13:49:32.472535+00:00,201,58304.74,
2026-09-12T13:48:24.713307+00:00,201,126083.08,
2026-09-12T13:48:12.724647+00:00,201,138082.06,
2026-09-12T13:49:26.208119+00:00,201,64606.51,
2026-09-12T13:49:11.082789+00:00,201,79738.41,
2026-09-12T13:49:20.342682+00:00,201,70482.44,
2026-09-12T13:49:54.332056+00:00,201,36501.59,
2026-09-12T13:49:27.398359+00:00,201,63443.09,
2026-09-12T13:48:20.683660+00:00,201,130164.09,
2026-09-12T13:47:52.299772+00:00,201,158554.02,
2026-09-12T13:49:37.020765+00:00,201,53840.59,
2026-09-12T13:49:36.747600+00:00,201,54119.9,
2026-09-12T13:49:54.866799+00:00,201,36041.45,
2026-09-12T13:48:07.337044+00:00,201,143573.78,
2026-09-12T13:49:25.503508+00:00,201,65413.99,
2026-09-12T13:49:12.653394+00:00,201,78280.78,
2026-09-12T13:47:44.628615+00:00,201,166306.2,
2026-09-12T13:48:29.648685+00:00,201,121354.42,
2026-09-12T13:49:47.898286+00:00,201,43112.21,
2026-09-12T13:49:55.901829+00:00,201,35121.91,
2026-09-12T13:48:36.150682+00:00,201,114881.47,
2026-09-12T13:49:14.348163+00:00,201,76691.5,
2026-09-12T13:48:23.165038+00:00,201,127900.17,
2026-09-12T13:49:48.603922+00:00,201,42466.34,
2026-09-12T13:49:21.931973+00:00,201,69149.96,
2026-09-12T13:48:24.214508+00:00,201,126875.17,
2026-09-12T13:49:55.875887+00:00,201,35221.43,
2026-09-12T13:49:38.076490+00:00,201,53021.36,
2026-09-12T13:49:14.152749+00:00,201,76951.44,
2026-09-12T13:48:42.830394+00:00,201,108296.05,
2026-09-12T13:48:22.887780+00:00,201,128242.4,
2026-09-12T13:48:02.425318+00:00,201,148707.93,
2026-09-12T13:49:42.184020+00:00,201,48963.04,
2026-09-12T13:49:20.808686+00:00,201,70367.09,
2026-09-12T13:48:22.433644+00:00,201,128745.29,
2026-09-12T13:49:54.631028+00:00,201,36579.66,
2026-09-12T13:49:50.999832+00:00,201,40237.31,
2026-09-12T13:48:30.708790+00:00,201,120552.9,
2026-09-12T13:49:07.311019+00:00,201,83973.13,
2026-09-12T13:49:17.653501+00:00,201,73661.11,
2026-09-12T13:48:23.007170+00:00,201,128315.55,
2026-09-12T13:47:52.264750+00:00,201,159068.87,
2026-09-12T13:49:36.083853+00:00,201,55268.73,
2026-09-12T13:48:50.537957+00:00,201,100819.18,
2026-09-12T13:48:35.450684+00:00,201,115932.23,
2026-09-12T13:49:40.668607+00:00,201,50734.69,
2026-09-12T13:49:13.804213+00:00,201,77604.39,
2026-09-12T13:49:18.192407+00:00,201,73237.03,
2026-09-12T13:49:16.724133+00:00,201,74708.86,
2026-09-12T13:49:28.666055+00:00,201,62770.74,
2026-09-12T13:49:07.176811+00:00,201,84271.0,
2026-09-12T13:48:55.960255+00:00,201,95492.92,
2026-09-12T13:49:27.611479+00:00,201,63842.66,
2026-09-12T13:49:54.671785+00:00,201,36786.03,
2026-09-12T13:49:20.837386+00:00,201,70639.6,
2026-09-12T13:47:50.852049+00:00,201,160648.15,
2026-09-12T13:49:36.400226+00:00,201,55107.75,
2026-09-12T13:49:45.730763+00:00,201,45778.69,
2026-09-12T13:49:13.650108+00:00,201,77883.7,
2026-09-12T13:49:26.523156+00:00,201,65040.92,
2026-09-12T13:49:56.722784+00:00,201,34847.8,
2026-09-12T13:48:30.373046+00:00,201,121227.43,
2026-09-12T13:49:26.768645+00:00,201,64832.87,
2026-09-12T13:47:50.756162+00:00,201,160846.4,
2026-09-12T13:49:43.878619+00:00,201,47779.45,
2026-09-12T13:48:36.186712+00:00,201,115478.39,
2026-09-12T13:49:44.809933+00:00,201,46857.55,
2026-09-12T13:48:28.185268+00:00,201,123504.99,
2026-09-12T13:49:35.902152+00:00,201,55795.6,
2026-09-12T13:49:24.156863+00:00,201,67555.42,
2026-09-12T13:48:20.315026+00:00,201,131421.87,
2026-09-12T13:49:56.075699+00:00,201,35692.41,
2026-09-12T13:49:56.594663+00:00,201,35190.16,
2026-09-12T13:49:42.301261+00:00,201,49487.99,
2026-09-12T13:49:21.340154+00:00,201,70470.2,
2026-09-12T13:49:33.991474+00:00,201,57827.32,
2026-09-12T13:49:37.750585+00:00,201,54080.46,
2026-09-12T13:49:06.738043+00:00,201,85101.59,
2026-09-12T13:49:43.898676+00:00,201,47941.6,
2026-09-12T13:49:32.017322+00:00,201,59833.54,
2026-09-12T13:49:53.575918+00:00,201,38282.31,
2026-09-12T13:49:25.714017+00:00,201,66146.25,
2026-09-12T13:48:28.981276+00:00,201,122881.69,
2026-09-12T13:49:56.033163+00:00,201,35832.09,
2026-09-12T13:48:26.550188+00:00,201,125323.74,
2026-09-12T13:49:56.684822+00:00,201,35193.35,
2026-09-12T13:48:50.527424+00:00,201,101384.48,
2026-09-12T13:49:18.528385+00:00,201,73394.43,
2026-09-12T13:49:03.813438+00:00,201,88120.9,
2026-09-12T13:49:30.055923+00:00,201,61907.63,
2026-09-12T13:49:50.089061+00:00,201,41880.99,
2026-09-12T13:48:58.381512+00:00,201,93589.55,
2026-09-12T13:49:33.101686+00:00,201,58895.2,
2026-09-12T13:49:47.780451+00:00,201,44270.15,
2026-09-12T13:48:56.144613+00:00,201,95933.08,
2026-09-12T13:48:20.098932+00:00,201,131994.35,
2026-09-12T13:47:53.836411+00:00,201,158257.71,
2026-09-12T13:48:25.525619+00:00,201,126581.13,
2026-09-12T13:47:53.532988+00:00,201,158598.51,
2026-09-12T13:49:45.758551+00:00,201,46385.64,
2026-09-12T13:48:49.235479+00:00,201,102911.89,
2026-09-12T13:49:00.976943+00:00,201,91176.06,
2026-09-12T13:48:25.695243+00:00,201,126464.44,
2026-09-12T13:49:30.791583+00:00,201,61375.59,
2026-09-12T13:49:46.657573+00:00,201,45561.3,
2026-09-12T13:49:50.556618+00:00,201,41666.97,
2026-09-12T13:49:47.347784+00:00,201,44884.36,
2026-09-12T13:48:45.952606+00:00,201,106282.6,
2026-09-12T13:47:53.379852+00:00,201,158858.33,
2026-09-12T13:48:32.790199+00:00,201,119452.16,
2026-09-12T13:49:46.590104+00:00,201,45660.17,
2026-09-12T13:48:29.333235+00:00,201,122918.66,
2026-09-12T13:48:42.802222+00:00,201,109453.75,
2026-09-12T13:49:19.281983+00:00,201,73004.63,
2026-09-12T13:49:51.645478+00:00,201,40668.24,
2026-09-12T13:49:43.304903+00:00,201,49019.08,
2026-09-12T13:49:34.335061+00:00,201,57995.75,
2026-09-12T13:49:16.118882+00:00,201,76236.02,
2026-09-12T13:48:13.676216+00:00,201,138686.63,
2026-09-12T13:49:25.219155+00:00,201,67190.7,
2026-09-12T13:49:41.330913+00:00,201,51087.27,
2026-09-12T13:49:37.251943+00:00,201,55216.19,
2026-09-12T13:49:03.302347+00:00,201,89189.53,
2026-09-12T13:48:51.761718+00:00,201,100772.97,
2026-09-12T13:49:51.815261+00:00,201,40727.66,
2026-09-12T13:49:56.175635+00:00,201,36370.3,
2026-09-12T13:48:08.021900+00:00,201,144531.03,
2026-09-12T13:48:25.497869+00:00,201,127057.12,
2026-09-12T13:49:27.618189+00:00,201,64940.69,
2026-09-12T13:48:28.248683+00:00,201,124314.45,
2026-09-12T13:49:23.054590+00:00,201,69525.13,
2026-09-12T13:49:35.798199+00:00,201,56785.15,
2026-09-12T13:48:08.024384+00:00,201,144559.82,
2026-09-12T13:49:18.760453+00:00,201,73851.6,
2026-09-12T13:48:28.962357+00:00,201,123655.97,
2026-09-12T13:49:15.129064+00:00,201,77580.11,
2026-09-12T13:48:42.971871+00:00,201,109741.91,
2026-09-12T13:49:04.898355+00:00,201,87864.35,
2026-09-12T13:49:53.433991+00:00,201,39333.49,
2026-09-12T13:49:26.563782+00:00,201,66245.45,
2026-09-12T13:49:05.309482+00:00,201,87550.12,
2026-09-12T13:49:14.987903+00:00,201,77885.21,
2026-09-12T13:48:25.361776+00:00,201,127511.89,
2026-09-12T13:49:35.865284+00:00,201,57020.34,
2026-09-12T13:49:58.204132+00:00,201,34690.94,
2026-09-12T13:48:24.869123+00:00,201,128029.01,
2026-09-12T13:49:58.226864+00:00,201,34675.85,
2026-09-12T13:48:32.698204+00:00,201,120224.13,
2026-09-12T13:49:54.841583+00:00,201,38087.59,
2026-09-12T13:48:27.920889+00:00,201,125027.84,
2026-09-12T13:49:43.146837+00:00,201,49804.41,
2026-09-12T13:49:16.575470+00:00,201,76379.18,
2026-09-12T13:49:50.694322+00:00,201,42260.93,
2026-09-12T13:48:50.612703+00:00,201,102350.8,
2026-09-12T13:48:49.612223+00:00,201,103364.11,
2026-09-12T13:49:54.292221+00:00,201,38687.35,
2026-09-12T13:49:35.973748+00:00,201,57015.0,
2026-09-12T13:49:51.906684+00:00,201,41089.72,
2026-09-12T13:48:07.351458+00:00,201,145647.79,
2026-09-12T13:49:23.809532+00:00,201,69220.33,
2026-09-12T13:49:56.882787+00:00,201,36178.82,
2026-09-12T13:49:35.331588+00:00,201,57749.69,
2026-09-12T13:49:35.527333+00:00,201,57571.29,
2026-09-12T13:48:39.049367+00:00,201,114051.54,
2026-09-12T13:49:00.106364+00:00,201,92999.49,
2026-09-12T13:49:58.484661+00:00,201,34663.75,
2026-09-12T13:49:51.141720+00:00,201,42035.05,
2026-09-12T13:49:22.539378+00:00,201,70676.66,
2026-09-12T13:49:21.375293+00:00,201,71844.27,
2026-09-12T13:48:30.808290+00:00,201,122442.23,
2026-09-12T13:49:11.348292+00:00,201,81913.53,
2026-09-12T13:48:53.540938+00:00,201,99734.36,
2026-09-12T13:49:47.801445+00:00,201,45493.56,
2026-09-12T13:49:55.734184+00:00,201,37586.18,
2026-09-12T13:49:42.046139+00:00,201,51274.82,
2026-09-12T13:48:30.091678+00:00,201,123235.03,
2026-09-12T13:48:56.187221+00:00,201,97142.04,
2026-09-12T13:49:06.692716+00:00,201,86645.65,
2026-09-12T13:49:47.482771+00:00,201,45874.67,
2026-09-12T13:49:44.690007+00:00,201,48696.51,
2026-09-12T13:49:29.259017+00:00,201,64132.18,
2026-09-12T13:49:46.903302+00:00,201,46497.81,
2026-09-12T13:49:51.827925+00:00,201,41583.99,
2026-09-12T13:49:50.091324+00:00,201,43355.86,
2026-09-12T13:49:48.318164+00:00,201,45138.87,
2026-09-12T13:49:51.580430+00:00,201,41886.48,
2026-09-12T13:49:46.019081+00:00,201,47458.22,
2026-09-12T13:48:18.690306+00:00,201,134810.0,
2026-09-12T13:48:24.725301+00:00,201,128783.03,
2026-09-12T13:48:28.221178+00:00,201,125299.5,
2026-09-12T13:49:40.150688+00:00,201,53394.49,
2026-09-12T13:49:00.668711+00:00,201,92933.55,
2026-09-12T13:48:54.242942+00:00,201,99387.39,
2026-09-12T13:48:54.418405+00:00,201,99230.69,
2026-09-12T13:49:52.068876+00:00,201,41585.99,
2026-09-12T13:48:24.039204+00:00,201,129619.95,
2026-09-12T13:48:43.002099+00:00,201,110663.96,
2026-09-12T13:49:55.879296+00:00,201,37798.82,
2026-09-12T13:48:29.904919+00:00,201,123794.69,
2026-09-12T13:49:32.543585+00:00,201,61158.29,
2026-09-12T13:49:41.948137+00:00,201,51756.9,
2026-09-12T13:49:11.713850+00:00,201,81994.56,
2026-09-12T13:48:16.142905+00:00,201,137576.32,
2026-09-12T13:48:07.850135+00:00,201,145870.17,
2026-09-12T13:49:41.682742+00:00,201,52047.94,
2026-09-12T13:48:04.849666+00:00,201,148886.56,
2026-09-12T13:49:10.485919+00:00,201,83251.5,
2026-09-12T13:49:49.334251+00:00,201,44408.93,
2026-09-12T13:49:49.817191+00:00,201,43943.36,
2026-09-12T13:49:56.975194+00:00,201,36808.34,
2026-09-12T13:49:34.885175+00:00,201,58907.1,
2026-09-12T13:49:56.945916+00:00,201,36851.49,
2026-09-12T13:48:37.291272+00:00,201,116507.72,
2026-09-12T13:49:57.352510+00:00,201,36536.83,
2026-09-12T13:48:53.506841+00:00,201,100386.24,
2026-09-12T13:49:47.568689+00:00,201,46340.89,
2026-09-12T13:49:56.206906+00:00,201,37706.11,
2026-09-12T13:49:27.332702+00:00,201,66617.73,
2026-09-12T13:48:55.887595+00:00,201,98082.92,
2026-09-12T13:49:15.895467+00:00,201,78088.63,
2026-09-12T13:47:53.861391+00:00,201,160168.93,
2026-09-12T13:49:24.218101+00:00,201,69829.34,
2026-09-12T13:49:43.517795+00:00,201,50548.64,
2026-09-12T13:48:03.550393+00:00,201,150528.25,
2026-09-12T13:48:39.300578+00:00,201,114800.28,
2026-09-12T13:49:15.178988+00:00,201,78925.49,
2026-09-12T13:49:36.528874+00:00,201,57577.02,
2026-09-12T13:49:05.508168+00:00,201,88619.89,
2026-09-12T13:48:11.517592+00:00,201,142619.97,
2026-09-12T13:48:25.505979+00:00,201,128640.55,
2026-09-12T13:49:42.447473+00:00,201,51720.91,
2026-09-12T13:48:24.829563+00:00,201,129371.02,
2026-09-12T13:49:42.505133+00:00,201,51706.18,
2026-09-12T13:49:29.204039+00:00,201,65008.24,
2026-09-12T13:48:51.710590+00:00,201,102508.61,
2026-09-12T13:47:50.103845+00:00,201,164116.95,
2026-09-12T13:47:59.303607+00:00,201,154921.06,
2026-09-12T13:49:00.200051+00:00,201,94037.39,
2026-09-12T13:49:27.002986+00:00,201,67240.31,
2026-09-12T13:49:41.570126+00:00,201,52704.72,
2026-09-12T13:49:40.335052+00:00,201,53961.32,
2026-09-12T13:48:04.838064+00:00,201,149519.91,
2026-09-12T13:49:13.559705+00:00,201,80811.44,
2026-09-12T13:48:54.422781+00:00,201,99949.89,
2026-09-12T13:49:48.126520+00:00,201,46266.04,
2026-09-12T13:49:54.584223+00:00,201,39810.58,
2026-09-12T13:49:34.900891+00:00,201,59552.52,
2026-09-12T13:48:31.043058+00:00,201,123411.15,
2026-09-12T13:49:46.258438+00:00,201,48210.59,
2026-09-12T13:48:53.302398+00:00,201,101199.23,
2026-09-12T13:48:26.978206+00:00,201,127531.03,
2026-09-12T13:49:34.791775+00:00,201,59725.59,
2026-09-12T13:49:55.528080+00:00,201,38989.88,
2026-09-12T13:49:45.021081+00:00,201,49503.35,
2026-09-12T13:49:27.208785+00:00,201,67357.25,
2026-09-12T13:49:19.824624+00:00,201,74749.8,
2026-09-12T13:49:02.349037+00:00,201,92257.2,
2026-09-12T13:47:58.145754+00:00,201,156462.45,
2026-09-12T13:49:22.089863+00:00,201,72555.61,
2026-09-12T13:49:25.464190+00:00,201,69191.0,
2026-09-12T13:49:50.264410+00:00,201,44396.53,
2026-09-12T13:49:54.408616+00:00,201,40271.97,
2026-09-12T13:49:03.934223+00:00,201,90748.77,
2026-09-12T13:48:50.593441+00:00,201,104107.68,
2026-09-12T13:48:49.952821+00:00,201,104752.36,
2026-09-12T13:49:50.364149+00:00,201,44345.52,
2026-09-12T13:49:45.976184+00:00,201,48741.85,
2026-09-12T13:48:20.777320+00:00,201,133945.45,
2026-09-12T13:48:57.254268+00:00,201,97473.78,
2026-09-12T13:47:56.652989+00:00,201,158093.14,
2026-09-12T13:48:12.434121+00:00,201,142320.67,
2026-09-12T13:48:40.770203+00:00,201,113985.93,
2026-09-12T13:49:21.155161+00:00,201,73606.78,
2026-09-12T13:48:21.785999+00:00,201,133021.09,
2026-09-12T13:49:35.819997+00:00,201,59000.66,
2026-09-12T13:49:47.288969+00:00,201,47544.08,
2026-09-12T13:48:56.393845+00:00,201,98485.13,
2026-09-12T13:49:45.397370+00:00,201,49487.2,
2026-09-12T13:47:44.567974+00:00,201,170329.13,
2026-09-12T13:49:49.160341+00:00,201,45750.73,
2026-09-12T13:49:56.253537+00:00,201,38659.14,
2026-09-12T13:48:33.066408+00:00,201,121856.15,
2026-09-12T13:49:18.905034+00:00,201,76018.47,
2026-09-12T13:48:21.262315+00:00,201,133691.31,
2026-09-12T13:49:44.684868+00:00,201,50312.88,
2026-09-12T13:49:16.210165+00:00,201,78796.23,
2026-09-12T13:49:52.551971+00:00,201,42456.29,
2026-09-12T13:49:35.739130+00:00,201,59271.76,
2026-09-12T13:48:19.197858+00:00,201,135902.3,
2026-09-12T13:48:25.579376+00:00,201,129535.44,
2026-09-12T13:49:00.264679+00:00,201,94858.4,
2026-09-12T13:49:49.858896+00:00,201,45265.37,
2026-09-12T13:48:57.274621+00:00,201,97859.83,
2026-09-12T13:48:21.019680+00:00,201,134115.36,
2026-09-12T13:48:25.645919+00:00,201,129525.38,
2026-09-12T13:47:53.692583+00:00,201,161494.08,
2026-09-12T13:49:05.152644+00:00,201,90034.47,
2026-09-12T13:49:17.987763+00:00,201,77207.52,
2026-09-12T13:47:59.551987+00:00,201,155643.83,
2026-09-12T13:48:27.674044+00:00,201,127525.22,
2026-09-12T13:49:24.615010+00:00,201,70606.57,
2026-09-12T13:49:30.733802+00:00,201,64502.59,
2026-09-12T13:49:53.413964+00:00,201,41845.26,
2026-09-12T13:49:18.851649+00:00,201,76409.48,
2026-09-12T13:49:52.309916+00:00,201,42974.59,
2026-09-12T13:49:14.233661+00:00,201,81052.56,
2026-09-12T13:48:21.119404+00:00,201,134184.41,
2026-09-12T13:49:58.310885+00:00,201,37011.98,
2026-09-12T13:49:13.259697+00:00,201,82081.7,
2026-09-12T13:49:36.978592+00:00,201,58369.36,
2026-09-12T13:47:51.755630+00:00,201,163598.81,
2026-09-12T13:49:15.384772+00:00,201,79979.63,
2026-09-12T13:49:50.492397+00:00,201,44872.53,
2026-09-12T13:49:14.720729+00:00,201,80656.93,
2026-09-12T13:48:12.490298+00:00,201,142911.34,
2026-09-12T13:48:21.488681+00:00,201,133919.25,
2026-09-12T13:48:30.198292+00:00,201,125214.44,
2026-09-12T13:49:34.457438+00:00,201,60963.77,
2026-09-12T13:49:49.049752+00:00,201,46385.07,
2026-09-12T13:49:33.404118+00:00,201,62049.08,
2026-09-12T13:48:42.362267+00:00,201,113097.35,
2026-09-12T13:49:37.929981+00:00,201,57550.7,
2026-09-12T13:49:25.929168+00:00,201,69566.79,
2026-09-12T13:48:18.256102+00:00,201,137251.74,
2026-09-12T13:49:03.930433+00:00,201,91604.85,
2026-09-12T13:49:24.953482+00:00,201,70584.13,
2026-09-12T13:48:28.669230+00:00,201,126877.52,
2026-09-12T13:49:21.230428+00:00,201,74328.3,
2026-09-12T13:48:41.424459+00:00,201,114138.31,
2026-09-12T13:49:23.587522+00:00,201,71993.98,
2026-09-12T13:49:53.272126+00:00,201,42313.19,
2026-09-12T13:49:54.689459+00:00,201,40898.91,
2026-09-12T13:49:38.744176+00:00,201,56860.92,
2026-09-12T13:48:12.672163+00:00,201,142980.83,
2026-09-12T13:49:35.174037+00:00,201,60486.62,
2026-09-12T13:48:59.865820+00:00,201,95825.96,
2026-09-12T13:48:18.485755+00:00,201,137215.15,
2026-09-12T13:47:43.329159+00:00,201,172401.84,
2026-09-12T13:48:20.693468+00:00,201,135052.82,
2026-09-12T13:49:36.035064+00:00,201,59730.49,
2026-09-12T13:49:02.779621+00:00,201,93005.47,
2026-09-12T13:48:52.460486+00:00,201,103337.54,
2026-09-12T13:49:53.480405+00:00,201,42327.98,
2026-09-12T13:49:47.798943+00:00,201,48014.79,
2026-09-12T13:49:54.957675+00:00,201,40860.25,
2026-09-12T13:49:30.343537+00:00,201,65478.62,
2026-09-12T13:48:20.729676+00:00,201,135115.11,
2026-09-12T13:48:59.944936+00:00,201,95908.33,
2026-09-12T13:49:22.683403+00:00,201,73171.34,
2026-09-12T13:48:42.882367+00:00,201,112989.33,
2026-09-12T13:49:19.213076+00:00,201,76661.75,
2026-09-12T13:49:14.309352+00:00,201,81620.76,
2026-09-12T13:49:46.750663+00:00,201,49189.78,
2026-09-12T13:49:51.857950+00:00,201,44085.45,
2026-09-12T13:49:52.243486+00:00,201,43702.48,
2026-09-12T13:49:49.870448+00:00,201,46079.71,
2026-09-12T13:48:27.354407+00:00,201,128600.25,
2026-09-12T13:48:23.587518+00:00,201,132394.96,
2026-09-12T13:47:51.539983+00:00,201,164470.22,
2026-09-12T13:49:15.520932+00:00,201,80508.72,
2026-09-12T13:48:39.845198+00:00,201,116185.66,
2026-09-12T13:49:57.516146+00:00,201,38518.7,
2026-09-12T13:48:57.962089+00:00,201,98077.54,
2026-09-12T13:48:58.182039+00:00,201,97941.29,
2026-09-12T13:48:51.287154+00:00,201,104842.03,
2026-09-12T13:49:16.250768+00:00,201,79892.62,
2026-09-12T13:49:48.328333+00:00,201,47826.6,
2026-09-12T13:49:29.941377+00:00,201,66213.91,
2026-09-12T13:49:28.400851+00:00,201,67800.68,
2026-09-12T13:48:23.911655+00:00,201,132292.06,
2026-09-12T13:48:55.653172+00:00,201,100552.37,
2026-09-12T13:48:35.018743+00:00,201,121191.55,
2026-09-12T13:49:56.656747+00:00,201,39558.08,
2026-09-12T13:48:21.236737+00:00,201,135001.56,
2026-09-12T13:47:50.387232+00:00,201,165887.89,
2026-09-12T13:49:53.190043+00:00,201,43089.11,
2026-09-12T13:48:56.638353+00:00,201,99656.81,
2026-09-12T13:48:52.414843+00:00,201,103907.65,
2026-09-12T13:49:44.363708+00:00,201,52001.9,
2026-09-12T13:49:56.691924+00:00,201,39712.71,
2026-09-12T13:49:33.803726+00:00,201,62631.88,
2026-09-12T13:47:50.716886+00:00,201,165746.67,
2026-09-12T13:49:44.172466+00:00,201,52292.37,
2026-09-12T13:49:52.081429+00:00,201,44390.89,
2026-09-12T13:48:22.685960+00:00,201,133789.51,
2026-09-12T13:49:36.232872+00:00,201,60246.25,
2026-09-12T13:49:52.566003+00:00,201,43915.08,
2026-09-12T13:49:57.655079+00:00,201,38827.68,
2026-09-12T13:48:56.314516+00:00,201,100171.49,
2026-09-12T13:49:51.703343+00:00,201,44790.62,
2026-09-12T13:49:09.217239+00:00,201,87277.41,
2026-09-12T13:49:48.961659+00:00,201,47561.56,
2026-09-12T13:49:02.213728+00:00,201,94328.22,
2026-09-12T13:49:42.232993+00:00,201,54325.21,
2026-09-12T13:48:56.538532+00:00,201,100026.54,
2026-09-12T13:49:36.895938+00:00,201,59706.44,
2026-09-12T13:48:58.903318+00:00,201,97703.62,
2026-09-12T13:49:29.212269+00:00,201,67407.68,
2026-09-12T13:49:13.566788+00:00,201,83054.13,
2026-09-12T13:48:29.419834+00:00,201,127203.94,
2026-09-12T13:48:21.125516+00:00,201,135531.49,
2026-09-12T13:49:03.238927+00:00,201,93431.7,
2026-09-12T13:49:32.781323+00:00,201,63892.44,
2026-09-12T13:49:46.524013+00:00,201,50187.25,
2026-09-12T13:49:57.693075+00:00,201,39026.45,
2026-09-12T13:49:19.745064+00:00,201,77004.26,
2026-09-12T13:49:28.507573+00:00,201,68257.01,
2026-09-12T13:49:45.711898+00:00,201,51072.24,
2026-09-12T13:49:02.854736+00:00,201,93960.22,
2026-09-12T13:49:14.959448+00:00,201,81857.38,
2026-09-12T13:48:49.602173+00:00,201,107247.63,
2026-09-12T13:48:34.413541+00:00,201,122438.69,
2026-09-12T13:49:22.933039+00:00,201,73922.01,
2026-09-12T13:49:18.512372+00:00,201,78378.91,
2026-09-12T13:49:57.436207+00:00,201,39459.65,
2026-09-12T13:48:40.925172+00:00,201,115980.05,
2026-09-12T13:48:23.755525+00:00,201,133153.39,
2026-09-12T13:49:27.951576+00:00,201,68963.4,
2026-09-12T13:48:59.825754+00:00,201,97093.47,
2026-09-12T13:49:15.538293+00:00,201,81408.78,
2026-09-12T13:49:55.542038+00:00,201,41419.56,
2026-09-12T13:49:18.797692+00:00,201,78170.4,
2026-09-12T13:49:28.824864+00:00,201,68145.01,
2026-09-12T13:48:26.569115+00:00,201,130403.24,
2026-09-12T13:49:48.872306+00:00,201,48125.55,
2026-09-12T13:49:35.613298+00:00,201,61387.57,
2026-09-12T13:49:45.748903+00:00,201,51290.51,
2026-09-12T13:49:13.694362+00:00,201,83364.12,
2026-09-12T13:48:48.310214+00:00,201,108753.53,
2026-09-12T13:49:05.748591+00:00,201,91338.43,
2026-09-12T13:49:17.381756+00:00,201,79708.62,
2026-09-12T13:49:22.281053+00:00,201,74845.02,
2026-09-12T13:49:34.301782+00:00,201,62831.51,
2026-09-12T13:49:16.717207+00:00,201,80444.5,
2026-09-12T13:49:29.911006+00:00,201,67299.86,
2026-09-12T13:48:41.862519+00:00,201,115364.08,
2026-09-12T13:48:12.088499+00:00,201,145140.7,
2026-09-12T13:49:24.916377+00:00,201,72327.68,
2026-09-12T13:49:51.043339+00:00,201,46206.75,
2026-09-12T13:49:24.369523+00:00,201,72881.23,
2026-09-12T13:48:27.150137+00:00,201,130110.5,
2026-09-12T13:48:04.663265+00:00,201,152612.63,
2026-09-12T13:49:44.506939+00:00,201,52778.78,
2026-09-12T13:48:25.625346+00:00,201,131661.44,
2026-09-12T13:48:50.532676+00:00,201,106761.67,
2026-09-12T13:49:57.348787+00:00,201,39947.4,
2026-09-12T13:49:26.901151+00:00,201,70404.74,
2026-09-12T13:49:37.331862+00:00,201,59980.32,
2026-09-12T13:49:19.844090+00:00,201,77481.58,
2026-09-12T13:49:35.120820+00:00,201,62205.78,
2026-09-12T13:49:47.669303+00:00,201,49689.53,
2026-09-12T13:49:58.789712+00:00,201,38600.74,
2026-09-12T13:49:51.162159+00:00,201,46254.96,
2026-09-12T13:49:53.633970+00:00,201,43802.75,
2026-09-12T13:49:32.776711+00:00,201,64660.66,
2026-09-12T13:49:49.420833+00:00,201,48017.84,
2026-09-12T13:49:03.317820+00:00,201,94121.37,
2026-09-12T13:49:32.934177+00:00,201,64509.05,
2026-09-12T13:49:22.602608+00:00,201,74889.96,
2026-09-12T13:48:30.240336+00:00,201,127260.84,
2026-09-12T13:49:00.096375+00:00,201,97422.67,
2026-09-12T13:48:42.347008+00:00,201,115175.36,
2026-09-12T13:49:29.396778+00:00,201,68158.26,
2026-09-12T13:49:23.215258+00:00,201,74344.41,
2026-09-12T13:49:33.814267+00:00,201,63759.43,
2026-09-12T13:49:44.829762+00:00,201,52747.9,
2026-09-12T13:48:28.866398+00:00,201,128717.18,
2026-09-12T13:49:45.048527+00:00,201,52578.99,
2026-09-12T13:48:31.738499+00:00,201,125895.14,
2026-09-12T13:48:57.970615+00:00,201,99685.52,
2026-09-12T13:49:43.047794+00:00,201,54611.07,
2026-09-12T13:48:24.566970+00:00,201,133096.07,
2026-09-12T13:49:20.966664+00:00,201,76699.33,
2026-09-12T13:48:17.488185+00:00,201,140191.01,
2026-09-12T13:49:42.080075+00:00,201,55603.91,
2026-09-12T13:48:21.910650+00:00,201,135775.75,
2026-09-12T13:48:32.846194+00:00,201,124863.19,
2026-09-12T13:49:18.281795+00:00,201,79441.7,
2026-09-12T13:49:03.907976+00:00,201,93829.4,
2026-09-12T13:48:57.191714+00:00,201,100551.75,
2026-09-12T13:49:44.544739+00:00,201,53265.63,
2026-09-12T13:48:26.827858+00:00,201,130992.17,
2026-09-12T13:49:43.004767+00:00,201,54815.96,
2026-09-12T13:48:04.888790+00:00,201,152933.49,
2026-09-12T13:49:41.091904+00:00,201,56782.0,
2026-09-12T13:49:13.976092+00:00,201,83915.84,
2026-09-12T13:49:26.220959+00:00,201,71679.59,
2026-09-12T13:48:33.795438+00:00,201,124124.74,
2026-09-12T13:49:26.543208+00:00,201,71393.74,
2026-09-12T13:48:38.705451+00:00,201,119232.2,
2026-09-12T13:49:52.937335+00:00,201,45010.74,
2026-09-12T13:48:27.650395+00:00,201,130302.03,
2026-09-12T13:49:49.432300+00:00,201,48520.81,
2026-09-12T13:49:34.895074+00:00,201,63064.84,
2026-09-12T13:49:41.620060+00:00,201,56344.45,
2026-09-12T13:49:11.534721+00:00,201,86443.69,
2026-09-12T13:49:46.152700+00:00,201,51828.47,
2026-09-12T13:49:47.597644+00:00,201,50390.83,
2026-09-12T13:49:57.783438+00:00,201,40220.94,
2026-09-12T13:49:43.288171+00:00,201,54726.87,
2026-09-12T13:48:11.621881+00:00,201,146403.59,
2026-09-12T13:48:50.918833+00:00,201,107124.24,
2026-09-12T13:49:27.598686+00:00,201,70494.99,
2026-09-12T13:49:37.980632+00:00,201,60119.87,
2026-09-12T13:49:57.127520+00:00,201,40991.41,
2026-09-12T13:48:40.912328+00:00,201,117224.34,
2026-09-12T13:48:06.658325+00:00,201,151499.5,
2026-09-12T13:49:32.356241+00:00,201,65805.86,
2026-09-12T13:49:44.663654+00:00,201,53543.17,
2026-09-12T13:49:12.106211+00:00,201,86104.63,
2026-09-12T13:49:47.245890+00:00,201,50971.46,
2026-09-12T13:48:24.908952+00:00,201,133324.5,
2026-09-12T13:49:57.185333+00:00,201,41063.15,
2026-09-12T13:49:16.106571+00:00,201,82161.19,
2026-09-12T13:49:58.498320+00:00,201,39772.46,
2026-09-12T13:49:41.344108+00:00,201,56937.3,
2026-09-12T13:47:52.404351+00:00,201,165902.29,
2026-09-12T13:49:43.892668+00:00,201,54418.05,
2026-09-12T13:49:44.004862+00:00,201,54319.05,
2026-09-12T13:49:23.139298+00:00,201,75225.71,
2026-09-12T13:49:05.482536+00:00,201,92887.27,
2026-09-12T13:48:52.171523+00:00,201,106201.08,
2026-09-12T13:49:48.079788+00:00,201,50326.23,
2026-09-12T13:48:39.983328+00:00,201,118423.54,
2026-09-12T13:49:42.993904+00:00,201,55414.2,
2026-09-12T13:48:25.387002+00:00,201,133045.09,
2026-09-12T13:49:07.832220+00:00,201,90610.62,
2026-09-12T13:48:07.858817+00:00,201,150590.96,
2026-09-12T13:49:22.610940+00:00,201,75840.12,
2026-09-12T13:49:31.088457+00:00,201,67373.23,
2026-09-12T13:49:52.377949+00:00,201,46087.08,
2026-09-12T13:49:05.727038+00:00,201,92739.71,
2026-09-12T13:49:12.659684+00:00,201,85839.94,
2026-09-12T13:48:28.159006+00:00,201,130355.45,
2026-09-12T13:48:33.351298+00:00,201,125172.9,
2026-09-12T13:49:15.174293+00:00,201,83404.76,
2026-09-12T13:49:55.960122+00:00,201,42667.87,
2026-09-12T13:48:49.623153+00:00,201,109008.18,
2026-09-12T13:49:48.385919+00:00,201,50249.25,
2026-09-12T13:49:56.234646+00:00,201,42423.12,
2026-09-12T13:49:46.146249+00:00,201,52524.1,
2026-09-12T13:49:26.100570+00:00,201,72579.34,
2026-09-12T13:49:53.865371+00:00,201,44819.86,
2026-09-12T13:48:51.773785+00:00,201,106925.57,
2026-09-12T13:49:43.142221+00:00,201,55582.96,
2026-09-12T13:49:55.343851+00:00,201,43393.32,
2026-09-12T13:48:28.850582+00:00,201,129887.66,
2026-09-12T13:49:44.835587+00:00,201,53928.21,
2026-09-12T13:48:18.803088+00:00,201,139967.31,
2026-09-12T13:48:06.680951+00:00,201,152107.59,
2026-09-12T13:48:35.080321+00:00,201,123717.33,
2026-09-12T13:49:33.809747+00:00,201,65002.93,
2026-09-12T13:49:26.346626+00:00,201,72473.74,
2026-09-12T13:49:32.385481+00:00,201,66480.46,
2026-09-12T13:48:50.333740+00:00,201,108539.46,
2026-09-12T13:49:32.175151+00:00,201,66699.6,
2026-09-12T13:49:20.380036+00:00,201,78506.4,
2026-09-12T13:48:44.229939+00:00,201,114663.51,
2026-09-12T13:49:17.392450+00:00,201,81530.79,
2026-09-12T13:49:53.459070+00:00,201,45465.56,
2026-09-12T13:49:33.671427+00:00,201,65269.5,
2026-09-12T13:49:20.671121+00:00,201,78273.27,
2026-09-12T13:49:45.222834+00:00,201,53726.9,
2026-09-12T13:49:06.757279+00:00,201,92205.83,
2026-09-12T13:48:03.075338+00:00,201,155900.21,
2026-09-12T13:48:20.489706+00:00,201,138511.85,
2026-09-12T13:49:35.587576+00:00,201,63436.82,
2026-09-12T13:48:22.517744+00:00,201,136516.23,
2026-09-12T13:48:55.628339+00:00,201,103408.68,
2026-09-12T13:49:43.399531+00:00,201,55645.42,
2026-09-12T13:48:58.397735+00:00,201,100678.2,
2026-09-12T13:49:01.302583+00:00,201,97790.22,
2026-09-12T13:49:52.034541+00:00,201,47060.09,
2026-09-12T13:49:12.744645+00:00,201,86363.27,
2026-09-12T13:49:52.029102+00:00,201,47081.75,
2026-09-12T13:49:48.196601+00:00,201,50919.25,
2026-09-12T13:48:43.376514+00:00,201,115746.27,
2026-09-12T13:49:25.489869+00:00,201,73634.64,
2026-09-12T13:48:40.056201+00:00,201,119080.68,
2026-09-12T13:48:28.094105+00:00,201,131071.65,
2026-09-12T13:49:44.516669+00:00,201,54649.99,
2026-09-12T13:48:11.629672+00:00,201,147571.11,
2026-09-12T13:48:48.090267+00:00,201,111140.73,
2026-09-12T13:49:41.118510+00:00,201,58135.91,
2026-09-12T13:48:34.798749+00:00,201,124471.82,
2026-09-12T13:49:46.890863+00:00,201,52423.46,
2026-09-12T13:49:20.653317+00:00,201,78664.47,
2026-09-12T13:49:53.051968+00:00,201,46273.98,
2026-09-12T13:49:46.806605+00:00,201,52522.75,
2026-09-12T13:48:41.117266+00:00,201,118221.43,
2026-09-12T13:49:34.084937+00:00,201,65271.8,
2026-09-12T13:49:13.992557+00:00,201,85379.9,
2026-09-12T13:48:28.214365+00:00,201,131166.88,
2026-09-12T13:48:57.246407+00:00,201,102149.12,
2026-09-12T13:49:30.336549+00:00,201,69079.11,
2026-09-12T13:49:42.947180+00:00,201,56471.25,
2026-09-12T13:49:31.337424+00:00,201,68088.92,
2026-09-12T13:49:26.355859+00:00,201,73090.6,
2026-09-12T13:48:36.384172+00:00,201,123068.07,
2026-09-12T13:49:35.557435+00:00,201,63896.65,
2026-09-12T13:49:52.879577+00:00,201,46595.48,
2026-09-12T13:49:56.213317+00:00,201,43262.84,
2026-09-12T13:48:19.129331+00:00,201,140350.5,
2026-09-12T13:47:54.295628+00:00,201,165200.43,
2026-09-12T13:49:15.015932+00:00,201,84498.92,
2026-09-12T13:48:04.445468+00:00,201,155072.94,
2026-09-12T13:49:42.836885+00:00,201,56696.08,
2026-09-12T13:49:19.572826+00:00,201,79962.05,
2026-09-12T13:49:41.534388+00:00,201,58037.98,
2026-09-12T13:48:47.913055+00:00,201,111670.28,
2026-09-12T13:49:50.274499+00:00,201,49343.09,
2026-09-12T13:49:45.631113+00:00,201,53988.9,
2026-09-12T13:49:47.257469+00:00,201,52368.44,
2026-09-12T13:49:15.313967+00:00,201,84320.25,
2026-09-12T13:49:52.089215+00:00,201,47545.67,
2026-09-12T13:48:58.037752+00:00,201,101608.35,
2026-09-12T13:47:54.251519+00:00,201,165415.23,
2026-09-12T13:49:49.178258+00:00,201,50497.66,
2026-09-12T13:48:20.469043+00:00,201,139220.36,
2026-09-12T13:49:36.524519+00:00,201,63188.11,
2026-09-12T13:49:06.592553+00:00,201,93145.83,
2026-09-12T13:49:38.474151+00:00,201,61297.47,
2026-09-12T13:48:14.507449+00:00,201,145280.16,
2026-09-12T13:49:53.426137+00:00,201,46387.12,
2026-09-12T13:49:45.692559+00:00,201,54128.43,
2026-09-12T13:49:07.494712+00:00,201,92334.02,
2026-09-12T13:49:32.496784+00:00,201,67338.17,
2026-09-12T13:49:21.767688+00:00,201,78073.58,
2026-09-12T13:49:58.785875+00:00,201,41058.35,
2026-09-12T13:49:49.405057+00:00,201,50439.71,
2026-09-12T13:49:28.743916+00:00,201,71101.74,
2026-09-12T13:49:43.623727+00:00,201,56252.7,
2026-09-12T13:49:54.885504+00:00,201,44997.07,
2026-09-12T13:48:29.703073+00:00,201,130189.87,
2026-09-12T13:48:34.467006+00:00,201,125483.4,
2026-09-12T13:49:19.145784+00:00,201,80811.17,
2026-09-12T13:48:36.367801+00:00,201,123598.18,
2026-09-12T13:48:27.042026+00:00,201,132929.94,
2026-09-12T13:48:28.235790+00:00,201,131748.07,
2026-09-12T13:48:25.588213+00:00,201,134404.45,
2026-09-12T13:48:25.797517+00:00,201,134243.07,
2026-09-12T13:49:08.887524+00:00,201,91155.22,
2026-09-12T13:49:44.372482+00:00,201,55670.95,
2026-09-12T13:48:44.969913+00:00,201,115116.9,
2026-09-12T13:48:47.128009+00:00,201,112968.6,
2026-09-12T13:49:11.564739+00:00,201,88535.67,
2026-09-12T13:49:34.917631+00:00,201,65194.43,
2026-09-12T13:48:08.224562+00:00,201,151906.43,
2026-09-12T13:49:37.837875+00:00,201,62321.63,
2026-09-12T13:49:36.711980+00:00,201,63451.43,
2026-09-12T13:47:56.836160+00:00,201,163352.39,
2026-09-12T13:48:14.441207+00:00,201,145748.44,
2026-09-12T13:49:49.562265+00:00,201,50635.98,
2026-09-12T13:48:06.346108+00:00,201,153866.25,
2026-09-12T13:49:50.888676+00:00,201,49367.16,
2026-09-12T13:49:16.521073+00:00,201,83748.02,
2026-09-12T13:49:45.654629+00:00,201,54615.6,
2026-09-12T13:49:38.157414+00:00,201,62113.29,
2026-09-12T13:49:05.511472+00:00,201,94763.8,
2026-09-12T13:49:07.540218+00:00,201,92737.72,
2026-09-12T13:48:57.478585+00:00,201,102841.44,
2026-09-12T13:49:51.309203+00:00,201,49018.62,
2026-09-12T13:48:24.845691+00:00,201,135491.2,
2026-09-12T13:49:00.960592+00:00,201,99383.44,
2026-09-12T13:48:57.526160+00:00,201,102837.68,
2026-09-12T13:48:54.233864+00:00,201,106133.92,
2026-09-12T13:49:28.356746+00:00,201,72019.02,
2026-09-12T13:49:02.891674+00:00,201,97484.62,
2026-09-12T13:49:51.575693+00:00,201,48826.78,
2026-09-12T13:49:44.654090+00:00,201,55754.77,
2026-09-12T13:48:33.125958+00:00,201,127301.68,
2026-09-12T13:49:28.878571+00:00,201,71551.37,
2026-09-12T13:47:50.634217+00:00,201,169815.3,
2026-09-12T13:49:14.242505+00:00,201,86246.13,
2026-09-12T13:49:48.786607+00:00,201,51725.15,
2026-09-12T13:48:29.120121+00:00,201,131394.33,
2026-09-12T13:48:59.029846+00:00,201,101490.56,
2026-09-12T13:49:06.460431+00:00,201,94062.01,
2026-09-12T13:49:50.913379+00:00,201,49636.07,
2026-09-12T13:49:24.722518+00:00,201,75848.29,
2026-09-12T13:49:31.630271+00:00,201,68951.13,
2026-09-12T13:49:37.213343+00:00,201,63369.4,
2026-09-12T13:48:14.790643+00:00,201,145793.92,
2026-09-12T13:49:25.739840+00:00,201,74874.53,
2026-09-12T13:49:26.060605+00:00,201,74563.21,
2026-09-12T13:48:23.929958+00:00,201,136695.69,
2026-09-12T13:49:07.150764+00:00,201,93476.21,
2026-09-12T13:49:39.357567+00:00,201,61274.24,
2026-09-12T13:49:45.056099+00:00,201,55578.51,
2026-09-12T13:49:46.321661+00:00,201,54323.5,
2026-09-12T13:49:49.083164+00:00,201,51564.37,
2026-09-12T13:48:37.313643+00:00,201,123381.07,
2026-09-12T13:49:37.051445+00:00,201,63666.49,
2026-09-12T13:48:48.300563+00:00,201,112417.93,
2026-09-12T13:48:52.398597+00:00,201,108359.73,
2026-09-12T13:48:33.041290+00:00,201,127730.17,
2026-09-12T13:48:19.693132+00:00,201,141106.39,
2026-09-12T13:48:19.847551+00:00,201,140953.01,
2026-09-12T13:49:45.295842+00:00,201,55517.41,
2026-09-12T13:49:14.716680+00:00,201,86097.26,
2026-09-12T13:49:35.740981+00:00,201,65079.45,
2026-09-12T13:49:54.620509+00:00,201,46207.1,
2026-09-12T13:49:43.857737+00:00,201,56975.39,
2026-09-12T13:49:04.876261+00:00,201,95960.36,
2026-09-12T13:49:46.955856+00:00,201,53894.72,
2026-09-12T13:48:34.044815+00:00,201,126806.4,
2026-09-12T13:48:43.552173+00:00,201,117330.04,
2026-09-12T13:48:14.658620+00:00,201,146285.58,
2026-09-12T13:49:55.010429+00:00,201,45936.34,
2026-09-12T13:49:49.123197+00:00,201,51842.69,
2026-09-12T13:49:25.558809+00:00,201,75412.92,
2026-09-12T13:48:43.695830+00:00,201,117279.47,
2026-09-12T13:49:15.945934+00:00,201,85041.69,
2026-09-12T13:48:56.426777+00:00,201,104565.78,
2026-09-12T13:48:56.786385+00:00,201,104206.65,
2026-09-12T13:48:58.334509+00:00,201,102664.97,
2026-09-12T13:49:24.327988+00:00,201,76707.46,
2026-09-12T13:49:43.274203+00:00,201,57773.46,
2026-09-12T13:49:50.108287+00:00,201,50950.27,
2026-09-12T13:49:07.060365+00:00,201,93999.47,
2026-09-12T13:49:56.762453+00:00,201,44312.43,
2026-09-12T13:49:58.626721+00:00,201,42467.1,
2026-09-12T13:48:50.637028+00:00,201,110473.83,
2026-09-12T13:49:34.310193+00:00,201,66801.42,
2026-09-12T13:48:29.479778+00:00,201,131654.1,
2026-09-12T13:49:14.370396+00:00,201,86769.22,
2026-09-12T13:48:45.200026+00:00,201,115944.23,
2026-09-12T13:49:04.593812+00:00,201,96563.86,
2026-09-12T13:48:47.741084+00:00,201,113438.72,
2026-09-12T13:49:57.561509+00:00,201,43625.04,
2026-09-12T13:49:33.545037+00:00,201,67658.84,
2026-09-12T13:49:44.915015+00:00,201,56318.2,
2026-09-12T13:48:27.962932+00:00,201,133287.65,
2026-09-12T13:48:42.414354+00:00,201,118841.03,
2026-09-12T13:48:56.519737+00:00,201,104737.14,
2026-09-12T13:48:29.539987+00:00,201,131755.81,
2026-09-12T13:49:45.045338+00:00,201,56262.26,
2026-09-12T13:47:47.880181+00:00,201,173460.16,
2026-09-12T13:48:25.790941+00:00,201,135590.76,
2026-09-12T13:48:41.010611+00:00,201,120376.02,
2026-09-12T13:49:20.877201+00:00,201,80530.87,
2026-09-12T13:48:32.960640+00:00,201,128452.42,
2026-09-12T13:49:25.894015+00:00,201,75529.37,
2026-09-12T13:48:49.878783+00:00,201,111564.84,
2026-09-12T13:48:25.353692+00:00,201,136092.89,
2026-09-12T13:49:27.114542+00:00,201,74337.95,
2026-09-12T13:48:21.544467+00:00,201,139910.42,
2026-09-12T13:49:17.691781+00:00,201,83765.51,
2026-09-12T13:49:57.121096+00:00,201,44337.04,
2026-09-12T13:48:26.917813+00:00,201,134563.67,
2026-09-12T13:49:34.837283+00:00,201,66667.72,
2026-09-12T13:48:25.516001+00:00,201,135990.81,
2026-09-12T13:49:08.951893+00:00,201,92573.1,
2026-09-12T13:48:58.923543+00:00,201,102614.36,
2026-09-12T13:48:21.249378+00:00,201,140306.71,
2026-09-12T13:48:23.150760+00:00,201,138407.56,
2026-09-12T13:49:27.670849+00:00,201,73898.24,
2026-09-12T13:48:56.655105+00:00,201,104925.59,
2026-09-12T13:49:44.229017+00:00,201,57355.03,
2026-09-12T13:49:09.273977+00:00,201,92326.47,
2026-09-12T13:49:35.095604+00:00,201,66509.78,
2026-09-12T13:49:24.181502+00:00,201,77431.43,
2026-09-12T13:48:49.736298+00:00,201,111897.55,
2026-09-12T13:49:05.475122+00:00,201,96166.49,
2026-09-12T13:49:55.969828+00:00,201,45678.16,
2026-09-12T13:48:34.088850+00:00,201,127565.43,
2026-09-12T13:49:02.755677+00:00,201,98922.44,
2026-09-12T13:49:50.247609+00:00,201,51432.58,
2026-09-12T13:48:43.795249+00:00,201,117910.83,
2026-09-12T13:49:50.900653+00:00,201,50807.85,
2026-09-12T13:48:08.117981+00:00,201,153598.06,
2026-09-12T13:49:04.275545+00:00,201,97493.73,
2026-09-12T13:49:15.970555+00:00,201,85805.85,
2026-09-12T13:48:55.671447+00:00,201,106116.13,
2026-09-12T13:49:24.307759+00:00,201,77489.77,
2026-09-12T13:48:45.706483+00:00,201,116091.84,
2026-09-12T13:48:56.494905+00:00,201,105307.52,
2026-09-12T13:48:56.549440+00:00,201,105258.96,
2026-09-12T13:49:55.250325+00:00,201,46594.29,
2026-09-12T13:49:54.997384+00:00,201,46858.31,
2026-09-12T13:48:57.162801+00:00,201,104701.94,
2026-09-12T13:49:32.459468+00:00,201,69406.35,
2026-09-12T13:49:10.361670+00:00,201,91530.44,
2026-09-12T13:49:28.766269+00:00,201,73128.08,
2026-09-12T13:48:52.861351+00:00,201,109045.71,
2026-09-12T13:49:35.392929+00:00,201,66533.06,
2026-09-12T13:48:22.839151+00:00,201,139100.74,
2026-09-12T13:48:55.961762+00:00,201,106009.75,
2026-09-12T13:48:56.374913+00:00,201,105605.92,
2026-09-12T13:49:15.650882+00:00,201,86344.86,
2026-09-12T13:49:28.328117+00:00,201,73676.51,
2026-09-12T13:49:52.897483+00:00,201,49113.3,
2026-09-12T13:49:11.917902+00:00,201,90118.29,
2026-09-12T13:48:20.446290+00:00,201,141595.44,
2026-09-12T13:49:29.639261+00:00,201,72411.11,
2026-09-12T13:48:58.568969+00:00,201,103485.41,
2026-09-12T13:49:21.934780+00:00,201,80168.68,
2026-09-12T13:49:41.100505+00:00,201,61003.65,
2026-09-12T13:48:21.833097+00:00,201,140282.45,
2026-09-12T13:48:59.976372+00:00,201,102146.97,
2026-09-12T13:49:32.958826+00:00,201,69166.68,
2026-09-12T13:49:06.023925+00:00,201,96132.0,
2026-09-12T13:49:46.942490+00:00,201,55214.03,
2026-09-12T13:49:56.624207+00:00,201,45533.49,
2026-09-12T13:49:22.640887+00:00,201,79536.23,
2026-09-12T13:48:42.600947+00:00,201,119576.62,
2026-09-12T13:49:29.992450+00:00,201,72200.3,
2026-09-12T13:48:40.174118+00:00,201,122035.24,
2026-09-12T13:48:19.668771+00:00,201,142548.46,
2026-09-12T13:48:26.091283+00:00,201,136135.32,
2026-09-12T13:49:51.588057+00:00,201,50643.66,
2026-09-12T13:48:55.739667+00:00,201,106514.57,
2026-09-12T13:49:48.808975+00:00,201,53450.13,
2026-09-12T13:49:18.562355+00:00,201,83703.78,
2026-09-12T13:48:34.211447+00:00,201,128088.34,
2026-09-12T13:49:07.597885+00:00,201,94729.2,
2026-09-12T13:49:58.748708+00:00,201,43606.2,
2026-09-12T13:48:03.387744+00:00,201,158968.77,
2026-09-12T13:49:57.939377+00:00,201,44444.97,
2026-09-12T13:48:12.740715+00:00,201,149644.98,
2026-09-12T13:49:48.762213+00:00,201,53626.04,
2026-09-12T13:48:54.919763+00:00,201,107475.36,
2026-09-12T13:48:20.362230+00:00,201,142037.16,
2026-09-12T13:48:43.838799+00:00,201,118566.35,
2026-09-12T13:49:02.878708+00:00,201,99533.76,
2026-09-12T13:49:17.119808+00:00,201,85311.57,
2026-09-12T13:48:21.887901+00:00,201,140545.08,
2026-09-12T13:49:52.361834+00:00,201,50076.98,
2026-09-12T13:48:25.785774+00:00,201,136654.97,
2026-09-12T13:47:53.205415+00:00,201,169259.54,
2026-09-12T13:49:04.377809+00:00,201,98143.82,
2026-09-12T13:49:54.300893+00:00,201,48237.25,
2026-09-12T13:49:06.697725+00:00,201,95841.94,
2026-09-12T13:48:40.315236+00:00,201,122228.39,
2026-09-12T13:48:47.856567+00:00,201,114688.65,
2026-09-12T13:49:04.181919+00:00,201,98378.07,
2026-09-12T13:48:16.040600+00:00,201,146529.03,
2026-09-12T13:48:54.779697+00:00,201,107793.23,
2026-09-12T13:49:33.420759+00:00,201,69153.35,
2026-09-12T13:49:41.413698+00:00,201,61164.16,
2026-09-12T13:49:33.763918+00:00,201,68820.26,
2026-09-12T13:49:38.138192+00:00,201,64462.33,
2026-09-12T13:49:23.411710+00:00,201,79252.04,
2026-09-12T13:49:52.993042+00:00,201,49723.24,
2026-09-12T13:48:53.046898+00:00,201,109676.11,
2026-09-12T13:48:47.744697+00:00,201,114982.2,
2026-09-12T13:48:15.184202+00:00,201,147548.14,
2026-09-12T13:49:36.078587+00:00,201,66700.94,
2026-09-12T13:48:24.025638+00:00,201,138759.34,
2026-09-12T13:48:42.323841+00:00,201,120487.3,
2026-09-12T13:49:55.402337+00:00,201,47421.94,
2026-09-12T13:48:53.787432+00:00,201,109049.07,
2026-09-12T13:49:45.218138+00:00,201,57621.84,
2026-09-12T13:49:58.437925+00:00,201,44409.68,
2026-09-12T13:48:26.601092+00:00,201,136247.15,
2026-09-12T13:48:36.840251+00:00,201,126012.8,
2026-09-12T13:48:44.482254+00:00,201,118401.38,
2026-09-12T13:49:20.406685+00:00,201,82478.1,
2026-09-12T13:48:49.638636+00:00,201,113252.77,
2026-09-12T13:48:45.367987+00:00,201,117532.32,
2026-09-12T13:49:33.380129+00:00,201,69549.83,
2026-09-12T13:49:48.611039+00:00,201,54329.11,
2026-09-12T13:49:29.280355+00:00,201,73668.02,
2026-09-12T13:48:13.608557+00:00,201,149359.21,
2026-09-12T13:49:03.675733+00:00,201,99303.86,
2026-09-12T13:48:38.695270+00:00,201,124308.32,
2026-09-12T13:47:50.434744+00:00,201,172599.64,
2026-09-12T13:48:57.524354+00:00,201,105513.09,
2026-09-12T13:49:25.247193+00:00,201,77792.04,
2026-09-12T13:49:32.434228+00:00,201,70620.2,
2026-09-12T13:49:28.652415+00:00,201,74424.77,
2026-09-12T13:48:55.661655+00:00,201,107422.65,
2026-09-12T13:49:26.114559+00:00,201,76974.41,
2026-09-12T13:47:54.333233+00:00,201,168757.7,
2026-09-12T13:49:04.008752+00:00,201,99082.69,
2026-09-12T13:49:48.003233+00:00,201,55096.2,
2026-09-12T13:48:00.408221+00:00,201,162701.52,
2026-09-12T13:48:45.965112+00:00,201,117171.9,
2026-09-12T13:48:47.177299+00:00,201,115972.9,
2026-09-12T13:48:21.029948+00:00,201,142155.07,
2026-09-12T13:48:50.068444+00:00,201,113147.61,
2026-09-12T13:49:23.634981+00:00,201,79583.61,
2026-09-12T13:47:59.562208+00:00,201,163657.23,
2026-09-12T13:48:38.586003+00:00,201,124642.57,
2026-09-12T13:49:28.981219+00:00,201,74251.67,
2026-09-12T13:48:12.593473+00:00,201,150646.27,
2026-09-12T13:48:30.630495+00:00,201,132618.28,
2026-09-12T13:49:02.244909+00:00,201,101008.6,
2026-09-12T13:49:54.665612+00:00,201,48594.31,
2026-09-12T13:49:47.692555+00:00,201,55576.61,
2026-09-12T13:48:27.424242+00:00,201,135858.46,
2026-09-12T13:48:02.388475+00:00,201,160898.48,
2026-09-12T13:49:18.280267+00:00,201,85021.31,
2026-09-12T13:49:21.979223+00:00,201,81335.28,
2026-09-12T13:48:45.009941+00:00,201,118307.71,
2026-09-12T13:48:44.588419+00:00,201,118737.72,
2026-09-12T13:48:58.240350+00:00,201,105089.39,
2026-09-12T13:49:17.605301+00:00,201,85752.88,
2026-09-12T13:49:36.424894+00:00,201,66954.63,
2026-09-12T13:49:50.441097+00:00,201,52942.34,
2026-09-12T13:48:08.230114+00:00,201,155204.48,
2026-09-12T13:48:41.913298+00:00,201,121551.91,
2026-09-12T13:48:56.644753+00:00,201,106826.9,
2026-09-12T13:49:50.541920+00:00,201,52933.15,
2026-09-12T13:48:39.421387+00:00,201,124072.86,
2026-09-12T13:48:56.754005+00:00,201,106742.55,
2026-09-12T13:49:55.392551+00:00,201,48122.46,
2026-09-12T13:49:24.771437+00:00,201,78789.0,
2026-09-12T13:48:40.093433+00:00,201,123470.14,
2026-09-12T13:49:57.934182+00:00,201,45639.35,
2026-09-12T13:49:19.516338+00:00,201,84079.97,
2026-09-12T13:48:23.667197+00:00,201,139929.68,
2026-09-12T13:48:45.388715+00:00,201,118211.69,
2026-09-12T13:49:30.045318+00:00,201,73558.05,
2026-09-12T13:48:23.583766+00:00,201,140021.99,
2026-09-12T13:48:46.639311+00:00,201,116970.59,
2026-09-12T13:49:14.611124+00:00,201,89014.79,
2026-09-12T13:49:11.325999+00:00,201,92305.09,
2026-09-12T13:49:47.906782+00:00,201,55724.87,
2026-09-12T13:48:21.446904+00:00,201,142195.64,
2026-09-12T13:48:49.465896+00:00,201,114189.81,
2026-09-12T13:49:33.969747+00:00,201,69707.3,
2026-09-12T13:48:54.393928+00:00,201,109304.05,
2026-09-12T13:48:12.567972+00:00,201,151146.53,
2026-09-12T13:49:56.083909+00:00,201,47645.38,
2026-09-12T13:49:10.032632+00:00,201,93708.8,
2026-09-12T13:49:45.135418+00:00,201,58622.99,
2026-09-12T13:49:58.900142+00:00,201,44881.42,
2026-09-12T13:48:25.596941+00:00,201,138197.16,
2026-09-12T13:49:48.335689+00:00,201,55466.34,
2026-09-12T13:48:49.908474+00:00,201,113918.02,
2026-09-12T13:49:08.934688+00:00,201,94897.71,
2026-09-12T13:48:50.352000+00:00,201,113484.11,
2026-09-12T13:48:54.687865+00:00,201,109157.48,
2026-09-12T13:49:53.584585+00:00,201,50295.16,
2026-09-12T13:48:46.634815+00:00,201,117248.61,
2026-09-12T13:48:59.142532+00:00,201,104741.43,
2026-09-12T13:48:57.130748+00:00,201,106758.16,
2026-09-12T13:49:26.600559+00:00,201,77293.42,
2026-09-12T13:49:37.575724+00:00,201,66355.69,
2026-09-12T13:49:55.423310+00:00,201,48532.06,
2026-09-12T13:49:52.355317+00:00,201,51610.72,
2026-09-12T13:48:51.131819+00:00,201,112848.95,
2026-09-12T13:49:56.489491+00:00,201,47508.32,
2026-09-12T13:48:01.915304+00:00,201,162095.04,
2026-09-12T13:48:00.677537+00:00,201,163336.49,
2026-09-12T13:47:53.862158+00:00,201,170154.15,
2026-09-12T13:49:25.138576+00:00,201,78915.84,
2026-09-12T13:48:34.175211+00:00,201,129879.77,
2026-09-12T13:49:18.810692+00:00,201,85266.55,
2026-09-12T13:48:33.808710+00:00,201,130271.68,
2026-09-12T13:49:53.743322+00:00,201,50347.28,
2026-09-12T13:49:43.023863+00:00,201,61073.65,
2026-09-12T13:49:57.000345+00:00,201,47103.06,
2026-09-12T13:49:56.923955+00:00,201,47187.15,
2026-09-12T13:49:32.659518+00:00,201,71461.76,
2026-09-12T13:48:06.330245+00:00,201,157803.21,
2026-09-12T13:49:14.656979+00:00,201,89484.48,
2026-09-12T13:49:45.686989+00:00,201,58458.3,
2026-09-12T13:49:25.217406+00:00,201,78960.35,
2026-09-12T13:49:32.822258+00:00,201,71367.18,
2026-09-12T13:49:41.333662+00:00,201,62859.74,
2026-09-12T13:48:42.108895+00:00,201,122085.23,
2026-09-12T13:49:00.844120+00:00,201,103358.13,
2026-09-12T13:49:58.045150+00:00,201,46167.62,
2026-09-12T13:48:07.029876+00:00,201,157186.46,
2026-09-12T13:49:49.135324+00:00,201,55098.78,
2026-09-12T13:49:59.033814+00:00,201,45205.8,
2026-09-12T13:49:21.424448+00:00,201,82842.48,
2026-09-12T13:48:14.017198+00:00,201,150250.27,
2026-09-12T13:49:26.586431+00:00,201,77688.0,
2026-09-12T13:48:04.408418+00:00,201,159871.9,
2026-09-12T13:49:55.893940+00:00,201,48392.45,
2026-09-12T13:48:17.693416+00:00,201,146610.99,
2026-09-12T13:49:50.904730+00:00,201,53460.73,
2026-09-12T13:49:23.574946+00:00,201,80793.45,
2026-09-12T13:48:21.790131+00:00,201,142585.02,
2026-09-12T13:49:51.276846+00:00,201,53108.73,
2026-09-12T13:49:06.795557+00:00,201,97591.84,
2026-09-12T13:49:17.962256+00:00,201,86434.79,
2026-09-12T13:48:24.608290+00:00,201,139795.4,
2026-09-12T13:49:09.010338+00:00,201,95411.97,
2026-09-12T13:49:19.946406+00:00,201,84476.66,
2026-09-12T13:49:58.859375+00:00,201,45569.6,
2026-09-12T13:48:18.936055+00:00,201,145498.13,
2026-09-12T13:49:13.041984+00:00,201,91393.65,
2026-09-12T13:49:44.719016+00:00,201,59725.81,
2026-09-12T13:48:07.286844+00:00,201,157162.46,
2026-09-12T13:49:46.879354+00:00,201,57588.37,
2026-09-12T13:49:21.076625+00:00,201,83411.56,
2026-09-12T13:49:47.371826+00:00,201,57118.58,
2026-09-12T13:48:29.308659+00:00,201,135183.18,
2026-09-12T13:48:41.128012+00:00,201,123374.84,
2026-09-12T13:49:05.070075+00:00,201,99465.31,
2026-09-12T13:49:30.048370+00:00,201,74495.87,
2026-09-12T13:48:04.900603+00:00,201,159645.12,
2026-09-12T13:49:58.043420+00:00,201,46526.79,
2026-09-12T13:49:07.827312+00:00,201,96785.63,
2026-09-12T13:49:20.179737+00:00,201,84433.67,
2026-09-12T13:49:33.860133+00:00,201,70759.05,
2026-09-12T13:49:02.169863+00:00,201,102453.63,
2026-09-12T13:49:04.416545+00:00,201,100217.75,
2026-09-12T13:48:56.926330+00:00,201,107711.84,
2026-09-12T13:49:04.692953+00:00,201,99952.59,
2026-09-12T13:48:56.652017+00:00,201,108019.07,
2026-09-12T13:47:56.533009+00:00,201,168138.59,
2026-09-12T13:48:51.282890+00:00,201,113401.68,
2026-09-12T13:48:14.045600+00:00,201,150651.56,
2026-09-12T13:49:33.829172+00:00,201,70885.01,
2026-09-12T13:48:56.896768+00:00,201,107835.87,
2026-09-12T13:49:45.431848+00:00,201,59309.16,
2026-09-12T13:48:30.070505+00:00,201,134677.0,
2026-09-12T13:48:31.058645+00:00,201,133694.24,
2026-09-12T13:49:08.597549+00:00,201,96163.56,
2026-09-12T13:48:46.257693+00:00,201,118524.12,
2026-09-12T13:49:11.521517+00:00,201,93279.51,
2026-09-12T13:49:20.689788+00:00,201,84113.52,
2026-09-12T13:48:20.918205+00:00,201,143910.88,
2026-09-12T13:49:42.421047+00:00,201,62428.68,
2026-09-12T13:49:49.809519+00:00,201,55041.8,
2026-09-12T13:48:30.183082+00:00,201,134677.88,
2026-09-12T13:48:13.158392+00:00,201,151714.71,
2026-09-12T13:49:40.391691+00:00,201,64484.11,
2026-09-12T13:49:44.514139+00:00,201,60374.17,
2026-09-12T13:48:33.181576+00:00,201,131731.14,
2026-09-12T13:49:39.617880+00:00,201,65302.7,
2026-09-12T13:49:36.663164+00:00,201,68273.27,
2026-09-12T13:49:24.231028+00:00,201,80716.03,
2026-09-12T13:49:05.786891+00:00,201,99184.45,
2026-09-12T13:48:19.248691+00:00,201,145745.01,
2026-09-12T13:49:46.615471+00:00,201,58393.53,
2026-09-12T13:49:56.960279+00:00,201,48064.9,
2026-09-12T13:49:34.410033+00:00,201,70622.92,
2026-09-12T13:49:57.657085+00:00,201,47388.3,
2026-09-12T13:49:37.765068+00:00,201,67300.27,
2026-09-12T13:49:31.207422+00:00,201,73862.65,
2026-09-12T13:49:03.421665+00:00,201,101652.21,
2026-09-12T13:49:07.080783+00:00,201,98025.22,
2026-09-12T13:49:13.416209+00:00,201,91690.66,
2026-09-12T13:49:32.851023+00:00,201,72263.73,
2026-09-12T13:49:26.558311+00:00,201,78563.41,
2026-09-12T13:49:22.530937+00:00,201,82594.5,
2026-09-12T13:49:26.881650+00:00,201,78246.1,
2026-09-12T13:49:30.422410+00:00,201,74735.56,
2026-09-12T13:48:44.216307+00:00,201,120947.32,
2026-09-12T13:49:01.768187+00:00,201,103396.88,
2026-09-12T13:49:19.848773+00:00,201,85325.72,
2026-09-12T13:49:13.773389+00:00,201,91452.12,
2026-09-12T13:49:52.893347+00:00,201,52342.19,
2026-09-12T13:49:29.488453+00:00,201,75764.02,
2026-09-12T13:49:41.234054+00:00,201,64018.92,
2026-09-12T13:48:38.934383+00:00,201,126327.49,
2026-09-12T13:49:14.302183+00:00,201,90973.65,
2026-09-12T13:49:48.874139+00:00,201,56410.04,
2026-09-12T13:47:50.884463+00:00,201,174402.72,
2026-09-12T13:47:54.293516+00:00,201,171025.12,
2026-09-12T13:49:42.819874+00:00,201,62507.41,
2026-09-12T13:49:40.422902+00:00,201,64907.18,
2026-09-12T13:48:58.710931+00:00,201,106620.73,
2026-09-12T13:48:41.443501+00:00,201,123892.05,
2026-09-12T13:48:39.005012+00:00,201,126331.6,
2026-09-12T13:49:46.008257+00:00,201,59340.18,
2026-09-12T13:49:37.082664+00:00,201,68298.32,
2026-09-12T13:49:34.555292+00:00,201,70870.8,
2026-09-12T13:49:50.836916+00:00,201,54600.69,
2026-09-12T13:49:00.290075+00:00,201,105166.93,
2026-09-12T13:49:36.015016+00:00,201,69442.88,
2026-09-12T13:48:47.896798+00:00,201,117561.62,
2026-09-12T13:49:41.211606+00:00,201,64247.54,
2026-09-12T13:48:23.616907+00:00,201,141889.82,
2026-09-12T13:49:42.391733+00:00,201,63116.96,
2026-09-12T13:48:33.756584+00:00,201,131754.95,
2026-09-12T13:49:12.499936+00:00,201,93046.38,
2026-09-12T13:49:33.563662+00:00,201,71998.09,
2026-09-12T13:48:55.062316+00:00,201,110524.39,
2026-09-12T13:48:58.617210+00:00,201,106986.62,
2026-09-12T13:49:04.672664+00:00,201,100944.92,
2026-09-12T13:49:32.871969+00:00,201,72771.99,
2026-09-12T13:49:53.492077+00:00,201,52161.2,
2026-09-12T13:49:15.685398+00:00,201,89969.25,
2026-09-12T13:49:28.746910+00:00,201,76917.74,
2026-09-12T13:49:25.980786+00:00,201,79689.89,
2026-09-12T13:49:56.559639+00:00,201,49128.09,
2026-09-12T13:49:08.695085+00:00,201,97011.0,
2026-09-12T13:49:30.683900+00:00,201,75032.96,
2026-09-12T13:48:39.177126+00:00,201,126549.99,
2026-09-12T13:48:58.033305+00:00,201,107695.23,
2026-09-12T13:49:47.661651+00:00,201,58073.78,
2026-09-12T13:49:29.838984+00:00,201,75921.28,
2026-09-12T13:49:29.261545+00:00,201,76510.16,
2026-09-12T13:49:47.457045+00:00,201,58335.93,
2026-09-12T13:49:27.964802+00:00,201,77832.39,
2026-09-12T13:49:28.068207+00:00,201,77729.54,
2026-09-12T13:49:32.252054+00:00,201,73559.5,
2026-09-12T13:49:47.318129+00:00,201,58513.09,
2026-09-12T13:49:32.045320+00:00,201,73798.42,
2026-09-12T13:49:24.997662+00:00,201,80849.7,
2026-09-12T13:49:27.646629+00:00,201,78203.42,
2026-09-12T13:48:19.739834+00:00,201,146112.49,
2026-09-12T13:49:47.672408+00:00,201,58185.94,
2026-09-12T13:47:43.773291+00:00,201,182101.06,
2026-09-12T13:49:37.449754+00:00,201,68471.95,
2026-09-12T13:49:49.314927+00:00,201,56621.25,
2026-09-12T13:47:52.255010+00:00,201,173692.79,
2026-09-12T13:49:54.944576+00:00,201,51009.52,
2026-09-12T13:49:57.050610+00:00,201,48925.31,
2026-09-12T13:49:58.778045+00:00,201,47198.39,
2026-09-12T13:49:21.192241+00:00,201,84793.61,
2026-09-12T13:49:02.292095+00:00,201,103696.4,
2026-09-12T13:48:43.033282+00:00,201,122985.59,
2026-09-12T13:48:46.234465+00:00,201,119793.33,
2026-09-12T13:48:57.012886+00:00,201,109029.87,
2026-09-12T13:49:30.625524+00:00,201,75425.85,
2026-09-12T13:49:48.993942+00:00,201,57059.87,
2026-09-12T13:48:57.209496+00:00,201,108855.98,
2026-09-12T13:49:19.763977+00:00,201,86302.93,
2026-09-12T13:48:05.392512+00:00,201,160695.47,
2026-09-12T13:49:37.438609+00:00,201,68662.92,
2026-09-12T13:49:55.523691+00:00,201,50584.82,
2026-09-12T13:47:53.846349+00:00,201,172264.51,
2026-09-12T13:49:47.300026+00:00,201,58832.36,
2026-09-12T13:49:23.042416+00:00,201,83103.88,
2026-09-12T13:49:22.860654+00:00,201,83305.46,
2026-09-12T13:48:19.799521+00:00,201,146384.6,
2026-09-12T13:49:44.511181+00:00,201,61691.12,
2026-09-12T13:49:30.392474+00:00,201,75840.73,
2026-09-12T13:49:51.299929+00:00,201,54943.28,
2026-09-12T13:48:47.633690+00:00,201,118625.35,
2026-09-12T13:49:11.469311+00:00,201,94793.77,
2026-09-12T13:48:11.659767+00:00,201,154605.29,
2026-09-12T13:49:26.852833+00:00,201,79421.39,
2026-09-12T13:49:53.333735+00:00,201,52951.03,
2026-09-12T13:48:03.022441+00:00,201,163272.5,
2026-09-12T13:49:44.378789+00:00,201,61927.14,
2026-09-12T13:49:20.094880+00:00,201,86218.24,
2026-09-12T13:48:55.414426+00:00,201,110911.66,
2026-09-12T13:49:26.350267+00:00,201,80033.24,
2026-09-12T13:49:36.045779+00:00,201,70340.47,
2026-09-12T13:49:27.227983+00:00,201,79159.47,
2026-09-12T13:49:12.278814+00:00,201,94113.55,
2026-09-12T13:49:46.686597+00:00,201,59714.24,
2026-09-12T13:49:57.431154+00:00,201,48972.7,
2026-09-12T13:49:42.576918+00:00,201,63832.7,
2026-09-12T13:48:35.925295+00:00,201,130505.63,
2026-09-12T13:49:30.019065+00:00,201,76412.36,
2026-09-12T13:49:53.975828+00:00,201,52463.99,
2026-09-12T13:48:21.074858+00:00,201,145391.45,
2026-09-12T13:49:15.289990+00:00,201,91185.76,
2026-09-12T13:48:45.093455+00:00,201,121391.06,
2026-09-12T13:48:41.641489+00:00,201,124871.98,
2026-09-12T13:48:50.423516+00:00,201,116116.51,
2026-09-12T13:49:55.991361+00:00,201,50565.08,
2026-09-12T13:48:25.472998+00:00,201,141091.46,
2026-09-12T13:48:58.473035+00:00,201,108096.45,
2026-09-12T13:48:43.166440+00:00,201,123411.87,
2026-09-12T13:48:32.801636+00:00,201,133784.66,
2026-09-12T13:49:31.616985+00:00,201,74970.64,
2026-09-12T13:48:25.441842+00:00,201,141170.96,
2026-09-12T13:48:40.928474+00:00,201,125689.49,
2026-09-12T13:49:33.835272+00:00,201,72787.43,
2026-09-12T13:48:26.865242+00:00,201,139786.52,
2026-09-12T13:49:22.215404+00:00,201,84453.93,
2026-09-12T13:49:50.442778+00:00,201,56244.23,
2026-09-12T13:49:48.032452+00:00,201,58665.45,
2026-09-12T13:49:17.786475+00:00,201,88941.89,
2026-09-12T13:48:45.690542+00:00,201,121038.79,
2026-09-12T13:48:14.073510+00:00,201,152667.13,
2026-09-12T13:49:07.090441+00:00,201,99656.31,
2026-09-12T13:49:29.463170+00:00,201,77288.07,
2026-09-12T13:49:52.305993+00:00,201,54456.19,
2026-09-12T13:49:56.282522+00:00,201,50480.53,
2026-09-12T13:49:56.468685+00:00,201,50327.27,
2026-09-12T13:49:49.403330+00:00,201,57393.49,
2026-09-12T13:49:11.760986+00:00,201,95041.06,
2026-09-12T13:49:31.992431+00:00,201,74816.23,
2026-09-12T13:49:16.144047+00:00,201,90697.26,
2026-09-12T13:49:24.598677+00:00,201,82251.32,
2026-09-12T13:49:50.504727+00:00,201,56367.47,
2026-09-12T13:48:29.886121+00:00,201,136991.53,
2026-09-12T13:48:49.933709+00:00,201,116957.33,
2026-09-12T13:49:56.095211+00:00,201,50798.42,
2026-09-12T13:49:42.292181+00:00,201,64606.63,
2026-09-12T13:49:48.697472+00:00,201,58217.06,
2026-09-12T13:48:23.688940+00:00,201,143241.77,
2026-09-12T13:49:26.527541+00:00,201,80410.97,
2026-09-12T13:49:27.958815+00:00,201,78989.35,
2026-09-12T13:49:35.808878+00:00,201,71146.19,
2026-09-12T13:48:40.473351+00:00,201,126493.05,
2026-09-12T13:49:52.519927+00:00,201,54448.28,
2026-09-12T13:49:08.110269+00:00,201,98879.89,
2026-09-12T13:48:26.529974+00:00,201,140475.26,
2026-09-12T13:49:43.838192+00:00,201,63188.89,
2026-09-12T13:48:13.230175+00:00,201,153820.54,
2026-09-12T13:49:25.595035+00:00,201,81456.51,
2026-09-12T13:47:43.310905+00:00,201,183756.96,
2026-09-12T13:48:34.297099+00:00,201,132784.64,
2026-09-12T13:49:50.883683+00:00,201,56199.89,
2026-09-12T13:49:27.283792+00:00,201,79812.0,
2026-09-12T13:49:32.296026+00:00,201,74801.31,
2026-09-12T13:49:07.209253+00:00,201,99890.11,
2026-09-12T13:49:14.051688+00:00,201,93049.38,
2026-09-12T13:49:36.963101+00:00,201,70145.46,
2026-09-12T13:49:20.187550+00:00,201,86943.29,
2026-09-12T13:48:39.474201+00:00,201,127657.12,
2026-09-12T13:48:30.258574+00:00,201,136904.11,
2026-09-12T13:49:22.675930+00:00,201,84508.86,
2026-09-12T13:49:13.490716+00:00,201,93695.47,
2026-09-12T13:48:29.491956+00:00,201,137697.15,
2026-09-12T13:49:23.286418+00:00,201,83918.28,
2026-09-12T13:48:20.504485+00:00,201,146707.66,
2026-09-12T13:48:50.783266+00:00,201,116434.83,
2026-09-12T13:49:46.619416+00:00,201,60640.16,
2026-09-12T13:49:36.619125+00:00,201,70660.6,
2026-09-12T13:47:54.332306+00:00,201,172948.09,
2026-09-12T13:48:31.064400+00:00,201,136216.53,
2026-09-12T13:49:08.829449+00:00,201,98464.6,
2026-09-12T13:49:36.997197+00:00,201,70311.92,
2026-09-12T13:48:07.270198+00:00,201,160049.02,
2026-09-12T13:49:03.350344+00:00,201,103973.01,
2026-09-12T13:49:16.293526+00:00,201,91035.74,
2026-09-12T13:49:50.667711+00:00,201,56670.28,
2026-09-12T13:49:42.104703+00:00,201,65246.39,
2026-09-12T13:49:04.796862+00:00,201,102556.57,
2026-09-12T13:48:54.929555+00:00,201,112429.8,
2026-09-12T13:49:01.742082+00:00,201,105641.66,
2026-09-12T13:49:13.981958+00:00,201,93411.3,
2026-09-12T13:49:36.202032+00:00,201,71196.68,
2026-09-12T13:49:44.032920+00:00,201,63375.62,
2026-09-12T13:48:22.920829+00:00,201,144502.24,
2026-09-12T13:48:28.068807+00:00,201,139383.96,
2026-09-12T13:48:53.776609+00:00,201,113691.67,
2026-09-12T13:49:12.136941+00:00,201,95342.72,
2026-09-12T13:48:35.722830+00:00,201,131762.84,
2026-09-12T13:49:51.249645+00:00,201,56243.23,
2026-09-12T13:48:57.278977+00:00,201,110214.49,
2026-09-12T13:49:16.861902+00:00,201,90648.58,
2026-09-12T13:49:50.063483+00:00,201,57457.2,
2026-09-12T13:49:32.855398+00:00,201,74685.54,
2026-09-12T13:48:19.826693+00:00,201,147726.12,
2026-09-12T13:49:41.354718+00:00,201,66209.5,
2026-09-12T13:49:39.144868+00:00,201,68421.93,
2026-09-12T13:48:57.810060+00:00,201,109781.54,
2026-09-12T13:49:06.647308+00:00,201,100954.74,
2026-09-12T13:49:03.648367+00:00,201,103955.76,
2026-09-12T13:49:33.362353+00:00,201,74245.47,
2026-09-12T13:48:53.027350+00:00,201,114592.59,
2026-09-12T13:49:06.327629+00:00,201,101305.36,
2026-09-12T13:49:51.180668+00:00,201,56453.29,
2026-09-12T13:48:41.304843+00:00,201,126330.56,
2026-09-12T13:48:39.098127+00:00,201,128583.43,
2026-09-12T13:49:15.106324+00:00,201,92578.08,
2026-09-12T13:48:31.497890+00:00,201,136205.3,
2026-09-12T13:49:18.619095+00:00,201,89104.86,
2026-09-12T13:49:30.845727+00:00,201,76880.1,
2026-09-12T13:48:26.738296+00:00,201,141012.75,
2026-09-12T13:49:58.984875+00:00,201,48766.8,
2026-09-12T13:48:58.860853+00:00,201,108899.67,
2026-09-12T13:49:52.945649+00:00,201,54832.87,
2026-09-12T13:49:51.698236+00:00,201,56081.52,
2026-09-12T13:48:16.552639+00:00,201,151267.36,
2026-09-12T13:48:30.378222+00:00,201,137453.93,
2026-09-12T13:48:41.876324+00:00,201,125976.55,
2026-09-12T13:49:52.800832+00:00,201,55062.17,
2026-09-12T13:49:32.813182+00:00,201,75051.88,
2026-09-12T13:49:51.291629+00:00,201,56574.08,
2026-09-12T13:48:24.069906+00:00,201,143801.86,
2026-09-12T13:49:40.125061+00:00,201,67761.63,
2026-09-12T13:49:57.620382+00:00,201,50271.94,
2026-09-12T13:48:58.564067+00:00,201,109340.73,
2026-09-12T13:48:50.954810+00:00,201,116950.68,
2026-09-12T13:49:45.620665+00:00,201,62298.71,
2026-09-12T13:48:33.192754+00:00,201,134764.93,
2026-09-12T13:48:32.553767+00:00,201,135404.74,
2026-09-12T13:49:38.575689+00:00,201,69395.95,
2026-09-12T13:49:51.402529+00:00,201,56577.93,
2026-09-12T13:48:11.188756+00:00,201,156792.3,
2026-09-12T13:49:11.254381+00:00,201,96745.26,
2026-09-12T13:48:21.321510+00:00,201,146688.92,
2026-09-12T13:49:55.314773+00:00,201,52700.83,
2026-09-12T13:49:26.742629+00:00,201,81284.18,
2026-09-12T13:49:17.841766+00:00,201,90207.98,
2026-09-12T13:49:53.186966+00:00,201,54873.44,
2026-09-12T13:48:05.900477+00:00,201,162177.63,
2026-09-12T13:48:41.936940+00:00,201,126146.74,
2026-09-12T13:47:53.817757+00:00,201,174276.39,
2026-09-12T13:49:50.069463+00:00,201,58034.43,
2026-09-12T13:48:43.083868+00:00,201,125025.74,
2026-09-12T13:49:45.093423+00:00,201,63032.52,
2026-09-12T13:49:19.401418+00:00,201,88728.5,
2026-09-12T13:49:05.914181+00:00,201,102227.34,
2026-09-12T13:49:58.725911+00:00,201,49429.01,
2026-09-12T13:48:27.882752+00:00,201,140289.94,
2026-09-12T13:48:22.476840+00:00,201,145696.35,
2026-09-12T13:48:27.746875+00:00,201,140427.03,
2026-09-12T13:49:50.164551+00:00,201,58027.24,
2026-09-12T13:48:26.836789+00:00,201,141360.72,
2026-09-12T13:49:47.024244+00:00,201,61174.7,
2026-09-12T13:49:52.856064+00:00,201,55375.83,
2026-09-12T13:48:05.937908+00:00,201,162302.83,
2026-09-12T13:48:26.589416+00:00,201,141661.55,
2026-09-12T13:48:43.825727+00:00,201,124439.89,
2026-09-12T13:48:55.042967+00:00,201,113224.68,
2026-09-12T13:48:43.851723+00:00,201,124420.62,
2026-09-12T13:49:24.794325+00:00,201,83483.85,
2026-09-12T13:49:17.211823+00:00,201,91076.5,
2026-09-12T13:48:49.895278+00:00,201,118408.77,
2026-09-12T13:49:54.239723+00:00,201,54092.43,
2026-09-12T13:49:47.831171+00:00,201,60514.05,
2026-09-12T13:49:50.038329+00:00,201,58315.06,
2026-09-12T13:48:20.876393+00:00,201,147484.3,
2026-09-12T13:48:28.395527+00:00,201,139971.54,
2026-09-12T13:49:55.339924+00:00,201,53033.66,
2026-09-12T13:48:48.413321+00:00,201,119974.98,
2026-09-12T13:49:24.166870+00:00,201,84239.08,
2026-09-12T13:49:42.700896+00:00,201,65711.03,
2026-09-12T13:48:25.717788+00:00,201,142713.04,
2026-09-12T13:49:00.849730+00:00,201,107594.42,
2026-09-12T13:49:39.906035+00:00,201,68551.92,
2026-09-12T13:48:59.733352+00:00,201,108743.1,
2026-09-12T13:48:22.864202+00:00,201,145627.08,
2026-09-12T13:49:54.602322+00:00,201,53894.91,
2026-09-12T13:49:40.456952+00:00,201,68051.2,
2026-09-12T13:48:50.380240+00:00,201,118132.21,
2026-09-12T13:48:49.358595+00:00,201,119164.1,
2026-09-12T13:49:42.982606+00:00,201,65549.25,
2026-09-12T13:49:48.135149+00:00,201,60404.09,
2026-09-12T13:48:50.850350+00:00,201,117704.51,
2026-09-12T13:49:21.702951+00:00,201,86872.08,
2026-09-12T13:49:25.623198+00:00,201,82956.07,
2026-09-12T13:48:25.838898+00:00,201,142756.17,
2026-09-12T13:49:21.153324+00:00,201,87446.87,
2026-09-12T13:49:27.753566+00:00,201,80870.09,
2026-09-12T13:48:22.568857+00:00,201,146061.55,
2026-09-12T13:48:59.902258+00:00,201,108750.41,
2026-09-12T13:48:23.706728+00:00,201,144965.61,
2026-09-12T13:48:34.382137+00:00,201,134292.77,
2026-09-12T13:49:40.229404+00:00,201,68459.85,
2026-09-12T13:49:22.724394+00:00,201,85982.51,
2026-09-12T13:48:57.669879+00:00,201,111041.82,
2026-09-12T13:49:48.831366+00:00,201,59883.2,
2026-09-12T13:49:34.705250+00:00,201,74011.62,
2026-09-12T13:49:07.128558+00:00,201,101590.5,
2026-09-12T13:48:31.288188+00:00,201,137432.28,
2026-09-12T13:49:20.629749+00:00,201,88092.16,
2026-09-12T13:48:20.628096+00:00,201,148095.82,
2026-09-12T13:48:49.927662+00:00,201,118796.82,
2026-09-12T13:49:03.309616+00:00,201,105422.21,
